query	target	fident	alnlen	qstart	qend	tstart	tend	qlen	tlen	qcov	tcov	alntmscore	qtmscore	ttmscore	evalue	bits	theader	cluster_id	candidate_id	database	primary_tm_score	maximum_reported_tm	alignment_fraction
MC21_heteronyx_sp_3	5hcq-assembly1_1n	0.025	78	12	60	1	55	60	60	0.817	0.917	0.3254	0.2808	0.2808	0.2405	24	5hcq-assembly1_1n Crystal structure of antimicrobial peptide Oncocin d15-19 bound to the Thermus thermophilus 70S ribosome	MC21	heteronyx_sp_3	PDB	0.2808	0.3254	1.3
MC21_heteronyx_sp_3	6c5l-assembly2_CN	0.026	76	11	60	1	52	60	60	0.833	0.867	0.3048	0.2678	0.2678	0.226	22	6c5l-assembly2_CN Conformation of methylated GGQ in the Peptidyl Transferase Center during translation termination (T. thermophilus)	MC21	heteronyx_sp_3	PDB	0.2678	0.3048	1.2666666666666666
MC04_gdmq00000000_1	4c5h-assembly1_B	0.1	30	1	30	1	26	36	26	0.833	1.0	0.8065	0.6244	0.7895	0.5696	55	4c5h-assembly1_B Crystal structure of the minimal Pho-Sfmbt complex (P3121 spacegroup)	MC04	gdmq00000000_1	PDB	0.6244	0.8065	0.8333333333333334
MC04_gdmq00000000_1	5v93-assembly1_q	0.027	36	1	36	30	63	36	94	1.0	0.362	0.7933	0.7431	0.3218	0.485	65	5v93-assembly1_q Cryo-EM structure of the 70S ribosome from Mycobacterium tuberculosis bound with Capreomycin	MC04	gdmq00000000_1	PDB	0.7431	0.7933	1.0
MC04_gdmq00000000_1	3mjk-assembly3_X	0.0	34	1	33	84	116	36	121	0.917	0.273	0.7664	0.7075	0.246	0.4159	59	3mjk-assembly3_X Structure of a growth factor precursor	MC04	gdmq00000000_1	PDB	0.7075	0.7664	0.9444444444444444
MC04_gdmq00000000_1	3mjk-assembly1_A	0.0	34	1	33	93	125	36	129	0.917	0.256	0.768	0.7089	0.2323	0.4121	59	3mjk-assembly1_A Structure of a growth factor precursor	MC04	gdmq00000000_1	PDB	0.7089	0.768	0.9444444444444444
MC04_gdmq00000000_1	3agy-assembly1_A	0.019	103	1	36	13	114	36	176	1.0	0.58	0.7497	0.7339	0.1803	0.4121	64	3agy-assembly1_A Crystal structure of human Hsp40 Hdj1 peptide-binding domain complexed with a C-terminal peptide of Hsp70	MC04	gdmq00000000_1	PDB	0.7339	0.7497	2.861111111111111
MC04_gdmq00000000_1	3jvf-assembly1_B	0.067	74	1	33	26	99	36	104	0.917	0.712	0.7009	0.6508	0.2708	0.4062	55	3jvf-assembly1_B Crystal structure of an Interleukin-17 receptor complex	MC04	gdmq00000000_1	PDB	0.6508	0.7009	2.0555555555555554
MC04_gdmq00000000_1	5nan-assembly2_E	0.066	75	1	33	35	108	36	113	0.917	0.655	0.6842	0.6337	0.2427	0.3907	54	5nan-assembly2_E Crystal Structure of human IL-17AF in complex with human IL-17RA	MC04	gdmq00000000_1	PDB	0.6337	0.6842	2.0833333333333335
MC04_gdmq00000000_1	3tuo-assembly1_B	0.035	84	1	34	4	87	36	103	0.944	0.816	0.6577	0.6289	0.2807	0.3771	48	3tuo-assembly1_B Crystal structure of N-terminal domain of DNA-binding protein satb1	MC04	gdmq00000000_1	PDB	0.6289	0.6577	2.3333333333333335
MC04_gdmq00000000_1	1jpy-assembly2_X	0.142	35	1	34	80	113	36	117	0.944	0.291	0.6539	0.6205	0.2382	0.3757	52	1jpy-assembly2_X Crystal structure of IL-17F	MC04	gdmq00000000_1	PDB	0.6205	0.6539	0.9722222222222222
MC04_gdmq00000000_1	6hgo-assembly1_A	0.142	35	1	34	84	117	36	126	0.944	0.27	0.6465	0.6141	0.222	0.3692	52	6hgo-assembly1_A Crystal Structure of human IL-17F	MC04	gdmq00000000_1	PDB	0.6141	0.6465	0.9722222222222222
MC04_gdmq00000000_1	5m3h-assembly1_B	0.125	40	1	36	179	217	36	750	1.0	0.052	0.7989	0.7823	0.04579	0.3606	67	5m3h-assembly1_B Bat influenza A/H17N10 polymerase bound to four heptad repeats of serine 5 phosphorylated Pol II CTD	MC04	gdmq00000000_1	PDB	0.7823	0.7989	1.1111111111111112
MC04_gdmq00000000_1	2q2g-assembly1_A	0.009	102	1	36	16	116	36	176	1.0	0.574	0.6818	0.6697	0.1771	0.3601	54	2q2g-assembly1_A Crystal structure of dimerization domain of HSP40 from Cryptosporidium parvum, cgd2_1800	MC04	gdmq00000000_1	PDB	0.6697	0.6818	2.8333333333333335
MC04_gdmq00000000_1	8j07-assembly1_o	0.055	36	1	32	105	140	36	276	0.889	0.13	0.7592	0.6842	0.1097	0.3455	58	8j07-assembly1_o 96nm repeat of human respiratory doublet microtubule and associated axonemal complexes	MC04	gdmq00000000_1	PDB	0.6842	0.7592	1.0
MC04_gdmq00000000_1	6hix-assembly1_AJ	0.032	31	2	31	10	40	36	126	0.833	0.246	0.674	0.5981	0.2121	0.3433	48	6hix-assembly1_AJ Cryo-EM structure of the Trypanosoma brucei mitochondrial ribosome - This entry contains the large mitoribosomal subunit	MC04	gdmq00000000_1	PDB	0.5981	0.674	0.8611111111111112
MC04_gdmq00000000_1	6evk-assembly1_B	0.006	164	1	36	177	339	36	748	1.0	0.218	0.7552	0.7402	0.04533	0.3432	64	6evk-assembly1_B Crystal structure of bat influenza A/H17N10 polymerase with viral RNA promoter and cap analogue m7GTP	MC04	gdmq00000000_1	PDB	0.7402	0.7552	4.555555555555555
MC04_gdmq00000000_1	8y39-assembly1_q	0.088	34	1	34	16	49	36	80	0.944	0.425	0.5612	0.5437	0.3242	0.3402	38	8y39-assembly1_q cryo-EM structure of Staphylococcus aureus(ATCC 29213) 70S ribosome in complex with MCX-190.	MC04	gdmq00000000_1	PDB	0.5437	0.5612	0.9444444444444444
MC04_gdmq00000000_1	4wsb-assembly1_B	0.006	164	1	36	177	339	36	745	1.0	0.219	0.7477	0.7331	0.04547	0.3398	63	4wsb-assembly1_B Bat Influenza A polymerase with bound vRNA promoter	MC04	gdmq00000000_1	PDB	0.7331	0.7477	4.555555555555555
MC04_gdmq00000000_1	4rx6-assembly1_B	0.04	74	1	36	32	103	36	115	1.0	0.626	0.5386	0.5308	0.2251	0.3304	45	4rx6-assembly1_B Structure of B. subtilis GlnK-ATP complex to 2.6 Angstrom	MC04	gdmq00000000_1	PDB	0.5308	0.5386	2.0555555555555554
MC04_gdmq00000000_1	2ek0-assembly1_A	0.074	27	4	30	60	86	36	90	0.75	0.3	0.5573	0.4923	0.2484	0.3241	41	2ek0-assembly1_A Stage V Sporolation Protein S (SPOVS) from Thermus thermophilus Zinc form	MC04	gdmq00000000_1	PDB	0.4923	0.5573	0.75
MC04_gdmq00000000_1	4v6i-assembly1_AP	0.0	36	1	34	20	54	36	85	0.944	0.412	0.5388	0.5211	0.2962	0.3236	37	4v6i-assembly1_AP Localization of the small subunit ribosomal proteins into a 6.1 A cryo-EM map of Saccharomyces cerevisiae translating 80S ribosome	MC04	gdmq00000000_1	PDB	0.5211	0.5388	1.0
MC04_gdmq00000000_1	4r25-assembly1_A	0.048	41	1	33	31	65	36	114	0.917	0.307	0.5573	0.5098	0.1998	0.3229	45	4r25-assembly1_A Structure of B. subtilis GlnK	MC04	gdmq00000000_1	PDB	0.5098	0.5573	1.1388888888888888
MC04_gdmq00000000_1	4mxe-assembly1_B	0.083	36	1	35	73	104	36	177	0.972	0.181	0.6515	0.5993	0.1581	0.3198	48	4mxe-assembly1_B Human ESCO1 (Eco1/Ctf7 ortholog), acetyltransferase domain in complex with acetyl-CoA	MC04	gdmq00000000_1	PDB	0.5993	0.6515	1.0
MC04_gdmq00000000_1	6rhy-assembly1_C	0.0	30	1	28	9	38	36	42	0.778	0.714	0.4589	0.4191	0.388	0.3185	32	6rhy-assembly1_C Structure of pore-forming amyloid-beta tetramers	MC04	gdmq00000000_1	PDB	0.4191	0.4589	0.8333333333333334
MC04_gdmq00000000_1	1vko-assembly1_A	0.018	110	1	35	17	125	36	511	0.972	0.213	0.6807	0.6533	0.06252	0.318	57	1vko-assembly1_A Crystal structure of inositol-3-phosphate synthase (ce21227) from Caenorhabditis elegans at 2.30 A resolution	MC04	gdmq00000000_1	PDB	0.6533	0.6807	3.0555555555555554
MC04_gdmq00000000_1	8dol-assembly1_A	0.017	56	1	36	423	476	36	540	1.0	0.1	0.6717	0.6583	0.05954	0.3175	57	8dol-assembly1_A Mechanism of regulation of the Helicobacter pylori Cagbeta ATPase by CagZ	MC04	gdmq00000000_1	PDB	0.6583	0.6717	1.5555555555555556
MC04_gdmq00000000_1	8dol-assembly1_D	0.017	56	1	36	413	466	36	530	1.0	0.102	0.6776	0.6646	0.06093	0.317	57	8dol-assembly1_D Mechanism of regulation of the Helicobacter pylori Cagbeta ATPase by CagZ	MC04	gdmq00000000_1	PDB	0.6646	0.6776	1.5555555555555556
MC04_gdmq00000000_1	8dol-assembly1_B	0.017	56	1	36	383	436	36	498	1.0	0.108	0.6697	0.6563	0.06467	0.3158	56	8dol-assembly1_B Mechanism of regulation of the Helicobacter pylori Cagbeta ATPase by CagZ	MC04	gdmq00000000_1	PDB	0.6563	0.6697	1.5555555555555556
MC04_gdmq00000000_1	6i89-assembly1_A	0.057	69	1	35	54	122	36	274	0.972	0.252	0.6727	0.65	0.116	0.3157	51	6i89-assembly1_A Crystal structure of Antirestriction ArdC protein from R388 plasmid. Metal-free structure.	MC04	gdmq00000000_1	PDB	0.65	0.6727	1.9166666666666667
MC04_gdmq00000000_1	5msg-assembly1_B	0.005	170	1	36	178	347	36	746	1.0	0.228	0.7136	0.7005	0.04619	0.3102	57	5msg-assembly1_B Influenza B polymerase bound to vRNA promoter and capped RNA primer	MC04	gdmq00000000_1	PDB	0.7005	0.7136	4.722222222222222
MC04_gdmq00000000_1	8dol-assembly1_F	0.017	56	1	36	410	463	36	527	1.0	0.102	0.6628	0.6499	0.06107	0.309	55	8dol-assembly1_F Mechanism of regulation of the Helicobacter pylori Cagbeta ATPase by CagZ	MC04	gdmq00000000_1	PDB	0.6499	0.6628	1.5555555555555556
MC04_gdmq00000000_1	1qy7-assembly1_A	0.04	74	1	36	27	100	36	112	1.0	0.661	0.5213	0.5159	0.2426	0.3062	38	1qy7-assembly1_A The structure of the PII protein from the cyanobacteria Synechococcus sp. PCC 7942	MC04	gdmq00000000_1	PDB	0.5159	0.5213	2.0555555555555554
MC04_gdmq00000000_1	8h69-assembly1_B	0.013	221	1	36	179	398	36	754	1.0	0.292	0.6902	0.6781	0.04466	0.2986	55	8h69-assembly1_B Cryo-EM structure of influenza RNA polymerase	MC04	gdmq00000000_1	PDB	0.6781	0.6902	6.138888888888889
MC04_gdmq00000000_1	7rag-assembly1_A-2	0.035	28	2	29	22	49	36	170	0.778	0.165	0.6169	0.5313	0.1452	0.2963	45	7rag-assembly1_A-2 Structure of the CwlD amidase from Clostridioides difficile in complex with the GerS lipoprotein	MC04	gdmq00000000_1	PDB	0.5313	0.6169	0.7777777777777778
MC04_gdmq00000000_1	2e66-assembly1_C	0.0	68	2	33	1	60	36	102	0.889	0.588	0.5189	0.4741	0.2021	0.291	38	2e66-assembly1_C Crystal Structure Of CutA1 From Pyrococcus Horikoshii OT3, Mutation D60A	MC04	gdmq00000000_1	PDB	0.4741	0.5189	1.8888888888888888
MC04_gdmq00000000_1	1umj-assembly1_A	0.0	68	2	33	1	60	36	101	0.889	0.594	0.5152	0.4713	0.2035	0.2908	38	1umj-assembly1_A Crystal structure of Pyrococcus horikoshii CutA in the presence of 3M guanidine hydrochloride	MC04	gdmq00000000_1	PDB	0.4713	0.5152	1.8888888888888888
MC04_gdmq00000000_1	7olc-assembly1_SU	0.035	84	1	32	1	82	36	103	0.889	0.796	0.5012	0.4698	0.2226	0.2895	37	7olc-assembly1_SU Thermophilic eukaryotic 80S ribosome at idle POST state	MC04	gdmq00000000_1	PDB	0.4698	0.5012	2.3333333333333335
MC04_gdmq00000000_1	6ze9-assembly2_B	0.035	28	4	29	7	32	36	41	0.722	0.634	0.3744	0.3408	0.3191	0.2895	29	6ze9-assembly2_B Non-native fold of the putative VPS39 zinc finger domain	MC04	gdmq00000000_1	PDB	0.3408	0.3744	0.7777777777777778
MC04_gdmq00000000_1	8wmh-assembly1_A	0.006	158	1	35	893	1048	36	1198	0.972	0.13	0.6723	0.6457	0.02671	0.2893	55	8wmh-assembly1_A Structure of CbCas9 bound to 6-nucleotide complementary DNA substrate	MC04	gdmq00000000_1	PDB	0.6457	0.6723	4.388888888888889
MC04_gdmq00000000_1	9hau-assembly1_AA	0.058	34	1	30	28	59	36	117	0.833	0.274	0.519	0.467	0.1911	0.2809	38	9hau-assembly1_AA pT=3 virus-like particle of ssRNA phage Hubei14 coat protein	MC04	gdmq00000000_1	PDB	0.467	0.519	0.9444444444444444
MC04_gdmq00000000_1	8ekm-assembly1_E	0.009	222	1	36	77	294	36	370	1.0	0.589	0.5685	0.5592	0.07856	0.2772	47	8ekm-assembly1_E Clostridioides difficile binary toxin translocase CDTb double mutant - D623A D734A	MC04	gdmq00000000_1	PDB	0.5592	0.5685	6.166666666666667
MC04_gdmq00000000_1	3o44-assembly1_B	0.057	35	2	36	273	307	36	581	0.972	0.06	0.6217	0.6	0.05485	0.2744	49	3o44-assembly1_B Crystal Structure of the Vibrio cholerae Cytolysin (HlyA) Heptameric Pore	MC04	gdmq00000000_1	PDB	0.6	0.6217	0.9722222222222222
MC04_gdmq00000000_1	6rhv-assembly1_G	0.025	39	1	36	229	265	36	283	1.0	0.131	0.5619	0.5542	0.1051	0.2716	44	6rhv-assembly1_G Crystal structure of mouse CD11b I-domain (CD11b-I) in complex with Staphylococcus aureus octameric bi-component leukocidin LukGH (LukH K319A mutant)	MC04	gdmq00000000_1	PDB	0.5542	0.5619	1.0833333333333333
MC04_gdmq00000000_1	7a4a-assembly1_A	0.0	31	3	29	3	33	36	439	0.75	0.071	0.666	0.5521	0.0582	0.2698	48	7a4a-assembly1_A Envelope glycprotein of endogenous retrovirus Y032 (Atlas virus) from the human hookworm Ancylostoma ceylanicum	MC04	gdmq00000000_1	PDB	0.5521	0.666	0.8611111111111112
MC04_gdmq00000000_1	8jc7-assembly1_A	0.083	36	2	36	272	306	36	448	0.972	0.078	0.5994	0.5792	0.06809	0.2694	47	8jc7-assembly1_A Cryo-EM structure of Vibrio campbellii alpha-hemolysin	MC04	gdmq00000000_1	PDB	0.5792	0.5994	1.0
MC04_gdmq00000000_1	7usl-assembly1_C	0.078	38	1	36	209	245	36	715	1.0	0.052	0.6417	0.6321	0.04695	0.2693	49	7usl-assembly1_C Integrin alphaM/beta2 ectodomain in complex with adenylate cyclase toxin RTX751 and M1F5 Fab	MC04	gdmq00000000_1	PDB	0.6321	0.6417	1.0555555555555556
MC04_gdmq00000000_1	8env-assembly1_B	0.085	35	1	30	455	487	36	504	0.833	0.065	0.6634	0.5793	0.05322	0.2683	48	8env-assembly1_B In situ cryo-EM structure of Pseudomonas phage E217 tail baseplate in C6 map	MC04	gdmq00000000_1	PDB	0.5793	0.6634	0.9722222222222222
MC04_gdmq00000000_1	7swf-assembly1_A	0.0	36	1	35	149	183	36	778	0.972	0.045	0.6286	0.6093	0.0418	0.2667	49	7swf-assembly1_A Cryo-EM structure of Arabidopsis Ago10-guide-target RNA complex in a central duplex conformation	MC04	gdmq00000000_1	PDB	0.6093	0.6286	1.0
MC04_gdmq00000000_1	4h56-assembly1_A	0.088	34	4	36	223	255	36	267	0.917	0.124	0.5647	0.5369	0.1063	0.2631	42	4h56-assembly1_A Crystal structure of the Clostridium perfringens NetB toxin in the membrane inserted form	MC04	gdmq00000000_1	PDB	0.5369	0.5647	0.9444444444444444
MC04_gdmq00000000_1	6uwi-assembly2_d	0.021	91	1	35	434	522	36	645	0.972	0.138	0.6006	0.5802	0.04748	0.2622	47	6uwi-assembly2_d Crystal structure of the Clostridium difficile translocase CDTb	MC04	gdmq00000000_1	PDB	0.5802	0.6006	2.5277777777777777
MC04_gdmq00000000_1	8rj8-assembly1_E	0.076	39	1	35	244	280	36	292	0.972	0.127	0.5387	0.5255	0.09989	0.2611	42	8rj8-assembly1_E CytK nanopore mutant	MC04	gdmq00000000_1	PDB	0.5255	0.5387	1.0833333333333333
MC04_gdmq00000000_1	7t74-assembly1_H	0.008	113	1	30	20	125	36	130	0.833	0.815	0.5031	0.4371	0.1501	0.2596	37	7t74-assembly1_H HIV-1 Envelope ApexGT2 in complex with PCT64.35S Fab and RM20A3 Fab	MC04	gdmq00000000_1	PDB	0.4371	0.5031	3.138888888888889
MC04_gdmq00000000_1	4tw1-assembly1_G	0.028	35	3	36	238	271	36	290	0.944	0.117	0.5613	0.5406	0.1017	0.2594	41	4tw1-assembly1_G Crystal structure of the octameric pore complex of the Staphylococcus aureus Bi-component Toxin LukGH	MC04	gdmq00000000_1	PDB	0.5406	0.5613	0.9722222222222222
MC04_gdmq00000000_1	7t4d-assembly1_B	0.0	37	5	36	254	289	36	301	0.889	0.12	0.5678	0.5293	0.09278	0.2562	42	7t4d-assembly1_B Pore structure of pore-forming toxin Epx4	MC04	gdmq00000000_1	PDB	0.5293	0.5678	1.0277777777777777
MC04_gdmq00000000_1	6skg-assembly1_Am	0.041	97	1	36	5	100	36	100	1.0	0.96	0.4444	0.4409	0.2404	0.255	29	6skg-assembly1_Am Cryo-EM Structure of T. kodakarensis 70S ribosome in TkNat10 deleted strain	MC04	gdmq00000000_1	PDB	0.4409	0.4444	2.6944444444444446
MC04_gdmq00000000_1	5ec5-assembly1_C	0.006	154	1	35	1	154	36	286	0.972	0.538	0.5511	0.5362	0.1053	0.2544	40	5ec5-assembly1_C Crystal structure of lysenin pore	MC04	gdmq00000000_1	PDB	0.5362	0.5511	4.277777777777778
MC04_gdmq00000000_1	7kxr-assembly1_A	0.003	288	4	33	55	339	36	562	0.833	0.507	0.6313	0.5507	0.04555	0.2537	46	7kxr-assembly1_A Protective antigen pore translocating lethal factor N-terminal domain	MC04	gdmq00000000_1	PDB	0.5507	0.6313	8.0
MC04_gdmq00000000_1	8rj8-assembly1_C	0.057	35	3	36	235	268	36	284	0.944	0.12	0.555	0.5319	0.1024	0.2517	40	8rj8-assembly1_C CytK nanopore mutant	MC04	gdmq00000000_1	PDB	0.5319	0.555	0.9722222222222222
MC04_gdmq00000000_1	7q9y-assembly1_A	0.0	50	1	31	227	272	36	279	0.861	0.165	0.5482	0.4896	0.08598	0.2486	41	7q9y-assembly1_A Cryo-EM structure of the octameric pore of Clostridium perfringens beta-toxin.	MC04	gdmq00000000_1	PDB	0.4896	0.5482	1.3888888888888888
MC04_gdmq00000000_1	8rj8-assembly1_G	0.073	41	1	35	244	280	36	292	0.972	0.127	0.5384	0.5226	0.0943	0.248	40	8rj8-assembly1_G CytK nanopore mutant	MC04	gdmq00000000_1	PDB	0.5226	0.5384	1.1388888888888888
MC04_gdmq00000000_1	4qhb-assembly3_D	0.0	145	3	34	225	368	36	384	0.889	0.375	0.5598	0.512	0.07031	0.2473	42	4qhb-assembly3_D Crystal structure of a putative hydrolase (BVU_2763) from Bacteroides vulgatus ATCC 8482 at 2.44 A resolution	MC04	gdmq00000000_1	PDB	0.512	0.5598	4.027777777777778
MC04_gdmq00000000_1	8ieq-assembly1_A	0.01	96	1	29	72	167	36	277	0.806	0.347	0.5125	0.4655	0.09141	0.2466	40	8ieq-assembly1_A Cryo-EM structure of G-protein free GPR156	MC04	gdmq00000000_1	PDB	0.4655	0.5125	2.6666666666666665
MC04_gdmq00000000_1	8j07-assembly1_u	0.044	68	1	36	134	200	36	296	1.0	0.226	0.5394	0.533	0.1031	0.2453	39	8j07-assembly1_u 96nm repeat of human respiratory doublet microtubule and associated axonemal complexes	MC04	gdmq00000000_1	PDB	0.533	0.5394	1.8888888888888888
MC04_gdmq00000000_1	4kf5-assembly2_D	0.06	33	1	29	2	34	36	257	0.806	0.128	0.5627	0.5037	0.1012	0.2453	39	4kf5-assembly2_D Crystal Structure of Split GFP complexed with engineered sfCherry with an insertion of GFP fragment	MC04	gdmq00000000_1	PDB	0.5037	0.5627	0.9166666666666666
MC04_gdmq00000000_1	8ieq-assembly1_D	0.01	95	1	29	70	164	36	279	0.806	0.341	0.5132	0.4632	0.09062	0.2443	40	8ieq-assembly1_D Cryo-EM structure of G-protein free GPR156	MC04	gdmq00000000_1	PDB	0.4632	0.5132	2.638888888888889
MC04_gdmq00000000_1	4z7k-assembly1_B	0.006	148	1	36	1	140	36	195	1.0	0.718	0.4874	0.4803	0.1256	0.2436	36	4z7k-assembly1_B Crystal structure of CRISPR RNA processing endoribonuclease Cas6b	MC04	gdmq00000000_1	PDB	0.4803	0.4874	4.111111111111111
MC04_gdmq00000000_1	9c0j-assembly1_A	0.012	164	1	36	44	205	36	425	1.0	0.381	0.5535	0.5457	0.07236	0.2425	41	9c0j-assembly1_A Structure of the elongating DRT2 reverse transcriptase in complex with its non-coding RNA and dNTPs	MC04	gdmq00000000_1	PDB	0.5457	0.5535	4.555555555555555
MC04_gdmq00000000_1	5tgc-assembly3_F	0.051	58	1	36	4	53	36	62	1.0	0.806	0.3638	0.3596	0.2651	0.2425	26	5tgc-assembly3_F Structure of the hetero-trimer of Rtt102-Arp7/9 bound to ATP	MC04	gdmq00000000_1	PDB	0.3596	0.3638	1.6111111111111112
MC04_gdmq00000000_1	4qhb-assembly2_A	0.027	111	1	36	246	356	36	387	1.0	0.287	0.5264	0.5206	0.08234	0.2423	40	4qhb-assembly2_A Crystal structure of a putative hydrolase (BVU_2763) from Bacteroides vulgatus ATCC 8482 at 2.44 A resolution	MC04	gdmq00000000_1	PDB	0.5206	0.5264	3.0833333333333335
MC04_gdmq00000000_1	4qhb-assembly1_B	0.027	111	1	36	249	359	36	390	1.0	0.285	0.5395	0.5333	0.08206	0.2407	40	4qhb-assembly1_B Crystal structure of a putative hydrolase (BVU_2763) from Bacteroides vulgatus ATCC 8482 at 2.44 A resolution	MC04	gdmq00000000_1	PDB	0.5333	0.5395	3.0833333333333335
MC04_gdmq00000000_1	8ieq-assembly1_C	0.01	96	1	29	68	163	36	278	0.806	0.345	0.5038	0.459	0.09079	0.2401	39	8ieq-assembly1_C Cryo-EM structure of G-protein free GPR156	MC04	gdmq00000000_1	PDB	0.459	0.5038	2.6666666666666665
MC04_gdmq00000000_1	2znh-assembly1_B	0.023	85	1	29	118	202	36	412	0.806	0.206	0.5827	0.5218	0.06539	0.2399	41	2znh-assembly1_B Crystal Structure of a Domain-Swapped Serpin Dimer	MC04	gdmq00000000_1	PDB	0.5218	0.5827	2.361111111111111
MC04_gdmq00000000_1	6yfb-assembly1_AA	0.066	45	1	29	51	95	36	166	0.806	0.271	0.4828	0.4448	0.1428	0.2313	32	6yfb-assembly1_AA Virus-like particle of bacteriophage AVE016	MC04	gdmq00000000_1	PDB	0.4448	0.4828	1.25
MC04_gdmq00000000_1	6okt-assembly1_H	0.037	27	7	32	259	284	36	493	0.722	0.053	0.5743	0.4832	0.04797	0.2302	41	6okt-assembly1_H CDTb Double Heptamer Long Form Mask 1 Modeled from Cryo-EM Map Reconstructed using C7 Symmetry	MC04	gdmq00000000_1	PDB	0.4832	0.5743	0.75
MC04_gdmq00000000_1	8rna-assembly1_E	0.023	43	1	36	178	218	36	720	1.0	0.057	0.5704	0.5631	0.04482	0.2299	41	8rna-assembly1_E Influenza B polymerase apo-trimer	MC04	gdmq00000000_1	PDB	0.5631	0.5704	1.1944444444444444
MC04_gdmq00000000_1	8rn2-assembly1_B	0.0	37	1	36	180	215	36	635	1.0	0.057	0.5727	0.5664	0.0516	0.2294	40	8rn2-assembly1_B Monomeric apo-influenza B polymerase, encapsidase conformation	MC04	gdmq00000000_1	PDB	0.5664	0.5727	1.0277777777777777
MC04_gdmq00000000_1	3aon-assembly1_A	0.071	28	5	31	81	107	36	188	0.75	0.144	0.489	0.4322	0.1191	0.229	34	3aon-assembly1_A Crystal structure of the central axis (NtpD-NtpG) in the catalytic portion of Enterococcus hirae V-type sodium ATPase	MC04	gdmq00000000_1	PDB	0.4322	0.489	0.7777777777777778
MC04_gdmq00000000_1	3ks7-assembly2_C	0.003	310	1	36	73	376	36	390	1.0	0.779	0.4881	0.4808	0.06886	0.2282	38	3ks7-assembly2_C Crystal structure of Putative Peptide:N-glycosidase F (PNGase F) (YP_210507.1) from Bacteroides fragilis NCTC 9343 at 2.30 A resolution	MC04	gdmq00000000_1	PDB	0.4808	0.4881	8.61111111111111
MC04_gdmq00000000_1	3otc-assembly1_A-2	0.0	37	1	36	210	246	36	264	1.0	0.14	0.5045	0.4998	0.1154	0.227	34	3otc-assembly1_A-2 Crystal structure of human tRNAHis guanylyltransferase (Thg1)- Native II	MC04	gdmq00000000_1	PDB	0.4998	0.5045	1.0277777777777777
MC04_gdmq00000000_1	6o2m-assembly1_A	0.04	25	7	31	259	283	36	618	0.694	0.04	0.5931	0.4841	0.03857	0.224	40	6o2m-assembly1_A CDTb Double Heptamer Long Form Modeled from Cryo-EM Map Reconstructed using C7 Symmetry	MC04	gdmq00000000_1	PDB	0.4841	0.5931	0.6944444444444444
MC04_gdmq00000000_1	5jzw-assembly1_H	0.003	327	5	36	4	324	36	401	0.889	0.8	0.4915	0.4512	0.05865	0.2188	37	5jzw-assembly1_H Cryo-EM structures of aerolysin post-prepore and quasipore	MC04	gdmq00000000_1	PDB	0.4512	0.4915	9.083333333333334
MC04_gdmq00000000_1	6uwi-assembly1_E	0.038	26	7	31	283	307	36	646	0.694	0.039	0.5565	0.4724	0.03579	0.2159	39	6uwi-assembly1_E Crystal structure of the Clostridium difficile translocase CDTb	MC04	gdmq00000000_1	PDB	0.4724	0.5565	0.7222222222222222
MC04_gdmq00000000_1	6uwi-assembly2_g	0.016	59	1	32	451	503	36	649	0.889	0.082	0.5168	0.4707	0.03713	0.2154	39	6uwi-assembly2_g Crystal structure of the Clostridium difficile translocase CDTb	MC04	gdmq00000000_1	PDB	0.4707	0.5168	1.6388888888888888
MC04_gdmq00000000_1	3j9c-assembly1_A	0.09	33	1	31	125	155	36	423	0.861	0.073	0.4919	0.4572	0.06187	0.2148	36	3j9c-assembly1_A CryoEM single particle reconstruction of anthrax toxin protective antigen pore at 2.9 Angstrom resolution	MC04	gdmq00000000_1	PDB	0.4572	0.4919	0.9166666666666666
MC04_gdmq00000000_1	6uwi-assembly1_A	0.038	26	7	31	281	305	36	644	0.694	0.039	0.5568	0.4727	0.0359	0.2147	39	6uwi-assembly1_A Crystal structure of the Clostridium difficile translocase CDTb	MC04	gdmq00000000_1	PDB	0.4727	0.5568	0.7222222222222222
MC04_gdmq00000000_1	9b42-assembly1_S	0.181	33	1	29	455	487	36	504	0.806	0.065	0.5368	0.4949	0.05423	0.2085	36	9b42-assembly1_S Pseudomonas phage Pa193 neck and extended tail (collar, gateway, tail tube, and sheath proteins)	MC04	gdmq00000000_1	PDB	0.4949	0.5368	0.9166666666666666
MC04_gdmq00000000_1	2znh-assembly1_A	0.036	83	2	31	227	301	36	408	0.833	0.184	0.4304	0.3815	0.04885	0.1811	31	2znh-assembly1_A Crystal Structure of a Domain-Swapped Serpin Dimer	MC04	gdmq00000000_1	PDB	0.3815	0.4304	2.3055555555555554
MC09_gdlg00000000_1	2m8j-assembly1_A	0.161	31	8	36	13	43	45	43	0.644	0.721	0.5343	0.4107	0.4234	0.355	35	2m8j-assembly1_A Structure of Pin1 WW domain phospho-mimic S16E	MC09	gdlg00000000_1	PDB	0.4107	0.5343	0.6888888888888889
MC09_gdlg00000000_1	4gwv-assembly1_A	0.147	34	8	36	4	33	45	33	0.644	0.909	0.4998	0.3856	0.4668	0.3538	32	4gwv-assembly1_A Structure of racemic Pin1 WW domain cocrystallized with tri-ammonium citrate	MC09	gdlg00000000_1	PDB	0.3856	0.4998	0.7555555555555555
MC09_gdlg00000000_1	6svc-assembly1_A	0.151	33	8	36	5	35	45	35	0.644	0.886	0.5009	0.3942	0.4585	0.3504	33	6svc-assembly1_A Protein allostery of the WW domain at atomic resolution: apo structure	MC09	gdlg00000000_1	PDB	0.3942	0.5009	0.7333333333333333
MC09_gdlg00000000_1	2m9j-assembly1_A	0.1	40	9	43	5	34	45	34	0.778	0.882	0.4386	0.348	0.4102	0.3047	29	2m9j-assembly1_A NMR solution structure of Pin1 WW domain mutant 6-1g	MC09	gdlg00000000_1	PDB	0.348	0.4386	0.8888888888888888
MC09_gdlg00000000_1	4ixa-assembly1_A	0.02	98	1	45	1	90	45	102	1.0	0.882	0.4589	0.4532	0.2576	0.295	35	4ixa-assembly1_A Structure of DNA-binding domain of the response regulator SaeR from Staphylococcus epidermidis	MC09	gdlg00000000_1	PDB	0.4532	0.4589	2.1777777777777776
MC09_gdlg00000000_1	2ida-assembly1_A	0.035	57	1	44	49	93	45	102	0.978	0.441	0.4504	0.4379	0.2369	0.2927	36	2ida-assembly1_A Solution NMR Structure of Protein RPA1320 from Rhodopseudomonas Palustris. Northeast Structural Genomics Consortium Target RpT3; Ontario Center for Structural Proteomics Target RP1313.	MC09	gdlg00000000_1	PDB	0.4379	0.4504	1.2666666666666666
MC09_gdlg00000000_1	2m9i-assembly1_A	0.057	35	8	37	5	34	45	34	0.667	0.882	0.3682	0.3121	0.3553	0.25	24	2m9i-assembly1_A NMR solution structure of Pin1 WW domain variant 6-1	MC09	gdlg00000000_1	PDB	0.3121	0.3682	0.7777777777777778
MC09_gdlg00000000_1	2zr5-assembly1_A	0.147	34	8	38	4	35	45	153	0.689	0.209	0.4782	0.3961	0.1541	0.2351	32	2zr5-assembly1_A Crystal structure of a mutant PIN1 peptidyl-prolyl cis-trans isomerase	MC09	gdlg00000000_1	PDB	0.3961	0.4782	0.7555555555555555
MC09_gdlg00000000_1	7ej5-assembly1_J	0.015	127	4	45	5	120	45	120	0.933	0.967	0.3917	0.3714	0.184	0.2335	29	7ej5-assembly1_J Cryo-EM structure of SARS-CoV-2 spike in complex with a neutralizing antibody RBD-chAb-45	MC09	gdlg00000000_1	PDB	0.3714	0.3917	2.8222222222222224
MC09_gdlg00000000_1	6vaj-assembly1_A	0.026	113	8	43	24	127	45	150	0.8	0.693	0.4459	0.3857	0.1464	0.2324	32	6vaj-assembly1_A Crystal Structure Analysis of human PIN1	MC09	gdlg00000000_1	PDB	0.3857	0.4459	2.511111111111111
MC09_gdlg00000000_1	7k0x-assembly2_B	0.053	94	1	44	21	102	45	217	0.978	0.378	0.4188	0.4066	0.1178	0.2292	34	7k0x-assembly2_B Marsupial T cell receptor Spl_145	MC09	gdlg00000000_1	PDB	0.4066	0.4188	2.088888888888889
MC09_gdlg00000000_1	1rfn-assembly1_B	0.039	51	1	44	2	34	45	57	0.978	0.579	0.3471	0.2959	0.2557	0.2251	23	1rfn-assembly1_B HUMAN COAGULATION FACTOR IXA IN COMPLEX WITH P-AMINO BENZAMIDINE	MC09	gdlg00000000_1	PDB	0.2959	0.3471	1.1333333333333333
MC09_gdlg00000000_1	2w8d-assembly1_A	0.024	125	1	41	262	381	45	420	0.911	0.286	0.4934	0.462	0.07552	0.222	37	2w8d-assembly1_A Distinct and essential morphogenic functions for wall- and lipo- teichoic acids in Bacillus subtilis	MC09	gdlg00000000_1	PDB	0.462	0.4934	2.7777777777777777
MC09_gdlg00000000_1	6sov-assembly1_A	0.0	160	1	45	6	157	45	345	1.0	0.441	0.4463	0.4408	0.09027	0.218	34	6sov-assembly1_A Fragments KCL_615 and KCL_802 in complex with MAP kinase p38-alpha	MC09	gdlg00000000_1	PDB	0.4408	0.4463	3.5555555555555554
MC09_gdlg00000000_1	2rv8-assembly1_A	0.0	37	1	35	26	53	45	128	0.778	0.219	0.448	0.3426	0.1554	0.2158	28	2rv8-assembly1_A Solution Structure of the PhoP DNA-Binding Domain from Mycobacterium tuberculosis	MC09	gdlg00000000_1	PDB	0.3426	0.448	0.8222222222222222
MC09_gdlg00000000_1	5l2q-assembly1_A	0.02	99	2	44	1	96	45	293	0.956	0.328	0.4439	0.4301	0.1093	0.2153	32	5l2q-assembly1_A Serine/threonine-protein kinase 40 (STK40) kinase homology domain	MC09	gdlg00000000_1	PDB	0.4301	0.4439	2.2
MC09_gdlg00000000_1	4etq-assembly1_H	0.005	175	8	45	9	176	45	215	0.844	0.781	0.4285	0.3878	0.1173	0.2088	30	4etq-assembly1_H Vaccinia virus D8L IMV envelope protein in complex with Fab of murine IgG2a LA5	MC09	gdlg00000000_1	PDB	0.3878	0.4285	3.888888888888889
MC09_gdlg00000000_1	4mnh-assembly2_C	0.005	182	8	45	5	179	45	236	0.844	0.742	0.4378	0.3976	0.1099	0.2082	31	4mnh-assembly2_C Structure of the DP10.7 TCR	MC09	gdlg00000000_1	PDB	0.3976	0.4378	4.044444444444444
MC09_gdlg00000000_1	3lc3-assembly1_B	0.02	48	2	41	3	38	45	57	0.889	0.632	0.3062	0.2807	0.2491	0.2055	21	3lc3-assembly1_B Benzothiophene Inhibitors of Factor IXa	MC09	gdlg00000000_1	PDB	0.2807	0.3062	1.0666666666666667
MC09_gdlg00000000_1	7l15-assembly1_B	0.004	210	2	41	5	208	45	221	0.889	0.923	0.3981	0.3742	0.119	0.2	28	7l15-assembly1_B Marsupial T cell receptor Spl_118	MC09	gdlg00000000_1	PDB	0.3742	0.3981	4.666666666666667
MC09_gdlg00000000_1	3q9s-assembly1_A	0.04	25	7	31	120	140	45	210	0.556	0.1	0.4659	0.3354	0.08773	0.1924	29	3q9s-assembly1_A Crystal structure of rra(1-215) from Deinococcus Radiodurans	MC09	gdlg00000000_1	PDB	0.3354	0.4659	0.5555555555555556
MC09_gdlg00000000_1	1y18-assembly1_H	0.014	141	1	45	37	163	45	226	1.0	0.562	0.3639	0.3595	0.1065	0.1912	28	1y18-assembly1_H Fab fragment of catalytic elimination antibody 34E4 E(H50)D mutant in complex with hapten	MC09	gdlg00000000_1	PDB	0.3595	0.3639	3.1333333333333333
MC09_gdlg00000000_1	4lfh-assembly1_G	0.0	84	1	28	3	84	45	222	0.622	0.369	0.4301	0.3532	0.09858	0.1899	28	4lfh-assembly1_G Crystal Structure of 9C2 TCR	MC09	gdlg00000000_1	PDB	0.3532	0.4301	1.8666666666666667
MC09_gdlg00000000_1	4am0-assembly4_H	0.014	205	2	39	3	203	45	214	0.844	0.939	0.3702	0.3425	0.1159	0.1851	26	4am0-assembly4_H Structure of Dengue virus strain 4 DIII in complex with Fab 2H12	MC09	gdlg00000000_1	PDB	0.3425	0.3702	4.555555555555555
MC09_gdlg00000000_1	4am0-assembly3_E	0.014	202	2	40	3	200	45	212	0.867	0.934	0.3662	0.3418	0.1195	0.1848	25	4am0-assembly3_E Structure of Dengue virus strain 4 DIII in complex with Fab 2H12	MC09	gdlg00000000_1	PDB	0.3418	0.3662	4.488888888888889
MC09_gdlg00000000_1	6zwm-assembly1_A	0.016	179	1	43	2015	2184	45	2184	0.956	0.078	0.4389	0.4226	0.01465	0.1822	34	6zwm-assembly1_A cryo-EM structure of human mTOR complex 2, overall refinement	MC09	gdlg00000000_1	PDB	0.4226	0.4389	3.977777777777778
MC09_gdlg00000000_1	6zd1-assembly1_A	0.0	208	1	44	280	476	45	645	0.978	0.305	0.4035	0.3938	0.04525	0.178	31	6zd1-assembly1_A Structure of apo telomerase from Candida Tropicalis	MC09	gdlg00000000_1	PDB	0.3938	0.4035	4.622222222222222
MC09_gdlg00000000_1	5d9h-assembly1_A	0.01	182	2	45	95	265	45	290	0.978	0.59	0.3576	0.3498	0.08903	0.1767	26	5d9h-assembly1_A Crystal structure of SPAK (STK39) dimer in the basal activity state	MC09	gdlg00000000_1	PDB	0.3498	0.3576	4.044444444444444
MC09_gdlg00000000_1	8uvk-assembly1_A	0.0	39	1	36	118	144	45	219	0.8	0.123	0.4068	0.3212	0.09046	0.1749	26	8uvk-assembly1_A CosR DNA bound form II	MC09	gdlg00000000_1	PDB	0.3212	0.4068	0.8666666666666667
MC09_gdlg00000000_1	3ubg-assembly3_A	0.005	188	1	45	6	183	45	303	1.0	0.587	0.345	0.3418	0.09003	0.1726	25	3ubg-assembly3_A Crystal structure of Drosophila N-cadherin EC1-3, II	MC09	gdlg00000000_1	PDB	0.3418	0.345	4.177777777777778
MC09_gdlg00000000_1	7ni5-assembly1_A	0.001	512	1	45	2251	2752	45	2791	1.0	0.18	0.4028	0.3979	0.01191	0.1634	31	7ni5-assembly1_A Human ATM kinase with bound inhibitor KU-55933	MC09	gdlg00000000_1	PDB	0.3979	0.4028	11.377777777777778
MC09_gdlg00000000_1	3uzt-assembly1_A	0.0	559	1	45	9	554	45	586	1.0	0.932	0.3624	0.3583	0.04776	0.1616	27	3uzt-assembly1_A Structure of the C13.18 RNA Aptamer in Complex with G Protein-Coupled Receptor Kinase 2	MC09	gdlg00000000_1	PDB	0.3583	0.3624	12.422222222222222
MC09_gdlg00000000_1	7ni5-assembly1_B	0.003	505	1	45	2250	2747	45	2790	1.0	0.178	0.4	0.3961	0.01289	0.1548	29	7ni5-assembly1_B Human ATM kinase with bound inhibitor KU-55933	MC09	gdlg00000000_1	PDB	0.3961	0.4	11.222222222222221
MC09_gdlg00000000_1	7sz8-assembly1_A	0.017	115	2	45	8	107	45	420	0.978	0.238	0.3265	0.3195	0.05807	0.1495	24	7sz8-assembly1_A Crystal structure of human CELSR1 EC4-7	MC09	gdlg00000000_1	PDB	0.3195	0.3265	2.5555555555555554
MC09_gdlg00000000_1	4ru3-assembly1_A	0.018	106	1	45	75	162	45	205	1.0	0.429	0.2709	0.2683	0.09642	0.1448	19	4ru3-assembly1_A Crystal structure of the cell puncturing protein Orf41 from Pseudomonas phage SN	MC09	gdlg00000000_1	PDB	0.2683	0.2709	2.3555555555555556
MC02_gkjd00000000_3	5m4v-assembly1_A	0.274	62	3	59	1	57	61	57	0.934	1.0	0.7722	0.7164	0.7604	0.6949	67	5m4v-assembly1_A X-ray structure of the mambaquaretin-1, a selective antagonist of the vasopressin type 2 receptor	MC02	gkjd00000000_3	PDB	0.7164	0.7722	1.0163934426229508
MC02_gkjd00000000_3	3uir-assembly2_D	0.37	62	3	59	1	57	61	57	0.934	1.0	0.772	0.7162	0.7601	0.6941	67	3uir-assembly2_D Crystal structure of the plasmin-textilinin-1 complex	MC02	gkjd00000000_3	PDB	0.7162	0.772	1.0163934426229508
MC02_gkjd00000000_3	3p95-assembly1_E	0.269	63	3	60	1	58	61	58	0.951	1.0	0.7666	0.7227	0.7551	0.6936	67	3p95-assembly1_E Human mesotrypsin complexed with bovine pancreatic trypsin inhibitor variant (BPTI-K15R/R17D)	MC02	gkjd00000000_3	PDB	0.7227	0.7666	1.0327868852459017
MC02_gkjd00000000_3	4iso-assembly1_B	0.257	66	2	61	1	60	61	60	0.984	1.0	0.7587	0.7373	0.7478	0.6923	68	4iso-assembly1_B Crystal Structure of Matriptase in complex with its inhibitor HAI-1	MC02	gkjd00000000_3	PDB	0.7373	0.7587	1.0819672131147542
MC02_gkjd00000000_3	5zj3-assembly2_B	0.359	64	1	58	1	58	61	58	0.951	1.0	0.7593	0.7152	0.7477	0.6913	67	5zj3-assembly2_B Textilinin-1, A Kunitz-Type Serine Protease Inhibitor From pichia expression system	MC02	gkjd00000000_3	PDB	0.7152	0.7593	1.0491803278688525
MC02_gkjd00000000_3	5zj3-assembly3_C	0.377	61	3	58	1	56	61	56	0.918	1.0	0.7707	0.703	0.7586	0.6911	66	5zj3-assembly3_C Textilinin-1, A Kunitz-Type Serine Protease Inhibitor From pichia expression system	MC02	gkjd00000000_3	PDB	0.703	0.7707	1.0
MC02_gkjd00000000_3	1aap-assembly1_A	0.245	61	3	58	1	56	61	56	0.918	1.0	0.7704	0.7039	0.7584	0.6899	66	1aap-assembly1_A X-RAY CRYSTAL STRUCTURE OF THE PROTEASE INHIBITOR DOMAIN OF ALZHEIMER'S AMYLOID BETA-PROTEIN PRECURSOR	MC02	gkjd00000000_3	PDB	0.7039	0.7704	1.0
MC02_gkjd00000000_3	4ntw-assembly1_B	0.2	65	1	59	1	60	61	60	0.967	1.0	0.7572	0.7243	0.7349	0.6891	68	4ntw-assembly1_B Structure of acid-sensing ion channel in complex with snake toxin	MC02	gkjd00000000_3	PDB	0.7243	0.7572	1.0655737704918034
MC02_gkjd00000000_3	1tfx-assembly2_D	0.241	62	3	59	1	57	61	58	0.934	0.983	0.7721	0.7165	0.7489	0.6883	67	1tfx-assembly2_D COMPLEX OF THE SECOND KUNITZ DOMAIN OF TISSUE FACTOR PATHWAY INHIBITOR WITH PORCINE TRYPSIN	MC02	gkjd00000000_3	PDB	0.7165	0.7721	1.0163934426229508
MC02_gkjd00000000_3	1g6x-assembly1_A	0.285	63	3	60	1	58	61	58	0.951	1.0	0.758	0.7147	0.7466	0.6881	67	1g6x-assembly1_A ULTRA HIGH RESOLUTION STRUCTURE OF BOVINE PANCREATIC TRYPSIN INHIBITOR (BPTI) MUTANT WITH ALTERED BINDING LOOP SEQUENCE	MC02	gkjd00000000_3	PDB	0.7147	0.758	1.0327868852459017
MC02_gkjd00000000_3	3ofw-assembly1_A	0.387	62	2	58	1	56	61	56	0.934	1.0	0.7748	0.7083	0.7629	0.6865	66	3ofw-assembly1_A Crystal structure of recombinant Kunitz Type serine protease Inhibitor-1 from the Carribean sea anemone stichodactyla helianthus	MC02	gkjd00000000_3	PDB	0.7083	0.7748	1.0163934426229508
MC02_gkjd00000000_3	1dtk-assembly1_A	0.301	63	3	59	1	57	61	57	0.934	1.0	0.7639	0.7085	0.7521	0.6864	66	1dtk-assembly1_A THE NMR SOLUTION STRUCTURE OF DENDROTOXIN K FROM THE VENOM OF DENDROASPIS POLYLEPIS POLYLEPIS	MC02	gkjd00000000_3	PDB	0.7085	0.7639	1.0327868852459017
MC02_gkjd00000000_3	6zoi-assembly6_F	0.276	65	1	60	1	59	61	60	0.984	0.983	0.7517	0.7194	0.7298	0.6847	68	6zoi-assembly6_F A lid blocking mechanism of a cone snail toxin revealed at the atomic level	MC02	gkjd00000000_3	PDB	0.7194	0.7517	1.0655737704918034
MC02_gkjd00000000_3	4dtg-assembly1_K	0.227	66	1	60	1	59	61	60	0.984	0.983	0.7519	0.7191	0.7297	0.6843	67	4dtg-assembly1_K Hemostatic effect of a monoclonal antibody mAb 2021 blocking the interaction between FXa and TFPI in a rabbit hemophilia model	MC02	gkjd00000000_3	PDB	0.7191	0.7519	1.0819672131147542
MC02_gkjd00000000_3	1y62-assembly2_B	0.278	61	3	58	1	56	61	56	0.918	1.0	0.7651	0.6988	0.7532	0.6825	65	1y62-assembly2_B A 2.4 crystal structure of conkunitzin-S1, a novel Kunitz-fold cone snail neurotoxin.	MC02	gkjd00000000_3	PDB	0.6988	0.7651	1.0
MC02_gkjd00000000_3	6gfi-assembly2_C	0.301	63	2	59	1	56	61	56	0.951	1.0	0.7667	0.7004	0.7548	0.6824	65	6gfi-assembly2_C Structure of Human Mesotrypsin in complex with APPI variant T11V/M17R/I18F/F34V	MC02	gkjd00000000_3	PDB	0.7004	0.7667	1.0327868852459017
MC02_gkjd00000000_3	6q6c-assembly1_A	0.269	63	3	60	1	58	61	58	0.951	1.0	0.7511	0.7084	0.74	0.6807	66	6q6c-assembly1_A Pore-modulating toxins exploit inherent slow inactivation to block K+ channels	MC02	gkjd00000000_3	PDB	0.7084	0.7511	1.0327868852459017
MC02_gkjd00000000_3	6yhy-assembly2_B	0.301	63	1	60	1	59	61	59	0.984	1.0	0.7486	0.7168	0.7377	0.6801	67	6yhy-assembly2_B A lid blocking mechanism of a cone snail toxin revealed at the atomic level	MC02	gkjd00000000_3	PDB	0.7168	0.7486	1.0327868852459017
MC02_gkjd00000000_3	1taw-assembly1_B-2	0.254	59	5	58	1	54	61	54	0.885	1.0	0.7732	0.6829	0.7606	0.6797	64	1taw-assembly1_B-2 BOVINE TRYPSIN COMPLEXED TO APPI	MC02	gkjd00000000_3	PDB	0.6829	0.7732	0.9672131147540983
MC02_gkjd00000000_3	1qlq-assembly1_A	0.285	63	3	60	1	58	61	58	0.951	1.0	0.7515	0.709	0.7404	0.6797	66	1qlq-assembly1_A Bovine Pancreatic Trypsin Inhibitor (BPTI) Mutant with Altered Binding Loop Sequence	MC02	gkjd00000000_3	PDB	0.709	0.7515	1.0327868852459017
MC02_gkjd00000000_3	1ejm-assembly1_B	0.285	63	3	60	1	58	61	58	0.951	1.0	0.7515	0.709	0.7404	0.6796	66	1ejm-assembly1_B CRYSTAL STRUCTURE OF THE BPTI ALA16LEU MUTANT IN COMPLEX WITH BOVINE TRYPSIN	MC02	gkjd00000000_3	PDB	0.709	0.7515	1.0327868852459017
MC02_gkjd00000000_3	6q61-assembly1_A	0.281	64	1	59	1	58	61	59	0.967	0.983	0.7556	0.7121	0.7332	0.6796	67	6q61-assembly1_A Pore-modulating toxins exploit inherent slow inactivation to block K+ channels	MC02	gkjd00000000_3	PDB	0.7121	0.7556	1.0491803278688525
MC02_gkjd00000000_3	7qis-assembly1_D	0.253	63	3	60	1	58	61	58	0.951	1.0	0.7531	0.71	0.7419	0.6789	66	7qis-assembly1_D CRYSTAL STRUCTURE OF THE P1 difluoroethylglycine (DfeGly) BPTI MUTANT- BOVINE CHYMOTRYPSIN COMPLEX	MC02	gkjd00000000_3	PDB	0.71	0.7531	1.0327868852459017
MC02_gkjd00000000_3	4tpi-assembly1_I	0.285	63	3	60	1	58	61	58	0.951	1.0	0.753	0.7107	0.742	0.6785	66	4tpi-assembly1_I THE REFINED 2.2-ANGSTROMS (0.22-NM) X-RAY CRYSTAL STRUCTURE OF THE TERNARY COMPLEX FORMED BY BOVINE TRYPSINOGEN, VALINE-VALINE AND THE ARG15 ANALOGUE OF BOVINE PANCREATIC TRYPSIN INHIBITOR	MC02	gkjd00000000_3	PDB	0.7107	0.753	1.0327868852459017
MC02_gkjd00000000_3	1p2o-assembly1_B	0.253	63	3	60	1	58	61	58	0.951	1.0	0.7531	0.7101	0.7418	0.6783	66	1p2o-assembly1_B Structural consequences of accommodation of four non-cognate amino-acid residues in the S1 pocket of bovine trypsin and chymotrypsin	MC02	gkjd00000000_3	PDB	0.7101	0.7531	1.0327868852459017
MC02_gkjd00000000_3	7qiq-assembly1_H	0.269	63	3	60	1	58	61	58	0.951	1.0	0.7506	0.7084	0.7396	0.6783	66	7qiq-assembly1_H CRYSTAL STRUCTURE OF THE P1 aminobutanoic acid (ABU) BPTI MUTANT- BOVINE CHYMOTRYPSIN COMPLEX	MC02	gkjd00000000_3	PDB	0.7084	0.7506	1.0327868852459017
MC02_gkjd00000000_3	1t8o-assembly6_D-2	0.253	63	3	60	1	58	61	58	0.951	1.0	0.7526	0.7097	0.7414	0.6779	66	1t8o-assembly6_D-2 CRYSTAL STRUCTURE OF THE P1 TRP BPTI MUTANT- BOVINE CHYMOTRYPSIN COMPLEX	MC02	gkjd00000000_3	PDB	0.7097	0.7526	1.0327868852459017
MC02_gkjd00000000_3	1t7c-assembly2_D	0.253	63	3	60	1	58	61	58	0.951	1.0	0.7527	0.7097	0.7415	0.6778	66	1t7c-assembly2_D CRYSTAL STRUCTURE OF THE P1 GLU BPTI MUTANT- BOVINE CHYMOTRYPSIN COMPLEX	MC02	gkjd00000000_3	PDB	0.7097	0.7527	1.0327868852459017
MC02_gkjd00000000_3	6zoi-assembly3_C	0.276	65	1	60	1	59	61	60	0.984	0.983	0.7492	0.7172	0.7276	0.6777	67	6zoi-assembly3_C A lid blocking mechanism of a cone snail toxin revealed at the atomic level	MC02	gkjd00000000_3	PDB	0.7172	0.7492	1.0655737704918034
MC02_gkjd00000000_3	1cbw-assembly1_D	0.253	63	3	60	1	58	61	58	0.951	1.0	0.7512	0.7083	0.74	0.6777	66	1cbw-assembly1_D BOVINE CHYMOTRYPSIN COMPLEXED TO BPTI	MC02	gkjd00000000_3	PDB	0.7083	0.7512	1.0327868852459017
MC02_gkjd00000000_3	1p2m-assembly1_B	0.253	63	3	60	1	58	61	58	0.951	1.0	0.7523	0.7094	0.7411	0.6775	66	1p2m-assembly1_B Structural consequences of accommodation of four non-cognate amino-acid residues in the S1 pocket of bovine trypsin and chymotrypsin	MC02	gkjd00000000_3	PDB	0.7094	0.7523	1.0327868852459017
MC02_gkjd00000000_3	1p2q-assembly5_B-3	0.253	63	3	60	1	58	61	58	0.951	1.0	0.7523	0.7093	0.7411	0.6773	66	1p2q-assembly5_B-3 Structural consequences of accommodation of four non-cognate amino-acid residues in the S1 pocket of bovine trypsin and chymotrypsin	MC02	gkjd00000000_3	PDB	0.7093	0.7523	1.0327868852459017
MC02_gkjd00000000_3	8pti-assembly1_A	0.29	62	3	60	1	58	61	58	0.951	1.0	0.7526	0.7103	0.7416	0.677	66	8pti-assembly1_A CRYSTAL STRUCTURE OF A Y35G MUTANT OF BOVINE PANCREATIC TRYPSIN INHIBITOR	MC02	gkjd00000000_3	PDB	0.7103	0.7526	1.0163934426229508
MC02_gkjd00000000_3	1t8m-assembly6_D-2	0.253	63	3	60	1	58	61	58	0.951	1.0	0.7518	0.7089	0.7406	0.6769	66	1t8m-assembly6_D-2 CRYSTAL STRUCTURE OF THE P1 HIS BPTI MUTANT- BOVINE CHYMOTRYPSIN COMPLEX	MC02	gkjd00000000_3	PDB	0.7089	0.7518	1.0327868852459017
MC02_gkjd00000000_3	3t62-assembly1_D	0.372	59	5	58	1	54	61	54	0.885	1.0	0.7755	0.6859	0.7631	0.6766	64	3t62-assembly1_D Crystal structure of recombinant Kunitz Type serine protease Inhibitor-1 from the Caribbean Sea anemone Stichodactyla helianthus in complex with bovine chymotrypsin	MC02	gkjd00000000_3	PDB	0.6859	0.7755	0.9672131147540983
MC02_gkjd00000000_3	1t8n-assembly2_D	0.269	63	3	60	1	58	61	58	0.951	1.0	0.7495	0.7074	0.7385	0.6762	66	1t8n-assembly2_D CRYSTAL STRUCTURE OF THE P1 THR BPTI MUTANT- BOVINE CHYMOTRYPSIN COMPLEX	MC02	gkjd00000000_3	PDB	0.7074	0.7495	1.0327868852459017
MC02_gkjd00000000_3	1dtx-assembly1_A	0.274	62	3	59	3	59	61	59	0.934	0.966	0.7614	0.7067	0.7276	0.6758	66	1dtx-assembly1_A CRYSTAL STRUCTURE OF ALPHA-DENDROTOXIN FROM THE GREEN MAMBA VENOM AND ITS COMPARISON WITH THE STRUCTURE OF BOVINE PANCREATIC TRYPSIN INHIBITOR	MC02	gkjd00000000_3	PDB	0.7067	0.7614	1.0163934426229508
MC02_gkjd00000000_3	1p2n-assembly5_B	0.253	63	3	60	1	58	61	58	0.951	1.0	0.7511	0.7083	0.7399	0.6756	66	1p2n-assembly5_B Structural consequences of accommodation of four non-cognate amino-acid residues in the S1 pocket of bovine trypsin and chymotrypsin	MC02	gkjd00000000_3	PDB	0.7083	0.7511	1.0327868852459017
MC02_gkjd00000000_3	3l3t-assembly4_H	0.229	61	5	60	1	56	61	57	0.918	0.982	0.763	0.6969	0.7396	0.6754	65	3l3t-assembly4_H Human mesotrypsin complexed with amyloid precursor protein inhibitor variant (APPIR15K)	MC02	gkjd00000000_3	PDB	0.6969	0.763	1.0
MC02_gkjd00000000_3	1zr0-assembly2_D	0.238	67	1	61	2	63	61	63	1.0	0.984	0.744	0.7336	0.7138	0.6754	68	1zr0-assembly2_D Crystal Structure of Kunitz Domain 1 of Tissue Factor Pathway Inhibitor-2 with Bovine Trypsin	MC02	gkjd00000000_3	PDB	0.7336	0.744	1.098360655737705
MC02_gkjd00000000_3	6q6c-assembly2_B	0.281	64	1	59	1	58	61	59	0.967	0.983	0.7515	0.709	0.7296	0.6736	66	6q6c-assembly2_B Pore-modulating toxins exploit inherent slow inactivation to block K+ channels	MC02	gkjd00000000_3	PDB	0.709	0.7515	1.0491803278688525
MC02_gkjd00000000_3	1bti-assembly1_A	0.269	63	3	60	1	58	61	58	0.951	1.0	0.7428	0.7009	0.7319	0.6733	65	1bti-assembly1_A CREVICE-FORMING MUTANTS IN THE RIGID CORE OF BOVINE PANCREATIC TRYPSIN INHIBITOR: CRYSTAL STRUCTURES OF F22A, Y23A, N43G, AND F45A	MC02	gkjd00000000_3	PDB	0.7009	0.7428	1.0327868852459017
MC02_gkjd00000000_3	8vc3-assembly1_A	0.274	62	3	59	3	59	61	59	0.934	0.966	0.7627	0.7082	0.729	0.6727	66	8vc3-assembly1_A Voltage gated potassium ion channel Kv1.2 in complex with DTx	MC02	gkjd00000000_3	PDB	0.7082	0.7627	1.0163934426229508
MC02_gkjd00000000_3	1t8l-assembly1_B	0.246	65	1	60	1	59	61	59	0.984	1.0	0.7428	0.7112	0.7319	0.6726	66	1t8l-assembly1_B CRYSTAL STRUCTURE OF THE P1 MET BPTI MUTANT- BOVINE CHYMOTRYPSIN COMPLEX	MC02	gkjd00000000_3	PDB	0.7112	0.7428	1.0655737704918034
MC02_gkjd00000000_3	1bth-assembly1_P	0.253	63	3	60	1	58	61	58	0.951	1.0	0.7469	0.7049	0.736	0.6722	65	1bth-assembly1_P STRUCTURE OF THROMBIN COMPLEXED WITH BOVINE PANCREATIC TRYPSIN INHIBITOR	MC02	gkjd00000000_3	PDB	0.7049	0.7469	1.0327868852459017
MC02_gkjd00000000_3	6yhy-assembly1_A	0.276	65	1	60	1	59	61	59	0.984	1.0	0.7398	0.7087	0.7292	0.6718	66	6yhy-assembly1_A A lid blocking mechanism of a cone snail toxin revealed at the atomic level	MC02	gkjd00000000_3	PDB	0.7087	0.7398	1.0655737704918034
MC02_gkjd00000000_3	1fan-assembly1_A	0.253	63	3	60	1	58	61	58	0.951	1.0	0.7422	0.7002	0.7313	0.6711	65	1fan-assembly1_A CREVICE-FORMING MUTANTS IN THE RIGID CORE OF BOVINE PANCREATIC TRYPSIN INHIBITOR: CRYSTAL STRUCTURES OF F22A, Y23A, N43G, AND F45A	MC02	gkjd00000000_3	PDB	0.7002	0.7422	1.0327868852459017
MC02_gkjd00000000_3	1zjd-assembly1_B	0.245	61	5	60	1	56	61	57	0.918	0.982	0.7584	0.6932	0.7353	0.6708	65	1zjd-assembly1_B Crystal Structure of the Catalytic Domain of Coagulation Factor XI in Complex with Kunitz Protease Inhibitor Domain of Protease Nexin II	MC02	gkjd00000000_3	PDB	0.6932	0.7584	1.0
MC02_gkjd00000000_3	3m7q-assembly1_B	0.353	65	1	61	1	61	61	61	1.0	1.0	0.7302	0.722	0.722	0.6702	67	3m7q-assembly1_B Crystal structure of recombinant Kunitz Type serine protease Inhibitor-1 from the Caribbean sea anemone stichodactyla helianthus in complex with bovine pancreatic trypsin	MC02	gkjd00000000_3	PDB	0.722	0.7302	1.0655737704918034
MC02_gkjd00000000_3	3bte-assembly1_I	0.278	61	5	60	1	56	61	56	0.918	1.0	0.7544	0.6896	0.7428	0.6696	64	3bte-assembly1_I The Crystal Structures of the Complexes Between Bovine Beta-Trypsin and Ten P1 Variants of BPTI.	MC02	gkjd00000000_3	PDB	0.6896	0.7544	1.0
MC02_gkjd00000000_3	3btg-assembly1_I	0.278	61	5	60	1	56	61	56	0.918	1.0	0.7539	0.6892	0.7423	0.6689	64	3btg-assembly1_I THE CRYSTAL STRUCTURES OF THE COMPLEXES BETWEEN BOVINE BETA-TRYPSIN AND TEN P1 VARIANTS OF BPTI	MC02	gkjd00000000_3	PDB	0.6892	0.7539	1.0
MC02_gkjd00000000_3	3btq-assembly1_I	0.262	61	5	60	1	56	61	56	0.918	1.0	0.7548	0.6902	0.7432	0.6687	64	3btq-assembly1_I THE CRYSTAL STRUCTURES OF THE COMPLEXES BETWEEN BOVINE BETA-TRYPSIN AND TEN P1 VARIANTS OF BPTI	MC02	gkjd00000000_3	PDB	0.6902	0.7548	1.0
MC02_gkjd00000000_3	5xx8-assembly2_B	0.238	63	3	60	1	58	61	58	0.951	1.0	0.7438	0.7015	0.7328	0.6687	65	5xx8-assembly2_B Hetero-micro-seeding: Crystal structure of BPTI-[555]C14GA38I variant using micro-seeds from -C14GA38L variant	MC02	gkjd00000000_3	PDB	0.7015	0.7438	1.0327868852459017
MC02_gkjd00000000_3	3bth-assembly1_I	0.278	61	5	60	1	56	61	56	0.918	1.0	0.7536	0.6891	0.7421	0.6685	64	3bth-assembly1_I THE CRYSTAL STRUCTURES OF THE COMPLEXES BETWEEN BOVINE BETA-TRYPSIN AND TEN P1 VARIANTS OF BPTI	MC02	gkjd00000000_3	PDB	0.6891	0.7536	1.0
MC02_gkjd00000000_3	3btt-assembly3_I-2	0.262	61	5	60	1	56	61	56	0.918	1.0	0.7545	0.6899	0.7429	0.6685	64	3btt-assembly3_I-2 THE CRYSTAL STRUCTURES OF THE COMPLEXES BETWEEN BOVINE BETA-TRYPSIN AND TEN P1 VARIANTS OF BPTI	MC02	gkjd00000000_3	PDB	0.6899	0.7545	1.0
MC02_gkjd00000000_3	3btd-assembly1_I	0.262	61	5	60	1	56	61	56	0.918	1.0	0.7539	0.6894	0.7423	0.6684	64	3btd-assembly1_I The Crystal Structures of the Complexes Between the Bovine Beta-Trypsin and Ten P1 Variants of BPTI.	MC02	gkjd00000000_3	PDB	0.6894	0.7539	1.0
MC02_gkjd00000000_3	3btw-assembly1_I	0.262	61	5	60	1	56	61	56	0.918	1.0	0.7543	0.6897	0.7427	0.6684	64	3btw-assembly1_I THE CRYSTAL STRUCTURES OF THE COMPLEXES BETWEEN BOVINE BETA-TRYPSIN AND TEN P1 VARIANTS OF BPTI	MC02	gkjd00000000_3	PDB	0.6897	0.7543	1.0
MC02_gkjd00000000_3	5jb4-assembly3_C	0.222	63	3	60	1	58	61	58	0.951	1.0	0.7455	0.7035	0.7345	0.6679	65	5jb4-assembly3_C A simplified BPTI variant containing 21 alanines out 58 of residues	MC02	gkjd00000000_3	PDB	0.7035	0.7455	1.0327868852459017
MC02_gkjd00000000_3	4y0z-assembly1_I	0.265	64	2	60	1	57	61	57	0.967	1.0	0.7459	0.6936	0.7348	0.6677	64	4y0z-assembly1_I Trypsin in complex with with BPTI mutant AMINOBUTYRIC ACID	MC02	gkjd00000000_3	PDB	0.6936	0.7459	1.0491803278688525
MC02_gkjd00000000_3	3btf-assembly1_I	0.278	61	5	60	1	56	61	56	0.918	1.0	0.7528	0.6883	0.7412	0.6676	64	3btf-assembly1_I THE CRYSTAL STRUCTURES OF THE COMPLEXES BETWEEN BOVINE BETA-TRYPSIN AND TEN P1 VARIANTS OF BPTI.	MC02	gkjd00000000_3	PDB	0.6883	0.7528	1.0
MC02_gkjd00000000_3	2ftm-assembly1_B	0.246	65	1	60	1	58	61	58	0.984	1.0	0.7432	0.7013	0.7323	0.6676	65	2ftm-assembly1_B Crystal structure of trypsin complexed with the BPTI variant (Tyr35->Gly)	MC02	gkjd00000000_3	PDB	0.7013	0.7432	1.0655737704918034
MC02_gkjd00000000_3	2ftl-assembly1_I	0.265	64	2	60	1	57	61	57	0.967	1.0	0.7459	0.6937	0.7349	0.6675	64	2ftl-assembly1_I Crystal structure of trypsin complexed with BPTI at 100K	MC02	gkjd00000000_3	PDB	0.6937	0.7459	1.0491803278688525
MC02_gkjd00000000_3	4y11-assembly1_I	0.265	64	2	60	1	57	61	57	0.967	1.0	0.7458	0.6935	0.7347	0.6675	64	4y11-assembly1_I Trypsin in complex with with BPTI mutant (2S)-2-amino-4,4,4-trifluorobutanoic acid	MC02	gkjd00000000_3	PDB	0.6935	0.7458	1.0491803278688525
MC02_gkjd00000000_3	2fi5-assembly1_I	0.246	65	1	60	1	58	61	58	0.984	1.0	0.7428	0.7009	0.7319	0.6672	65	2fi5-assembly1_I Crystal structure of a BPTI variant (Cys38->Ser) in complex with trypsin	MC02	gkjd00000000_3	PDB	0.7009	0.7428	1.0655737704918034
MC02_gkjd00000000_3	5jb7-assembly3_C	0.206	63	3	60	1	58	61	58	0.951	1.0	0.7452	0.7032	0.7343	0.6671	65	5jb7-assembly3_C A simplified BPTI variant containing 24 alanines out of 58 residues	MC02	gkjd00000000_3	PDB	0.7032	0.7452	1.0327868852459017
MC02_gkjd00000000_3	2fi3-assembly1_I	0.246	65	1	60	1	58	61	58	0.984	1.0	0.7427	0.7008	0.7318	0.6666	65	2fi3-assembly1_I Crystal structure of a BPTI variant (Cys14->Ser, Cys38->Ser) in complex with trypsin	MC02	gkjd00000000_3	PDB	0.7008	0.7427	1.0655737704918034
MC02_gkjd00000000_3	2fi4-assembly1_I	0.261	65	1	60	1	58	61	58	0.984	1.0	0.7391	0.6978	0.7283	0.6652	65	2fi4-assembly1_I Crystal structure of a BPTI variant (Cys14->Ser) in complex with trypsin	MC02	gkjd00000000_3	PDB	0.6978	0.7391	1.0655737704918034
MC02_gkjd00000000_3	1p2j-assembly1_I	0.262	61	5	60	1	56	61	56	0.918	1.0	0.752	0.6881	0.7405	0.6651	64	1p2j-assembly1_I Structural consequences of accommodation of four non-cognate amino-acid residues in the S1 pocket of bovine trypsin and chymotrypsin	MC02	gkjd00000000_3	PDB	0.6881	0.752	1.0
MC02_gkjd00000000_3	6kzf-assembly1_A	0.29	62	3	59	3	59	61	60	0.934	0.95	0.7546	0.701	0.7111	0.6648	66	6kzf-assembly1_A Racemic X-ray Structure of Calcicludine	MC02	gkjd00000000_3	PDB	0.701	0.7546	1.0163934426229508
MC02_gkjd00000000_3	1p2k-assembly1_I	0.25	64	2	60	1	58	61	58	0.967	1.0	0.7389	0.6972	0.728	0.663	64	1p2k-assembly1_I Structural consequences of accommodation of four non-cognate amino-acid residues in the S1 pocket of bovine trypsin and chymotrypsin	MC02	gkjd00000000_3	PDB	0.6972	0.7389	1.0491803278688525
MC02_gkjd00000000_3	2ca7-assembly1_A	0.257	66	1	60	1	60	61	60	0.984	1.0	0.7282	0.7078	0.7179	0.6629	65	2ca7-assembly1_A Conkunitzin-S1 Is The First Member Of A New Kunitz-Type Neurotoxin Family- Structural and Functional Characterization	MC02	gkjd00000000_3	PDB	0.7078	0.7282	1.0819672131147542
MC02_gkjd00000000_3	1bun-assembly1_B	0.242	66	1	61	2	61	61	61	1.0	0.984	0.73	0.7094	0.7094	0.6624	66	1bun-assembly1_B STRUCTURE OF BETA2-BUNGAROTOXIN: POTASSIUM CHANNEL BINDING BY KUNITZ MODULES AND TARGETED PHOSPHOLIPASE ACTION	MC02	gkjd00000000_3	PDB	0.7094	0.73	1.0819672131147542
MC02_gkjd00000000_3	5xx4-assembly1_A	0.23	65	1	60	1	58	61	58	0.984	1.0	0.7394	0.6981	0.7287	0.6618	64	5xx4-assembly1_A A BPTI-[5,55] variant with C14GA38K mutations	MC02	gkjd00000000_3	PDB	0.6981	0.7394	1.0655737704918034
MC02_gkjd00000000_3	5xx2-assembly2_B	0.238	63	3	60	1	58	61	58	0.951	1.0	0.7366	0.6949	0.7257	0.6617	64	5xx2-assembly2_B A BPTI-[5,55] variant with C14GA38L mutations	MC02	gkjd00000000_3	PDB	0.6949	0.7366	1.0327868852459017
MC02_gkjd00000000_3	1p2i-assembly1_I	0.246	65	1	60	1	58	61	58	0.984	1.0	0.7377	0.6962	0.7269	0.6609	64	1p2i-assembly1_I Structural consequences of accommodation of four non-cognate amino-acid residues in the S1 pocket of bovine trypsin and chymotrypsin	MC02	gkjd00000000_3	PDB	0.6962	0.7377	1.0655737704918034
MC02_gkjd00000000_3	5yv7-assembly1_A	0.306	62	3	59	3	59	61	60	0.934	0.95	0.7505	0.6972	0.7072	0.6608	65	5yv7-assembly1_A Racemic X-ray Structure of Calcicludine	MC02	gkjd00000000_3	PDB	0.6972	0.7505	1.0163934426229508
MC02_gkjd00000000_3	2zvx-assembly1_B	0.2	65	1	59	1	57	61	57	0.967	1.0	0.7381	0.6861	0.727	0.6583	64	2zvx-assembly1_B Structure of a BPTI-[5,55] variant containing Gly/Val at the 14/38th positions	MC02	gkjd00000000_3	PDB	0.6861	0.7381	1.0655737704918034
MC02_gkjd00000000_3	5nx1-assembly1_D	0.255	47	16	59	1	42	61	42	0.721	1.0	0.8238	0.5734	0.8063	0.658	55	5nx1-assembly1_D Combinatorial Engineering of Proteolytically Resistant APPI Variants that Selectively Inhibit Human Kallikrein 6 for Cancer Therapy	MC02	gkjd00000000_3	PDB	0.5734	0.8238	0.7704918032786885
MC02_gkjd00000000_3	3ldj-assembly3_C	0.278	61	3	58	1	56	61	56	0.918	1.0	0.742	0.6787	0.7306	0.6575	63	3ldj-assembly3_C Crystal structure of aprotinin in complex with sucrose octasulfate: unusual interactions and implication for heparin binding	MC02	gkjd00000000_3	PDB	0.6787	0.742	1.0
MC02_gkjd00000000_3	2zjx-assembly1_B	0.218	64	1	59	1	57	61	57	0.967	1.0	0.7377	0.6859	0.7267	0.6566	63	2zjx-assembly1_B Bovine pancreatic trypsin inhibitor (BPTI) containing only the [5,55] disulfide bond	MC02	gkjd00000000_3	PDB	0.6859	0.7377	1.0491803278688525
MC02_gkjd00000000_3	5xx4-assembly2_B	0.222	63	3	60	1	58	61	58	0.951	1.0	0.7343	0.6932	0.7236	0.6565	64	5xx4-assembly2_B A BPTI-[5,55] variant with C14GA38K mutations	MC02	gkjd00000000_3	PDB	0.6932	0.7343	1.0327868852459017
MC02_gkjd00000000_3	5xx3-assembly2_B	0.215	65	1	60	1	58	61	58	0.984	1.0	0.7345	0.6934	0.7237	0.6564	64	5xx3-assembly2_B A BPTI-[5,55] variant with C14GA38G mutations	MC02	gkjd00000000_3	PDB	0.6934	0.7345	1.0655737704918034
MC02_gkjd00000000_3	7v1n-assembly1_K	0.245	61	3	59	2	58	61	59	0.934	0.966	0.747	0.6969	0.7169	0.6539	64	7v1n-assembly1_K Structure of the Clade 2 C. difficile TcdB in complex with its receptor TFPI	MC02	gkjd00000000_3	PDB	0.6969	0.747	1.0
MC02_gkjd00000000_3	5nx3-assembly1_D	0.297	47	16	59	1	42	61	42	0.721	1.0	0.8183	0.5694	0.8009	0.6526	54	5nx3-assembly1_D Combinatorial Engineering of Proteolytically Resistant APPI Variants that Selectively Inhibit Human Kallikrein 6 for Cancer Therapy	MC02	gkjd00000000_3	PDB	0.5694	0.8183	0.7704918032786885
MC02_gkjd00000000_3	3auc-assembly1_A	0.258	62	3	59	1	57	61	58	0.934	0.983	0.7377	0.6858	0.716	0.6514	63	3auc-assembly1_A A simplified BPTI variant with poly SER (C5S) amino acid tag at the c-terminus	MC02	gkjd00000000_3	PDB	0.6858	0.7377	1.0163934426229508
MC02_gkjd00000000_3	3aue-assembly7_G	0.25	64	1	59	1	56	61	56	0.967	1.0	0.7319	0.6711	0.7211	0.6413	62	3aue-assembly7_G A simplified BPTI variant with poly His amino acid tag (C5H) at the C-terminus	MC02	gkjd00000000_3	PDB	0.6711	0.7319	1.0491803278688525
MC02_gkjd00000000_3	3wny-assembly6_F	0.258	62	3	59	1	56	61	56	0.934	1.0	0.7285	0.6679	0.7177	0.6406	61	3wny-assembly6_F A simplified BPTI variant with poly Lys amino acid tag (C3K) at the C-terminus	MC02	gkjd00000000_3	PDB	0.6679	0.7285	1.0163934426229508
MC02_gkjd00000000_3	3aue-assembly8_H	0.242	66	1	61	1	59	61	63	1.0	0.937	0.724	0.6937	0.675	0.6347	64	3aue-assembly8_H A simplified BPTI variant with poly His amino acid tag (C5H) at the C-terminus	MC02	gkjd00000000_3	PDB	0.6937	0.724	1.0819672131147542
MC02_gkjd00000000_3	1jv8-assembly1_A	0.253	63	3	60	1	58	61	58	0.951	1.0	0.7145	0.6761	0.7045	0.6314	61	1jv8-assembly1_A NMR Structure of BPTI Mutant G37A	MC02	gkjd00000000_3	PDB	0.6761	0.7145	1.0327868852459017
MC02_gkjd00000000_3	1kun-assembly1_A	0.257	66	1	60	1	58	61	58	0.984	1.0	0.7016	0.663	0.6916	0.6226	61	1kun-assembly1_A SOLUTION STRUCTURE OF THE HUMAN ALPHA3-CHAIN TYPE VI COLLAGEN C-TERMINAL KUNITZ DOMAIN, NMR, 20 STRUCTURES	MC02	gkjd00000000_3	PDB	0.663	0.7016	1.0819672131147542
MC02_gkjd00000000_3	2ra3-assembly1_C	0.278	61	3	58	1	56	61	56	0.918	1.0	0.7087	0.6516	0.6985	0.6179	59	2ra3-assembly1_C Human cationic trypsin complexed with bovine pancreatic trypsin inhibitor (BPTI)	MC02	gkjd00000000_3	PDB	0.6516	0.7087	1.0
MC02_gkjd00000000_3	3fp7-assembly1_J	0.244	49	15	60	1	43	61	43	0.754	1.0	0.7691	0.5542	0.7536	0.6155	52	3fp7-assembly1_J Anionic trypsin variant S195A in complex with bovine pancreatic trypsin inhibitor (BPTI) cleaved at the scissile bond (LYS15-ALA16) determined to the 1.46 A resolution limit	MC02	gkjd00000000_3	PDB	0.5542	0.7691	0.8032786885245902
MC02_gkjd00000000_3	1jc6-assembly1_A	0.281	64	1	59	2	59	61	65	0.967	0.892	0.7254	0.6862	0.651	0.6116	62	1jc6-assembly1_A SOLUTION STRUCTURE OF BUNGARUS FACIATUS IX, A KUNITZ-TYPE CHYMOTRYPSIN INHIBITOR	MC02	gkjd00000000_3	PDB	0.6862	0.7254	1.0491803278688525
MC02_gkjd00000000_3	1adz-assembly1_A	0.202	69	1	59	3	66	61	71	0.967	0.901	0.7312	0.701	0.6162	0.6104	64	1adz-assembly1_A THE SOLUTION STRUCTURE OF THE SECOND KUNITZ DOMAIN OF TISSUE FACTOR PATHWAY INHIBITOR, NMR, 30 STRUCTURES	MC02	gkjd00000000_3	PDB	0.701	0.7312	1.1311475409836065
MC02_gkjd00000000_3	6a5i-assembly1_A	0.323	65	1	60	1	61	61	68	0.984	0.897	0.703	0.684	0.6249	0.6015	62	6a5i-assembly1_A Pseudocerastes Persicus Trypsin Inhibitor	MC02	gkjd00000000_3	PDB	0.684	0.703	1.0655737704918034
MC02_gkjd00000000_3	5ezd-assembly2_B	0.257	66	1	61	59	120	61	120	1.0	0.517	0.7728	0.762	0.4174	0.5552	70	5ezd-assembly2_B Crystal structure of a Hepatocyte growth factor activator inhibitor-1 (HAI-1) fragment covering the PKD-like 'internal' domain and Kunitz domain 1	MC02	gkjd00000000_3	PDB	0.762	0.7728	1.0819672131147542
MC02_gkjd00000000_3	1bik-assembly1_A	0.206	63	2	59	53	110	61	110	0.951	0.527	0.7535	0.7107	0.4192	0.5338	66	1bik-assembly1_A X-RAY STRUCTURE OF BIKUNIN FROM THE HUMAN INTER-ALPHA-INHIBITOR COMPLEX	MC02	gkjd00000000_3	PDB	0.7107	0.7535	1.0327868852459017
MC02_gkjd00000000_3	2ody-assembly2_F	0.292	65	1	60	2	59	61	127	0.984	0.457	0.7703	0.7259	0.3727	0.5236	68	2ody-assembly2_F Thrombin-bound boophilin displays a functional and accessible reactive-site loop	MC02	gkjd00000000_3	PDB	0.7259	0.7703	1.0655737704918034
MC02_gkjd00000000_3	6nan-assembly1_A	0.258	62	1	60	60	116	61	118	0.984	0.483	0.7364	0.6882	0.3873	0.5013	63	6nan-assembly1_A NMR structure determination of Ixolaris and Factor X interaction reveals a noncanonical mechanism of Kunitz inhibition	MC02	gkjd00000000_3	PDB	0.6882	0.7364	1.0163934426229508
MC02_gkjd00000000_3	6kzf-assembly2_B	0.101	79	1	61	1	60	61	60	1.0	1.0	0.3569	0.3498	0.3533	0.2904	28	6kzf-assembly2_B Racemic X-ray Structure of Calcicludine	MC02	gkjd00000000_3	PDB	0.3498	0.3569	1.2950819672131149
MC05_hydroscapha_redfordi_1	1r1g-assembly1_A	0.25	40	1	40	1	31	40	31	1.0	1.0	0.9106	0.7022	0.8848	0.7466	67	1r1g-assembly1_A Crystal Structure of the Scorpion Toxin BmBKTtx1	MC05	hydroscapha_redfordi_1	PDB	0.7022	0.9106	1.0
MC05_hydroscapha_redfordi_1	1r1g-assembly2_B	0.256	39	2	40	2	31	40	31	0.975	0.968	0.9322	0.6968	0.8792	0.7462	66	1r1g-assembly2_B Crystal Structure of the Scorpion Toxin BmBKTtx1	MC05	hydroscapha_redfordi_1	PDB	0.6968	0.9322	0.975
MC05_hydroscapha_redfordi_1	1l4v-assembly1_A	0.674	43	1	40	1	40	40	40	1.0	1.0	0.7975	0.7808	0.7808	0.7087	70	1l4v-assembly1_A SOLUTION STRUCTURE OF SAPECIN	MC05	hydroscapha_redfordi_1	PDB	0.7808	0.7975	1.075
MC05_hydroscapha_redfordi_1	1q2k-assembly1_A	0.236	38	3	40	1	31	40	31	0.95	1.0	0.863	0.6756	0.8404	0.692	63	1q2k-assembly1_A Solution structure of BmBKTx1 a new potassium channel blocker from the Chinese Scorpion Buthus martensi Karsch	MC05	hydroscapha_redfordi_1	PDB	0.6756	0.863	0.95
MC05_hydroscapha_redfordi_1	2lld-assembly1_A	0.59	44	1	40	1	40	40	40	1.0	1.0	0.7618	0.7457	0.7457	0.6817	68	2lld-assembly1_A The Insect Defensin Lucifensin from Lucilia sericata	MC05	hydroscapha_redfordi_1	PDB	0.7457	0.7618	1.1
MC05_hydroscapha_redfordi_1	2ny9-assembly1_X	0.5	42	1	40	1	39	40	41	1.0	0.951	0.7935	0.761	0.7457	0.681	68	2ny9-assembly1_X NMR structure of DEF-ABB, a mutant of anopheles defensin DEF-AAA	MC05	hydroscapha_redfordi_1	PDB	0.761	0.7935	1.05
MC05_hydroscapha_redfordi_1	3psm-assembly1_B	0.186	43	1	40	10	45	40	47	1.0	0.766	0.8446	0.7506	0.6482	0.6627	70	3psm-assembly1_B .98A crystal structure of a dimeric plant defensin SPE10	MC05	hydroscapha_redfordi_1	PDB	0.7506	0.8446	1.075
MC05_hydroscapha_redfordi_1	6px8-assembly1_A	0.428	42	1	40	2	37	40	37	1.0	0.973	0.7842	0.7038	0.7503	0.6558	63	6px8-assembly1_A Dg3b in Weaponisation 'on the fly': Convergent recruitment of knottin and defensin scaffolds as neurotoxins in the venom of assassin fly Dolopus genitalis (Diptera: Asilidae)	MC05	hydroscapha_redfordi_1	PDB	0.7038	0.7842	1.05
MC05_hydroscapha_redfordi_1	6mry-assembly6_H	0.186	43	1	40	10	45	40	47	1.0	0.766	0.8343	0.7416	0.6407	0.6542	69	6mry-assembly6_H NoD173 plant defensin	MC05	hydroscapha_redfordi_1	PDB	0.7416	0.8343	1.075
MC05_hydroscapha_redfordi_1	4uj0-assembly2_B	0.255	43	1	40	10	45	40	47	1.0	0.766	0.8335	0.741	0.6404	0.6532	69	4uj0-assembly2_B Crystal structure of the tomato defensin TPP3	MC05	hydroscapha_redfordi_1	PDB	0.741	0.8335	1.075
MC05_hydroscapha_redfordi_1	1myn-assembly1_A	0.19	42	1	40	7	43	40	44	1.0	0.841	0.8057	0.7375	0.6793	0.6528	67	1myn-assembly1_A SOLUTION STRUCTURE OF DROSOMYCIN, THE FIRST INDUCIBLE ANTIFUNGAL PROTEIN FROM INSECTS, NMR, 15 STRUCTURES	MC05	hydroscapha_redfordi_1	PDB	0.7375	0.8057	1.05
MC05_hydroscapha_redfordi_1	5vyp-assembly1_L	0.186	43	1	40	9	44	40	45	1.0	0.8	0.8212	0.7318	0.6591	0.6522	68	5vyp-assembly1_L Crystal structure of the Plant Defensin NsD7 bound to PIP2	MC05	hydroscapha_redfordi_1	PDB	0.7318	0.8212	1.075
MC05_hydroscapha_redfordi_1	4ab0-assembly1_A	0.186	43	1	40	9	44	40	46	1.0	0.783	0.8232	0.7331	0.647	0.651	68	4ab0-assembly1_A X-ray crystal structure of Nicotiana alata defensin NaD1	MC05	hydroscapha_redfordi_1	PDB	0.7331	0.8232	1.075
MC05_hydroscapha_redfordi_1	6mry-assembly2_B	0.19	42	1	40	11	45	40	47	1.0	0.745	0.8495	0.7366	0.6367	0.6491	69	6mry-assembly2_B NoD173 plant defensin	MC05	hydroscapha_redfordi_1	PDB	0.7366	0.8495	1.05
MC05_hydroscapha_redfordi_1	7c31-assembly1_A	0.279	43	1	40	10	45	40	47	1.0	0.766	0.8224	0.7322	0.6337	0.6428	68	7c31-assembly1_A Crystal structure of the grapevine defensin VvK1	MC05	hydroscapha_redfordi_1	PDB	0.7322	0.8224	1.075
MC05_hydroscapha_redfordi_1	7c31-assembly1_B	0.279	43	1	40	10	45	40	47	1.0	0.766	0.8181	0.7289	0.6313	0.6394	68	7c31-assembly1_B Crystal structure of the grapevine defensin VvK1	MC05	hydroscapha_redfordi_1	PDB	0.7289	0.8181	1.075
MC05_hydroscapha_redfordi_1	6b55-assembly1_F	0.186	43	1	40	11	46	40	48	1.0	0.75	0.8228	0.7322	0.6215	0.6392	68	6b55-assembly1_F Crystal structure of the Plant Defensin NaD1 complexed with phosphatidic acid	MC05	hydroscapha_redfordi_1	PDB	0.7322	0.8228	1.075
MC05_hydroscapha_redfordi_1	6mry-assembly1_A	0.186	43	1	40	11	46	40	48	1.0	0.75	0.8206	0.7306	0.6203	0.6392	68	6mry-assembly1_A NoD173 plant defensin	MC05	hydroscapha_redfordi_1	PDB	0.7306	0.8206	1.075
MC05_hydroscapha_redfordi_1	5vyp-assembly1_J	0.186	43	1	40	11	46	40	48	1.0	0.75	0.8242	0.7339	0.6233	0.6388	68	5vyp-assembly1_J Crystal structure of the Plant Defensin NsD7 bound to PIP2	MC05	hydroscapha_redfordi_1	PDB	0.7339	0.8242	1.075
MC05_hydroscapha_redfordi_1	5vyp-assembly1_K	0.186	43	1	40	11	46	40	47	1.0	0.766	0.8195	0.7307	0.6332	0.6378	67	5vyp-assembly1_K Crystal structure of the Plant Defensin NsD7 bound to PIP2	MC05	hydroscapha_redfordi_1	PDB	0.7307	0.8195	1.075
MC05_hydroscapha_redfordi_1	6b55-assembly1_C	0.186	43	1	40	11	46	40	48	1.0	0.75	0.8207	0.7308	0.6207	0.6359	68	6b55-assembly1_C Crystal structure of the Plant Defensin NaD1 complexed with phosphatidic acid	MC05	hydroscapha_redfordi_1	PDB	0.7308	0.8207	1.075
MC05_hydroscapha_redfordi_1	1n4n-assembly1_A	0.186	43	1	40	10	45	40	47	1.0	0.766	0.8179	0.73	0.633	0.635	67	1n4n-assembly1_A Structure of the Plant Defensin PhD1 from Petunia Hybrida	MC05	hydroscapha_redfordi_1	PDB	0.73	0.8179	1.075
MC05_hydroscapha_redfordi_1	2b68-assembly1_A	0.25	44	1	40	2	39	40	43	1.0	0.884	0.7563	0.7103	0.6691	0.6328	64	2b68-assembly1_A Solution structure of the recombinant Crassostrea gigas defensin	MC05	hydroscapha_redfordi_1	PDB	0.7103	0.7563	1.1
MC05_hydroscapha_redfordi_1	4ab0-assembly1_B	0.186	43	1	40	10	43	40	45	1.0	0.756	0.8279	0.6977	0.6266	0.6303	66	4ab0-assembly1_B X-ray crystal structure of Nicotiana alata defensin NaD1	MC05	hydroscapha_redfordi_1	PDB	0.6977	0.8279	1.075
MC05_hydroscapha_redfordi_1	2k4u-assembly1_A	0.225	40	1	40	5	36	40	37	1.0	0.865	0.831	0.6849	0.729	0.628	61	2k4u-assembly1_A Solution structure of the SCORPION TOXIN ADWX-1	MC05	hydroscapha_redfordi_1	PDB	0.6849	0.831	1.0
MC05_hydroscapha_redfordi_1	7c2p-assembly4_D	0.279	43	1	40	10	45	40	47	1.0	0.766	0.8005	0.7153	0.6212	0.6219	66	7c2p-assembly4_D Structure of Egk Peptide	MC05	hydroscapha_redfordi_1	PDB	0.7153	0.8005	1.075
MC05_hydroscapha_redfordi_1	1ti5-assembly1_A	0.261	42	1	40	10	44	40	46	1.0	0.761	0.8183	0.7165	0.6355	0.6209	65	1ti5-assembly1_A Solution structure of plant defensin	MC05	hydroscapha_redfordi_1	PDB	0.7165	0.8183	1.05
MC05_hydroscapha_redfordi_1	1ozz-assembly1_A	0.208	48	1	40	5	44	40	44	1.0	0.909	0.7051	0.6896	0.6341	0.6192	64	1ozz-assembly1_A NMR structure of antifungal defensin ARD1 from Archaeoprepona demophon	MC05	hydroscapha_redfordi_1	PDB	0.6896	0.7051	1.2
MC05_hydroscapha_redfordi_1	6bb6-assembly1_A	0.289	38	4	39	2	34	40	34	0.9	0.971	0.7514	0.6276	0.7167	0.6164	58	6bb6-assembly1_A NMR solution structure of Defensin1 from Centruroides limpidus limpidus	MC05	hydroscapha_redfordi_1	PDB	0.6276	0.7514	0.95
MC05_hydroscapha_redfordi_1	2ktx-assembly1_A	0.225	40	1	40	6	37	40	38	1.0	0.842	0.8265	0.6833	0.7118	0.6137	60	2ktx-assembly1_A COMPLETE KALIOTOXIN FROM ANDROCTONUS MAURETANICUS MAURETANICUS, NMR, 18 STRUCTURES	MC05	hydroscapha_redfordi_1	PDB	0.6833	0.8265	1.0
MC05_hydroscapha_redfordi_1	1gpt-assembly1_A	0.255	43	1	40	10	45	40	47	1.0	0.766	0.7904	0.7086	0.6172	0.6123	64	1gpt-assembly1_A SOLUTION STRUCTURE OF GAMMA 1-H AND GAMMA 1-P THIONINS FROM BARLEY AND WHEAT ENDOSPERM DETERMINED BY 1H-NMR: A STRUCTURAL MOTIF COMMON TO TOXIC ARTHROPOD PROTEINS	MC05	hydroscapha_redfordi_1	PDB	0.7086	0.7904	1.075
MC05_hydroscapha_redfordi_1	2kp0-assembly1_A	0.297	37	4	40	1	30	40	33	0.925	0.909	0.8221	0.6426	0.7495	0.609	57	2kp0-assembly1_A Solution structure of nasonin-1M	MC05	hydroscapha_redfordi_1	PDB	0.6426	0.8221	0.925
MC05_hydroscapha_redfordi_1	7jnn-assembly1_A	0.19	42	1	40	12	44	40	46	1.0	0.717	0.8276	0.6849	0.6049	0.603	63	7jnn-assembly1_A NMR Solution Structure of plant defensin SlD26	MC05	hydroscapha_redfordi_1	PDB	0.6849	0.8276	1.05
MC05_hydroscapha_redfordi_1	5cy0-assembly1_A	0.19	42	1	40	14	49	40	63	1.0	0.571	0.8552	0.7618	0.5026	0.5968	70	5cy0-assembly1_A Total Chemical Synthesis, Covalent Structure Verification, and X-ray Structure of Bioactive Ts3 Toxin by Racemic Protein Crystallography	MC05	hydroscapha_redfordi_1	PDB	0.7618	0.8552	1.05
MC05_hydroscapha_redfordi_1	1mr4-assembly1_A	0.186	43	1	40	10	45	40	47	1.0	0.766	0.7815	0.7031	0.6142	0.5967	62	1mr4-assembly1_A Solution Structure of NaD1 from Nicotiana alata	MC05	hydroscapha_redfordi_1	PDB	0.7031	0.7815	1.075
MC05_hydroscapha_redfordi_1	6b9w-assembly1_A	0.342	38	4	39	2	34	40	34	0.9	0.971	0.7438	0.6235	0.7103	0.596	56	6b9w-assembly1_A NMR solution structure of Defensin1 from Centruroides limpidus limpidus	MC05	hydroscapha_redfordi_1	PDB	0.6235	0.7438	0.95
MC05_hydroscapha_redfordi_1	6dmz-assembly1_A	0.261	42	1	40	10	45	40	47	1.0	0.766	0.7693	0.6904	0.6022	0.5959	63	6dmz-assembly1_A Solution structure of ZmD32	MC05	hydroscapha_redfordi_1	PDB	0.6904	0.7693	1.05
MC05_hydroscapha_redfordi_1	1p00-assembly1_A	0.229	48	1	40	5	44	40	44	1.0	0.909	0.6826	0.6682	0.6161	0.593	61	1p00-assembly1_A NMR structure of ETD151, mutant of the antifungal defensin ARD1 from Archaeoprepona demophon	MC05	hydroscapha_redfordi_1	PDB	0.6682	0.6826	1.2
MC05_hydroscapha_redfordi_1	1gps-assembly1_A	0.255	43	1	40	10	45	40	47	1.0	0.766	0.7678	0.6899	0.6023	0.5904	62	1gps-assembly1_A SOLUTION STRUCTURE OF GAMMA 1-H AND GAMMA 1-P THIONINS FROM BARLEY AND WHEAT ENDOSPERM DETERMINED BY 1H-NMR: A STRUCTURAL MOTIF COMMON TO TOXIC ARTHROPOD PROTEINS	MC05	hydroscapha_redfordi_1	PDB	0.6899	0.7678	1.075
MC05_hydroscapha_redfordi_1	5nce-assembly1_A	0.2	45	1	40	10	47	40	50	1.0	0.76	0.74	0.6939	0.5728	0.5839	63	5nce-assembly1_A Structure of PsDef1 defensin from Pinus sylvestris	MC05	hydroscapha_redfordi_1	PDB	0.6939	0.74	1.125
MC05_hydroscapha_redfordi_1	6lcq-assembly1_B	0.177	45	1	40	15	52	40	54	1.0	0.704	0.7556	0.7076	0.5436	0.5827	65	6lcq-assembly1_B Crystal structure of rice defensin OsAFP1	MC05	hydroscapha_redfordi_1	PDB	0.7076	0.7556	1.125
MC05_hydroscapha_redfordi_1	1sn1-assembly1_A	0.204	44	1	40	14	50	40	64	1.0	0.578	0.8105	0.7397	0.4815	0.577	68	1sn1-assembly1_A STRUCTURE OF SCORPION NEUROTOXIN BMK M1	MC05	hydroscapha_redfordi_1	PDB	0.7397	0.8105	1.1
MC05_hydroscapha_redfordi_1	1p0a-assembly1_A	0.208	48	1	40	5	44	40	44	1.0	0.909	0.672	0.6582	0.6078	0.5761	59	1p0a-assembly1_A NMR structure of ETD135, mutant of the antifungal defensin ARD1 from Archaeoprepona demophon	MC05	hydroscapha_redfordi_1	PDB	0.6582	0.672	1.2
MC05_hydroscapha_redfordi_1	1sn4-assembly1_A	0.204	44	1	40	14	50	40	64	1.0	0.578	0.8085	0.7382	0.481	0.5755	68	1sn4-assembly1_A STRUCTURE OF SCORPION NEUROTOXIN BMK M4	MC05	hydroscapha_redfordi_1	PDB	0.7382	0.8085	1.1
MC05_hydroscapha_redfordi_1	1ica-assembly1_A	0.774	31	10	40	10	40	40	40	0.775	0.775	0.7845	0.6299	0.6299	0.5685	56	1ica-assembly1_A REFINED THREE-DIMENSIONAL STRUCTURE OF INSECT DEFENSIN A	MC05	hydroscapha_redfordi_1	PDB	0.6299	0.7845	0.775
MC05_hydroscapha_redfordi_1	1djt-assembly1_B	0.204	44	1	40	14	50	40	64	1.0	0.578	0.7987	0.7306	0.4785	0.5669	67	1djt-assembly1_B ATOMIC RESOLUTION STRUCTURE OF SCORPION ALPHA-LIKE TOXIN BMK M1 IN A NEW CRYSTAL FORM	MC05	hydroscapha_redfordi_1	PDB	0.7306	0.7987	1.1
MC05_hydroscapha_redfordi_1	1t7e-assembly1_A	0.204	44	1	40	16	52	40	66	1.0	0.561	0.8046	0.7351	0.4663	0.5665	68	1t7e-assembly1_A Crystal structure of mutant Pro9Ser of scorpion alpha-like neurotoxin BmK M1 from Buthus martensii Karsch	MC05	hydroscapha_redfordi_1	PDB	0.7351	0.8046	1.1
MC05_hydroscapha_redfordi_1	2asc-assembly1_A	0.204	44	1	40	15	51	40	65	1.0	0.569	0.8008	0.732	0.4718	0.5646	67	2asc-assembly1_A Scorpion toxin LQH-alpha-IT	MC05	hydroscapha_redfordi_1	PDB	0.732	0.8008	1.1
MC05_hydroscapha_redfordi_1	2ru0-assembly1_A	0.285	42	1	39	1	36	40	36	0.975	1.0	0.6613	0.6046	0.6495	0.5234	51	2ru0-assembly1_A Solution structure of actinomycesin	MC05	hydroscapha_redfordi_1	PDB	0.6046	0.6613	1.05
MC05_hydroscapha_redfordi_1	2lr5-assembly1_A	0.142	42	2	40	1	36	40	38	0.975	0.947	0.6206	0.5697	0.5894	0.5025	49	2lr5-assembly1_A 1H chemical shift assignments for micasin	MC05	hydroscapha_redfordi_1	PDB	0.5697	0.6206	1.05
MC05_hydroscapha_redfordi_1	2e3g-assembly1_A	0.612	31	11	40	10	40	40	40	0.75	0.775	0.6816	0.5619	0.5619	0.4731	47	2e3g-assembly1_A NMR structure of DEF-DAA, a mutant of anopheles defensin DEF-AAA	MC05	hydroscapha_redfordi_1	PDB	0.5619	0.6816	0.775
MC05_hydroscapha_redfordi_1	2nz3-assembly1_A	0.318	44	3	40	5	40	40	40	0.95	0.9	0.581	0.5319	0.5319	0.4571	45	2nz3-assembly1_A NMR structure of DEF-AcAA, a mutant of anopheles defensin DEF-AAA	MC05	hydroscapha_redfordi_1	PDB	0.5319	0.581	1.1
MC05_hydroscapha_redfordi_1	1yju-assembly1_A	0.044	45	1	40	8	48	40	75	1.0	0.547	0.5594	0.5517	0.3572	0.3757	43	1yju-assembly1_A Solution structure of the apo form of the sixth soluble domain of Menkes protein	MC05	hydroscapha_redfordi_1	PDB	0.5517	0.5594	1.125
MC05_hydroscapha_redfordi_1	3epu-assembly1_A	0.037	27	10	36	3	29	40	134	0.675	0.201	0.5867	0.4766	0.1771	0.2937	41	3epu-assembly1_A Crystal Structure of STM2138, a novel virulence chaperone in Salmonella	MC05	hydroscapha_redfordi_1	PDB	0.4766	0.5867	0.675
MC05_hydroscapha_redfordi_1	8q4h-assembly1_B	0.031	96	6	40	171	266	40	503	0.875	0.191	0.6508	0.5939	0.06503	0.2698	47	8q4h-assembly1_B a membrane-bound menaquinol:organohalide oxidoreductase complex RDH complex	MC05	hydroscapha_redfordi_1	PDB	0.5939	0.6508	2.4
MC05_hydroscapha_redfordi_1	4ibp-assembly1_A	0.0	155	8	38	8	160	40	205	0.775	0.746	0.5757	0.4651	0.1155	0.265	41	4ibp-assembly1_A Crystal structure of a glutathione transferase family member from Pseudomonas fluorescens Pf-5, target EFI-900011, with bound glutathione	MC05	hydroscapha_redfordi_1	PDB	0.4651	0.5757	3.875
MC05_hydroscapha_redfordi_1	3lxt-assembly1_A	0.006	162	1	34	4	165	40	204	0.85	0.794	0.5061	0.455	0.13	0.251	37	3lxt-assembly1_A Crystal structure of Glutathione S Transferase from Pseudomonas fluorescens	MC05	hydroscapha_redfordi_1	PDB	0.455	0.5061	4.05
MC05_hydroscapha_redfordi_1	4s0t-assembly3_B	0.011	181	1	34	102	277	40	283	0.85	0.622	0.5388	0.4755	0.08962	0.2458	40	4s0t-assembly3_B STRUCTURE OF HUMAN PREGNANE X RECEPTOR LIGAND BINDING DOMAIN BOUND WITH ADNECTIN-1 AND COMPOUND-1	MC05	hydroscapha_redfordi_1	PDB	0.4755	0.5388	4.525
MC19_gkjj00000000_1	8p15-assembly1_L	0.029	34	1	25	121	153	28	163	0.893	0.202	0.4934	0.4752	0.1236	0.2338	34	8p15-assembly1_L Cryo-EM structure of Rhodopsin-Gi bound with antibody fragments scFv16 and Fab79, conformation 2	MC19	gkjj00000000_1	PDB	0.4752	0.4934	1.2142857142857142
MC19_gkjj00000000_1	4mo1-assembly2_B	0.0	78	1	28	63	139	28	143	1.0	0.538	0.4858	0.4814	0.1537	0.2312	31	4mo1-assembly2_B Crystal structure of antitermination protein Q from bacteriophage lambda. Northeast Structural Genomics Consortium target OR18A.	MC19	gkjj00000000_1	PDB	0.4814	0.4858	2.7857142857142856
MC19_gkjj00000000_1	7ubn-assembly1_Q	0.0	27	1	21	124	150	28	207	0.75	0.13	0.5063	0.4817	0.09246	0.2286	36	"7ubn-assembly1_Q Transcription antitermination complex: NusA-containing ""engaged"" Qlambda-loading complex"	MC19	gkjj00000000_1	PDB	0.4817	0.5063	0.9642857142857143
MC19_gkjj00000000_1	2nys-assembly1_B	0.0	25	1	22	77	98	28	115	0.786	0.191	0.3586	0.3782	0.1341	0.1996	27	2nys-assembly1_B X-ray Crystal Structure of Protein AGR_C_3712 from Agrobacterium tumefaciens. Northeast Structural Genomics Consortium Target AtR88.	MC19	gkjj00000000_1	PDB	0.3782	0.3782	0.8928571428571429
MC23_maechidius_sp_1	7c0i-assembly1_B	0.064	31	2	28	8	36	30	67	0.9	0.433	0.5197	0.4996	0.2906	0.3207	37	7c0i-assembly1_B Crystal structure of chimeric mutant of E3L in complex with Z-DNA	MC23	maechidius_sp_1	PDB	0.4996	0.5197	1.0333333333333334
MC23_maechidius_sp_1	3dr8-assembly1_A	0.06	50	1	30	8	56	30	173	1.0	0.283	0.5512	0.5421	0.14	0.2752	41	3dr8-assembly1_A Structure of yncA, a putative ACETYLTRANSFERASE from Salmonella typhimurium with its cofactor Acetyl-CoA	MC23	maechidius_sp_1	PDB	0.5421	0.5512	1.6666666666666667
MC23_maechidius_sp_1	5t7e-assembly1_C-2	0.06	50	1	30	7	54	30	175	1.0	0.274	0.5308	0.5232	0.1362	0.269	40	5t7e-assembly1_C-2 Crystal structure of Streptomyces hygroscopicus Bialaphos Resistance (BAR) protein in complex with Coenzyme A and L-phosphinothricin	MC23	maechidius_sp_1	PDB	0.5232	0.5308	1.6666666666666667
MC23_maechidius_sp_1	5jtf-assembly1_B	0.007	131	3	30	50	171	30	175	0.933	0.697	0.4395	0.4129	0.09361	0.2186	34	5jtf-assembly1_B Crystal structure of ArsN N-acetyltransferase from Pseudomonas putida KT2440	MC23	maechidius_sp_1	PDB	0.4129	0.4395	4.366666666666666
MC13_psylliodes_chrysocephalus_2	4fl4-assembly2_D	0.016	61	31	62	1	61	65	65	0.492	0.938	0.5591	0.3311	0.3311	0.3011	30	4fl4-assembly2_D Scaffoldin conformation and dynamics revealed by a ternary complex from the Clostridium thermocellum cellulosome	MC13	psylliodes_chrysocephalus_2	PDB	0.3311	0.5591	0.9384615384615385
MC13_psylliodes_chrysocephalus_2	2bvj-assembly2_B	0.009	302	1	63	73	363	65	391	0.969	0.744	0.5671	0.5474	0.1169	0.3006	48	2bvj-assembly2_B Ligand-free structure of cytochrome P450 PikC (CYP107L1)	MC13	psylliodes_chrysocephalus_2	PDB	0.5474	0.5671	4.6461538461538465
MC13_psylliodes_chrysocephalus_2	1wym-assembly1_A	0.092	54	2	51	103	140	65	155	0.769	0.245	0.6593	0.4196	0.1939	0.2896	39	1wym-assembly1_A Solution structure of the CH domain of human transgelin-2	MC13	psylliodes_chrysocephalus_2	PDB	0.4196	0.6593	0.8307692307692308
MC13_psylliodes_chrysocephalus_2	8sr7-assembly1_A	0.007	138	1	63	676	804	65	1375	0.969	0.094	0.5755	0.5571	0.03668	0.2686	50	8sr7-assembly1_A Cryo-EM structure of TRPM2 chanzyme in the presence of Magnesium, Adenosine monophosphate, and Ribose-5-phosphate	MC13	psylliodes_chrysocephalus_2	PDB	0.5571	0.5755	2.123076923076923
MC15_eophileurus_sp_2	2lds-assembly1_A	0.081	37	1	33	1	34	33	36	1.0	0.944	0.4742	0.47	0.4558	0.3172	31	2lds-assembly1_A Solution Structure of a Short-chain LaIT1 from the Venom of Scorpion Liocheles australasiae	MC15	eophileurus_sp_2	PDB	0.47	0.4742	1.121212121212121
MC15_eophileurus_sp_2	2d8z-assembly1_A	0.0	48	1	31	17	60	33	70	0.939	0.629	0.4904	0.4704	0.2819	0.3087	36	2d8z-assembly1_A Solution structure of the third LIM domain of Four and a half LIM domains protein 2 (FHL-2)	MC15	eophileurus_sp_2	PDB	0.4704	0.4904	1.4545454545454546
MC15_eophileurus_sp_2	8y6u-assembly1_J	0.016	62	1	33	3	60	33	83	1.0	0.699	0.4808	0.4748	0.2559	0.2949	35	8y6u-assembly1_J Cryo-EM structure of E.coli transcription initiation complex with transcription factor GcvA	MC15	eophileurus_sp_2	PDB	0.4748	0.4808	1.878787878787879
MC15_eophileurus_sp_2	8br8-assembly1_Se	0.138	36	6	33	42	73	33	80	0.848	0.4	0.4398	0.4158	0.2277	0.2536	29	8br8-assembly1_Se Giardia ribosome in POST-T state (A1)	MC15	eophileurus_sp_2	PDB	0.4158	0.4398	1.0909090909090908
MC15_eophileurus_sp_2	4v6w-assembly1_Ab	0.135	37	6	33	44	76	33	84	0.848	0.393	0.4287	0.4061	0.2187	0.2425	28	4v6w-assembly1_Ab Structure of the D. melanogaster 80S ribosome	MC15	eophileurus_sp_2	PDB	0.4061	0.4287	1.121212121212121
MC15_eophileurus_sp_2	6g53-assembly1_f	0.033	30	12	33	39	66	33	72	0.667	0.389	0.349	0.3627	0.2146	0.2335	27	6g53-assembly1_f Cryo-EM structure of a late human pre-40S ribosomal subunit - State E	MC15	eophileurus_sp_2	PDB	0.3627	0.3627	0.9090909090909091
MC15_eophileurus_sp_2	6g5h-assembly1_f	0.033	30	12	33	39	66	33	72	0.667	0.389	0.349	0.3627	0.2146	0.2335	27	6g5h-assembly1_f Cryo-EM structure of a late human pre-40S ribosomal subunit - Mature	MC15	eophileurus_sp_2	PDB	0.3627	0.3627	0.9090909090909091
MC15_eophileurus_sp_2	1sg1-assembly1_A	0.03	65	3	32	32	86	33	99	0.909	0.556	0.4015	0.3748	0.1581	0.229	30	1sg1-assembly1_A Crystal Structure of the Receptor-Ligand Complex between Nerve Growth Factor and the Common Neurotrophin Receptor p75	MC15	eophileurus_sp_2	PDB	0.3748	0.4015	1.9696969696969697
MC15_eophileurus_sp_2	8xqb-assembly1_w5	0.064	31	1	26	1	21	33	67	0.788	0.313	0.3341	0.2955	0.1766	0.1993	23	8xqb-assembly1_w5 Mature virion portal vertex of bacteriophage lambda	MC15	eophileurus_sp_2	PDB	0.2955	0.3341	0.9393939393939394
MC15_eophileurus_sp_2	6g1b-assembly1_J-2	0.032	62	2	33	6	64	33	309	0.97	0.191	0.4346	0.4253	0.07997	0.1971	31	6g1b-assembly1_J-2 Corynebacterium glutamicum OxyR, oxidized form	MC15	eophileurus_sp_2	PDB	0.4253	0.4346	1.878787878787879
MC15_eophileurus_sp_2	1nj4-assembly1_A	0.01	197	1	32	52	246	33	343	0.97	0.569	0.4405	0.4289	0.07169	0.1926	31	1nj4-assembly1_A Crystal structure of a deacylation-defective mutant of penicillin-binding protein 5 at 1.9 A resolution	MC15	eophileurus_sp_2	PDB	0.4289	0.4405	5.96969696969697
MC15_eophileurus_sp_2	6g1b-assembly1_B-2	0.016	59	3	33	14	70	33	326	0.939	0.175	0.4311	0.4169	0.07527	0.1864	30	6g1b-assembly1_B-2 Corynebacterium glutamicum OxyR, oxidized form	MC15	eophileurus_sp_2	PDB	0.4169	0.4311	1.7878787878787878
MC15_eophileurus_sp_2	3c7d-assembly1_B	0.02	48	1	32	353	390	33	393	0.97	0.097	0.4176	0.4065	0.0516	0.1741	29	3c7d-assembly1_B A structural basis for substrate and stereo selectivity in octopine dehydrogenase (ODH-NADH-Pyruvate)	MC15	eophileurus_sp_2	PDB	0.4065	0.4176	1.4545454545454546
MC15_eophileurus_sp_2	8z91-assembly1_A	0.027	36	2	33	93	120	33	347	0.97	0.081	0.4085	0.3793	0.05983	0.1723	28	8z91-assembly1_A Soil metagenomic-derived esterase	MC15	eophileurus_sp_2	PDB	0.3793	0.4085	1.0909090909090908
MC15_eophileurus_sp_2	7pua-assembly1_DF	0.024	123	1	33	227	346	33	594	1.0	0.202	0.4222	0.4176	0.04381	0.1711	29	7pua-assembly1_DF Middle assembly intermediate of the Trypanosoma brucei mitoribosomal small subunit	MC15	eophileurus_sp_2	PDB	0.4176	0.4222	3.727272727272727
MC15_eophileurus_sp_2	7ane-assembly1_ae	0.004	226	1	32	227	449	33	584	0.97	0.382	0.4288	0.419	0.04325	0.1695	29	7ane-assembly1_ae Leishmania Major mitochondrial ribosome	MC15	eophileurus_sp_2	PDB	0.419	0.4288	6.848484848484849
MC15_eophileurus_sp_2	8j5t-assembly1_D	0.006	316	2	33	3	313	33	608	0.97	0.512	0.4283	0.4184	0.04016	0.1682	29	8j5t-assembly1_D Cryo-EM structure of Mycobacterium tuberculosis OppABCD in the catalytic intermediate state	MC15	eophileurus_sp_2	PDB	0.4184	0.4283	9.575757575757576
MC15_eophileurus_sp_2	6z1p-assembly1_Ac	0.0	40	1	33	129	162	33	262	1.0	0.13	0.3809	0.3777	0.0853	0.1679	25	6z1p-assembly1_Ac Structure of the mitochondrial ribosome from Tetrahymena thermophila	MC15	eophileurus_sp_2	PDB	0.3777	0.3809	1.2121212121212122
MC15_eophileurus_sp_2	8apo-assembly1_BA	0.0	43	6	33	95	130	33	176	0.848	0.205	0.3426	0.3273	0.09776	0.1611	22	8apo-assembly1_BA Structure of the mitochondrial ribosome from Polytomella magna with tRNAs bound to the A and P sites	MC15	eophileurus_sp_2	PDB	0.3273	0.3426	1.303030303030303
MC15_eophileurus_sp_2	7kpr-assembly1_A	0.0	72	1	33	228	290	33	403	1.0	0.156	0.384	0.3795	0.05316	0.1601	26	7kpr-assembly1_A Structure of wild-type PPM1H phosphatase at 3.1 Angstrom resolution	MC15	eophileurus_sp_2	PDB	0.3795	0.384	2.1818181818181817
MC15_eophileurus_sp_2	4upk-assembly1_A	0.002	406	1	33	5	403	33	506	1.0	0.789	0.3588	0.3565	0.04553	0.1451	24	4upk-assembly1_A Phosphonate monoester hydrolase SpPMH from Silicibacter pomeroyi	MC15	eophileurus_sp_2	PDB	0.3565	0.3588	12.303030303030303
MC15_eophileurus_sp_2	6rur-assembly1_H	0.073	41	1	33	739	766	33	913	1.0	0.031	0.3911	0.3647	0.02082	0.1438	26	6rur-assembly1_H Structure of the SCIN stabilized C3bBb convertase bound to properdin	MC15	eophileurus_sp_2	PDB	0.3647	0.3911	1.2424242424242424
MC15_eophileurus_sp_2	7kpr-assembly1_B	0.0	71	1	33	217	278	33	391	1.0	0.159	0.3567	0.3537	0.05424	0.1433	23	7kpr-assembly1_B Structure of wild-type PPM1H phosphatase at 3.1 Angstrom resolution	MC15	eophileurus_sp_2	PDB	0.3537	0.3567	2.1515151515151514
MC15_eophileurus_sp_2	4eiw-assembly1_E	0.021	47	1	33	1	33	33	458	1.0	0.072	0.326	0.3219	0.03728	0.1352	23	4eiw-assembly1_E Whole cytosolic region of atp-dependent metalloprotease FtsH (G399L)	MC15	eophileurus_sp_2	PDB	0.3219	0.326	1.4242424242424243
MC15_eophileurus_sp_2	6oad-assembly1_F	0.0	98	1	27	8	104	33	426	0.818	0.228	0.3186	0.3257	0.05239	0.1294	20	6oad-assembly1_F 2.05 Angstrom Resolution Crystal Structure of Aminopeptidase B from Escherichia coli str. K-12 substr. MG1655.	MC15	eophileurus_sp_2	PDB	0.3257	0.3257	2.9696969696969697
MC01_gjbk00000000_1	7sgq-assembly1_A	0.515	33	9	41	1	32	42	32	0.786	1.0	0.8472	0.6571	0.8262	0.6854	61	7sgq-assembly1_A Protease inhibitors variant, CTI-homolog pacifastin	MC01	gjbk00000000_1	PDB	0.6571	0.8472	0.7857142857142857
MC01_gjbk00000000_1	1gl1-assembly2_J	0.612	31	9	39	1	31	42	33	0.738	0.939	0.821	0.6155	0.759	0.6351	57	1gl1-assembly2_J structure of the complex between bovine alpha-chymotrypsin and PMP-C, an inhibitor from the insect Locusta migratoria	MC01	gjbk00000000_1	PDB	0.6155	0.821	0.7380952380952381
MC01_gjbk00000000_1	7sap-assembly1_A	0.625	32	9	40	2	33	42	33	0.762	0.97	0.7894	0.6205	0.7534	0.6314	57	7sap-assembly1_A The CTI-homolog pacifastin	MC01	gjbk00000000_1	PDB	0.6205	0.7894	0.7619047619047619
MC01_gjbk00000000_1	7sgq-assembly4_D	0.575	33	9	41	2	34	42	34	0.786	0.971	0.7924	0.6413	0.7577	0.6264	58	7sgq-assembly4_D Protease inhibitors variant, CTI-homolog pacifastin	MC01	gjbk00000000_1	PDB	0.6413	0.7924	0.7857142857142857
MC01_gjbk00000000_1	7snc-assembly1_A	0.485	35	9	42	3	37	42	38	0.81	0.921	0.7856	0.6393	0.6973	0.624	59	7snc-assembly1_A Pacifastin related protease inhibitors	MC01	gjbk00000000_1	PDB	0.6393	0.7856	0.8333333333333334
MC01_gjbk00000000_1	7sap-assembly2_B	0.62	29	9	37	3	31	42	34	0.69	0.853	0.8514	0.6048	0.7273	0.6186	57	7sap-assembly2_B The CTI-homolog pacifastin	MC01	gjbk00000000_1	PDB	0.6048	0.8514	0.6904761904761905
MC01_gjbk00000000_1	1gl1-assembly1_I	0.575	33	9	41	2	33	42	34	0.786	0.941	0.7892	0.612	0.7325	0.6157	57	1gl1-assembly1_I structure of the complex between bovine alpha-chymotrypsin and PMP-C, an inhibitor from the insect Locusta migratoria	MC01	gjbk00000000_1	PDB	0.612	0.7892	0.7857142857142857
MC01_gjbk00000000_1	7sao-assembly1_A	0.472	36	8	42	2	37	42	38	0.833	0.947	0.7473	0.6293	0.6837	0.6147	59	7sao-assembly1_A The CTI-homolog pacifastin	MC01	gjbk00000000_1	PDB	0.6293	0.7473	0.8571428571428571
MC01_gjbk00000000_1	4djz-assembly2_I	0.457	35	9	41	1	33	42	33	0.786	1.0	0.7407	0.5955	0.7237	0.6102	56	4djz-assembly2_I Catalytic fragment of masp-1 in complex with its specific inhibitor developed by directed evolution on sgci scaffold	MC01	gjbk00000000_1	PDB	0.5955	0.7407	0.8333333333333334
MC01_gjbk00000000_1	1gl1-assembly3_K	0.562	32	9	39	1	31	42	33	0.738	0.939	0.7899	0.598	0.733	0.6052	55	1gl1-assembly3_K structure of the complex between bovine alpha-chymotrypsin and PMP-C, an inhibitor from the insect Locusta migratoria	MC01	gjbk00000000_1	PDB	0.598	0.7899	0.7619047619047619
MC01_gjbk00000000_1	7snd-assembly1_A	0.516	31	9	39	3	33	42	33	0.738	0.939	0.7854	0.5969	0.7285	0.6015	55	7snd-assembly1_A Pacifastin related protease inhibitors	MC01	gjbk00000000_1	PDB	0.5969	0.7854	0.7380952380952381
MC01_gjbk00000000_1	7sgq-assembly3_C	0.575	33	9	41	3	34	42	34	0.786	0.941	0.7736	0.6122	0.7243	0.6004	55	7sgq-assembly3_C Protease inhibitors variant, CTI-homolog pacifastin	MC01	gjbk00000000_1	PDB	0.6122	0.7736	0.7857142857142857
MC01_gjbk00000000_1	7sgq-assembly5_E	0.5	36	7	42	1	35	42	35	0.857	1.0	0.7315	0.6256	0.7168	0.588	55	7sgq-assembly5_E Protease inhibitors variant, CTI-homolog pacifastin	MC01	gjbk00000000_1	PDB	0.6256	0.7315	0.8571428571428571
MC01_gjbk00000000_1	1kgm-assembly1_A	0.612	31	9	39	3	33	42	35	0.738	0.886	0.7542	0.5876	0.6766	0.5694	53	1kgm-assembly1_A SOLUTION STRUCTURE OF THE SMALL SERINE PROTEASE INHIBITOR SGCI	MC01	gjbk00000000_1	PDB	0.5876	0.7542	0.7380952380952381
MC01_gjbk00000000_1	3tvj-assembly1_I	0.483	31	9	39	3	33	42	35	0.738	0.886	0.7474	0.582	0.6712	0.5553	52	3tvj-assembly1_I Catalytic fragment of MASP-2 in complex with its specific inhibitor developed by directed evolution on SGCI scaffold	MC01	gjbk00000000_1	PDB	0.582	0.7474	0.7380952380952381
MC01_gjbk00000000_1	7sgq-assembly6_F	0.592	27	9	35	2	28	42	32	0.643	0.844	0.8026	0.5609	0.6995	0.5521	51	7sgq-assembly6_F Protease inhibitors variant, CTI-homolog pacifastin	MC01	gjbk00000000_1	PDB	0.5609	0.8026	0.6428571428571429
MC01_gjbk00000000_1	7snd-assembly2_B	0.468	32	9	39	2	32	42	32	0.738	0.969	0.6777	0.5413	0.6527	0.498	46	7snd-assembly2_B Pacifastin related protease inhibitors	MC01	gjbk00000000_1	PDB	0.5413	0.6777	0.7619047619047619
MC01_gjbk00000000_1	2xtt-assembly1_A	0.371	35	9	42	2	34	42	35	0.81	0.943	0.6631	0.5607	0.6312	0.487	47	2xtt-assembly1_A Bovine trypsin in complex with evolutionary enhanced Schistocerca gregaria protease inhibitor 1 (SGPI-1-P02)	MC01	gjbk00000000_1	PDB	0.5607	0.6631	0.8333333333333334
MC01_gjbk00000000_1	2vu8-assembly1_I	0.441	34	9	42	1	33	42	33	0.81	1.0	0.6403	0.5439	0.6322	0.472	45	2vu8-assembly1_I Crystal structure of an insect inhibitor with a fungal trypsin	MC01	gjbk00000000_1	PDB	0.5439	0.6403	0.8095238095238095
MC01_gjbk00000000_1	8y6v-assembly1_I	0.125	32	6	36	4	34	42	34	0.738	0.912	0.5937	0.4879	0.557	0.4405	42	8y6v-assembly1_I Near-atomic structure of icosahedrally averaged jumbo bacteriophage PhiKZ capsid	MC01	gjbk00000000_1	PDB	0.4879	0.5937	0.7619047619047619
MC01_gjbk00000000_1	7pas-assembly1_2	0.038	26	12	36	13	37	42	37	0.595	0.676	0.6593	0.4462	0.4942	0.4264	40	7pas-assembly1_2 70S ribosome with P/E-site tRNA in Mycoplasma pneumoniae cells	MC01	gjbk00000000_1	PDB	0.4462	0.6593	0.6190476190476191
MC01_gjbk00000000_1	3llb-assembly1_A	0.048	41	6	37	41	81	42	81	0.762	0.506	0.6852	0.5618	0.3293	0.3954	48	3llb-assembly1_A The crystal structure of the protein PA3983 with unknown function from Pseudomonas aeruginosa PAO1	MC01	gjbk00000000_1	PDB	0.5618	0.6852	0.9761904761904762
MC01_gjbk00000000_1	6oj2-assembly1_R9	0.038	26	12	36	13	37	42	37	0.595	0.676	0.5801	0.4218	0.463	0.3843	37	6oj2-assembly1_R9 Crystal structure of tRNA^ Ala(GGC) bound to the near-cognate 70S A-site	MC01	gjbk00000000_1	PDB	0.4218	0.5801	0.6190476190476191
MC01_gjbk00000000_1	5x8t-assembly1_5	0.04	25	12	36	13	37	42	37	0.595	0.676	0.5749	0.4155	0.4547	0.3769	36	5x8t-assembly1_5 Structure of the 50S large subunit of chloroplast ribosome from spinach	MC01	gjbk00000000_1	PDB	0.4155	0.5749	0.5952380952380952
MC01_gjbk00000000_1	7ph9-assembly1_2	0.038	26	12	36	13	37	42	37	0.595	0.676	0.5707	0.4192	0.459	0.3748	36	7ph9-assembly1_2 70S ribosome with P-site tRNA in chloramphenicol-treated Mycoplasma pneumoniae cells	MC01	gjbk00000000_1	PDB	0.4192	0.5707	0.6190476190476191
MC01_gjbk00000000_1	2nqw-assembly1_A	0.038	52	4	38	36	87	42	87	0.833	0.598	0.6218	0.548	0.314	0.373	45	2nqw-assembly1_A Structure of the transporter associated domain from PG_0272, a CBS domain protein from Porphyromonas gingivalis	MC01	gjbk00000000_1	PDB	0.548	0.6218	1.2380952380952381
MC01_gjbk00000000_1	4v4a-assembly1_B4	0.04	25	12	35	12	35	42	35	0.571	0.686	0.5612	0.3898	0.4464	0.3648	34	4v4a-assembly1_B4 Crystal Structure of the Wild Type Ribosome from E. Coli 70S Ribosome.	MC01	gjbk00000000_1	PDB	0.3898	0.5612	0.5952380952380952
MC01_gjbk00000000_1	2oei-assembly1_A	0.041	24	12	35	7	30	42	37	0.571	0.649	0.5305	0.4051	0.4414	0.3568	34	2oei-assembly1_A Crystal structure of human FE65-WW domain in complex with human Mena peptide	MC01	gjbk00000000_1	PDB	0.4051	0.5305	0.5714285714285714
MC01_gjbk00000000_1	4fxh-assembly3_A	0.0	43	8	41	35	75	42	88	0.81	0.466	0.5846	0.5012	0.2811	0.3479	43	4fxh-assembly3_A Crystal structure of the isolated E. coli RelE toxin, P212121 form	MC01	gjbk00000000_1	PDB	0.5012	0.5846	1.0238095238095237
MC01_gjbk00000000_1	1sm1-assembly1_4	0.04	25	12	35	12	35	42	35	0.571	0.686	0.4771	0.364	0.4099	0.3274	31	1sm1-assembly1_4 COMPLEX OF THE LARGE RIBOSOMAL SUBUNIT FROM DEINOCOCCUS RADIODURANS WITH QUINUPRISTIN AND DALFOPRISTIN	MC01	gjbk00000000_1	PDB	0.364	0.4771	0.5952380952380952
MC01_gjbk00000000_1	8hnk-assembly1_L	0.088	34	12	38	24	57	42	73	0.643	0.466	0.5811	0.4493	0.2901	0.3264	38	8hnk-assembly1_L CXCR3-DNGi complex activated by CXCL11	MC01	gjbk00000000_1	PDB	0.4493	0.5811	0.8095238095238095
MC01_gjbk00000000_1	2mhq-assembly1_A	0.333	36	7	39	70	103	42	103	0.786	0.33	0.5796	0.4916	0.2422	0.3193	41	2mhq-assembly1_A Solution structure of the major factor VIII binding region on von Willebrand factor	MC01	gjbk00000000_1	PDB	0.4916	0.5796	0.8571428571428571
MC01_gjbk00000000_1	7qcl-assembly1_B	0.158	63	6	42	377	438	42	546	0.881	0.114	0.7026	0.6298	0.06177	0.3079	55	7qcl-assembly1_B Structure of the MUCIN-2 Cterminal domains	MC01	gjbk00000000_1	PDB	0.6298	0.7026	1.5
MC01_gjbk00000000_1	3prb-assembly1_A	0.052	38	7	35	95	131	42	223	0.69	0.166	0.7231	0.535	0.1169	0.3007	48	3prb-assembly1_A Structural analysis of protein folding by the Methanococcus jannaschii chaperone FKBP26	MC01	gjbk00000000_1	PDB	0.535	0.7231	0.9047619047619048
MC01_gjbk00000000_1	6tut-assembly1_I	0.0	25	11	35	11	35	42	43	0.595	0.581	0.4569	0.3657	0.3601	0.3004	30	6tut-assembly1_I Cryo-EM structure of the RNA Polymerase III-Maf1 complex	MC01	gjbk00000000_1	PDB	0.3657	0.4569	0.5952380952380952
MC01_gjbk00000000_1	4nyu-assembly1_A	0.008	227	1	37	131	356	42	406	0.881	0.557	0.6611	0.5934	0.0815	0.2979	51	4nyu-assembly1_A Structure of Vibrio cholerae chitin de-N-acetylase in complex with acetate ion (ACT) in C 2 2 21	MC01	gjbk00000000_1	PDB	0.5934	0.6611	5.404761904761905
MC01_gjbk00000000_1	2wdt-assembly1_A	0.0	131	3	40	44	171	42	204	0.905	0.627	0.5583	0.5145	0.1412	0.2963	45	2wdt-assembly1_A Crystal structure of Plasmodium falciparum UCHL3 in complex with the suicide inhibitor UbVME	MC01	gjbk00000000_1	PDB	0.5145	0.5583	3.119047619047619
MC01_gjbk00000000_1	7zm0-assembly1_A	0.009	105	6	39	81	185	42	213	0.81	0.493	0.6046	0.5181	0.1343	0.2962	46	7zm0-assembly1_A Structure of UCHL1 in complex with GK13S inhibitor	MC01	gjbk00000000_1	PDB	0.5181	0.6046	2.5
MC01_gjbk00000000_1	3kvf-assembly1_A	0.006	144	5	39	47	189	42	223	0.833	0.641	0.6198	0.5342	0.1287	0.296	46	3kvf-assembly1_A Crystal structure of the I93M mutant of ubiquitin carboxy terminal hydrolase L1 bound to ubiquitin vinylmethylester	MC01	gjbk00000000_1	PDB	0.5342	0.6198	3.4285714285714284
MC01_gjbk00000000_1	7zm0-assembly4_D	0.007	138	5	39	48	184	42	217	0.833	0.631	0.6155	0.5306	0.1319	0.2949	46	7zm0-assembly4_D Structure of UCHL1 in complex with GK13S inhibitor	MC01	gjbk00000000_1	PDB	0.5306	0.6155	3.2857142857142856
MC01_gjbk00000000_1	8dy8-assembly2_B	0.009	107	6	39	77	183	42	216	0.81	0.495	0.6109	0.5227	0.1329	0.2936	45	8dy8-assembly2_B Crystal structure of the R178Q mutant of ubiquitin carboxy terminal hydrolase L1 (UCH-L1)	MC01	gjbk00000000_1	PDB	0.5227	0.6109	2.5476190476190474
MC01_gjbk00000000_1	7zm0-assembly7_G	0.009	104	6	39	80	183	42	212	0.81	0.491	0.6058	0.518	0.1345	0.2927	45	7zm0-assembly7_G Structure of UCHL1 in complex with GK13S inhibitor	MC01	gjbk00000000_1	PDB	0.518	0.6058	2.4761904761904763
MC01_gjbk00000000_1	4uoi-assembly1_C	0.058	34	13	39	17	48	42	51	0.643	0.627	0.445	0.3728	0.3293	0.2921	30	4uoi-assembly1_C Unexpected structure for the N-terminal domain of Hepatitis C virus envelope glycoprotein E1	MC01	gjbk00000000_1	PDB	0.3728	0.445	0.8095238095238095
MC01_gjbk00000000_1	3cpf-assembly2_B	0.024	121	1	41	1	118	42	126	0.976	0.937	0.5001	0.4879	0.2257	0.2917	37	3cpf-assembly2_B Crystal structure of human eukaryotic translation initiation factor EIF5A	MC01	gjbk00000000_1	PDB	0.4879	0.5001	2.880952380952381
MC01_gjbk00000000_1	9gvj-assembly1_D	0.057	156	6	42	106	258	42	463	0.881	0.33	0.6702	0.6021	0.06956	0.2916	51	9gvj-assembly1_D MUC5AC mucin amino acids 28 to 1483	MC01	gjbk00000000_1	PDB	0.6021	0.6702	3.7142857142857144
MC01_gjbk00000000_1	7qcn-assembly1_B	0.25	32	6	36	377	407	42	407	0.738	0.076	0.7288	0.5613	0.06904	0.2901	51	7qcn-assembly1_B Structure of the MUCIN-2 Cterminal domains: vWCN to TIL domains with a C2 symmetry	MC01	gjbk00000000_1	PDB	0.5613	0.7288	0.7619047619047619
MC01_gjbk00000000_1	7yv4-assembly1_A	0.007	128	5	39	45	171	42	202	0.833	0.629	0.5922	0.5149	0.1395	0.29	44	7yv4-assembly1_A Crystal structure of human UCHL3 in complex with Farrerol	MC01	gjbk00000000_1	PDB	0.5149	0.5922	3.0476190476190474
MC01_gjbk00000000_1	9gvq-assembly1_B	0.055	163	7	42	324	484	42	1151	0.857	0.14	0.7017	0.6133	0.02869	0.2839	53	9gvq-assembly1_B MUC5AC mucin amino acids 28 to 1483	MC01	gjbk00000000_1	PDB	0.6133	0.7017	3.880952380952381
MC01_gjbk00000000_1	6qml-assembly1_A	0.006	149	5	39	47	194	42	227	0.833	0.652	0.5914	0.5145	0.1257	0.2828	44	6qml-assembly1_A UCHL3 in complex with synthetic, K27-linked diubiquitin	MC01	gjbk00000000_1	PDB	0.5145	0.5914	3.5476190476190474
MC01_gjbk00000000_1	8oer-assembly1_B	0.27	37	6	42	320	354	42	715	0.881	0.049	0.681	0.5867	0.0458	0.2798	51	8oer-assembly1_B MUC5B amino acids 26-1435	MC01	gjbk00000000_1	PDB	0.5867	0.681	0.8809523809523809
MC01_gjbk00000000_1	6c68-assembly2_C	0.024	41	4	41	46	83	42	205	0.905	0.185	0.5427	0.5028	0.1417	0.2779	41	6c68-assembly2_C MHC-independent t cell receptor A11	MC01	gjbk00000000_1	PDB	0.5028	0.5427	0.9761904761904762
MC01_gjbk00000000_1	6tm2-assembly1_C	0.051	154	6	42	39	189	42	407	0.881	0.371	0.6298	0.5693	0.0777	0.2771	47	6tm2-assembly1_C Human MUC2 AAs 21-1397	MC01	gjbk00000000_1	PDB	0.5693	0.6298	3.6666666666666665
MC01_gjbk00000000_1	8ppl-assembly1_Is	0.0	26	12	37	116	141	42	159	0.619	0.164	0.6398	0.4614	0.1449	0.2744	40	8ppl-assembly1_Is MERS-CoV Nsp1 bound to the human 43S pre-initiation complex	MC01	gjbk00000000_1	PDB	0.4614	0.6398	0.6190476190476191
MC01_gjbk00000000_1	3rm5-assembly1_B	0.014	68	5	42	151	216	42	519	0.905	0.127	0.6204	0.5724	0.0648	0.2734	48	3rm5-assembly1_B Structure of Trifunctional THI20 from Yeast	MC01	gjbk00000000_1	PDB	0.5724	0.6204	1.619047619047619
MC01_gjbk00000000_1	7a5o-assembly1_H	0.03	330	6	42	38	365	42	497	0.881	0.66	0.6153	0.557	0.06495	0.2655	46	7a5o-assembly1_H Human MUC2 AAs 21-1397	MC01	gjbk00000000_1	PDB	0.557	0.6153	7.857142857142857
MC01_gjbk00000000_1	7pa9-assembly2_XXX	0.036	82	1	42	14	88	42	203	1.0	0.369	0.4577	0.4512	0.134	0.2544	38	7pa9-assembly2_XXX JC polyomavirus VP1 in complex with Fab 98D3	MC01	gjbk00000000_1	PDB	0.4512	0.4577	1.9523809523809523
MC01_gjbk00000000_1	5iyb-assembly1_I	0.0	27	12	37	24	50	42	125	0.619	0.216	0.5088	0.3992	0.1673	0.246	33	5iyb-assembly1_I Human core-PIC in the open state	MC01	gjbk00000000_1	PDB	0.3992	0.5088	0.6428571428571429
MC01_gjbk00000000_1	9gvq-assembly1_A	0.02	96	2	40	396	491	42	1153	0.929	0.083	0.5744	0.5397	0.03138	0.243	45	9gvq-assembly1_A MUC5AC mucin amino acids 28 to 1483	MC01	gjbk00000000_1	PDB	0.5397	0.5744	2.2857142857142856
MC01_gjbk00000000_1	4mly-assembly3_A	0.023	126	9	36	61	185	42	196	0.667	0.638	0.5564	0.4323	0.1179	0.2404	36	4mly-assembly3_A Disulfide isomerase from multidrug resistance IncA/C related integrative and conjugative elements in oxidized state (P21 space group)	MC01	gjbk00000000_1	PDB	0.4323	0.5564	3.0
MC01_gjbk00000000_1	4amc-assembly1_A	0.041	48	6	39	972	1019	42	1019	0.81	0.047	0.5842	0.5208	0.03205	0.2206	40	4amc-assembly1_A Crystal structure of Lactobacillus reuteri 121 N-terminally truncated glucansucrase GTFA	MC01	gjbk00000000_1	PDB	0.5208	0.5842	1.1428571428571428
MC01_gjbk00000000_1	8iuh-assembly1_V	0.033	30	12	40	9	38	42	361	0.69	0.083	0.519	0.4103	0.07134	0.2096	34	8iuh-assembly1_V RNA polymerase III pre-initiation complex open complex 1	MC01	gjbk00000000_1	PDB	0.4103	0.519	0.7142857142857143
MC01_gjbk00000000_1	1iw7-assembly1_D	0.019	205	2	40	139	339	42	1392	0.929	0.144	0.4928	0.4671	0.02358	0.1998	37	1iw7-assembly1_D Crystal structure of the RNA polymerase holoenzyme from Thermus thermophilus at 2.6A resolution	MC01	gjbk00000000_1	PDB	0.4671	0.4928	4.880952380952381
MC01_gjbk00000000_1	3mzl-assembly2_H	0.114	35	11	38	5	38	42	329	0.667	0.103	0.4754	0.3942	0.07295	0.1991	32	3mzl-assembly2_H Sec13/Sec31 edge element, loop deletion mutant	MC01	gjbk00000000_1	PDB	0.3942	0.4754	0.8333333333333334
MC18_ghma00000000_3	6m62-assembly1_i	0.0	55	20	51	47	99	53	99	0.604	0.535	0.6177	0.4025	0.2349	0.2984	37	6m62-assembly1_i Cryo-Em structure of eukaryotic pre-60S ribosome subunit from Saccharomyces cerevisiae rpf2 delta 255-344 strain, C4 state.	MC18	ghma00000000_3	PDB	0.4025	0.6177	1.0377358490566038
MC18_ghma00000000_3	7a5k-assembly1_S6	0.019	51	23	52	63	110	53	126	0.566	0.381	0.5429	0.3576	0.1726	0.2432	32	7a5k-assembly1_S6 Structure of the human mitoribosome in the post translocation state bound to mtEF-G1	MC18	ghma00000000_3	PDB	0.3576	0.5429	0.9622641509433962
MC18_ghma00000000_3	6ywy-assembly1_3	0.033	30	25	52	71	94	53	95	0.528	0.253	0.5736	0.3154	0.1888	0.2371	29	6ywy-assembly1_3 The structure of the mitoribosome from Neurospora crassa with bound tRNA at the P-site	MC18	ghma00000000_3	PDB	0.3154	0.5736	0.5660377358490566
MC18_ghma00000000_3	5lyb-assembly2_sM	0.0	19	34	52	66	84	53	104	0.358	0.183	0.6145	0.3164	0.1688	0.2336	30	5lyb-assembly2_sM Crystal structure of the S.cerevisiae 80S ribosome in complex with the A-site bound aminoacyl-tRNA analog ACCPmn	MC18	ghma00000000_3	PDB	0.3164	0.6145	0.3584905660377358
MC18_ghma00000000_3	5dc3-assembly2_sM	0.105	19	34	52	66	84	53	104	0.358	0.183	0.6099	0.3159	0.1686	0.2336	30	5dc3-assembly2_sM Complex of yeast 80S ribosome with non-modified eIF5A	MC18	ghma00000000_3	PDB	0.3159	0.6099	0.3584905660377358
MC18_ghma00000000_3	9cpc-assembly1_1X	0.041	24	31	53	40	63	53	275	0.434	0.087	0.7219	0.3803	0.08	0.2194	35	9cpc-assembly1_1X Atomic model of porcine brain ventricles cilia doublet microtubule (48-nm periodicity)	MC18	ghma00000000_3	PDB	0.3803	0.7219	0.4528301886792453
MC06_brassicogethes_aeneus_2	4n9g-assembly4_Z	0.055	36	1	32	1	34	33	36	0.97	0.944	0.5918	0.5715	0.5419	0.4554	46	4n9g-assembly4_Z Crystal Structure of a Computationally Designed RSV-Presenting Epitope Scaffold And Its Elicited Antibody 17HD9	MC06	brassicogethes_aeneus_2	PDB	0.5715	0.5918	1.0909090909090908
MC06_brassicogethes_aeneus_2	7cth-assembly1_D	0.0	35	1	33	41	72	33	72	1.0	0.444	0.7189	0.6903	0.3636	0.4517	55	7cth-assembly1_D Cryo-EM structure of dengue virus serotype 2 in complex with the scFv fragment of the broadly neutralizing antibody EDE1 C10	MC06	brassicogethes_aeneus_2	PDB	0.6903	0.7189	1.0606060606060606
MC06_brassicogethes_aeneus_2	7cth-assembly1_E-39	0.0	35	1	33	41	72	33	75	1.0	0.427	0.7036	0.6767	0.3475	0.4351	54	7cth-assembly1_E-39 Cryo-EM structure of dengue virus serotype 2 in complex with the scFv fragment of the broadly neutralizing antibody EDE1 C10	MC06	brassicogethes_aeneus_2	PDB	0.6767	0.7036	1.0606060606060606
MC06_brassicogethes_aeneus_2	7cth-assembly1_E-5	0.0	35	1	33	41	72	33	75	1.0	0.427	0.7036	0.6767	0.3475	0.4351	54	7cth-assembly1_E-5 Cryo-EM structure of dengue virus serotype 2 in complex with the scFv fragment of the broadly neutralizing antibody EDE1 C10	MC06	brassicogethes_aeneus_2	PDB	0.6767	0.7036	1.0606060606060606
MC06_brassicogethes_aeneus_2	7cth-assembly1_E-45	0.0	35	1	33	41	72	33	75	1.0	0.427	0.7036	0.6767	0.3475	0.4351	54	7cth-assembly1_E-45 Cryo-EM structure of dengue virus serotype 2 in complex with the scFv fragment of the broadly neutralizing antibody EDE1 C10	MC06	brassicogethes_aeneus_2	PDB	0.6767	0.7036	1.0606060606060606
MC06_brassicogethes_aeneus_2	7cth-assembly1_E-25	0.0	35	1	33	41	72	33	75	1.0	0.427	0.7036	0.6767	0.3475	0.4351	54	7cth-assembly1_E-25 Cryo-EM structure of dengue virus serotype 2 in complex with the scFv fragment of the broadly neutralizing antibody EDE1 C10	MC06	brassicogethes_aeneus_2	PDB	0.6767	0.7036	1.0606060606060606
MC06_brassicogethes_aeneus_2	7cth-assembly1_E-35	0.0	35	1	33	41	72	33	75	1.0	0.427	0.7036	0.6767	0.3475	0.4351	54	7cth-assembly1_E-35 Cryo-EM structure of dengue virus serotype 2 in complex with the scFv fragment of the broadly neutralizing antibody EDE1 C10	MC06	brassicogethes_aeneus_2	PDB	0.6767	0.7036	1.0606060606060606
MC06_brassicogethes_aeneus_2	7cth-assembly1_E-15	0.0	35	1	33	41	72	33	75	1.0	0.427	0.7036	0.6767	0.3475	0.4351	54	7cth-assembly1_E-15 Cryo-EM structure of dengue virus serotype 2 in complex with the scFv fragment of the broadly neutralizing antibody EDE1 C10	MC06	brassicogethes_aeneus_2	PDB	0.6767	0.7036	1.0606060606060606
MC06_brassicogethes_aeneus_2	7cth-assembly1_E-55	0.0	35	1	33	41	72	33	75	1.0	0.427	0.7036	0.6767	0.3475	0.4351	54	7cth-assembly1_E-55 Cryo-EM structure of dengue virus serotype 2 in complex with the scFv fragment of the broadly neutralizing antibody EDE1 C10	MC06	brassicogethes_aeneus_2	PDB	0.6767	0.7036	1.0606060606060606
MC06_brassicogethes_aeneus_2	7cth-assembly1_E-48	0.0	35	1	33	41	72	33	75	1.0	0.427	0.7036	0.6767	0.3475	0.4351	54	7cth-assembly1_E-48 Cryo-EM structure of dengue virus serotype 2 in complex with the scFv fragment of the broadly neutralizing antibody EDE1 C10	MC06	brassicogethes_aeneus_2	PDB	0.6767	0.7036	1.0606060606060606
MC06_brassicogethes_aeneus_2	7cth-assembly1_E-8	0.0	35	1	33	41	72	33	75	1.0	0.427	0.7036	0.6767	0.3475	0.4351	54	7cth-assembly1_E-8 Cryo-EM structure of dengue virus serotype 2 in complex with the scFv fragment of the broadly neutralizing antibody EDE1 C10	MC06	brassicogethes_aeneus_2	PDB	0.6767	0.7036	1.0606060606060606
MC06_brassicogethes_aeneus_2	7cth-assembly1_E-28	0.0	35	1	33	41	72	33	75	1.0	0.427	0.7036	0.6767	0.3475	0.4351	54	7cth-assembly1_E-28 Cryo-EM structure of dengue virus serotype 2 in complex with the scFv fragment of the broadly neutralizing antibody EDE1 C10	MC06	brassicogethes_aeneus_2	PDB	0.6767	0.7036	1.0606060606060606
MC06_brassicogethes_aeneus_2	7cth-assembly1_E-19	0.0	35	1	33	41	72	33	75	1.0	0.427	0.7036	0.6767	0.3475	0.4351	54	7cth-assembly1_E-19 Cryo-EM structure of dengue virus serotype 2 in complex with the scFv fragment of the broadly neutralizing antibody EDE1 C10	MC06	brassicogethes_aeneus_2	PDB	0.6767	0.7036	1.0606060606060606
MC06_brassicogethes_aeneus_2	7cth-assembly1_E-59	0.0	35	1	33	41	72	33	75	1.0	0.427	0.7036	0.6767	0.3475	0.4351	54	7cth-assembly1_E-59 Cryo-EM structure of dengue virus serotype 2 in complex with the scFv fragment of the broadly neutralizing antibody EDE1 C10	MC06	brassicogethes_aeneus_2	PDB	0.6767	0.7036	1.0606060606060606
MC06_brassicogethes_aeneus_2	7cth-assembly1_E-40	0.0	35	1	33	41	72	33	75	1.0	0.427	0.7036	0.6767	0.3475	0.4351	54	7cth-assembly1_E-40 Cryo-EM structure of dengue virus serotype 2 in complex with the scFv fragment of the broadly neutralizing antibody EDE1 C10	MC06	brassicogethes_aeneus_2	PDB	0.6767	0.7036	1.0606060606060606
MC06_brassicogethes_aeneus_2	7cth-assembly1_E-31	0.0	35	1	33	41	72	33	75	1.0	0.427	0.7036	0.6767	0.3475	0.4351	54	7cth-assembly1_E-31 Cryo-EM structure of dengue virus serotype 2 in complex with the scFv fragment of the broadly neutralizing antibody EDE1 C10	MC06	brassicogethes_aeneus_2	PDB	0.6767	0.7036	1.0606060606060606
MC06_brassicogethes_aeneus_2	7cth-assembly1_E-56	0.0	35	1	33	41	72	33	75	1.0	0.427	0.7036	0.6767	0.3475	0.4351	54	7cth-assembly1_E-56 Cryo-EM structure of dengue virus serotype 2 in complex with the scFv fragment of the broadly neutralizing antibody EDE1 C10	MC06	brassicogethes_aeneus_2	PDB	0.6767	0.7036	1.0606060606060606
MC06_brassicogethes_aeneus_2	7cth-assembly1_E-41	0.0	35	1	33	41	72	33	75	1.0	0.427	0.7036	0.6767	0.3475	0.4351	54	7cth-assembly1_E-41 Cryo-EM structure of dengue virus serotype 2 in complex with the scFv fragment of the broadly neutralizing antibody EDE1 C10	MC06	brassicogethes_aeneus_2	PDB	0.6767	0.7036	1.0606060606060606
MC06_brassicogethes_aeneus_2	7cth-assembly1_E-51	0.0	35	1	33	41	72	33	75	1.0	0.427	0.7036	0.6767	0.3475	0.4351	54	7cth-assembly1_E-51 Cryo-EM structure of dengue virus serotype 2 in complex with the scFv fragment of the broadly neutralizing antibody EDE1 C10	MC06	brassicogethes_aeneus_2	PDB	0.6767	0.7036	1.0606060606060606
MC06_brassicogethes_aeneus_2	7cth-assembly1_E-11	0.0	35	1	33	41	72	33	75	1.0	0.427	0.7036	0.6767	0.3475	0.4351	54	7cth-assembly1_E-11 Cryo-EM structure of dengue virus serotype 2 in complex with the scFv fragment of the broadly neutralizing antibody EDE1 C10	MC06	brassicogethes_aeneus_2	PDB	0.6767	0.7036	1.0606060606060606
MC06_brassicogethes_aeneus_2	7cth-assembly1_E-46	0.0	35	1	33	41	72	33	75	1.0	0.427	0.7036	0.6767	0.3475	0.4351	54	7cth-assembly1_E-46 Cryo-EM structure of dengue virus serotype 2 in complex with the scFv fragment of the broadly neutralizing antibody EDE1 C10	MC06	brassicogethes_aeneus_2	PDB	0.6767	0.7036	1.0606060606060606
MC06_brassicogethes_aeneus_2	7cth-assembly1_E-16	0.0	35	1	33	41	72	33	75	1.0	0.427	0.7036	0.6767	0.3475	0.4351	54	7cth-assembly1_E-16 Cryo-EM structure of dengue virus serotype 2 in complex with the scFv fragment of the broadly neutralizing antibody EDE1 C10	MC06	brassicogethes_aeneus_2	PDB	0.6767	0.7036	1.0606060606060606
MC06_brassicogethes_aeneus_2	7cth-assembly1_E-26	0.0	35	1	33	41	72	33	75	1.0	0.427	0.7036	0.6767	0.3475	0.4351	54	7cth-assembly1_E-26 Cryo-EM structure of dengue virus serotype 2 in complex with the scFv fragment of the broadly neutralizing antibody EDE1 C10	MC06	brassicogethes_aeneus_2	PDB	0.6767	0.7036	1.0606060606060606
MC06_brassicogethes_aeneus_2	7cth-assembly1_E-36	0.0	35	1	33	41	72	33	75	1.0	0.427	0.7036	0.6767	0.3475	0.4351	54	7cth-assembly1_E-36 Cryo-EM structure of dengue virus serotype 2 in complex with the scFv fragment of the broadly neutralizing antibody EDE1 C10	MC06	brassicogethes_aeneus_2	PDB	0.6767	0.7036	1.0606060606060606
MC06_brassicogethes_aeneus_2	7cth-assembly1_E-6	0.0	35	1	33	41	72	33	75	1.0	0.427	0.7036	0.6767	0.3475	0.4351	54	7cth-assembly1_E-6 Cryo-EM structure of dengue virus serotype 2 in complex with the scFv fragment of the broadly neutralizing antibody EDE1 C10	MC06	brassicogethes_aeneus_2	PDB	0.6767	0.7036	1.0606060606060606
MC06_brassicogethes_aeneus_2	7cth-assembly1_E-21	0.0	35	1	33	41	72	33	75	1.0	0.427	0.7036	0.6767	0.3475	0.4351	54	7cth-assembly1_E-21 Cryo-EM structure of dengue virus serotype 2 in complex with the scFv fragment of the broadly neutralizing antibody EDE1 C10	MC06	brassicogethes_aeneus_2	PDB	0.6767	0.7036	1.0606060606060606
MC06_brassicogethes_aeneus_2	7cth-assembly1_E-43	0.0	35	1	33	41	72	33	75	1.0	0.427	0.7036	0.6767	0.3475	0.4351	54	7cth-assembly1_E-43 Cryo-EM structure of dengue virus serotype 2 in complex with the scFv fragment of the broadly neutralizing antibody EDE1 C10	MC06	brassicogethes_aeneus_2	PDB	0.6767	0.7036	1.0606060606060606
MC06_brassicogethes_aeneus_2	7cth-assembly1_E-23	0.0	35	1	33	41	72	33	75	1.0	0.427	0.7036	0.6767	0.3475	0.4351	54	7cth-assembly1_E-23 Cryo-EM structure of dengue virus serotype 2 in complex with the scFv fragment of the broadly neutralizing antibody EDE1 C10	MC06	brassicogethes_aeneus_2	PDB	0.6767	0.7036	1.0606060606060606
MC06_brassicogethes_aeneus_2	7cth-assembly1_E-24	0.0	35	1	33	41	72	33	75	1.0	0.427	0.7036	0.6767	0.3475	0.4351	54	7cth-assembly1_E-24 Cryo-EM structure of dengue virus serotype 2 in complex with the scFv fragment of the broadly neutralizing antibody EDE1 C10	MC06	brassicogethes_aeneus_2	PDB	0.6767	0.7036	1.0606060606060606
MC06_brassicogethes_aeneus_2	7cth-assembly1_E-4	0.0	35	1	33	41	72	33	75	1.0	0.427	0.7036	0.6767	0.3475	0.4351	54	7cth-assembly1_E-4 Cryo-EM structure of dengue virus serotype 2 in complex with the scFv fragment of the broadly neutralizing antibody EDE1 C10	MC06	brassicogethes_aeneus_2	PDB	0.6767	0.7036	1.0606060606060606
MC06_brassicogethes_aeneus_2	7cth-assembly1_E-50	0.0	35	1	33	41	72	33	75	1.0	0.427	0.7036	0.6767	0.3475	0.4351	54	7cth-assembly1_E-50 Cryo-EM structure of dengue virus serotype 2 in complex with the scFv fragment of the broadly neutralizing antibody EDE1 C10	MC06	brassicogethes_aeneus_2	PDB	0.6767	0.7036	1.0606060606060606
MC06_brassicogethes_aeneus_2	7cth-assembly1_E-3	0.0	35	1	33	41	72	33	75	1.0	0.427	0.7036	0.6767	0.3475	0.4351	54	7cth-assembly1_E-3 Cryo-EM structure of dengue virus serotype 2 in complex with the scFv fragment of the broadly neutralizing antibody EDE1 C10	MC06	brassicogethes_aeneus_2	PDB	0.6767	0.7036	1.0606060606060606
MC06_brassicogethes_aeneus_2	7cth-assembly1_E-20	0.0	35	1	33	41	72	33	75	1.0	0.427	0.7036	0.6767	0.3475	0.4351	54	7cth-assembly1_E-20 Cryo-EM structure of dengue virus serotype 2 in complex with the scFv fragment of the broadly neutralizing antibody EDE1 C10	MC06	brassicogethes_aeneus_2	PDB	0.6767	0.7036	1.0606060606060606
MC06_brassicogethes_aeneus_2	7cth-assembly1_E-30	0.0	35	1	33	41	72	33	75	1.0	0.427	0.7036	0.6767	0.3475	0.4351	54	7cth-assembly1_E-30 Cryo-EM structure of dengue virus serotype 2 in complex with the scFv fragment of the broadly neutralizing antibody EDE1 C10	MC06	brassicogethes_aeneus_2	PDB	0.6767	0.7036	1.0606060606060606
MC06_brassicogethes_aeneus_2	7cth-assembly1_E-44	0.0	35	1	33	41	72	33	75	1.0	0.427	0.7036	0.6767	0.3475	0.4351	54	7cth-assembly1_E-44 Cryo-EM structure of dengue virus serotype 2 in complex with the scFv fragment of the broadly neutralizing antibody EDE1 C10	MC06	brassicogethes_aeneus_2	PDB	0.6767	0.7036	1.0606060606060606
MC06_brassicogethes_aeneus_2	7cth-assembly1_E-10	0.0	35	1	33	41	72	33	75	1.0	0.427	0.7036	0.6767	0.3475	0.4351	54	7cth-assembly1_E-10 Cryo-EM structure of dengue virus serotype 2 in complex with the scFv fragment of the broadly neutralizing antibody EDE1 C10	MC06	brassicogethes_aeneus_2	PDB	0.6767	0.7036	1.0606060606060606
MC06_brassicogethes_aeneus_2	7cth-assembly1_E-60	0.0	35	1	33	41	72	33	75	1.0	0.427	0.7036	0.6767	0.3475	0.4351	54	7cth-assembly1_E-60 Cryo-EM structure of dengue virus serotype 2 in complex with the scFv fragment of the broadly neutralizing antibody EDE1 C10	MC06	brassicogethes_aeneus_2	PDB	0.6767	0.7036	1.0606060606060606
MC06_brassicogethes_aeneus_2	7cth-assembly1_E-18	0.0	35	1	33	41	72	33	75	1.0	0.427	0.7036	0.6767	0.3475	0.4351	54	7cth-assembly1_E-18 Cryo-EM structure of dengue virus serotype 2 in complex with the scFv fragment of the broadly neutralizing antibody EDE1 C10	MC06	brassicogethes_aeneus_2	PDB	0.6767	0.7036	1.0606060606060606
MC06_brassicogethes_aeneus_2	7cth-assembly1_E-58	0.0	35	1	33	41	72	33	75	1.0	0.427	0.7036	0.6767	0.3475	0.4351	54	7cth-assembly1_E-58 Cryo-EM structure of dengue virus serotype 2 in complex with the scFv fragment of the broadly neutralizing antibody EDE1 C10	MC06	brassicogethes_aeneus_2	PDB	0.6767	0.7036	1.0606060606060606
MC06_brassicogethes_aeneus_2	7cth-assembly1_E-49	0.0	35	1	33	41	72	33	75	1.0	0.427	0.7036	0.6767	0.3475	0.4351	54	7cth-assembly1_E-49 Cryo-EM structure of dengue virus serotype 2 in complex with the scFv fragment of the broadly neutralizing antibody EDE1 C10	MC06	brassicogethes_aeneus_2	PDB	0.6767	0.7036	1.0606060606060606
MC06_brassicogethes_aeneus_2	7cth-assembly1_E-29	0.0	35	1	33	41	72	33	75	1.0	0.427	0.7036	0.6767	0.3475	0.4351	54	7cth-assembly1_E-29 Cryo-EM structure of dengue virus serotype 2 in complex with the scFv fragment of the broadly neutralizing antibody EDE1 C10	MC06	brassicogethes_aeneus_2	PDB	0.6767	0.7036	1.0606060606060606
MC06_brassicogethes_aeneus_2	7cth-assembly1_E-9	0.0	35	1	33	41	72	33	75	1.0	0.427	0.7036	0.6767	0.3475	0.4351	54	7cth-assembly1_E-9 Cryo-EM structure of dengue virus serotype 2 in complex with the scFv fragment of the broadly neutralizing antibody EDE1 C10	MC06	brassicogethes_aeneus_2	PDB	0.6767	0.7036	1.0606060606060606
MC06_brassicogethes_aeneus_2	7cth-assembly1_E-38	0.0	35	1	33	41	72	33	75	1.0	0.427	0.7036	0.6767	0.3475	0.4351	54	7cth-assembly1_E-38 Cryo-EM structure of dengue virus serotype 2 in complex with the scFv fragment of the broadly neutralizing antibody EDE1 C10	MC06	brassicogethes_aeneus_2	PDB	0.6767	0.7036	1.0606060606060606
MC06_brassicogethes_aeneus_2	7cth-assembly1_E-34	0.0	35	1	33	41	72	33	75	1.0	0.427	0.7036	0.6767	0.3475	0.4351	54	7cth-assembly1_E-34 Cryo-EM structure of dengue virus serotype 2 in complex with the scFv fragment of the broadly neutralizing antibody EDE1 C10	MC06	brassicogethes_aeneus_2	PDB	0.6767	0.7036	1.0606060606060606
MC06_brassicogethes_aeneus_2	7cth-assembly1_E-14	0.0	35	1	33	41	72	33	75	1.0	0.427	0.7036	0.6767	0.3475	0.4351	54	7cth-assembly1_E-14 Cryo-EM structure of dengue virus serotype 2 in complex with the scFv fragment of the broadly neutralizing antibody EDE1 C10	MC06	brassicogethes_aeneus_2	PDB	0.6767	0.7036	1.0606060606060606
MC06_brassicogethes_aeneus_2	7cth-assembly1_E-12	0.0	35	1	33	41	72	33	75	1.0	0.427	0.7036	0.6767	0.3475	0.4351	54	7cth-assembly1_E-12 Cryo-EM structure of dengue virus serotype 2 in complex with the scFv fragment of the broadly neutralizing antibody EDE1 C10	MC06	brassicogethes_aeneus_2	PDB	0.6767	0.7036	1.0606060606060606
MC06_brassicogethes_aeneus_2	7cth-assembly1_E-54	0.0	35	1	33	41	72	33	75	1.0	0.427	0.7036	0.6767	0.3475	0.4351	54	7cth-assembly1_E-54 Cryo-EM structure of dengue virus serotype 2 in complex with the scFv fragment of the broadly neutralizing antibody EDE1 C10	MC06	brassicogethes_aeneus_2	PDB	0.6767	0.7036	1.0606060606060606
MC06_brassicogethes_aeneus_2	7cth-assembly1_E-52	0.0	35	1	33	41	72	33	75	1.0	0.427	0.7036	0.6767	0.3475	0.4351	54	7cth-assembly1_E-52 Cryo-EM structure of dengue virus serotype 2 in complex with the scFv fragment of the broadly neutralizing antibody EDE1 C10	MC06	brassicogethes_aeneus_2	PDB	0.6767	0.7036	1.0606060606060606
MC06_brassicogethes_aeneus_2	7cth-assembly1_E-32	0.0	35	1	33	41	72	33	75	1.0	0.427	0.7036	0.6767	0.3475	0.4351	54	7cth-assembly1_E-32 Cryo-EM structure of dengue virus serotype 2 in complex with the scFv fragment of the broadly neutralizing antibody EDE1 C10	MC06	brassicogethes_aeneus_2	PDB	0.6767	0.7036	1.0606060606060606
MC06_brassicogethes_aeneus_2	7cth-assembly1_E-13	0.0	35	1	33	41	72	33	75	1.0	0.427	0.7036	0.6767	0.3475	0.4351	54	7cth-assembly1_E-13 Cryo-EM structure of dengue virus serotype 2 in complex with the scFv fragment of the broadly neutralizing antibody EDE1 C10	MC06	brassicogethes_aeneus_2	PDB	0.6767	0.7036	1.0606060606060606
MC06_brassicogethes_aeneus_2	7cth-assembly1_E-33	0.0	35	1	33	41	72	33	75	1.0	0.427	0.7036	0.6767	0.3475	0.4351	54	7cth-assembly1_E-33 Cryo-EM structure of dengue virus serotype 2 in complex with the scFv fragment of the broadly neutralizing antibody EDE1 C10	MC06	brassicogethes_aeneus_2	PDB	0.6767	0.7036	1.0606060606060606
MC06_brassicogethes_aeneus_2	7cth-assembly1_E-53	0.0	35	1	33	41	72	33	75	1.0	0.427	0.7036	0.6767	0.3475	0.4351	54	7cth-assembly1_E-53 Cryo-EM structure of dengue virus serotype 2 in complex with the scFv fragment of the broadly neutralizing antibody EDE1 C10	MC06	brassicogethes_aeneus_2	PDB	0.6767	0.7036	1.0606060606060606
MC06_brassicogethes_aeneus_2	7cth-assembly1_E-17	0.0	35	1	33	41	72	33	75	1.0	0.427	0.7036	0.6767	0.3475	0.4351	54	7cth-assembly1_E-17 Cryo-EM structure of dengue virus serotype 2 in complex with the scFv fragment of the broadly neutralizing antibody EDE1 C10	MC06	brassicogethes_aeneus_2	PDB	0.6767	0.7036	1.0606060606060606
MC06_brassicogethes_aeneus_2	7cth-assembly1_E-22	0.0	35	1	33	41	72	33	75	1.0	0.427	0.7036	0.6767	0.3475	0.4351	54	7cth-assembly1_E-22 Cryo-EM structure of dengue virus serotype 2 in complex with the scFv fragment of the broadly neutralizing antibody EDE1 C10	MC06	brassicogethes_aeneus_2	PDB	0.6767	0.7036	1.0606060606060606
MC06_brassicogethes_aeneus_2	7cth-assembly1_E-37	0.0	35	1	33	41	72	33	75	1.0	0.427	0.7036	0.6767	0.3475	0.4351	54	7cth-assembly1_E-37 Cryo-EM structure of dengue virus serotype 2 in complex with the scFv fragment of the broadly neutralizing antibody EDE1 C10	MC06	brassicogethes_aeneus_2	PDB	0.6767	0.7036	1.0606060606060606
MC06_brassicogethes_aeneus_2	7cth-assembly1_E-57	0.0	35	1	33	41	72	33	75	1.0	0.427	0.7036	0.6767	0.3475	0.4351	54	7cth-assembly1_E-57 Cryo-EM structure of dengue virus serotype 2 in complex with the scFv fragment of the broadly neutralizing antibody EDE1 C10	MC06	brassicogethes_aeneus_2	PDB	0.6767	0.7036	1.0606060606060606
MC06_brassicogethes_aeneus_2	7cth-assembly1_E-2	0.0	35	1	33	41	72	33	75	1.0	0.427	0.7036	0.6767	0.3475	0.4351	54	7cth-assembly1_E-2 Cryo-EM structure of dengue virus serotype 2 in complex with the scFv fragment of the broadly neutralizing antibody EDE1 C10	MC06	brassicogethes_aeneus_2	PDB	0.6767	0.7036	1.0606060606060606
MC06_brassicogethes_aeneus_2	7cth-assembly1_E-42	0.0	35	1	33	41	72	33	75	1.0	0.427	0.7036	0.6767	0.3475	0.4351	54	7cth-assembly1_E-42 Cryo-EM structure of dengue virus serotype 2 in complex with the scFv fragment of the broadly neutralizing antibody EDE1 C10	MC06	brassicogethes_aeneus_2	PDB	0.6767	0.7036	1.0606060606060606
MC06_brassicogethes_aeneus_2	7cth-assembly1_E-27	0.0	35	1	33	41	72	33	75	1.0	0.427	0.7036	0.6767	0.3475	0.4351	54	7cth-assembly1_E-27 Cryo-EM structure of dengue virus serotype 2 in complex with the scFv fragment of the broadly neutralizing antibody EDE1 C10	MC06	brassicogethes_aeneus_2	PDB	0.6767	0.7036	1.0606060606060606
MC06_brassicogethes_aeneus_2	7cth-assembly1_E-47	0.0	35	1	33	41	72	33	75	1.0	0.427	0.7036	0.6767	0.3475	0.4351	54	7cth-assembly1_E-47 Cryo-EM structure of dengue virus serotype 2 in complex with the scFv fragment of the broadly neutralizing antibody EDE1 C10	MC06	brassicogethes_aeneus_2	PDB	0.6767	0.7036	1.0606060606060606
MC06_brassicogethes_aeneus_2	7cth-assembly1_E-7	0.0	35	1	33	41	72	33	75	1.0	0.427	0.7036	0.6767	0.3475	0.4351	54	7cth-assembly1_E-7 Cryo-EM structure of dengue virus serotype 2 in complex with the scFv fragment of the broadly neutralizing antibody EDE1 C10	MC06	brassicogethes_aeneus_2	PDB	0.6767	0.7036	1.0606060606060606
MC06_brassicogethes_aeneus_2	7sqc-assembly1_0J	0.066	30	1	30	18	46	33	56	0.909	0.518	0.5902	0.5601	0.4037	0.3963	44	7sqc-assembly1_0J Ciliary C1 central pair apparatus isolated from Chlamydomonas reinhardtii	MC06	brassicogethes_aeneus_2	PDB	0.5601	0.5902	0.9090909090909091
MC06_brassicogethes_aeneus_2	5suy-assembly1_A	0.09	33	1	33	40	70	33	95	1.0	0.326	0.6465	0.6181	0.277	0.3655	46	5suy-assembly1_A Domain-swapped dimer of human Dishevelled2 DEP domain: monoclinic crystal form crystallised from dimeric fraction	MC06	brassicogethes_aeneus_2	PDB	0.6181	0.6465	1.0
MC06_brassicogethes_aeneus_2	6owy-assembly1_A	0.058	34	1	32	26	53	33	90	0.97	0.311	0.6441	0.5669	0.2456	0.3573	48	6owy-assembly1_A Spy H96L:Im7 K20pI-Phe complex; multiple anomalous datasets contained herein for element identification	MC06	brassicogethes_aeneus_2	PDB	0.5669	0.6441	1.0303030303030303
MC06_brassicogethes_aeneus_2	6owx-assembly1_A	0.058	34	1	32	25	52	33	89	0.97	0.315	0.6385	0.5622	0.2484	0.3544	47	6owx-assembly1_A Spy H96L:Im7 L18pI-Phe complex; multiple anomalous datasets contained herein for element identification	MC06	brassicogethes_aeneus_2	PDB	0.5622	0.6385	1.0303030303030303
MC06_brassicogethes_aeneus_2	7edx-assembly1_j	0.025	40	3	33	16	52	33	95	0.939	0.389	0.5927	0.5596	0.2407	0.3419	45	7edx-assembly1_j p53-bound TFIID-based core PIC on HDM2 promoter	MC06	brassicogethes_aeneus_2	PDB	0.5596	0.5927	1.2121212121212122
MC06_brassicogethes_aeneus_2	7enc-assembly1_Dj	0.0	42	2	33	14	49	33	95	0.97	0.379	0.5612	0.5387	0.2289	0.3335	44	7enc-assembly1_Dj TFIID-based PIC-Mediator holo-complex in fully-assembled state (hPIC-MED)	MC06	brassicogethes_aeneus_2	PDB	0.5387	0.5612	1.2727272727272727
MC06_brassicogethes_aeneus_2	3g6i-assembly1_A-2	0.057	35	1	33	55	87	33	200	1.0	0.165	0.6347	0.6239	0.14	0.3262	51	3g6i-assembly1_A-2 Crystal structure of an outer membrane protein, part of a putative carbohydrate binding complex (bt_1022) from bacteroides thetaiotaomicron vpi-5482 at 1.93 A resolution	MC06	brassicogethes_aeneus_2	PDB	0.6239	0.6347	1.0606060606060606
MC06_brassicogethes_aeneus_2	6j9r-assembly1_A	0.04	50	1	28	76	123	33	125	0.848	0.384	0.5991	0.5198	0.1697	0.3082	45	6j9r-assembly1_A Coiled-coil Domain of Drosophila TRIM Protein Brat	MC06	brassicogethes_aeneus_2	PDB	0.5198	0.5991	1.5151515151515151
MC06_brassicogethes_aeneus_2	8wb0-assembly1_p	0.026	38	1	33	394	426	33	1146	1.0	0.029	0.6357	0.6223	0.02367	0.2706	51	8wb0-assembly1_p De novo transcribing complex 17 (TC17), the early elongation complex with Pol II positioned 17nt downstream of TSS	MC06	brassicogethes_aeneus_2	PDB	0.6223	0.6357	1.1515151515151516
MC06_brassicogethes_aeneus_2	4p08-assembly1_A	0.018	53	1	32	163	212	33	571	0.97	0.088	0.5889	0.5655	0.04685	0.2563	46	4p08-assembly1_A Engineered thermostable dimeric cocaine esterase	MC06	brassicogethes_aeneus_2	PDB	0.5655	0.5889	1.606060606060606
MC06_brassicogethes_aeneus_2	3ida-assembly1_A-2	0.037	53	1	32	163	212	33	572	0.97	0.087	0.5794	0.5561	0.04725	0.2554	46	3ida-assembly1_A-2 Thermostable Cocaine Esterase with mutations L169K and G173Q, bound to DTT adduct	MC06	brassicogethes_aeneus_2	PDB	0.5561	0.5794	1.606060606060606
MC20_hbua00000000_1	7t6d-assembly1_B	0.02	50	9	34	78	124	34	381	0.765	0.123	0.3427	0.329	0.05256	0.1409	23	7t6d-assembly1_B CryoEM structure of the YejM/LapB complex	MC20	hbua00000000_1	PDB	0.329	0.3427	1.4705882352941178
MC03_gaco00000000_1	5xnl-assembly1_p	0.023	130	1	58	24	151	67	186	0.866	0.688	0.7683	0.6705	0.2665	0.4432	62	5xnl-assembly1_p Structure of stacked C2S2M2-type PSII-LHCII supercomplex from Pisum sativum	MC03	gaco00000000_1	PDB	0.6705	0.7683	1.9402985074626866
MC03_gaco00000000_1	3nm7-assembly2_D	0.0	48	17	61	1	42	67	76	0.672	0.553	0.712	0.4744	0.425	0.4224	44	3nm7-assembly2_D Crystal Structure of Borrelia burgdorferi Pur-alpha	MC03	gaco00000000_1	PDB	0.4744	0.712	0.7164179104477612
MC03_gaco00000000_1	5kpe-assembly1_A	0.052	57	10	63	46	99	67	120	0.806	0.45	0.6756	0.5632	0.3413	0.4218	51	5kpe-assembly1_A Solution NMR Structure of Denovo Beta Sheet Design Protein, Northeast Structural Genomics Consortium (NESG) Target OR664	MC03	gaco00000000_1	PDB	0.5632	0.6756	0.8507462686567164
MC03_gaco00000000_1	4f98-assembly1_A-2	0.051	58	7	62	13	62	67	62	0.836	0.806	0.5855	0.478	0.5043	0.4197	41	4f98-assembly1_A-2 Crystal structure of a DUF2790 family protein (PA3229) from Pseudomonas aeruginosa PAO1 at 1.26 A resolution	MC03	gaco00000000_1	PDB	0.478	0.5855	0.8656716417910447
MC03_gaco00000000_1	4z9c-assembly1_F	0.079	63	9	60	4	60	67	115	0.776	0.496	0.6796	0.5444	0.3404	0.4135	50	4z9c-assembly1_F EcPltAB Oxidized	MC03	gaco00000000_1	PDB	0.5444	0.6796	0.9402985074626866
MC03_gaco00000000_1	6lof-assembly1_A	0.039	101	6	66	27	125	67	162	0.91	0.611	0.6619	0.6097	0.2946	0.4097	53	6lof-assembly1_A Crystal structure of ZsYellow soaked by Cu2+	MC03	gaco00000000_1	PDB	0.6097	0.6619	1.507462686567164
MC03_gaco00000000_1	3nm7-assembly1_A	0.02	48	16	61	2	43	67	84	0.687	0.5	0.7102	0.4718	0.3889	0.4055	44	3nm7-assembly1_A Crystal Structure of Borrelia burgdorferi Pur-alpha	MC03	gaco00000000_1	PDB	0.4718	0.7102	0.7164179104477612
MC03_gaco00000000_1	4j9a-assembly4_D	0.037	79	6	61	35	107	67	124	0.836	0.589	0.6006	0.5178	0.3129	0.3804	46	4j9a-assembly4_D Engineered Digoxigenin binder DIG10.3	MC03	gaco00000000_1	PDB	0.5178	0.6006	1.1791044776119404
MC03_gaco00000000_1	4kf5-assembly2_B	0.02	100	6	66	92	188	67	189	0.91	0.513	0.6371	0.5879	0.2507	0.3781	51	4kf5-assembly2_B Crystal Structure of Split GFP complexed with engineered sfCherry with an insertion of GFP fragment	MC03	gaco00000000_1	PDB	0.5879	0.6371	1.492537313432836
MC03_gaco00000000_1	4rth-assembly1_A	0.024	125	1	59	8	132	67	167	0.881	0.749	0.6282	0.5692	0.277	0.3762	49	4rth-assembly1_A The crystal structure of PsbP from Zea mays	MC03	gaco00000000_1	PDB	0.5692	0.6282	1.8656716417910448
MC03_gaco00000000_1	4n3d-assembly2_B	0.02	100	6	66	91	189	67	225	0.91	0.44	0.6586	0.6061	0.2203	0.3761	54	4n3d-assembly2_B Crystal structure of the dimeric variant EGFP-K162Q in P61 space group	MC03	gaco00000000_1	PDB	0.6061	0.6586	1.492537313432836
MC03_gaco00000000_1	6aa7-assembly1_A	0.039	101	6	66	90	189	67	226	0.91	0.442	0.6567	0.6077	0.2202	0.3748	53	6aa7-assembly1_A Fluorescent protein from Acropora digitifera	MC03	gaco00000000_1	PDB	0.6077	0.6567	1.507462686567164
MC03_gaco00000000_1	3iq2-assembly2_B	0.037	80	14	66	5	80	67	123	0.791	0.618	0.6119	0.5069	0.3072	0.3726	45	3iq2-assembly2_B Human sorting nexin 7, phox homology (PX) domain	MC03	gaco00000000_1	PDB	0.5069	0.6119	1.1940298507462686
MC03_gaco00000000_1	4rth-assembly2_B	0.016	121	1	57	10	130	67	166	0.851	0.729	0.6356	0.5628	0.2741	0.3714	48	4rth-assembly2_B The crystal structure of PsbP from Zea mays	MC03	gaco00000000_1	PDB	0.5628	0.6356	1.8059701492537314
MC03_gaco00000000_1	5nd9-assembly1_e	0.019	52	12	59	1	50	67	160	0.716	0.312	0.7166	0.5399	0.2498	0.3694	49	5nd9-assembly1_e Hibernating ribosome from Staphylococcus aureus (Rotated state)	MC03	gaco00000000_1	PDB	0.5399	0.7166	0.7761194029850746
MC03_gaco00000000_1	1yhg-assembly2_B	0.02	99	6	66	92	188	67	224	0.91	0.433	0.6486	0.5981	0.2188	0.3686	52	1yhg-assembly2_B Uncyclized precursor structure of S65G Y66S V68G GFP variant	MC03	gaco00000000_1	PDB	0.5981	0.6486	1.4776119402985075
MC03_gaco00000000_1	8ao1-assembly1_A	0.017	114	5	61	1	102	67	112	0.851	0.911	0.5575	0.4857	0.3174	0.3682	43	8ao1-assembly1_A solution structure of nanoFAST fluorogen-activating protein in the apo state	MC03	gaco00000000_1	PDB	0.4857	0.5575	1.7014925373134329
MC03_gaco00000000_1	8h2i-assembly1_bQ	0.026	115	2	61	2	112	67	162	0.896	0.685	0.5942	0.5428	0.2681	0.3662	47	8h2i-assembly1_bQ Near-atomic structure of five-fold averaged PBCV-1 capsid	MC03	gaco00000000_1	PDB	0.5428	0.5942	1.7164179104477613
MC03_gaco00000000_1	5zeb-assembly1_e	0.02	49	13	59	17	65	67	198	0.701	0.247	0.7702	0.5648	0.2127	0.3662	52	5zeb-assembly1_e M. Smegmatis P/P state 70S ribosome structure	MC03	gaco00000000_1	PDB	0.5648	0.7702	0.7313432835820896
MC03_gaco00000000_1	8p8w-assembly1_D	0.0	48	14	59	18	65	67	173	0.687	0.277	0.7448	0.5428	0.2333	0.3637	50	8p8w-assembly1_D Mycoplasma pneumoniae di-ribosome in chloramphenicol-treated cells (following 70S)	MC03	gaco00000000_1	PDB	0.5428	0.7448	0.7164179104477612
MC03_gaco00000000_1	4eaj-assembly1_A	0.048	82	9	60	4	77	67	100	0.776	0.74	0.5656	0.4649	0.3378	0.3613	41	4eaj-assembly1_A Co-crystal of AMPK core with AMP soaked with ATP	MC03	gaco00000000_1	PDB	0.4649	0.5656	1.2238805970149254
MC03_gaco00000000_1	1kq6-assembly1_A	0.046	86	13	65	1	82	67	140	0.791	0.586	0.6156	0.5146	0.282	0.3601	45	1kq6-assembly1_A p47phox PX domain	MC03	gaco00000000_1	PDB	0.5146	0.6156	1.2835820895522387
MC03_gaco00000000_1	4v61-assembly1_AE	0.041	48	15	59	1	47	67	158	0.672	0.297	0.7315	0.5232	0.2449	0.3596	48	4v61-assembly1_AE Homology model for the Spinach chloroplast 30S subunit fitted to 9.4A cryo-EM map of the 70S chlororibosome.	MC03	gaco00000000_1	PDB	0.5232	0.7315	0.7164179104477612
MC03_gaco00000000_1	4j8a-assembly1_A	0.009	101	5	62	93	192	67	228	0.866	0.439	0.6543	0.5833	0.2095	0.3581	51	4j8a-assembly1_A Irradiated-state structure of sfGFP containing the unnatural amino acid p-azido-phenylalanine at residue 145	MC03	gaco00000000_1	PDB	0.5833	0.6543	1.507462686567164
MC03_gaco00000000_1	7blq-assembly1_L	0.053	75	15	63	5	77	67	116	0.731	0.629	0.6079	0.4795	0.3085	0.3575	42	7blq-assembly1_L Vps26 dimer region of the fungal membrane-assembled retromer:Grd19 complex.	MC03	gaco00000000_1	PDB	0.4795	0.6079	1.1194029850746268
MC03_gaco00000000_1	7ssl-assembly1_J	0.0	47	15	59	1	47	67	157	0.672	0.299	0.7199	0.5219	0.2488	0.357	47	7ssl-assembly1_J Pre translocation intermediate with EF-G bound to GDP and Pi (Structure III)	MC03	gaco00000000_1	PDB	0.5219	0.7199	0.7014925373134329
MC03_gaco00000000_1	5aii-assembly1_H	0.0	75	6	60	34	102	67	129	0.821	0.535	0.5704	0.4901	0.2911	0.3519	43	5aii-assembly1_H Discovery and characterization of thermophilic limonene-1,2-epoxide hydrolases from hot spring metagenomic libraries. CH55-sample-PEG complex	MC03	gaco00000000_1	PDB	0.4901	0.5704	1.1194029850746268
MC03_gaco00000000_1	7r81-assembly1_D2	0.066	60	9	59	29	86	67	210	0.761	0.276	0.6949	0.552	0.2029	0.3506	50	7r81-assembly1_D2 Structure of the translating Neurospora crassa ribosome arrested by cycloheximide	MC03	gaco00000000_1	PDB	0.552	0.6949	0.8955223880597015
MC03_gaco00000000_1	6ncl-assembly1_a5	0.04	99	8	61	45	139	67	189	0.806	0.503	0.6339	0.5322	0.2225	0.3461	47	6ncl-assembly1_a5 Near-atomic structure of icosahedrally averaged PBCV-1 capsid	MC03	gaco00000000_1	PDB	0.5322	0.6339	1.4776119402985075
MC03_gaco00000000_1	1wzn-assembly1_A	0.024	208	6	64	1	206	67	244	0.881	0.844	0.6317	0.5677	0.1931	0.346	50	1wzn-assembly1_A Crystal Structure of the SAM-dependent methyltransferase from Pyrococcus horikoshii OT3	MC03	gaco00000000_1	PDB	0.5677	0.6317	3.1044776119402986
MC03_gaco00000000_1	9axv-assembly1_AF	0.068	58	9	59	32	88	67	216	0.761	0.264	0.6842	0.547	0.1983	0.345	49	9axv-assembly1_AF Translating S. pombe ribosome	MC03	gaco00000000_1	PDB	0.547	0.6842	0.8656716417910447
MC03_gaco00000000_1	6xu6-assembly1_AC	0.114	61	9	59	35	93	67	227	0.761	0.26	0.6899	0.5499	0.1889	0.341	49	6xu6-assembly1_AC Drosophila melanogaster Testis 80S ribosome	MC03	gaco00000000_1	PDB	0.5499	0.6899	0.9104477611940298
MC03_gaco00000000_1	3o52-assembly3_E-2	0.02	48	15	60	1	44	67	177	0.687	0.249	0.7274	0.5085	0.2119	0.3405	47	3o52-assembly3_E-2 Structure of the E.coli GDP-mannose hydrolase (yffh) in complex with tartrate	MC03	gaco00000000_1	PDB	0.5085	0.7274	0.7164179104477612
MC03_gaco00000000_1	3o52-assembly2_D	0.022	44	17	60	1	42	67	180	0.657	0.233	0.7604	0.5025	0.2055	0.3371	47	3o52-assembly2_D Structure of the E.coli GDP-mannose hydrolase (yffh) in complex with tartrate	MC03	gaco00000000_1	PDB	0.5025	0.7604	0.6567164179104478
MC03_gaco00000000_1	3u96-assembly1_A	0.028	106	4	61	68	169	67	282	0.866	0.362	0.642	0.5673	0.1625	0.3364	51	3u96-assembly1_A Crystal Structure of YopHQ357F(Catalytic Domain, Residues 163-468) in complex with pNCS	MC03	gaco00000000_1	PDB	0.5673	0.642	1.5820895522388059
MC03_gaco00000000_1	8ao0-assembly1_A	0.04	98	3	63	21	104	67	112	0.91	0.75	0.4894	0.4536	0.3076	0.336	39	8ao0-assembly1_A Solution structure of nanoFAST/HBR-DOM2 complex	MC03	gaco00000000_1	PDB	0.4536	0.4894	1.462686567164179
MC03_gaco00000000_1	3d2l-assembly1_A	0.008	234	10	65	1	226	67	238	0.836	0.95	0.6407	0.5477	0.1784	0.3357	49	3d2l-assembly1_A Crystal structure of SAM-dependent methyltransferase (ZP_00538691.1) from EXIGUOBACTERIUM SP. 255-15 at 1.90 A resolution	MC03	gaco00000000_1	PDB	0.5477	0.6407	3.4925373134328357
MC03_gaco00000000_1	4zi4-assembly1_A	0.028	106	4	61	68	169	67	282	0.866	0.362	0.6393	0.5653	0.1621	0.3348	51	4zi4-assembly1_A YopH W354H Yersinia enterocolitica PTPase bond with Divanadate glycerol ester in the active site	MC03	gaco00000000_1	PDB	0.5653	0.6393	1.5820895522388059
MC03_gaco00000000_1	1lyv-assembly1_A	0.019	103	4	60	69	169	67	283	0.851	0.357	0.6514	0.5684	0.1651	0.3344	50	1lyv-assembly1_A High-resolution structure of the catalytically inactive yersinia tyrosine phosphatase C403A mutant in complex with phosphate.	MC03	gaco00000000_1	PDB	0.5684	0.6514	1.537313432835821
MC03_gaco00000000_1	4zn5-assembly1_A	0.028	106	4	61	68	169	67	282	0.866	0.362	0.6363	0.5634	0.1621	0.3332	50	4zn5-assembly1_A YopH W354Y Yersinia enterocolitica PTPase bond with Divanadate glycerol ester in the active site	MC03	gaco00000000_1	PDB	0.5634	0.6363	1.5820895522388059
MC03_gaco00000000_1	1fgu-assembly1_B	0.092	54	9	60	128	178	67	238	0.776	0.214	0.6718	0.5372	0.1776	0.3318	49	1fgu-assembly1_B SSDNA-BINDING DOMAIN OF THE LARGE SUBUNIT OF REPLICATION PROTEIN A	MC03	gaco00000000_1	PDB	0.5372	0.6718	0.8059701492537313
MC03_gaco00000000_1	8v34-assembly7_G	0.038	105	3	60	65	163	67	163	0.866	0.607	0.5458	0.4894	0.2445	0.3255	42	8v34-assembly7_G Crystal structure of S. aureus TarK N-terminal domain	MC03	gaco00000000_1	PDB	0.4894	0.5458	1.5671641791044777
MC03_gaco00000000_1	5ypz-assembly1_A	0.043	138	6	66	343	477	67	480	0.91	0.281	0.6574	0.6054	0.1092	0.3217	53	5ypz-assembly1_A Crystal structure of minor pilin CofB from CFA/III complexed with N-terminal peptide fragment of CofJ	MC03	gaco00000000_1	PDB	0.6054	0.6574	2.0597014925373136
MC03_gaco00000000_1	1jmc-assembly1_A	0.03	162	1	60	32	184	67	238	0.896	0.643	0.5779	0.529	0.1819	0.3207	46	1jmc-assembly1_A SINGLE STRANDED DNA-BINDING DOMAIN OF HUMAN REPLICATION PROTEIN A BOUND TO SINGLE STRANDED DNA, RPA70 SUBUNIT, RESIDUES 183-420	MC03	gaco00000000_1	PDB	0.529	0.5779	2.417910447761194
MC03_gaco00000000_1	2mxc-assembly1_A	0.023	85	14	63	36	117	67	172	0.746	0.477	0.5977	0.4793	0.22	0.3169	42	2mxc-assembly1_A Solution structure of the full length sorting nexin 3	MC03	gaco00000000_1	PDB	0.4793	0.5977	1.2686567164179106
MC03_gaco00000000_1	9fia-assembly1_HJ	0.017	58	9	59	94	149	67	355	0.761	0.158	0.7026	0.557	0.1248	0.3156	50	9fia-assembly1_HJ SSU(body) structure derived from the SSU sample of the mitoribosome from T. gondii.	MC03	gaco00000000_1	PDB	0.557	0.7026	0.8656716417910447
MC03_gaco00000000_1	6p29-assembly1_A	0.037	134	7	61	6	133	67	134	0.821	0.955	0.5125	0.4479	0.2654	0.3136	38	6p29-assembly1_A N-demethylindolmycin synthase (PluN2) in complex with N-demethylindolmycin	MC03	gaco00000000_1	PDB	0.4479	0.5125	2.0
MC03_gaco00000000_1	5mkf-assembly1_B	0.016	300	1	65	30	323	67	481	0.97	0.611	0.6086	0.5886	0.1086	0.3129	51	5mkf-assembly1_B cryoEM Structure of Polycystin-2 in complex with calcium and lipids	MC03	gaco00000000_1	PDB	0.5886	0.6086	4.477611940298507
MC03_gaco00000000_1	4qs4-assembly1_A	0.036	138	6	66	358	492	67	496	0.91	0.272	0.6407	0.5917	0.1054	0.3115	51	4qs4-assembly1_A Crystal Structure of CofB from Enterotoxigenic Escherichia coli	MC03	gaco00000000_1	PDB	0.5917	0.6407	2.0597014925373136
MC03_gaco00000000_1	6iab-assembly1_A	0.015	265	6	59	22	283	67	501	0.806	0.523	0.7009	0.5837	0.09483	0.3112	52	6iab-assembly1_A Tail fiber of Staphylococcus aureus phage P68	MC03	gaco00000000_1	PDB	0.5837	0.7009	3.955223880597015
MC03_gaco00000000_1	4fzh-assembly1_A	0.005	357	1	61	92	445	67	486	0.91	0.728	0.6328	0.5828	0.1057	0.3111	51	4fzh-assembly1_A Structure of the Ulster Strain Newcastle Disease Virus Hemagglutinin-Neuraminidase Reveals Auto-Inhibitory Interactions Associated with Low Virulence	MC03	gaco00000000_1	PDB	0.5828	0.6328	5.3283582089552235
MC03_gaco00000000_1	4jf7-assembly1_A	0.005	368	1	61	139	500	67	501	0.91	0.723	0.63	0.5815	0.09907	0.3084	51	4jf7-assembly1_A Structure of the parainfluenza virus 5 (PIV5) hemagglutinin-neuraminidase (HN) ectodomain	MC03	gaco00000000_1	PDB	0.5815	0.63	5.492537313432836
MC03_gaco00000000_1	6z89-assembly1_B-2	0.01	91	11	59	71	156	67	173	0.731	0.497	0.5915	0.462	0.2079	0.3072	41	6z89-assembly1_B-2 human GTP cyclohydrolase I in complex with allosteric inhibitor	MC03	gaco00000000_1	PDB	0.462	0.5915	1.3582089552238805
MC03_gaco00000000_1	5mke-assembly1_A	0.022	225	1	66	31	247	67	475	0.985	0.457	0.5894	0.5763	0.1075	0.3069	50	5mke-assembly1_A cryoEM Structure of Polycystin-2 in complex with cations and lipids	MC03	gaco00000000_1	PDB	0.5763	0.5894	3.3582089552238807
MC03_gaco00000000_1	2zbb-assembly2_D	0.012	158	1	67	87	228	67	255	1.0	0.557	0.5111	0.5057	0.1692	0.2994	43	2zbb-assembly2_D P43 crystal of DctBp	MC03	gaco00000000_1	PDB	0.5057	0.5111	2.3582089552238807
MC03_gaco00000000_1	6z89-assembly1_E-2	0.011	87	11	59	72	150	67	167	0.731	0.473	0.5632	0.4393	0.202	0.2951	39	6z89-assembly1_E-2 human GTP cyclohydrolase I in complex with allosteric inhibitor	MC03	gaco00000000_1	PDB	0.4393	0.5632	1.2985074626865671
MC03_gaco00000000_1	8u72-assembly1_C	0.012	163	1	63	119	270	67	452	0.94	0.336	0.5722	0.5393	0.1021	0.2904	48	8u72-assembly1_C Cryo-EM structure of the SPARTA oligomer with guide RNA and target DNA	MC03	gaco00000000_1	PDB	0.5393	0.5722	2.4328358208955225
MC03_gaco00000000_1	8u72-assembly1_G	0.012	165	1	63	117	268	67	450	0.94	0.338	0.5635	0.531	0.09965	0.2858	47	8u72-assembly1_G Cryo-EM structure of the SPARTA oligomer with guide RNA and target DNA	MC03	gaco00000000_1	PDB	0.531	0.5635	2.462686567164179
MC03_gaco00000000_1	3hq1-assembly1_A	0.024	121	1	60	445	557	67	573	0.896	0.197	0.5886	0.5354	0.08228	0.2798	47	3hq1-assembly1_A Crystal structure of Mycobacterium tuberculosis LeuA complexed with citrate and Mn2+	MC03	gaco00000000_1	PDB	0.5354	0.5886	1.8059701492537314
MC03_gaco00000000_1	7r3x-assembly1_A	0.028	140	7	67	33	165	67	1122	0.91	0.119	0.6148	0.5661	0.04491	0.2762	50	7r3x-assembly1_A The crystal structure of the L439V variant of Pol2CORE in complex with DNA and an incoming nucleotide	MC03	gaco00000000_1	PDB	0.5661	0.6148	2.08955223880597
MC03_gaco00000000_1	4gop-assembly2_Z	0.105	57	7	60	131	183	67	433	0.806	0.122	0.6031	0.5066	0.1025	0.2719	44	4gop-assembly2_Z Structure and Conformational Change of a Replication Protein A Heterotrimer Bound to ssDNA	MC03	gaco00000000_1	PDB	0.5066	0.6031	0.8507462686567164
MC03_gaco00000000_1	3hpz-assembly1_A	0.025	117	3	61	446	556	67	571	0.881	0.194	0.5841	0.5264	0.08336	0.2712	46	3hpz-assembly1_A Crystal structure of Mycobacterium tuberculosis LeuA complexed with bromopyruvate	MC03	gaco00000000_1	PDB	0.5264	0.5841	1.7462686567164178
MC03_gaco00000000_1	4zph-assembly2_D	0.021	95	1	62	199	278	67	294	0.925	0.272	0.4964	0.4646	0.1362	0.2674	40	4zph-assembly2_D Crystal Structure of the Heterodimeric HIF-2a:ARNT Complex with Proflavine	MC03	gaco00000000_1	PDB	0.4646	0.4964	1.4179104477611941
MC03_gaco00000000_1	6c9f-assembly1_A	0.025	200	10	62	159	351	67	373	0.791	0.517	0.5723	0.4777	0.1086	0.2637	42	6c9f-assembly1_A AMP-activated protein kinase bound to pharmacological activator R734	MC03	gaco00000000_1	PDB	0.4777	0.5723	2.985074626865672
MC03_gaco00000000_1	6c9g-assembly1_A	0.023	213	10	62	159	364	67	386	0.791	0.534	0.5679	0.4738	0.1045	0.2608	41	6c9g-assembly1_A AMP-activated protein kinase bound to pharmacological activator R739	MC03	gaco00000000_1	PDB	0.4738	0.5679	3.1791044776119404
MC03_gaco00000000_1	6c9j-assembly1_A	0.023	212	10	62	159	363	67	386	0.791	0.531	0.5611	0.4703	0.1044	0.2582	41	6c9j-assembly1_A AMP-activated protein kinase bound to pharmacological activator R734	MC03	gaco00000000_1	PDB	0.4703	0.5611	3.1641791044776117
MC03_gaco00000000_1	6c9h-assembly1_A	0.019	262	10	62	159	413	67	435	0.791	0.586	0.5674	0.4749	0.09386	0.2551	41	6c9h-assembly1_A non-phosphorylated AMP-activated protein kinase bound to pharmacological activator R734	MC03	gaco00000000_1	PDB	0.4749	0.5674	3.91044776119403
MC03_gaco00000000_1	9ixm-assembly1_B	0.027	145	13	61	53	194	67	713	0.731	0.199	0.6419	0.5021	0.06012	0.2549	45	9ixm-assembly1_B Cryo-EM structure of Lactobacillus casei DdmDE bound with DNA	MC03	gaco00000000_1	PDB	0.5021	0.6419	2.1641791044776117
MC03_gaco00000000_1	4qfg-assembly1_A	0.026	192	10	60	159	344	67	366	0.761	0.508	0.5598	0.459	0.1076	0.2535	40	4qfg-assembly1_A Structure of AMPK in complex with STAUROSPORINE inhibitor and in the absence of a synthetic activator	MC03	gaco00000000_1	PDB	0.459	0.5598	2.8656716417910446
MC03_gaco00000000_1	7q3d-assembly1_B	0.016	121	2	60	328	436	67	453	0.881	0.241	0.525	0.4727	0.09142	0.2529	41	7q3d-assembly1_B Structure of the human CPLANE complex	MC03	gaco00000000_1	PDB	0.4727	0.525	1.8059701492537314
MC03_gaco00000000_1	6e4u-assembly1_A	0.02	193	10	59	159	345	67	366	0.746	0.511	0.5636	0.4554	0.1059	0.2519	40	6e4u-assembly1_A Structure of AMPK bound to activator	MC03	gaco00000000_1	PDB	0.4554	0.5636	2.8805970149253732
MC03_gaco00000000_1	7myj-assembly1_A	0.015	256	10	59	161	413	67	435	0.746	0.582	0.5746	0.4673	0.09541	0.2491	40	7myj-assembly1_A Structure of full length human AMPK (a2b1g1) in complex with a small molecule activator MSG011	MC03	gaco00000000_1	PDB	0.4673	0.5746	3.8208955223880596
MC03_gaco00000000_1	5zwo-assembly1_v	0.012	78	9	59	74	139	67	174	0.761	0.379	0.4578	0.377	0.1752	0.2478	32	5zwo-assembly1_v Cryo-EM structure of the yeast B complex at average resolution of 3.9 angstrom	MC03	gaco00000000_1	PDB	0.377	0.4578	1.164179104477612
MC03_gaco00000000_1	5cs4-assembly3_A	0.023	42	17	58	328	368	67	402	0.627	0.102	0.6444	0.4522	0.09341	0.2467	40	5cs4-assembly3_A Crystal structure of domains AC3-AC5 of yeast acetyl-CoA carboxylase	MC03	gaco00000000_1	PDB	0.4522	0.6444	0.6268656716417911
MC03_gaco00000000_1	5iso-assembly2_C	0.019	257	10	59	159	409	67	429	0.746	0.585	0.5669	0.4567	0.0916	0.2457	40	5iso-assembly2_C STRUCTURE OF FULL LENGTH HUMAN AMPK (NON-PHOSPHORYLATED AT T-LOOP) IN COMPLEX WITH A SMALL MOLECULE ACTIVATOR, A BENZIMIDAZOLE DERIVATIVE (991)	MC03	gaco00000000_1	PDB	0.4567	0.5669	3.8358208955223883
MC03_gaco00000000_1	4rer-assembly1_A	0.014	283	10	61	159	435	67	459	0.776	0.603	0.5528	0.4589	0.08845	0.244	40	4rer-assembly1_A Crystal structure of the phosphorylated human alpha1 beta2 gamma1 holo-AMPK complex bound to AMP and cyclodextrin	MC03	gaco00000000_1	PDB	0.4589	0.5528	4.223880597014926
MC03_gaco00000000_1	6b2e-assembly1_A	0.018	271	11	59	159	423	67	443	0.731	0.598	0.5705	0.4522	0.08741	0.2417	39	6b2e-assembly1_A Structure of full length human AMPK (a2b2g1) in complex with a small molecule activator SC4.	MC03	gaco00000000_1	PDB	0.4522	0.5705	4.044776119402985
MC03_gaco00000000_1	7wb1-assembly1_A	0.0	72	1	60	86	152	67	960	0.896	0.07	0.5351	0.4935	0.05149	0.238	42	7wb1-assembly1_A PlmCasX-sgRNAv2-dsDNA ternary complex at nts loading state	MC03	gaco00000000_1	PDB	0.4935	0.5351	1.0746268656716418
MC03_gaco00000000_1	5i6e-assembly1_A	0.011	89	3	61	591	663	67	687	0.881	0.106	0.51	0.4567	0.05696	0.236	41	5i6e-assembly1_A Crystal structure of the central domain of yeast acetyl-CoA carboxylase	MC03	gaco00000000_1	PDB	0.4567	0.51	1.328358208955224
MC03_gaco00000000_1	7waz-assembly1_A	0.0	71	1	60	86	152	67	952	0.896	0.07	0.5337	0.4932	0.05278	0.2347	41	7waz-assembly1_A PlmCasX-sgRNAv1-dsDNA ternary complex at ts loading state	MC03	gaco00000000_1	PDB	0.4932	0.5337	1.0597014925373134
MC03_gaco00000000_1	7z8b-assembly1_C	0.037	53	10	60	8	56	67	1224	0.761	0.04	0.6133	0.4835	0.03627	0.2318	42	7z8b-assembly1_C Structure of CRL7FBXW8 reveals coupling with CUL1-RBX1/ROC1 for multi-cullin-RING E3-catalyzed ubiquitin ligation	MC03	gaco00000000_1	PDB	0.4835	0.6133	0.7910447761194029
MC03_gaco00000000_1	8b67-assembly1_A	0.02	143	8	67	28	161	67	1085	0.896	0.124	0.5285	0.4851	0.04346	0.2314	41	8b67-assembly1_A The crystal structure of M644G variant of DNA Pol Epsilon containing CTP in the polymerase active site	MC03	gaco00000000_1	PDB	0.4851	0.5285	2.1343283582089554
MC03_gaco00000000_1	8b76-assembly2_B	0.02	143	8	67	29	162	67	1121	0.896	0.12	0.529	0.4851	0.04219	0.2302	41	8b76-assembly2_B The crystal structure of M644G variant of DNA Pol Epsilon containing dTTP in the polymerase active site	MC03	gaco00000000_1	PDB	0.4851	0.529	2.1343283582089554
MC03_gaco00000000_1	9fia-assembly1_Bg	0.012	80	21	66	91	158	67	187	0.687	0.364	0.436	0.335	0.1462	0.2166	29	9fia-assembly1_Bg SSU(body) structure derived from the SSU sample of the mitoribosome from T. gondii.	MC03	gaco00000000_1	PDB	0.335	0.436	1.1940298507462686
MC03_gaco00000000_1	7dco-assembly1_v	0.025	79	8	59	107	172	67	207	0.776	0.319	0.4116	0.3449	0.1432	0.2154	29	7dco-assembly1_v Cryo-EM structure of the activated spliceosome (Bact complex) at an atomic resolution of 2.5 angstrom	MC03	gaco00000000_1	PDB	0.3449	0.4116	1.1791044776119404
MC03_gaco00000000_1	8wmh-assembly1_A	0.019	52	12	60	198	238	67	1198	0.731	0.034	0.5732	0.4041	0.03023	0.194	35	8wmh-assembly1_A Structure of CbCas9 bound to 6-nucleotide complementary DNA substrate	MC03	gaco00000000_1	PDB	0.4041	0.5732	0.7761194029850746
MC07_aphodius_scrutator_2	7s58-assembly4_F	0.024	41	8	35	18	53	35	65	0.8	0.554	0.4524	0.4026	0.2579	0.2843	33	7s58-assembly4_F Crystal Structure of the tick evasin EVA-P974 complexed to human chemokine CCL7	MC07	aphodius_scrutator_2	PDB	0.4026	0.4524	1.1714285714285715
MC07_aphodius_scrutator_2	6oqy-assembly1_A	0.108	37	4	35	90	119	35	237	0.914	0.127	0.5084	0.4642	0.09545	0.2339	37	6oqy-assembly1_A Human LRH-1 bound to the agonist 6N and a fragment of the Tif2 coregulator	MC07	aphodius_scrutator_2	PDB	0.4642	0.5084	1.0571428571428572
MC07_aphodius_scrutator_2	1pk5-assembly1_A	0.125	32	4	35	93	119	35	242	0.914	0.112	0.5319	0.4738	0.09966	0.2333	36	1pk5-assembly1_A Crystal structure of the orphan nuclear receptor LRH-1	MC07	aphodius_scrutator_2	PDB	0.4738	0.5319	0.9142857142857143
MC07_aphodius_scrutator_2	6oqx-assembly1_A	0.114	35	4	35	92	121	35	239	0.914	0.126	0.5109	0.4683	0.1001	0.2294	36	6oqx-assembly1_A Human Liver Receptor Homolog-1 bound to the agonist 5N and a fragment of the Tif2 coregulator	MC07	aphodius_scrutator_2	PDB	0.4683	0.5109	1.0
MC07_aphodius_scrutator_2	8ex9-assembly1_A	0.115	52	7	35	118	164	35	166	0.829	0.283	0.4696	0.4245	0.1238	0.2271	33	8ex9-assembly1_A ISDra2 TnpB in complex with reRNA and cognate DNA, conformation 2 (RuvC domain unresolved)	MC07	aphodius_scrutator_2	PDB	0.4245	0.4696	1.4857142857142858
MC07_aphodius_scrutator_2	1zh7-assembly2_B	0.1	40	4	35	93	127	35	243	0.914	0.144	0.484	0.4592	0.09853	0.2248	35	1zh7-assembly2_B Structural and Biochemical Basis for Selective Repression of the Orphan Nuclear Receptor LRH-1 by SHP	MC07	aphodius_scrutator_2	PDB	0.4592	0.484	1.1428571428571428
MC07_aphodius_scrutator_2	1pk5-assembly2_B	0.1	40	4	35	87	121	35	236	0.914	0.148	0.4542	0.4326	0.0988	0.2157	33	1pk5-assembly2_B Crystal structure of the orphan nuclear receptor LRH-1	MC07	aphodius_scrutator_2	PDB	0.4326	0.4542	1.1428571428571428
MC07_aphodius_scrutator_2	3tx7-assembly1_B	0.114	35	4	35	77	106	35	218	0.914	0.138	0.4582	0.4269	0.1058	0.2142	32	3tx7-assembly1_B Crystal structure of LRH-1/beta-catenin complex	MC07	aphodius_scrutator_2	PDB	0.4269	0.4582	1.0
MC07_aphodius_scrutator_2	3htk-assembly1_C	0.0	26	5	28	207	231	35	254	0.686	0.098	0.3997	0.3575	0.07481	0.174	27	3htk-assembly1_C Crystal structure of Mms21 and Smc5 complex	MC07	aphodius_scrutator_2	PDB	0.3575	0.3997	0.7428571428571429
MC07_aphodius_scrutator_2	1j5o-assembly1_H	0.0	37	4	31	51	85	35	220	0.8	0.159	0.3797	0.357	0.0924	0.1727	25	1j5o-assembly1_H CRYSTAL STRUCTURE OF MET184ILE MUTANT OF HIV-1 REVERSE TRANSCRIPTASE IN COMPLEX WITH DOUBLE STRANDED DNA TEMPLATE-PRIMER	MC07	aphodius_scrutator_2	PDB	0.357	0.3797	1.0571428571428572
MC07_aphodius_scrutator_2	8exa-assembly1_A	0.013	72	5	35	32	93	35	341	0.886	0.182	0.3481	0.3242	0.05285	0.1557	25	8exa-assembly1_A ISDra2 TnpB in complex with reRNA and cognate DNA, conformation 1 (RuvC domain resolved)	MC07	aphodius_scrutator_2	PDB	0.3242	0.3481	2.057142857142857
MC02_gkjd00000000_3	AF-D2Y490-F1-model_v6	0.23	65	1	60	1	60	61	60	0.984	1.0	0.7797	0.7573	0.7683	0.7173	71	AF-D2Y490-F1-model_v6 Kunitz-type serine protease inhibitor conotoxin Cal9.1c (Fragment)	MC02	gkjd00000000_3	AlphaFold_SwissProt	0.7573	0.7797	1.0655737704918034
MC02_gkjd00000000_3	AF-D2Y489-F1-model_v6	0.23	65	1	60	1	60	61	60	0.984	1.0	0.7756	0.7531	0.7642	0.7145	70	AF-D2Y489-F1-model_v6 Kunitz-type serine protease inhibitor conotoxin Cal9.1b (Fragment)	MC02	gkjd00000000_3	AlphaFold_SwissProt	0.7531	0.7756	1.0655737704918034
MC02_gkjd00000000_3	AF-P0DMW6-F1-model_v6	0.4	65	1	60	1	59	61	59	0.984	1.0	0.7776	0.7441	0.7661	0.7099	70	AF-P0DMW6-F1-model_v6 PI-actitoxin-Aeq3a	MC02	gkjd00000000_3	AlphaFold_SwissProt	0.7441	0.7776	1.0655737704918034
MC02_gkjd00000000_3	AF-P0DMW7-F1-model_v6	0.415	65	1	60	1	59	61	59	0.984	1.0	0.7709	0.7377	0.7595	0.7032	69	AF-P0DMW7-F1-model_v6 PI-actitoxin-Aeq3b	MC02	gkjd00000000_3	AlphaFold_SwissProt	0.7377	0.7709	1.0655737704918034
MC02_gkjd00000000_3	AF-C0HLB0-F1-model_v6	0.269	63	1	59	1	56	61	56	0.967	1.0	0.7833	0.715	0.771	0.6987	67	AF-C0HLB0-F1-model_v6 Mambaquaretin-9	MC02	gkjd00000000_3	AlphaFold_SwissProt	0.715	0.7833	1.0327868852459017
MC02_gkjd00000000_3	AF-P16044-F1-model_v6	0.242	66	1	60	1	61	61	61	0.984	1.0	0.7695	0.7477	0.7477	0.6977	69	AF-P16044-F1-model_v6 Proteinase inhibitor	MC02	gkjd00000000_3	AlphaFold_SwissProt	0.7477	0.7695	1.0819672131147542
MC02_gkjd00000000_3	AF-C0HK73-F1-model_v6	0.327	61	4	59	1	56	61	56	0.918	1.0	0.7768	0.7092	0.7647	0.6944	67	AF-C0HK73-F1-model_v6 PI-stichotoxin-Hmg3b	MC02	gkjd00000000_3	AlphaFold_SwissProt	0.7092	0.7768	1.0
MC02_gkjd00000000_3	AF-Q0PL65-F1-model_v6	0.307	65	1	60	2	60	61	61	0.984	0.967	0.7492	0.7174	0.7174	0.6702	67	AF-Q0PL65-F1-model_v6 Kunitz-type serine protease inhibitor homolog beta-bungarotoxin B5-B chain	MC02	gkjd00000000_3	AlphaFold_SwissProt	0.7174	0.7492	1.0655737704918034
MC02_gkjd00000000_3	AF-D2Y488-F1-model_v6	0.23	65	1	60	19	78	61	78	0.984	0.769	0.8016	0.7781	0.6232	0.6677	73	AF-D2Y488-F1-model_v6 Kunitz-type serine protease inhibitor conotoxin Cal9.1a	MC02	gkjd00000000_3	AlphaFold_SwissProt	0.7781	0.8016	1.0655737704918034
MC02_gkjd00000000_3	AF-C0HLB2-F1-model_v6	0.287	66	1	60	1	60	61	68	0.984	0.882	0.7494	0.7275	0.6601	0.6589	68	AF-C0HLB2-F1-model_v6 Kunitz-type serine protease inhibitor PPTI	MC02	gkjd00000000_3	AlphaFold_SwissProt	0.7275	0.7494	1.0819672131147542
MC02_gkjd00000000_3	AF-P0DKL8-F1-model_v6	0.268	67	1	60	1	61	61	66	0.984	0.924	0.7362	0.7154	0.6689	0.6539	67	AF-P0DKL8-F1-model_v6 Kunitz-type serine protease inhibitor Vur-KIn	MC02	gkjd00000000_3	AlphaFold_SwissProt	0.7154	0.7362	1.098360655737705
MC02_gkjd00000000_3	AF-Q589G4-F1-model_v6	0.223	67	1	61	15	75	61	75	1.0	0.813	0.7654	0.7545	0.6284	0.6515	70	AF-Q589G4-F1-model_v6 Kunitz-type serine protease inhibitor As-fr-19	MC02	gkjd00000000_3	AlphaFold_SwissProt	0.7545	0.7654	1.098360655737705
MC02_gkjd00000000_3	AF-P0DJ46-F1-model_v6	0.323	65	1	60	19	78	61	80	0.984	0.75	0.7865	0.765	0.5978	0.6506	72	AF-P0DJ46-F1-model_v6 Kunitz-type serine protease inhibitor LmKTT-1a	MC02	gkjd00000000_3	AlphaFold_SwissProt	0.765	0.7865	1.0655737704918034
MC02_gkjd00000000_3	AF-P0DN08-F1-model_v6	0.363	66	1	61	15	75	61	82	1.0	0.744	0.7655	0.7546	0.581	0.63	70	AF-P0DN08-F1-model_v6 KappaPI-actitoxin-Avd3e	MC02	gkjd00000000_3	AlphaFold_SwissProt	0.7546	0.7655	1.0819672131147542
MC02_gkjd00000000_3	AF-P29216-F1-model_v6	0.241	62	5	61	1	57	61	76	0.934	0.75	0.7824	0.7254	0.5952	0.6289	68	AF-P29216-F1-model_v6 Amyloid-beta precursor protein (Fragment)	MC02	gkjd00000000_3	AlphaFold_SwissProt	0.7254	0.7824	1.0163934426229508
MC02_gkjd00000000_3	AF-B1B5I8-F1-model_v6	0.287	66	1	60	21	80	61	81	0.984	0.741	0.7477	0.7261	0.5636	0.613	68	AF-B1B5I8-F1-model_v6 KappaPI-stichotoxin-Shd2a	MC02	gkjd00000000_3	AlphaFold_SwissProt	0.7261	0.7477	1.0819672131147542
MC02_gkjd00000000_3	AF-C1IC51-F1-model_v6	0.303	66	1	59	22	81	61	81	0.967	0.741	0.7525	0.7198	0.5587	0.6071	67	AF-C1IC51-F1-model_v6 Protease inhibitor 3	MC02	gkjd00000000_3	AlphaFold_SwissProt	0.7198	0.7525	1.0819672131147542
MC02_gkjd00000000_3	AF-C1IC52-F1-model_v6	0.303	66	1	59	22	81	61	81	0.967	0.741	0.7518	0.7192	0.5582	0.6066	67	AF-C1IC52-F1-model_v6 Kunitz-type serine protease inhibitor spermatin	MC02	gkjd00000000_3	AlphaFold_SwissProt	0.7192	0.7518	1.0819672131147542
MC02_gkjd00000000_3	AF-B5KF96-F1-model_v6	0.296	64	1	59	26	83	61	83	0.967	0.699	0.7664	0.722	0.5484	0.6034	68	AF-B5KF96-F1-model_v6 Kunitz-type serine protease inhibitor nigrescinin-2	MC02	gkjd00000000_3	AlphaFold_SwissProt	0.722	0.7664	1.0491803278688525
MC02_gkjd00000000_3	AF-Q6ITB1-F1-model_v6	0.292	65	1	59	25	83	61	83	0.967	0.711	0.7534	0.7204	0.5464	0.603	68	AF-Q6ITB1-F1-model_v6 Kunitz-type serine protease inhibitor blackelin	MC02	gkjd00000000_3	AlphaFold_SwissProt	0.7204	0.7534	1.0655737704918034
MC02_gkjd00000000_3	AF-B5KL35-F1-model_v6	0.281	64	1	59	26	83	61	83	0.967	0.699	0.7659	0.7216	0.5478	0.6028	68	AF-B5KL35-F1-model_v6 Kunitz-type serine protease inhibitor nigrescinin-4	MC02	gkjd00000000_3	AlphaFold_SwissProt	0.7216	0.7659	1.0491803278688525
MC02_gkjd00000000_3	AF-Q90W99-F1-model_v6	0.29	62	3	59	27	83	61	83	0.934	0.687	0.7755	0.7189	0.5443	0.6024	68	AF-Q90W99-F1-model_v6 Kunitz-type serine protease inhibitor textilinin-3	MC02	gkjd00000000_3	AlphaFold_SwissProt	0.7189	0.7755	1.0163934426229508
MC02_gkjd00000000_3	AF-B5G6G6-F1-model_v6	0.292	65	1	59	25	83	61	83	0.967	0.711	0.752	0.7192	0.5456	0.6018	68	AF-B5G6G6-F1-model_v6 Kunitz-type serine protease inhibitor blackelin-2	MC02	gkjd00000000_3	AlphaFold_SwissProt	0.7192	0.752	1.0655737704918034
MC02_gkjd00000000_3	AF-Q2ES47-F1-model_v6	0.318	66	1	60	25	84	61	84	0.984	0.714	0.7435	0.7219	0.542	0.6015	68	AF-Q2ES47-F1-model_v6 Kunitz-type serine protease inhibitor 4	MC02	gkjd00000000_3	AlphaFold_SwissProt	0.7219	0.7435	1.0819672131147542
MC02_gkjd00000000_3	AF-F8J2F5-F1-model_v6	0.29	62	3	59	27	83	61	83	0.934	0.687	0.774	0.7179	0.5444	0.6012	68	AF-F8J2F5-F1-model_v6 Kunitz-type serine protease inhibitor 87	MC02	gkjd00000000_3	AlphaFold_SwissProt	0.7179	0.774	1.0163934426229508
MC02_gkjd00000000_3	AF-B5KL36-F1-model_v6	0.261	65	1	59	25	83	61	83	0.967	0.711	0.7519	0.7192	0.5458	0.6011	67	AF-B5KL36-F1-model_v6 Kunitz-type serine protease inhibitor nigrescinin-5	MC02	gkjd00000000_3	AlphaFold_SwissProt	0.7192	0.7519	1.0655737704918034
MC02_gkjd00000000_3	AF-B5KL41-F1-model_v6	0.276	65	1	59	25	83	61	83	0.967	0.711	0.7498	0.7177	0.5447	0.601	67	AF-B5KL41-F1-model_v6 Kunitz-type serine protease inhibitor superbin-4	MC02	gkjd00000000_3	AlphaFold_SwissProt	0.7177	0.7498	1.0655737704918034
MC02_gkjd00000000_3	AF-B5KL37-F1-model_v6	0.276	65	1	59	24	83	61	83	0.967	0.723	0.7515	0.7192	0.5471	0.6006	67	AF-B5KL37-F1-model_v6 Kunitz-type serine protease inhibitor nigrescinin-6	MC02	gkjd00000000_3	AlphaFold_SwissProt	0.7192	0.7515	1.0655737704918034
MC02_gkjd00000000_3	AF-A6MFL3-F1-model_v6	0.322	62	3	59	27	83	61	83	0.934	0.687	0.7731	0.717	0.5436	0.6004	67	AF-A6MFL3-F1-model_v6 Kunitz-type serine protease inhibitor vestiginin-3	MC02	gkjd00000000_3	AlphaFold_SwissProt	0.717	0.7731	1.0163934426229508
MC02_gkjd00000000_3	AF-B5L5R6-F1-model_v6	0.23	65	1	60	25	83	61	83	0.984	0.711	0.7497	0.7174	0.5454	0.5999	67	AF-B5L5R6-F1-model_v6 Stephenin-3	MC02	gkjd00000000_3	AlphaFold_SwissProt	0.7174	0.7497	1.0655737704918034
MC02_gkjd00000000_3	AF-Q90WA1-F1-model_v6	0.353	65	1	59	25	83	61	83	0.967	0.711	0.7498	0.7172	0.5441	0.5996	67	AF-Q90WA1-F1-model_v6 Kunitz-type serine protease inhibitor textilinin-1	MC02	gkjd00000000_3	AlphaFold_SwissProt	0.7172	0.7498	1.0655737704918034
MC02_gkjd00000000_3	AF-Q6ITB5-F1-model_v6	0.338	65	1	59	25	83	61	83	0.967	0.711	0.747	0.7148	0.5431	0.5992	67	AF-Q6ITB5-F1-model_v6 Kunitz-type serine protease inhibitor microlepidin-1	MC02	gkjd00000000_3	AlphaFold_SwissProt	0.7148	0.747	1.0655737704918034
MC02_gkjd00000000_3	AF-E7FL13-F1-model_v6	0.261	65	1	59	25	83	61	83	0.967	0.711	0.7491	0.7164	0.5438	0.599	67	AF-E7FL13-F1-model_v6 Kunitz serine protease inhibitor Pr-mulgin 3	MC02	gkjd00000000_3	AlphaFold_SwissProt	0.7164	0.7491	1.0655737704918034
MC02_gkjd00000000_3	AF-Q6ITC1-F1-model_v6	0.292	65	1	59	25	83	61	83	0.967	0.711	0.7488	0.7161	0.5437	0.599	67	AF-Q6ITC1-F1-model_v6 Kunitz-type serine protease inhibitor homolog mulgin-1	MC02	gkjd00000000_3	AlphaFold_SwissProt	0.7161	0.7488	1.0655737704918034
MC02_gkjd00000000_3	AF-Q6ITB6-F1-model_v6	0.338	65	1	59	25	83	61	83	0.967	0.711	0.7474	0.7146	0.5428	0.5989	67	AF-Q6ITB6-F1-model_v6 Kunitz-type serine protease inhibitor scutellin-2	MC02	gkjd00000000_3	AlphaFold_SwissProt	0.7146	0.7474	1.0655737704918034
MC02_gkjd00000000_3	AF-B5KL40-F1-model_v6	0.276	65	1	59	25	83	61	83	0.967	0.711	0.7488	0.7161	0.5437	0.5987	67	AF-B5KL40-F1-model_v6 Kunitz-type serine protease inhibitor superbin-3	MC02	gkjd00000000_3	AlphaFold_SwissProt	0.7161	0.7488	1.0655737704918034
MC02_gkjd00000000_3	AF-B5L5R7-F1-model_v6	0.292	65	1	59	25	83	61	83	0.967	0.711	0.7478	0.7156	0.5438	0.5979	67	AF-B5L5R7-F1-model_v6 Kunitz-type serine protease inhibitor stephenin-2	MC02	gkjd00000000_3	AlphaFold_SwissProt	0.7156	0.7478	1.0655737704918034
MC02_gkjd00000000_3	AF-B5KL32-F1-model_v6	0.276	65	1	59	25	83	61	83	0.967	0.711	0.7469	0.7147	0.5433	0.5974	67	AF-B5KL32-F1-model_v6 Kunitz-type serine protease inhibitor tigerin-3	MC02	gkjd00000000_3	AlphaFold_SwissProt	0.7147	0.7469	1.0655737704918034
MC02_gkjd00000000_3	AF-Q6ITB7-F1-model_v6	0.323	65	1	59	25	83	61	83	0.967	0.711	0.7458	0.7131	0.5415	0.5974	67	AF-Q6ITB7-F1-model_v6 Kunitz-type serine protease inhibitor scutellin-1	MC02	gkjd00000000_3	AlphaFold_SwissProt	0.7131	0.7458	1.0655737704918034
MC02_gkjd00000000_3	AF-F8J2F4-F1-model_v6	0.274	62	3	59	27	83	61	83	0.934	0.687	0.7698	0.7137	0.5411	0.5973	67	AF-F8J2F4-F1-model_v6 Kunitz-type serine protease inhibitor 161	MC02	gkjd00000000_3	AlphaFold_SwissProt	0.7137	0.7698	1.0163934426229508
MC02_gkjd00000000_3	AF-Q2ES49-F1-model_v6	0.287	66	1	60	25	84	61	84	0.984	0.714	0.7373	0.716	0.5379	0.5972	67	AF-Q2ES49-F1-model_v6 Kunitz-type serine protease inhibitor 2	MC02	gkjd00000000_3	AlphaFold_SwissProt	0.716	0.7373	1.0819672131147542
MC02_gkjd00000000_3	AF-E7FL11-F1-model_v6	0.306	62	3	59	27	83	61	83	0.934	0.687	0.7693	0.7135	0.5413	0.5971	67	AF-E7FL11-F1-model_v6 Kunitz serine protease inhibitor Pr-mulgin 1	MC02	gkjd00000000_3	AlphaFold_SwissProt	0.7135	0.7693	1.0163934426229508
MC02_gkjd00000000_3	AF-Q90WA0-F1-model_v6	0.338	65	1	59	25	83	61	83	0.967	0.711	0.7447	0.7126	0.542	0.5954	67	AF-Q90WA0-F1-model_v6 Kunitz-type serine protease inhibitor textilinin-2	MC02	gkjd00000000_3	AlphaFold_SwissProt	0.7126	0.7447	1.0655737704918034
MC02_gkjd00000000_3	AF-Q8AY41-F1-model_v6	0.241	62	3	59	27	83	61	83	0.934	0.687	0.7671	0.7113	0.5401	0.5951	67	AF-Q8AY41-F1-model_v6 Kunitz-type serine protease inhibitor C	MC02	gkjd00000000_3	AlphaFold_SwissProt	0.7113	0.7671	1.0163934426229508
MC02_gkjd00000000_3	AF-B5KF94-F1-model_v6	0.258	62	3	59	27	83	61	83	0.934	0.687	0.7656	0.7106	0.5399	0.5944	67	AF-B5KF94-F1-model_v6 Kunitz-type serine protease inhibitor stephenin-1	MC02	gkjd00000000_3	AlphaFold_SwissProt	0.7106	0.7656	1.0163934426229508
MC02_gkjd00000000_3	AF-B5L5Q8-F1-model_v6	0.261	65	1	59	25	83	61	83	0.967	0.711	0.7429	0.7122	0.5418	0.5942	67	AF-B5L5Q8-F1-model_v6 Kunitz-type serine protease inhibitor mulgin-5	MC02	gkjd00000000_3	AlphaFold_SwissProt	0.7122	0.7429	1.0655737704918034
MC02_gkjd00000000_3	AF-B5KL29-F1-model_v6	0.274	62	3	59	27	83	61	83	0.934	0.687	0.7657	0.71	0.5381	0.5939	67	AF-B5KL29-F1-model_v6 Kunitz-type serine protease inhibitor scutellin-3	MC02	gkjd00000000_3	AlphaFold_SwissProt	0.71	0.7657	1.0163934426229508
MC02_gkjd00000000_3	AF-B5KL31-F1-model_v6	0.29	62	3	59	27	83	61	83	0.934	0.687	0.7645	0.7096	0.5393	0.5936	67	AF-B5KL31-F1-model_v6 Kunitz-type serine protease inhibitor blackelin-3	MC02	gkjd00000000_3	AlphaFold_SwissProt	0.7096	0.7645	1.0163934426229508
MC02_gkjd00000000_3	AF-B5KL27-F1-model_v6	0.274	62	3	59	27	83	61	83	0.934	0.687	0.7653	0.7096	0.5378	0.5936	67	AF-B5KL27-F1-model_v6 Kunitz-type serine protease inhibitor microlepidin-3	MC02	gkjd00000000_3	AlphaFold_SwissProt	0.7096	0.7653	1.0163934426229508
MC02_gkjd00000000_3	AF-A6MGX9-F1-model_v6	0.274	62	3	59	27	83	61	83	0.934	0.687	0.7638	0.7087	0.5381	0.5931	67	AF-A6MGX9-F1-model_v6 Kunitz-type serine protease inhibitor vestiginin-5	MC02	gkjd00000000_3	AlphaFold_SwissProt	0.7087	0.7638	1.0163934426229508
MC02_gkjd00000000_3	AF-Q8AY43-F1-model_v6	0.246	65	1	59	25	83	61	83	0.967	0.711	0.7415	0.7111	0.5408	0.5927	66	AF-Q8AY43-F1-model_v6 Kunitz-type serine protease inhibitor A	MC02	gkjd00000000_3	AlphaFold_SwissProt	0.7111	0.7415	1.0655737704918034
MC02_gkjd00000000_3	AF-A6MFL1-F1-model_v6	0.25	64	1	59	25	83	61	83	0.967	0.711	0.7406	0.7091	0.5406	0.5924	66	AF-A6MFL1-F1-model_v6 Kunitz-type serine protease inhibitor vestiginin-1	MC02	gkjd00000000_3	AlphaFold_SwissProt	0.7091	0.7406	1.0491803278688525
MC02_gkjd00000000_3	AF-B4ESA4-F1-model_v6	0.25	64	1	59	25	83	61	83	0.967	0.711	0.742	0.7117	0.5421	0.592	66	AF-B4ESA4-F1-model_v6 Kunitz-type serine protease inhibitor PILP-3	MC02	gkjd00000000_3	AlphaFold_SwissProt	0.7117	0.742	1.0491803278688525
MC02_gkjd00000000_3	AF-F8J2F6-F1-model_v6	0.278	61	3	59	27	83	61	83	0.934	0.687	0.7625	0.708	0.5389	0.5916	66	AF-F8J2F6-F1-model_v6 Kunitz-type serine protease inhibitor 18	MC02	gkjd00000000_3	AlphaFold_SwissProt	0.708	0.7625	1.0
MC02_gkjd00000000_3	AF-D5J9Q8-F1-model_v6	0.306	62	3	59	27	83	61	83	0.934	0.687	0.7627	0.7077	0.5377	0.5914	66	AF-D5J9Q8-F1-model_v6 Kunitz-type serine protease inhibitor isoform 5	MC02	gkjd00000000_3	AlphaFold_SwissProt	0.7077	0.7627	1.0163934426229508
MC02_gkjd00000000_3	AF-A6MFL2-F1-model_v6	0.258	62	3	59	27	83	61	83	0.934	0.687	0.7587	0.7046	0.5362	0.5909	66	AF-A6MFL2-F1-model_v6 Kunitz-type serine protease inhibitor vestiginin-2	MC02	gkjd00000000_3	AlphaFold_SwissProt	0.7046	0.7587	1.0163934426229508
MC02_gkjd00000000_3	AF-A7X3V7-F1-model_v6	0.23	65	1	60	33	92	61	98	0.984	0.612	0.7753	0.7531	0.4922	0.5903	70	AF-A7X3V7-F1-model_v6 Kunitz-type serine protease inhibitor kunitoxin-Phi1	MC02	gkjd00000000_3	AlphaFold_SwissProt	0.7531	0.7753	1.0655737704918034
MC02_gkjd00000000_3	AF-P00991-F1-model_v6	0.292	65	1	60	26	84	61	90	0.984	0.656	0.7554	0.7229	0.511	0.5851	68	AF-P00991-F1-model_v6 Kunitz-type serine protease inhibitor 1	MC02	gkjd00000000_3	AlphaFold_SwissProt	0.7229	0.7554	1.0655737704918034
MC02_gkjd00000000_3	AF-P00992-F1-model_v6	0.257	66	1	60	25	84	61	93	0.984	0.645	0.7455	0.724	0.4955	0.5809	68	AF-P00992-F1-model_v6 Kunitz-type serine protease inhibitor 3	MC02	gkjd00000000_3	AlphaFold_SwissProt	0.724	0.7455	1.0819672131147542
MC02_gkjd00000000_3	AF-I2G9B4-F1-model_v6	0.227	66	1	60	25	84	61	95	0.984	0.632	0.7404	0.7191	0.4842	0.571	67	AF-I2G9B4-F1-model_v6 Kunitz-type serine protease inhibitor PIVL	MC02	gkjd00000000_3	AlphaFold_SwissProt	0.7191	0.7404	1.0819672131147542
MC02_gkjd00000000_3	AF-E5AJX3-F1-model_v6	0.261	65	1	60	25	84	61	95	0.984	0.632	0.7389	0.718	0.4849	0.5697	67	AF-E5AJX3-F1-model_v6 Kunitz-type serine protease inhibitor ki-VN	MC02	gkjd00000000_3	AlphaFold_SwissProt	0.718	0.7389	1.0655737704918034
MC02_gkjd00000000_3	AF-Q2ES46-F1-model_v6	0.323	65	1	60	25	84	61	96	0.984	0.625	0.7378	0.7166	0.4805	0.5684	67	AF-Q2ES46-F1-model_v6 Kunitz-type serine protease inhibitor 5	MC02	gkjd00000000_3	AlphaFold_SwissProt	0.7166	0.7378	1.0655737704918034
MC02_gkjd00000000_3	AF-B5M0W4-F1-model_v6	0.307	65	1	60	19	77	61	102	0.984	0.578	0.7418	0.7101	0.4497	0.548	66	AF-B5M0W4-F1-model_v6 Simukunin	MC02	gkjd00000000_3	AlphaFold_SwissProt	0.7101	0.7418	1.0655737704918034
MC02_gkjd00000000_3	AF-P86733-F1-model_v6	0.303	66	1	61	8	68	61	126	1.0	0.484	0.7654	0.7546	0.3939	0.5421	70	AF-P86733-F1-model_v6 BPTI/Kunitz domain-containing protein (Fragment)	MC02	gkjd00000000_3	AlphaFold_SwissProt	0.7546	0.7654	1.0819672131147542
MC02_gkjd00000000_3	AF-P04365-F1-model_v6	0.196	66	1	61	1	61	61	125	1.0	0.488	0.7536	0.743	0.3921	0.5351	69	AF-P04365-F1-model_v6 Inter-alpha-trypsin inhibitor (Fragment)	MC02	gkjd00000000_3	AlphaFold_SwissProt	0.743	0.7536	1.0819672131147542
MC02_gkjd00000000_3	AF-P62757-F1-model_v6	0.139	93	2	61	28	115	61	123	0.984	0.715	0.7497	0.7284	0.389	0.528	68	AF-P62757-F1-model_v6 Inter-alpha-trypsin inhibitor (Fragment)	MC02	gkjd00000000_3	AlphaFold_SwissProt	0.7284	0.7497	1.5245901639344261
MC02_gkjd00000000_3	AF-P62756-F1-model_v6	0.194	67	2	61	56	117	61	123	0.984	0.504	0.7488	0.7278	0.3898	0.5279	67	AF-P62756-F1-model_v6 Inter-alpha-trypsin inhibitor (Fragment)	MC02	gkjd00000000_3	AlphaFold_SwissProt	0.7278	0.7488	1.098360655737705
MC02_gkjd00000000_3	AF-Q8WPI3-F1-model_v6	0.307	65	1	60	16	74	61	142	0.984	0.415	0.7613	0.7282	0.338	0.5085	68	AF-Q8WPI3-F1-model_v6 Boophilin-G2	MC02	gkjd00000000_3	AlphaFold_SwissProt	0.7282	0.7613	1.0655737704918034
MC02_gkjd00000000_3	AF-Q8WPI2-F1-model_v6	0.196	66	1	60	82	142	61	142	0.984	0.43	0.7519	0.7308	0.341	0.5077	68	AF-Q8WPI2-F1-model_v6 Boophilin-H2	MC02	gkjd00000000_3	AlphaFold_SwissProt	0.7308	0.7519	1.0819672131147542
MC02_gkjd00000000_3	AF-W4VSH9-F1-model_v6	0.287	66	1	60	99	159	61	176	0.984	0.347	0.7817	0.7592	0.2866	0.4979	71	AF-W4VSH9-F1-model_v6 Kunitz-type U19-barytoxin-Tl1a	MC02	gkjd00000000_3	AlphaFold_SwissProt	0.7592	0.7817	1.0819672131147542
MC02_gkjd00000000_3	AF-O95925-3-F1-model_v6	0.16	106	1	61	31	131	61	179	1.0	0.564	0.7297	0.7194	0.2733	0.4701	67	AF-O95925-3-F1-model_v6 Eppin	MC02	gkjd00000000_3	AlphaFold_SwissProt	0.7194	0.7297	1.7377049180327868
MC02_gkjd00000000_3	AF-O35536-F1-model_v6	0.224	58	3	60	92	149	61	230	0.951	0.252	0.8123	0.7663	0.2282	0.4697	71	AF-O35536-F1-model_v6 Tissue factor pathway inhibitor 2	MC02	gkjd00000000_3	AlphaFold_SwissProt	0.7663	0.8123	0.9508196721311475
MC02_gkjd00000000_3	AF-O54819-2-F1-model_v6	0.19	63	3	60	46	103	61	253	0.951	0.229	0.7683	0.7258	0.1936	0.4393	68	AF-O54819-2-F1-model_v6 Tissue factor pathway inhibitor	MC02	gkjd00000000_3	AlphaFold_SwissProt	0.7258	0.7683	1.0327868852459017
MC02_gkjd00000000_3	AF-P36992-F1-model_v6	0.166	90	2	61	259	347	61	355	0.984	0.251	0.7969	0.7744	0.1533	0.4369	72	AF-P36992-F1-model_v6 Protein AMBP (Fragment)	MC02	gkjd00000000_3	AlphaFold_SwissProt	0.7744	0.7969	1.4754098360655739
MC02_gkjd00000000_3	AF-P19761-F1-model_v6	0.202	69	1	60	111	174	61	300	0.984	0.213	0.7618	0.7398	0.1695	0.4317	69	AF-P19761-F1-model_v6 Tissue factor pathway inhibitor	MC02	gkjd00000000_3	AlphaFold_SwissProt	0.7398	0.7618	1.1311475409836065
MC02_gkjd00000000_3	AF-P04366-F1-model_v6	0.196	66	1	61	210	270	61	337	1.0	0.181	0.7591	0.7483	0.1549	0.4258	69	AF-P04366-F1-model_v6 Protein AMBP (Fragment)	MC02	gkjd00000000_3	AlphaFold_SwissProt	0.7483	0.7591	1.0819672131147542
MC02_gkjd00000000_3	AF-Q60559-F1-model_v6	0.242	66	1	61	224	284	61	349	1.0	0.175	0.7504	0.7398	0.1492	0.418	68	AF-Q60559-F1-model_v6 Protein AMBP	MC02	gkjd00000000_3	AlphaFold_SwissProt	0.7398	0.7504	1.0819672131147542
MC02_gkjd00000000_3	AF-Q07456-F1-model_v6	0.227	66	1	61	224	284	61	349	1.0	0.175	0.7496	0.739	0.1486	0.4179	68	AF-Q07456-F1-model_v6 Protein AMBP	MC02	gkjd00000000_3	AlphaFold_SwissProt	0.739	0.7496	1.0819672131147542
MC02_gkjd00000000_3	AF-P00978-F1-model_v6	0.196	66	1	61	225	285	61	352	1.0	0.173	0.7513	0.7407	0.1481	0.4174	68	AF-P00978-F1-model_v6 Protein AMBP	MC02	gkjd00000000_3	AlphaFold_SwissProt	0.7407	0.7513	1.0819672131147542
MC02_gkjd00000000_3	AF-Q62577-F1-model_v6	0.196	66	1	61	224	284	61	346	1.0	0.176	0.7426	0.7322	0.1496	0.4136	67	AF-Q62577-F1-model_v6 Protein AMBP	MC02	gkjd00000000_3	AlphaFold_SwissProt	0.7322	0.7426	1.0819672131147542
MC02_gkjd00000000_3	AF-Q64240-F1-model_v6	0.2	65	2	61	281	340	61	349	0.984	0.172	0.7536	0.7324	0.1468	0.4135	68	AF-Q64240-F1-model_v6 Protein AMBP	MC02	gkjd00000000_3	AlphaFold_SwissProt	0.7324	0.7536	1.0655737704918034
MC02_gkjd00000000_3	AF-P12023-3-F1-model_v6	0.227	66	1	61	285	345	61	735	1.0	0.083	0.7936	0.7821	0.07389	0.4052	73	AF-P12023-3-F1-model_v6 Amyloid-beta precursor protein	MC02	gkjd00000000_3	AlphaFold_SwissProt	0.7821	0.7936	1.0819672131147542
MC02_gkjd00000000_3	AF-Q95241-F1-model_v6	0.227	66	1	61	285	345	61	751	1.0	0.081	0.7918	0.7803	0.07229	0.4037	73	AF-Q95241-F1-model_v6 Amyloid-beta precursor protein	MC02	gkjd00000000_3	AlphaFold_SwissProt	0.7803	0.7918	1.0819672131147542
MC02_gkjd00000000_3	AF-P05067-11-F1-model_v6	0.227	66	1	61	280	340	61	746	1.0	0.082	0.7907	0.7792	0.07276	0.4032	73	AF-P05067-11-F1-model_v6 Amyloid-beta precursor protein	MC02	gkjd00000000_3	AlphaFold_SwissProt	0.7792	0.7907	1.0819672131147542
MC02_gkjd00000000_3	AF-P53601-3-F1-model_v6	0.227	66	1	61	285	345	61	751	1.0	0.081	0.7897	0.7782	0.07226	0.4022	73	AF-P53601-3-F1-model_v6 Amyloid-beta precursor protein	MC02	gkjd00000000_3	AlphaFold_SwissProt	0.7782	0.7897	1.0819672131147542
MC02_gkjd00000000_3	AF-P08592-F1-model_v6	0.227	66	1	61	285	345	61	770	1.0	0.079	0.7892	0.7778	0.07051	0.4012	73	AF-P08592-F1-model_v6 Amyloid-beta precursor protein	MC02	gkjd00000000_3	AlphaFold_SwissProt	0.7778	0.7892	1.0819672131147542
MC02_gkjd00000000_3	AF-Q5IS80-F1-model_v6	0.214	70	1	61	285	349	61	770	1.0	0.084	0.7875	0.7761	0.07044	0.4012	73	AF-Q5IS80-F1-model_v6 Amyloid-beta precursor protein	MC02	gkjd00000000_3	AlphaFold_SwissProt	0.7761	0.7875	1.1475409836065573
MC02_gkjd00000000_3	AF-P79307-F1-model_v6	0.214	70	1	61	285	349	61	770	1.0	0.084	0.7878	0.7764	0.07044	0.4009	73	AF-P79307-F1-model_v6 Amyloid-beta precursor protein	MC02	gkjd00000000_3	AlphaFold_SwissProt	0.7764	0.7878	1.1475409836065573
MC02_gkjd00000000_3	AF-Q60495-F1-model_v6	0.214	70	1	61	285	349	61	770	1.0	0.084	0.7869	0.7755	0.07046	0.4003	73	AF-Q60495-F1-model_v6 Amyloid-beta precursor protein	MC02	gkjd00000000_3	AlphaFold_SwissProt	0.7755	0.7869	1.1475409836065573
MC02_gkjd00000000_3	AF-Q06481-F1-model_v6	0.227	66	1	61	304	364	61	763	1.0	0.08	0.7842	0.773	0.07105	0.3984	72	AF-Q06481-F1-model_v6 Amyloid beta precursor like protein 2	MC02	gkjd00000000_3	AlphaFold_SwissProt	0.773	0.7842	1.0819672131147542
MC02_gkjd00000000_3	AF-Q06481-6-F1-model_v6	0.227	66	1	61	314	374	61	761	1.0	0.08	0.7831	0.7718	0.07121	0.3978	72	AF-Q06481-6-F1-model_v6 Amyloid beta precursor like protein 2	MC02	gkjd00000000_3	AlphaFold_SwissProt	0.7718	0.7831	1.0819672131147542
MC02_gkjd00000000_3	AF-P12023-F1-model_v6	0.227	66	1	61	285	345	61	770	1.0	0.079	0.7832	0.772	0.07038	0.3977	72	AF-P12023-F1-model_v6 Amyloid-beta precursor protein	MC02	gkjd00000000_3	AlphaFold_SwissProt	0.772	0.7832	1.0819672131147542
MC02_gkjd00000000_3	AF-P05067-7-F1-model_v6	0.223	67	1	61	285	346	61	733	1.0	0.085	0.7797	0.7685	0.07377	0.3971	72	AF-P05067-7-F1-model_v6 Amyloid-beta precursor protein	MC02	gkjd00000000_3	AlphaFold_SwissProt	0.7685	0.7797	1.098360655737705
MC02_gkjd00000000_3	AF-P05067-8-F1-model_v6	0.223	67	1	61	285	346	61	751	1.0	0.083	0.7767	0.7655	0.07187	0.3952	71	AF-P05067-8-F1-model_v6 Amyloid-beta precursor protein	MC02	gkjd00000000_3	AlphaFold_SwissProt	0.7655	0.7767	1.098360655737705
MC02_gkjd00000000_3	AF-O93279-F1-model_v6	0.238	67	1	61	284	345	61	737	1.0	0.084	0.7771	0.7659	0.07336	0.3952	71	AF-O93279-F1-model_v6 Amyloid-beta A4 protein	MC02	gkjd00000000_3	AlphaFold_SwissProt	0.7659	0.7771	1.098360655737705
MC02_gkjd00000000_3	AF-P05067-9-F1-model_v6	0.214	70	1	61	285	349	61	752	1.0	0.086	0.7746	0.7635	0.0718	0.3937	71	AF-P05067-9-F1-model_v6 Amyloid-beta precursor protein	MC02	gkjd00000000_3	AlphaFold_SwissProt	0.7635	0.7746	1.1475409836065573
MC02_gkjd00000000_3	AF-P53601-F1-model_v6	0.217	69	1	61	285	348	61	770	1.0	0.083	0.7733	0.7622	0.07012	0.392	71	AF-P53601-F1-model_v6 Amyloid-beta precursor protein	MC02	gkjd00000000_3	AlphaFold_SwissProt	0.7622	0.7733	1.1311475409836065
MC02_gkjd00000000_3	AF-P05067-F1-model_v6	0.217	69	1	61	285	348	61	770	1.0	0.083	0.773	0.7619	0.0701	0.3918	71	AF-P05067-F1-model_v6 Amyloid-beta precursor protein	MC02	gkjd00000000_3	AlphaFold_SwissProt	0.7619	0.773	1.1311475409836065
MC02_gkjd00000000_3	AF-P15943-F1-model_v6	0.227	66	1	61	306	366	61	765	1.0	0.08	0.7677	0.7568	0.07057	0.3878	70	AF-P15943-F1-model_v6 Amyloid beta precursor like protein 2	MC02	gkjd00000000_3	AlphaFold_SwissProt	0.7568	0.7677	1.0819672131147542
MC02_gkjd00000000_3	AF-O76840-2-F1-model_v6	0.257	66	1	61	1265	1325	61	1558	1.0	0.039	0.7571	0.7464	0.03492	0.3678	70	AF-O76840-2-F1-model_v6 Papilin	MC02	gkjd00000000_3	AlphaFold_SwissProt	0.7464	0.7571	1.0819672131147542
MC05_hydroscapha_redfordi_1	AF-C0HJX7-F1-model_v6	0.775	40	1	40	1	40	40	40	1.0	1.0	0.8805	0.8611	0.8611	0.805	80	AF-C0HJX7-F1-model_v6 Defensin	MC05	hydroscapha_redfordi_1	AlphaFold_SwissProt	0.8611	0.8805	1.0
MC05_hydroscapha_redfordi_1	AF-P31530-F1-model_v6	0.75	40	1	40	1	40	40	40	1.0	1.0	0.853	0.8347	0.8347	0.7753	77	AF-P31530-F1-model_v6 Sapecin-C	MC05	hydroscapha_redfordi_1	AlphaFold_SwissProt	0.8347	0.853	1.0
MC05_hydroscapha_redfordi_1	AF-B3EWY5-F1-model_v6	0.725	40	1	40	1	40	40	40	1.0	1.0	0.8472	0.829	0.829	0.7688	76	AF-B3EWY5-F1-model_v6 Lucifensin	MC05	hydroscapha_redfordi_1	AlphaFold_SwissProt	0.829	0.8472	1.0
MC05_hydroscapha_redfordi_1	AF-P80033-F1-model_v6	0.534	43	1	39	1	43	40	43	0.975	1.0	0.8746	0.8359	0.7838	0.7617	78	AF-P80033-F1-model_v6 Defensin, isoforms B and C	MC05	hydroscapha_redfordi_1	AlphaFold_SwissProt	0.8359	0.8746	1.075
MC05_hydroscapha_redfordi_1	AF-P80407-F1-model_v6	0.477	44	1	40	1	43	40	43	1.0	1.0	0.8478	0.8291	0.7775	0.757	77	AF-P80407-F1-model_v6 Defensin	MC05	hydroscapha_redfordi_1	AlphaFold_SwissProt	0.8291	0.8478	1.1
MC05_hydroscapha_redfordi_1	AF-Q7M426-F1-model_v6	0.5	44	1	40	1	43	40	43	1.0	1.0	0.8399	0.8219	0.7723	0.7392	75	AF-Q7M426-F1-model_v6 Holotricin-1	MC05	hydroscapha_redfordi_1	AlphaFold_SwissProt	0.8219	0.8399	1.1
MC05_hydroscapha_redfordi_1	AF-P0CAY3-F1-model_v6	0.214	42	1	40	1	37	40	38	1.0	0.974	0.8436	0.7706	0.8056	0.7267	71	AF-P0CAY3-F1-model_v6 Putative defensin-like protein 105	MC05	hydroscapha_redfordi_1	AlphaFold_SwissProt	0.7706	0.8436	1.05
MC05_hydroscapha_redfordi_1	AF-P0CF77-F1-model_v6	0.309	42	1	40	1	36	40	36	1.0	1.0	0.8172	0.7254	0.7971	0.7195	68	AF-P0CF77-F1-model_v6 Tddefensin	MC05	hydroscapha_redfordi_1	AlphaFold_SwissProt	0.7254	0.8172	1.05
MC05_hydroscapha_redfordi_1	AF-P81462-F1-model_v6	0.414	41	1	40	1	40	40	51	1.0	0.784	0.847	0.8285	0.6674	0.7047	77	AF-P81462-F1-model_v6 Defensin	MC05	hydroscapha_redfordi_1	AlphaFold_SwissProt	0.8285	0.847	1.025
MC05_hydroscapha_redfordi_1	AF-P84920-F1-model_v6	0.261	42	1	40	10	44	40	46	1.0	0.761	0.8617	0.7466	0.6577	0.6665	70	AF-P84920-F1-model_v6 Defensin-like protein 2	MC05	hydroscapha_redfordi_1	AlphaFold_SwissProt	0.7466	0.8617	1.05
MC05_hydroscapha_redfordi_1	AF-P81456-F1-model_v6	0.232	43	1	40	12	47	40	47	1.0	0.766	0.8385	0.7451	0.6435	0.6572	70	AF-P81456-F1-model_v6 Defensin-like protein 1	MC05	hydroscapha_redfordi_1	AlphaFold_SwissProt	0.7451	0.8385	1.075
MC05_hydroscapha_redfordi_1	AF-P81457-F1-model_v6	0.232	43	1	40	12	47	40	47	1.0	0.766	0.8379	0.7447	0.6433	0.6566	69	AF-P81457-F1-model_v6 Defensin-like protein 2	MC05	hydroscapha_redfordi_1	AlphaFold_SwissProt	0.7447	0.8379	1.075
MC05_hydroscapha_redfordi_1	AF-P20159-F1-model_v6	0.255	43	1	40	10	45	40	47	1.0	0.766	0.8337	0.7409	0.6402	0.6543	69	AF-P20159-F1-model_v6 Defensin-like protein 2	MC05	hydroscapha_redfordi_1	AlphaFold_SwissProt	0.7409	0.8337	1.075
MC05_hydroscapha_redfordi_1	AF-P20158-F1-model_v6	0.255	43	1	40	10	45	40	47	1.0	0.766	0.8319	0.7394	0.639	0.6529	69	AF-P20158-F1-model_v6 Defensin-like protein 1	MC05	hydroscapha_redfordi_1	AlphaFold_SwissProt	0.7394	0.8319	1.075
MC05_hydroscapha_redfordi_1	AF-P20230-F1-model_v6	0.255	43	1	40	10	45	40	47	1.0	0.766	0.8308	0.7384	0.6381	0.6519	69	AF-P20230-F1-model_v6 Defensin-like protein 1	MC05	hydroscapha_redfordi_1	AlphaFold_SwissProt	0.7384	0.8308	1.075
MC05_hydroscapha_redfordi_1	AF-P81008-F1-model_v6	0.255	43	1	40	10	45	40	47	1.0	0.766	0.832	0.7401	0.6399	0.6516	69	AF-P81008-F1-model_v6 Defensin-like protein 1	MC05	hydroscapha_redfordi_1	AlphaFold_SwissProt	0.7401	0.832	1.075
MC05_hydroscapha_redfordi_1	AF-P21925-F1-model_v6	0.255	43	1	40	10	45	40	47	1.0	0.766	0.8307	0.7387	0.6386	0.6513	69	AF-P21925-F1-model_v6 Defensin-like protein 3	MC05	hydroscapha_redfordi_1	AlphaFold_SwissProt	0.7387	0.8307	1.075
MC05_hydroscapha_redfordi_1	AF-Q09198-F1-model_v6	0.255	43	1	40	10	45	40	47	1.0	0.766	0.8311	0.7391	0.639	0.6512	69	AF-Q09198-F1-model_v6 Defensin-like protein 21	MC05	hydroscapha_redfordi_1	AlphaFold_SwissProt	0.7391	0.8311	1.075
MC05_hydroscapha_redfordi_1	AF-P84966-F1-model_v6	0.238	42	1	40	10	44	40	46	1.0	0.761	0.8446	0.7335	0.6471	0.6503	68	AF-P84966-F1-model_v6 Defensin Tk-AMP-D5	MC05	hydroscapha_redfordi_1	AlphaFold_SwissProt	0.7335	0.8446	1.05
MC05_hydroscapha_redfordi_1	AF-P21924-F1-model_v6	0.255	43	1	40	10	45	40	48	1.0	0.75	0.8289	0.7372	0.6253	0.6437	69	AF-P21924-F1-model_v6 Defensin-like protein 2	MC05	hydroscapha_redfordi_1	AlphaFold_SwissProt	0.7372	0.8289	1.075
MC05_hydroscapha_redfordi_1	AF-P84967-F1-model_v6	0.238	42	1	40	10	44	40	46	1.0	0.761	0.8376	0.7288	0.6438	0.6432	67	AF-P84967-F1-model_v6 Defensin Tk-AMP-D6	MC05	hydroscapha_redfordi_1	AlphaFold_SwissProt	0.7288	0.8376	1.05
MC05_hydroscapha_redfordi_1	AF-P84969-F1-model_v6	0.238	42	1	40	10	44	40	46	1.0	0.761	0.8339	0.726	0.6416	0.6397	67	AF-P84969-F1-model_v6 Defensin Tk-AMP-D6.1	MC05	hydroscapha_redfordi_1	AlphaFold_SwissProt	0.726	0.8339	1.05
MC05_hydroscapha_redfordi_1	AF-P82010-F1-model_v6	0.166	42	1	40	10	44	40	46	1.0	0.761	0.8351	0.7278	0.6437	0.6388	67	AF-P82010-F1-model_v6 Defensin-like protein AX2	MC05	hydroscapha_redfordi_1	AlphaFold_SwissProt	0.7278	0.8351	1.05
MC05_hydroscapha_redfordi_1	AF-Q5TWR9-F1-model_v6	0.255	43	1	40	25	66	40	67	1.0	0.627	0.8535	0.8351	0.525	0.6382	77	AF-Q5TWR9-F1-model_v6 Antimicrobial peptide defensin 3	MC05	hydroscapha_redfordi_1	AlphaFold_SwissProt	0.8351	0.8535	1.075
MC05_hydroscapha_redfordi_1	AF-P83399-F1-model_v6	0.279	43	1	40	10	45	40	47	1.0	0.766	0.8158	0.7267	0.6298	0.6368	67	AF-P83399-F1-model_v6 Defensin-like protein 1	MC05	hydroscapha_redfordi_1	AlphaFold_SwissProt	0.7267	0.8158	1.075
MC05_hydroscapha_redfordi_1	AF-C0HK49-F1-model_v6	0.186	43	1	40	10	45	40	47	1.0	0.766	0.8127	0.7242	0.6274	0.6365	67	AF-C0HK49-F1-model_v6 Defensin NsD7	MC05	hydroscapha_redfordi_1	AlphaFold_SwissProt	0.7242	0.8127	1.075
MC05_hydroscapha_redfordi_1	AF-A0A3G5BIB1-F1-model_v6	0.475	40	1	40	34	69	40	69	1.0	0.522	0.9325	0.8269	0.4956	0.6347	78	AF-A0A3G5BIB1-F1-model_v6 U-Asilidin(12)-Dg3b	MC05	hydroscapha_redfordi_1	AlphaFold_SwissProt	0.8269	0.9325	1.0
MC05_hydroscapha_redfordi_1	AF-A0A3G5BIB4-F1-model_v6	0.525	40	1	40	34	69	40	69	1.0	0.522	0.9302	0.825	0.4948	0.633	78	AF-A0A3G5BIB4-F1-model_v6 U-Asilidin(12)-Dg3a	MC05	hydroscapha_redfordi_1	AlphaFold_SwissProt	0.825	0.9302	1.0
MC05_hydroscapha_redfordi_1	AF-P84971-F1-model_v6	0.238	42	1	40	10	43	40	45	1.0	0.756	0.8352	0.7086	0.6383	0.6309	65	AF-P84971-F1-model_v6 Defensin Tk-AMP-D4	MC05	hydroscapha_redfordi_1	AlphaFold_SwissProt	0.7086	0.8352	1.05
MC05_hydroscapha_redfordi_1	AF-P86519-F1-model_v6	0.255	43	1	40	10	45	40	47	1.0	0.766	0.8081	0.7206	0.6246	0.6308	67	AF-P86519-F1-model_v6 Defensin Ec-AMP-D2	MC05	hydroscapha_redfordi_1	AlphaFold_SwissProt	0.7206	0.8081	1.075
MC05_hydroscapha_redfordi_1	AF-P84965-F1-model_v6	0.232	43	1	40	10	45	40	47	1.0	0.766	0.8088	0.7213	0.6254	0.6299	66	AF-P84965-F1-model_v6 Defensin Tk-AMP-D1.1	MC05	hydroscapha_redfordi_1	AlphaFold_SwissProt	0.7213	0.8088	1.075
MC05_hydroscapha_redfordi_1	AF-P86518-F1-model_v6	0.255	43	1	40	10	45	40	47	1.0	0.766	0.8047	0.7182	0.6231	0.6281	66	AF-P86518-F1-model_v6 Defensin Ec-AMP-D1	MC05	hydroscapha_redfordi_1	AlphaFold_SwissProt	0.7182	0.8047	1.075
MC05_hydroscapha_redfordi_1	AF-P81571-F1-model_v6	0.232	43	1	40	15	50	40	52	1.0	0.692	0.8293	0.7381	0.5821	0.624	69	AF-P81571-F1-model_v6 Defensin D2 (Fragment)	MC05	hydroscapha_redfordi_1	AlphaFold_SwissProt	0.7381	0.8293	1.075
MC05_hydroscapha_redfordi_1	AF-P84970-F1-model_v6	0.238	42	1	40	10	43	40	45	1.0	0.756	0.8251	0.7013	0.6324	0.6228	65	AF-P84970-F1-model_v6 Defensin Tk-AMP-D3	MC05	hydroscapha_redfordi_1	AlphaFold_SwissProt	0.7013	0.8251	1.05
MC05_hydroscapha_redfordi_1	AF-P46115-F1-model_v6	0.2	40	1	40	14	48	40	64	1.0	0.547	0.9154	0.7924	0.5113	0.6217	74	AF-P46115-F1-model_v6 Alpha-toxin Ts5	MC05	hydroscapha_redfordi_1	AlphaFold_SwissProt	0.7924	0.9154	1.0
MC05_hydroscapha_redfordi_1	AF-P84963-F1-model_v6	0.177	45	1	40	10	47	40	49	1.0	0.776	0.7719	0.7222	0.6037	0.6194	66	AF-P84963-F1-model_v6 Defensin Tk-AMP-D1	MC05	hydroscapha_redfordi_1	AlphaFold_SwissProt	0.7222	0.7719	1.125
MC05_hydroscapha_redfordi_1	AF-P81493-F1-model_v6	0.19	42	1	40	10	44	40	46	1.0	0.761	0.8137	0.7124	0.6317	0.617	64	AF-P81493-F1-model_v6 Defensin-like protein AX1	MC05	hydroscapha_redfordi_1	AlphaFold_SwissProt	0.7124	0.8137	1.05
MC05_hydroscapha_redfordi_1	AF-Q6WGI9-F1-model_v6	0.162	37	4	39	6	36	40	36	0.9	0.861	0.8115	0.6422	0.702	0.6121	59	AF-Q6WGI9-F1-model_v6 Potassium channel toxin alpha-KTx 11.3	MC05	hydroscapha_redfordi_1	AlphaFold_SwissProt	0.6422	0.8115	0.925
MC05_hydroscapha_redfordi_1	AF-P60165-F1-model_v6	0.157	38	4	40	6	37	40	37	0.925	0.865	0.7998	0.6523	0.6959	0.6107	59	AF-P60165-F1-model_v6 Potassium channel toxin alpha-KTx 11.2	MC05	hydroscapha_redfordi_1	AlphaFold_SwissProt	0.6523	0.7998	0.95
MC05_hydroscapha_redfordi_1	AF-P60164-F1-model_v6	0.157	38	4	40	6	37	40	37	0.925	0.865	0.7962	0.65	0.6933	0.6074	59	AF-P60164-F1-model_v6 Potassium channel toxin alpha-KTx 11.1	MC05	hydroscapha_redfordi_1	AlphaFold_SwissProt	0.65	0.7962	0.95
MC05_hydroscapha_redfordi_1	AF-C0HLL9-F1-model_v6	0.275	40	1	40	14	48	40	65	1.0	0.538	0.8951	0.778	0.499	0.6032	72	AF-C0HLL9-F1-model_v6 Beta-mammal toxin Tma1	MC05	hydroscapha_redfordi_1	AlphaFold_SwissProt	0.778	0.8951	1.0
MC05_hydroscapha_redfordi_1	AF-O16136-F1-model_v6	0.463	41	1	40	40	79	40	79	1.0	0.506	0.8524	0.8343	0.4522	0.6031	76	AF-O16136-F1-model_v6 Defensin-1	MC05	hydroscapha_redfordi_1	AlphaFold_SwissProt	0.8343	0.8524	1.025
MC05_hydroscapha_redfordi_1	AF-Q5BU36-F1-model_v6	0.585	41	1	40	56	95	40	95	1.0	0.421	0.8883	0.8683	0.3863	0.6012	82	AF-Q5BU36-F1-model_v6 Defensin	MC05	hydroscapha_redfordi_1	AlphaFold_SwissProt	0.8683	0.8883	1.025
MC05_hydroscapha_redfordi_1	AF-P86471-F1-model_v6	0.642	42	1	40	53	92	40	92	1.0	0.435	0.8784	0.8587	0.3936	0.5991	81	AF-P86471-F1-model_v6 Defensin Lucifensin	MC05	hydroscapha_redfordi_1	AlphaFold_SwissProt	0.8587	0.8784	1.05
MC05_hydroscapha_redfordi_1	AF-P18313-F1-model_v6	0.666	42	1	40	55	94	40	94	1.0	0.426	0.879	0.8592	0.385	0.5954	81	AF-P18313-F1-model_v6 Sapecin	MC05	hydroscapha_redfordi_1	AlphaFold_SwissProt	0.8592	0.879	1.05
MC05_hydroscapha_redfordi_1	AF-P41964-F1-model_v6	0.19	42	1	40	33	69	40	70	1.0	0.529	0.8516	0.773	0.4566	0.5942	74	AF-P41964-F1-model_v6 Drosomycin	MC05	hydroscapha_redfordi_1	AlphaFold_SwissProt	0.773	0.8516	1.05
MC05_hydroscapha_redfordi_1	AF-P0DPW6-F1-model_v6	0.238	42	1	40	26	62	40	68	1.0	0.544	0.852	0.7774	0.4784	0.594	72	AF-P0DPW6-F1-model_v6 U-scoloptoxin(02)-Er1a	MC05	hydroscapha_redfordi_1	AlphaFold_SwissProt	0.7774	0.852	1.05
MC05_hydroscapha_redfordi_1	AF-P0CF37-F1-model_v6	0.225	40	1	40	13	47	40	64	1.0	0.547	0.876	0.7645	0.5011	0.5926	70	AF-P0CF37-F1-model_v6 Bactridin-2	MC05	hydroscapha_redfordi_1	AlphaFold_SwissProt	0.7645	0.876	1.0
MC05_hydroscapha_redfordi_1	AF-P0DQU7-F1-model_v6	0.275	40	1	40	14	48	40	65	1.0	0.538	0.8779	0.7648	0.4929	0.5912	70	AF-P0DQU7-F1-model_v6 Sodium channel toxin 2	MC05	hydroscapha_redfordi_1	AlphaFold_SwissProt	0.7648	0.8779	1.0
MC05_hydroscapha_redfordi_1	AF-C0HLZ0-F1-model_v6	0.225	40	1	40	13	47	40	66	1.0	0.53	0.8797	0.7672	0.488	0.5895	70	AF-C0HLZ0-F1-model_v6 Toxin Tppa1	MC05	hydroscapha_redfordi_1	AlphaFold_SwissProt	0.7672	0.8797	1.0
MC05_hydroscapha_redfordi_1	AF-P84631-F1-model_v6	0.25	40	1	40	14	48	40	65	1.0	0.538	0.8748	0.7633	0.4931	0.589	70	AF-P84631-F1-model_v6 Beta-mammal toxin Tpa2	MC05	hydroscapha_redfordi_1	AlphaFold_SwissProt	0.7633	0.8748	1.0
MC05_hydroscapha_redfordi_1	AF-O16137-F1-model_v6	0.609	41	1	40	58	97	40	97	1.0	0.412	0.8767	0.8573	0.3762	0.5872	80	AF-O16137-F1-model_v6 Defensin-2	MC05	hydroscapha_redfordi_1	AlphaFold_SwissProt	0.8573	0.8767	1.025
MC05_hydroscapha_redfordi_1	AF-Q17027-F1-model_v6	0.658	41	1	40	63	102	40	102	1.0	0.392	0.8833	0.8634	0.3592	0.5853	81	AF-Q17027-F1-model_v6 Defensin	MC05	hydroscapha_redfordi_1	AlphaFold_SwissProt	0.8634	0.8833	1.025
MC05_hydroscapha_redfordi_1	AF-P36192-F1-model_v6	0.581	43	1	40	51	92	40	92	1.0	0.457	0.8511	0.8326	0.3886	0.5798	78	AF-P36192-F1-model_v6 Defensin	MC05	hydroscapha_redfordi_1	AlphaFold_SwissProt	0.8326	0.8511	1.075
MC05_hydroscapha_redfordi_1	AF-P82781-F1-model_v6	0.232	43	1	40	25	60	40	62	1.0	0.581	0.8219	0.732	0.4912	0.5786	68	AF-P82781-F1-model_v6 Putative defensin-like protein 3	MC05	hydroscapha_redfordi_1	AlphaFold_SwissProt	0.732	0.8219	1.075
MC05_hydroscapha_redfordi_1	AF-Q2V485-F1-model_v6	0.173	46	1	40	32	73	40	76	1.0	0.553	0.8022	0.7849	0.4377	0.5758	72	AF-Q2V485-F1-model_v6 Putative defensin-like protein 62	MC05	hydroscapha_redfordi_1	AlphaFold_SwissProt	0.7849	0.8022	1.15
MC05_hydroscapha_redfordi_1	AF-P0DQT7-F1-model_v6	0.295	44	1	39	24	61	40	61	0.975	0.623	0.7678	0.7165	0.4866	0.5756	68	AF-P0DQT7-F1-model_v6 Defensin BmKDfsin1	MC05	hydroscapha_redfordi_1	AlphaFold_SwissProt	0.7165	0.7678	1.1
MC05_hydroscapha_redfordi_1	AF-P10891-F1-model_v6	0.59	44	1	40	53	94	40	94	1.0	0.447	0.8493	0.8304	0.3762	0.5748	78	AF-P10891-F1-model_v6 Phormicin	MC05	hydroscapha_redfordi_1	AlphaFold_SwissProt	0.8304	0.8493	1.1
MC05_hydroscapha_redfordi_1	AF-Q27023-F1-model_v6	0.545	44	1	39	41	84	40	84	0.975	0.524	0.8332	0.7967	0.4064	0.5699	74	AF-Q27023-F1-model_v6 Tenecin-1	MC05	hydroscapha_redfordi_1	AlphaFold_SwissProt	0.7967	0.8332	1.1
MC05_hydroscapha_redfordi_1	AF-P83404-F1-model_v6	0.477	44	1	40	57	98	40	98	1.0	0.429	0.8504	0.8315	0.3618	0.5689	78	AF-P83404-F1-model_v6 Defensin	MC05	hydroscapha_redfordi_1	AlphaFold_SwissProt	0.8315	0.8504	1.1
MC05_hydroscapha_redfordi_1	AF-Q1I174-F1-model_v6	0.225	40	1	40	20	54	40	73	1.0	0.479	0.8772	0.765	0.4431	0.5674	70	AF-Q1I174-F1-model_v6 Toxin Td4 (Fragment)	MC05	hydroscapha_redfordi_1	AlphaFold_SwissProt	0.765	0.8772	1.0
MC05_hydroscapha_redfordi_1	AF-P81602-F1-model_v6	0.674	43	1	40	58	98	40	98	1.0	0.418	0.8402	0.8216	0.3591	0.5617	77	AF-P81602-F1-model_v6 Defensin-B	MC05	hydroscapha_redfordi_1	AlphaFold_SwissProt	0.8216	0.8402	1.075
MC05_hydroscapha_redfordi_1	AF-P91793-F1-model_v6	0.651	43	1	40	58	98	40	98	1.0	0.418	0.8402	0.8216	0.3592	0.5617	77	AF-P91793-F1-model_v6 Defensin-A	MC05	hydroscapha_redfordi_1	AlphaFold_SwissProt	0.8216	0.8402	1.075
MC05_hydroscapha_redfordi_1	AF-Q9M833-F1-model_v6	0.204	44	1	39	41	80	40	80	0.975	0.5	0.8053	0.7694	0.4053	0.5607	72	AF-Q9M833-F1-model_v6 Defensin-like protein 44	MC05	hydroscapha_redfordi_1	AlphaFold_SwissProt	0.7694	0.8053	1.1
MC05_hydroscapha_redfordi_1	AF-P81603-F1-model_v6	0.627	43	1	40	59	99	40	99	1.0	0.414	0.8405	0.8219	0.3556	0.5605	77	AF-P81603-F1-model_v6 Defensin-C	MC05	hydroscapha_redfordi_1	AlphaFold_SwissProt	0.8219	0.8405	1.075
MC05_hydroscapha_redfordi_1	AF-Q86QI5-F1-model_v6	0.311	45	1	40	35	73	40	74	1.0	0.527	0.7782	0.7435	0.4215	0.558	70	AF-Q86QI5-F1-model_v6 Defensin	MC05	hydroscapha_redfordi_1	AlphaFold_SwissProt	0.7435	0.7782	1.125
MC05_hydroscapha_redfordi_1	AF-Q95WC9-F1-model_v6	0.2	40	1	40	33	67	40	84	1.0	0.417	0.8817	0.7701	0.3912	0.5449	70	AF-Q95WC9-F1-model_v6 Toxin CsE9	MC05	hydroscapha_redfordi_1	AlphaFold_SwissProt	0.7701	0.8817	1.0
MC05_hydroscapha_redfordi_1	AF-Q9C947-F1-model_v6	0.255	43	1	40	39	74	40	76	1.0	0.474	0.8296	0.738	0.4077	0.5444	69	AF-Q9C947-F1-model_v6 Defensin-like protein 5	MC05	hydroscapha_redfordi_1	AlphaFold_SwissProt	0.738	0.8296	1.075
MC05_hydroscapha_redfordi_1	AF-Q07502-F1-model_v6	0.261	42	1	40	38	72	40	74	1.0	0.473	0.8379	0.728	0.4139	0.5412	67	AF-Q07502-F1-model_v6 Defensin-like protein	MC05	hydroscapha_redfordi_1	AlphaFold_SwissProt	0.728	0.8379	1.05
MC05_hydroscapha_redfordi_1	AF-Q43413-F1-model_v6	0.209	43	1	40	37	72	40	75	1.0	0.48	0.8204	0.7308	0.4103	0.5411	68	AF-Q43413-F1-model_v6 Defensin J1-1	MC05	hydroscapha_redfordi_1	AlphaFold_SwissProt	0.7308	0.8204	1.075
MC05_hydroscapha_redfordi_1	AF-F8UWP3-F1-model_v6	0.25	40	1	40	33	65	40	83	1.0	0.398	0.9161	0.756	0.3818	0.5407	70	AF-F8UWP3-F1-model_v6 Alpha-toxin CvIV4	MC05	hydroscapha_redfordi_1	AlphaFold_SwissProt	0.756	0.9161	1.0
MC05_hydroscapha_redfordi_1	AF-Q68PG3-F1-model_v6	0.2	40	1	40	33	67	40	84	1.0	0.417	0.8754	0.7637	0.3891	0.5403	70	AF-Q68PG3-F1-model_v6 Toxin Cex12	MC05	hydroscapha_redfordi_1	AlphaFold_SwissProt	0.7637	0.8754	1.0
MC05_hydroscapha_redfordi_1	AF-Q9FFP8-F1-model_v6	0.255	43	1	40	36	71	40	73	1.0	0.493	0.8104	0.723	0.4183	0.5381	67	AF-Q9FFP8-F1-model_v6 Defensin-like protein 6	MC05	hydroscapha_redfordi_1	AlphaFold_SwissProt	0.723	0.8104	1.075
MC05_hydroscapha_redfordi_1	AF-C9X4J8-F1-model_v6	0.275	40	1	40	33	67	40	86	1.0	0.407	0.8749	0.7623	0.378	0.5364	70	AF-C9X4J8-F1-model_v6 Toxin TdNa7	MC05	hydroscapha_redfordi_1	AlphaFold_SwissProt	0.7623	0.8749	1.0
MC05_hydroscapha_redfordi_1	AF-P60213-F1-model_v6	0.225	40	1	40	33	67	40	86	1.0	0.407	0.8733	0.7616	0.3787	0.535	70	AF-P60213-F1-model_v6 Toxin To3	MC05	hydroscapha_redfordi_1	AlphaFold_SwissProt	0.7616	0.8733	1.0
MC05_hydroscapha_redfordi_1	AF-Q41914-F1-model_v6	0.232	43	1	40	40	75	40	77	1.0	0.468	0.8197	0.7303	0.4001	0.535	68	AF-Q41914-F1-model_v6 Defensin-like protein 4	MC05	hydroscapha_redfordi_1	AlphaFold_SwissProt	0.7303	0.8197	1.075
MC05_hydroscapha_redfordi_1	AF-P31529-F1-model_v6	0.375	40	1	40	55	88	40	88	1.0	0.386	0.9001	0.764	0.3675	0.5334	70	AF-P31529-F1-model_v6 Sapecin-B	MC05	hydroscapha_redfordi_1	AlphaFold_SwissProt	0.764	0.9001	1.0
MC05_hydroscapha_redfordi_1	AF-Q39182-F1-model_v6	0.302	43	1	40	40	75	40	77	1.0	0.468	0.815	0.7265	0.3988	0.5324	67	AF-Q39182-F1-model_v6 Defensin-like protein 2	MC05	hydroscapha_redfordi_1	AlphaFold_SwissProt	0.7265	0.815	1.075
MC05_hydroscapha_redfordi_1	AF-Q9ZUL7-F1-model_v6	0.255	43	1	40	40	75	40	77	1.0	0.468	0.8147	0.7255	0.398	0.5323	67	AF-Q9ZUL7-F1-model_v6 Defensin-like protein 1	MC05	hydroscapha_redfordi_1	AlphaFold_SwissProt	0.7255	0.8147	1.075
MC05_hydroscapha_redfordi_1	AF-P60212-F1-model_v6	0.275	40	1	40	34	68	40	87	1.0	0.402	0.8721	0.7604	0.3738	0.5322	70	AF-P60212-F1-model_v6 Alpha-toxin To2	MC05	hydroscapha_redfordi_1	AlphaFold_SwissProt	0.7604	0.8721	1.0
MC05_hydroscapha_redfordi_1	AF-Q40901-F1-model_v6	0.279	43	1	40	41	76	40	78	1.0	0.462	0.816	0.7273	0.3942	0.5308	67	AF-Q40901-F1-model_v6 Defensin-like protein	MC05	hydroscapha_redfordi_1	AlphaFold_SwissProt	0.7273	0.816	1.075
MC05_hydroscapha_redfordi_1	AF-P82784-F1-model_v6	0.232	43	1	40	40	75	40	82	1.0	0.439	0.8293	0.7378	0.3792	0.5305	69	AF-P82784-F1-model_v6 Defensin-like protein 7	MC05	hydroscapha_redfordi_1	AlphaFold_SwissProt	0.7378	0.8293	1.075
MC05_hydroscapha_redfordi_1	AF-O65740-F1-model_v6	0.255	43	1	40	37	72	40	74	1.0	0.486	0.803	0.7168	0.4104	0.53	66	AF-O65740-F1-model_v6 Defensin J1-2	MC05	hydroscapha_redfordi_1	AlphaFold_SwissProt	0.7168	0.803	1.075
MC05_hydroscapha_redfordi_1	AF-P17722-F1-model_v6	0.477	44	1	40	42	83	40	95	1.0	0.442	0.7909	0.774	0.3542	0.5299	71	AF-P17722-F1-model_v6 Defensin-1	MC05	hydroscapha_redfordi_1	AlphaFold_SwissProt	0.774	0.7909	1.1
MC05_hydroscapha_redfordi_1	AF-Q8WRY4-F1-model_v6	0.2	40	1	40	33	67	40	84	1.0	0.417	0.8544	0.7456	0.3802	0.529	68	AF-Q8WRY4-F1-model_v6 Toxin Cll9	MC05	hydroscapha_redfordi_1	AlphaFold_SwissProt	0.7456	0.8544	1.0
MC05_hydroscapha_redfordi_1	AF-P20346-F1-model_v6	0.255	43	1	40	37	72	40	74	1.0	0.486	0.8001	0.715	0.4104	0.528	65	AF-P20346-F1-model_v6 Defensin-like protein P322	MC05	hydroscapha_redfordi_1	AlphaFold_SwissProt	0.715	0.8001	1.075
MC05_hydroscapha_redfordi_1	AF-C0HJQ4-F1-model_v6	0.2	40	1	40	28	59	40	61	1.0	0.525	0.8213	0.6781	0.4717	0.5277	60	AF-C0HJQ4-F1-model_v6 Potassium channel toxin alpha-KTx 3.18	MC05	hydroscapha_redfordi_1	AlphaFold_SwissProt	0.6781	0.8213	1.0
MC05_hydroscapha_redfordi_1	AF-Q1I163-F1-model_v6	0.25	40	1	40	33	67	40	86	1.0	0.407	0.8577	0.7495	0.3751	0.5251	68	AF-Q1I163-F1-model_v6 Toxin Td8	MC05	hydroscapha_redfordi_1	AlphaFold_SwissProt	0.7495	0.8577	1.0
MC05_hydroscapha_redfordi_1	AF-A3FPF2-F1-model_v6	0.232	43	1	40	40	75	40	77	1.0	0.468	0.8044	0.7184	0.3966	0.5236	66	AF-A3FPF2-F1-model_v6 Defensin-like protein	MC05	hydroscapha_redfordi_1	AlphaFold_SwissProt	0.7184	0.8044	1.075
MC05_hydroscapha_redfordi_1	AF-P82659-F1-model_v6	0.255	43	1	40	41	76	40	78	1.0	0.462	0.8039	0.718	0.3916	0.5219	66	AF-P82659-F1-model_v6 Defensin SD2	MC05	hydroscapha_redfordi_1	AlphaFold_SwissProt	0.718	0.8039	1.075
MC05_hydroscapha_redfordi_1	AF-P82785-F1-model_v6	0.272	44	1	40	41	77	40	86	1.0	0.43	0.8042	0.7335	0.3613	0.52	68	AF-P82785-F1-model_v6 Putative defensin-like protein 9	MC05	hydroscapha_redfordi_1	AlphaFold_SwissProt	0.7335	0.8042	1.1
MC05_hydroscapha_redfordi_1	AF-A4L7R7-F1-model_v6	0.2	45	1	40	43	80	40	83	1.0	0.458	0.778	0.727	0.3715	0.5196	67	AF-A4L7R7-F1-model_v6 Defensin-1	MC05	hydroscapha_redfordi_1	AlphaFold_SwissProt	0.727	0.778	1.125
MC05_hydroscapha_redfordi_1	AF-A4L7R8-F1-model_v6	0.177	45	1	40	43	80	40	83	1.0	0.458	0.7748	0.7244	0.371	0.5161	67	AF-A4L7R8-F1-model_v6 Defensin-2	MC05	hydroscapha_redfordi_1	AlphaFold_SwissProt	0.7244	0.7748	1.125
MC05_hydroscapha_redfordi_1	AF-A0A218QWY4-F1-model_v6	0.225	40	1	40	36	73	40	100	1.0	0.38	0.8132	0.7626	0.3371	0.5109	69	AF-A0A218QWY4-F1-model_v6 Putative sodium channel toxin Ts26	MC05	hydroscapha_redfordi_1	AlphaFold_SwissProt	0.7626	0.8132	1.0
MC05_hydroscapha_redfordi_1	AF-Q6K209-F1-model_v6	0.177	45	1	40	41	78	40	80	1.0	0.475	0.7522	0.7048	0.3783	0.5055	64	AF-Q6K209-F1-model_v6 Defensin-like protein CAL1	MC05	hydroscapha_redfordi_1	AlphaFold_SwissProt	0.7048	0.7522	1.125
MC05_hydroscapha_redfordi_1	AF-Q9ZUL8-F1-model_v6	0.261	42	1	40	38	71	40	73	1.0	0.466	0.7978	0.6831	0.4004	0.5041	62	AF-Q9ZUL8-F1-model_v6 Defensin-like protein 10	MC05	hydroscapha_redfordi_1	AlphaFold_SwissProt	0.6831	0.7978	1.05
MC05_hydroscapha_redfordi_1	AF-Q8H6Q1-F1-model_v6	0.186	43	1	40	35	70	40	103	1.0	0.35	0.8191	0.7299	0.303	0.488	67	AF-Q8H6Q1-F1-model_v6 Floral defensin-like protein 1	MC05	hydroscapha_redfordi_1	AlphaFold_SwissProt	0.7299	0.8191	1.075
MC05_hydroscapha_redfordi_1	AF-P32026-F1-model_v6	0.186	43	1	40	35	70	40	105	1.0	0.343	0.8201	0.7304	0.2977	0.4873	68	AF-P32026-F1-model_v6 Defensin-like protein	MC05	hydroscapha_redfordi_1	AlphaFold_SwissProt	0.7304	0.8201	1.075
MC05_hydroscapha_redfordi_1	AF-Q8GTM0-F1-model_v6	0.186	43	1	40	35	70	40	105	1.0	0.343	0.8192	0.7297	0.2976	0.4868	68	AF-Q8GTM0-F1-model_v6 Flower-specific defensin	MC05	hydroscapha_redfordi_1	AlphaFold_SwissProt	0.7297	0.8192	1.075
MC05_hydroscapha_redfordi_1	AF-Q8WQZ3-F1-model_v6	0.45	40	1	40	59	98	40	98	1.0	0.408	0.7551	0.7418	0.3526	0.4808	62	AF-Q8WQZ3-F1-model_v6 Defensin	MC05	hydroscapha_redfordi_1	AlphaFold_SwissProt	0.7418	0.7551	1.0
MC15_eophileurus_sp_2	AF-B4YSU8-F1-model_v6	0.105	38	1	31	36	71	33	74	0.939	0.486	0.5302	0.5116	0.3013	0.3232	37	AF-B4YSU8-F1-model_v6 Conotoxin ca17a	MC15	eophileurus_sp_2	AlphaFold_SwissProt	0.5116	0.5302	1.1515151515151516
MC15_eophileurus_sp_2	AF-P0DV95-F1-model_v6	0.189	37	1	33	50	84	33	84	1.0	0.417	0.5156	0.51	0.2775	0.3194	38	AF-P0DV95-F1-model_v6 Mu-Sparatoxin-Hp1	MC15	eophileurus_sp_2	AlphaFold_SwissProt	0.51	0.5156	1.121212121212121
MC15_eophileurus_sp_2	AF-D2Y2M1-F1-model_v6	0.242	33	4	32	52	84	33	87	0.879	0.379	0.4892	0.47	0.2527	0.2798	33	AF-D2Y2M1-F1-model_v6 U3-theraphotoxin-Hhn1a 12	MC15	eophileurus_sp_2	AlphaFold_SwissProt	0.47	0.4892	1.0
MC15_eophileurus_sp_2	AF-D2Y2N0-F1-model_v6	0.205	34	3	32	51	84	33	87	0.909	0.391	0.4817	0.4656	0.2541	0.2759	32	AF-D2Y2N0-F1-model_v6 U3-theraphotoxin-Hhn1a 17	MC15	eophileurus_sp_2	AlphaFold_SwissProt	0.4656	0.4817	1.0303030303030303
MC15_eophileurus_sp_2	AF-D2Y2M0-F1-model_v6	0.2	35	2	31	52	84	33	87	0.909	0.379	0.4729	0.458	0.248	0.2712	31	AF-D2Y2M0-F1-model_v6 U3-theraphotoxin-Hhn1q	MC15	eophileurus_sp_2	AlphaFold_SwissProt	0.458	0.4729	1.0606060606060606
MC15_eophileurus_sp_2	AF-D2Y2G4-F1-model_v6	0.194	36	1	31	51	84	33	87	0.939	0.391	0.4705	0.4579	0.2491	0.2705	31	AF-D2Y2G4-F1-model_v6 U3-theraphotoxin-Hhn1a 9	MC15	eophileurus_sp_2	AlphaFold_SwissProt	0.4579	0.4705	1.0909090909090908
MC15_eophileurus_sp_2	AF-D2Y2M8-F1-model_v6	0.2	35	2	31	52	84	33	87	0.909	0.379	0.4752	0.4595	0.2478	0.2699	31	AF-D2Y2M8-F1-model_v6 U3-theraphotoxin-Hhn1a 16	MC15	eophileurus_sp_2	AlphaFold_SwissProt	0.4595	0.4752	1.0606060606060606
MC15_eophileurus_sp_2	AF-D2Y2M6-F1-model_v6	0.2	35	2	31	52	84	33	87	0.909	0.379	0.4701	0.4558	0.2472	0.2699	31	AF-D2Y2M6-F1-model_v6 U3-theraphotoxin-Hhn1a 15	MC15	eophileurus_sp_2	AlphaFold_SwissProt	0.4558	0.4701	1.0606060606060606
MC15_eophileurus_sp_2	AF-D2Y2N6-F1-model_v6	0.111	36	1	32	51	84	33	87	0.97	0.391	0.4532	0.4487	0.2582	0.2686	30	AF-D2Y2N6-F1-model_v6 U3-theraphotoxin-Hhn1h	MC15	eophileurus_sp_2	AlphaFold_SwissProt	0.4487	0.4532	1.0909090909090908
MC15_eophileurus_sp_2	AF-A0A346CED7-F1-model_v6	0.16	25	11	30	45	68	33	68	0.606	0.353	0.4247	0.3863	0.224	0.2632	31	AF-A0A346CED7-F1-model_v6 Conotoxin Am6.8	MC15	eophileurus_sp_2	AlphaFold_SwissProt	0.3863	0.4247	0.7575757575757576
MC15_eophileurus_sp_2	AF-Q8T1V4-F1-model_v6	0.147	34	6	33	45	78	33	85	0.848	0.4	0.3975	0.3824	0.2178	0.2335	27	AF-Q8T1V4-F1-model_v6 Small ribosomal subunit protein eS27	MC15	eophileurus_sp_2	AlphaFold_SwissProt	0.3824	0.3975	1.0303030303030303
MC15_eophileurus_sp_2	AF-P52677-F1-model_v6	0.033	60	2	33	10	67	33	311	0.97	0.186	0.4497	0.4429	0.08261	0.2029	32	AF-P52677-F1-model_v6 Probable hydrogen peroxide-inducible genes activator	MC15	eophileurus_sp_2	AlphaFold_SwissProt	0.4429	0.4497	1.8181818181818181
MC15_eophileurus_sp_2	AF-Q8CBG9-4-F1-model_v6	0.027	36	6	33	110	138	33	142	0.848	0.204	0.3587	0.3428	0.1219	0.1768	23	AF-Q8CBG9-4-F1-model_v6 E3 ubiquitin-protein ligase RNF170	MC15	eophileurus_sp_2	AlphaFold_SwissProt	0.3428	0.3587	1.0909090909090908
MC15_eophileurus_sp_2	AF-B5FR78-F1-model_v6	0.021	142	1	33	103	238	33	427	1.0	0.319	0.4017	0.3995	0.05484	0.1705	28	AF-B5FR78-F1-model_v6 Peptidase B	MC15	eophileurus_sp_2	AlphaFold_SwissProt	0.3995	0.4017	4.303030303030303
MC15_eophileurus_sp_2	AF-D2BGI6-F1-model_v6	0.046	43	1	33	126	156	33	449	1.0	0.069	0.3778	0.3616	0.04234	0.1696	29	AF-D2BGI6-F1-model_v6 Protein translocase subunit SecD	MC15	eophileurus_sp_2	AlphaFold_SwissProt	0.3616	0.3778	1.303030303030303
MC15_eophileurus_sp_2	AF-B1JRZ6-F1-model_v6	0.018	106	2	32	3	102	33	432	0.939	0.231	0.3582	0.3475	0.04966	0.1477	24	AF-B1JRZ6-F1-model_v6 Peptidase B	MC15	eophileurus_sp_2	AlphaFold_SwissProt	0.3475	0.3582	3.212121212121212
MC15_eophileurus_sp_2	AF-A8AD60-F1-model_v6	0.03	97	2	32	2	94	33	427	0.939	0.218	0.36	0.3528	0.05298	0.1475	24	AF-A8AD60-F1-model_v6 Peptidase B	MC15	eophileurus_sp_2	AlphaFold_SwissProt	0.3528	0.36	2.9393939393939394
MC15_eophileurus_sp_2	AF-P58473-F1-model_v6	0.041	97	2	32	2	94	33	427	0.939	0.218	0.3545	0.3482	0.05287	0.1436	23	AF-P58473-F1-model_v6 Peptidase B	MC15	eophileurus_sp_2	AlphaFold_SwissProt	0.3482	0.3545	2.9393939393939394
MC15_eophileurus_sp_2	AF-Q8FF47-F1-model_v6	0.041	97	2	32	2	94	33	427	0.939	0.218	0.3544	0.3481	0.05289	0.1435	23	AF-Q8FF47-F1-model_v6 Peptidase B	MC15	eophileurus_sp_2	AlphaFold_SwissProt	0.3481	0.3544	2.9393939393939394
MC15_eophileurus_sp_2	AF-B7NRH2-F1-model_v6	0.041	97	2	32	2	94	33	427	0.939	0.218	0.3544	0.3481	0.05287	0.1434	23	AF-B7NRH2-F1-model_v6 Peptidase B	MC15	eophileurus_sp_2	AlphaFold_SwissProt	0.3481	0.3544	2.9393939393939394
MC15_eophileurus_sp_2	AF-Q1R8K9-F1-model_v6	0.041	97	2	32	2	94	33	427	0.939	0.218	0.3543	0.348	0.05288	0.1434	23	AF-Q1R8K9-F1-model_v6 Peptidase B	MC15	eophileurus_sp_2	AlphaFold_SwissProt	0.348	0.3543	2.9393939393939394
MC15_eophileurus_sp_2	AF-Q32D41-F1-model_v6	0.041	97	2	32	2	94	33	427	0.939	0.218	0.3542	0.348	0.05288	0.1434	23	AF-Q32D41-F1-model_v6 Peptidase B	MC15	eophileurus_sp_2	AlphaFold_SwissProt	0.348	0.3542	2.9393939393939394
MC15_eophileurus_sp_2	AF-B5Z0Z6-F1-model_v6	0.041	97	2	32	2	94	33	427	0.939	0.218	0.3542	0.348	0.05287	0.1433	23	AF-B5Z0Z6-F1-model_v6 Peptidase B	MC15	eophileurus_sp_2	AlphaFold_SwissProt	0.348	0.3542	2.9393939393939394
MC15_eophileurus_sp_2	AF-B7LKB6-F1-model_v6	0.041	97	2	32	2	94	33	427	0.939	0.218	0.3542	0.348	0.05288	0.1433	23	AF-B7LKB6-F1-model_v6 Peptidase B	MC15	eophileurus_sp_2	AlphaFold_SwissProt	0.348	0.3542	2.9393939393939394
MC15_eophileurus_sp_2	AF-B7N6B0-F1-model_v6	0.041	97	2	32	2	94	33	427	0.939	0.218	0.3542	0.348	0.05287	0.1433	23	AF-B7N6B0-F1-model_v6 Peptidase B	MC15	eophileurus_sp_2	AlphaFold_SwissProt	0.348	0.3542	2.9393939393939394
MC15_eophileurus_sp_2	AF-B7MYF7-F1-model_v6	0.041	97	2	32	2	94	33	427	0.939	0.218	0.3541	0.3479	0.05288	0.1433	23	AF-B7MYF7-F1-model_v6 Peptidase B	MC15	eophileurus_sp_2	AlphaFold_SwissProt	0.3479	0.3541	2.9393939393939394
MC15_eophileurus_sp_2	AF-Q83QK5-F1-model_v6	0.041	97	2	32	2	94	33	427	0.939	0.218	0.3539	0.3476	0.05284	0.1433	23	AF-Q83QK5-F1-model_v6 Peptidase B	MC15	eophileurus_sp_2	AlphaFold_SwissProt	0.3476	0.3539	2.9393939393939394
MC15_eophileurus_sp_2	AF-B6I595-F1-model_v6	0.041	97	2	32	2	94	33	427	0.939	0.218	0.3544	0.3481	0.05288	0.1433	23	AF-B6I595-F1-model_v6 Peptidase B	MC15	eophileurus_sp_2	AlphaFold_SwissProt	0.3481	0.3544	2.9393939393939394
MC15_eophileurus_sp_2	AF-B7LDB5-F1-model_v6	0.041	97	2	32	2	94	33	427	0.939	0.218	0.3539	0.3476	0.05283	0.1433	23	AF-B7LDB5-F1-model_v6 Peptidase B	MC15	eophileurus_sp_2	AlphaFold_SwissProt	0.3476	0.3539	2.9393939393939394
MC15_eophileurus_sp_2	AF-B7M7M6-F1-model_v6	0.041	97	2	32	2	94	33	427	0.939	0.218	0.3541	0.3479	0.05288	0.1433	23	AF-B7M7M6-F1-model_v6 Peptidase B	MC15	eophileurus_sp_2	AlphaFold_SwissProt	0.3479	0.3541	2.9393939393939394
MC15_eophileurus_sp_2	AF-B7MI07-F1-model_v6	0.041	97	2	32	2	94	33	427	0.939	0.218	0.3541	0.3479	0.05289	0.1433	23	AF-B7MI07-F1-model_v6 Peptidase B	MC15	eophileurus_sp_2	AlphaFold_SwissProt	0.3479	0.3541	2.9393939393939394
MC15_eophileurus_sp_2	AF-A1AE61-F1-model_v6	0.041	97	2	32	2	94	33	427	0.939	0.218	0.3536	0.3474	0.05284	0.1432	23	AF-A1AE61-F1-model_v6 Peptidase B	MC15	eophileurus_sp_2	AlphaFold_SwissProt	0.3474	0.3536	2.9393939393939394
MC15_eophileurus_sp_2	AF-A7ZPW6-F1-model_v6	0.041	97	2	32	2	94	33	427	0.939	0.218	0.3538	0.3476	0.05284	0.1432	23	AF-A7ZPW6-F1-model_v6 Peptidase B	MC15	eophileurus_sp_2	AlphaFold_SwissProt	0.3476	0.3538	2.9393939393939394
MC15_eophileurus_sp_2	AF-Q0T1Z6-F1-model_v6	0.041	97	2	32	2	94	33	427	0.939	0.218	0.354	0.3478	0.05289	0.1432	23	AF-Q0T1Z6-F1-model_v6 Peptidase B	MC15	eophileurus_sp_2	AlphaFold_SwissProt	0.3478	0.354	2.9393939393939394
MC15_eophileurus_sp_2	AF-Q31XW7-F1-model_v6	0.041	97	2	32	2	94	33	427	0.939	0.218	0.3537	0.3474	0.05284	0.1432	23	AF-Q31XW7-F1-model_v6 Peptidase B	MC15	eophileurus_sp_2	AlphaFold_SwissProt	0.3474	0.3537	2.9393939393939394
MC15_eophileurus_sp_2	AF-B1LNH8-F1-model_v6	0.041	97	2	32	2	94	33	427	0.939	0.218	0.3536	0.3474	0.05282	0.1432	23	AF-B1LNH8-F1-model_v6 Peptidase B	MC15	eophileurus_sp_2	AlphaFold_SwissProt	0.3474	0.3536	2.9393939393939394
MC15_eophileurus_sp_2	AF-Q0TEW2-F1-model_v6	0.041	97	2	32	2	94	33	427	0.939	0.218	0.3538	0.3476	0.05287	0.1431	23	AF-Q0TEW2-F1-model_v6 Peptidase B	MC15	eophileurus_sp_2	AlphaFold_SwissProt	0.3476	0.3538	2.9393939393939394
MC15_eophileurus_sp_2	AF-B2TXU8-F1-model_v6	0.041	97	2	32	2	94	33	427	0.939	0.218	0.3538	0.3476	0.05286	0.1431	23	AF-B2TXU8-F1-model_v6 Peptidase B	MC15	eophileurus_sp_2	AlphaFold_SwissProt	0.3476	0.3538	2.9393939393939394
MC15_eophileurus_sp_2	AF-B7UGW9-F1-model_v6	0.041	97	2	32	2	94	33	427	0.939	0.218	0.3533	0.3471	0.05284	0.1429	23	AF-B7UGW9-F1-model_v6 Peptidase B	MC15	eophileurus_sp_2	AlphaFold_SwissProt	0.3471	0.3533	2.9393939393939394
MC15_eophileurus_sp_2	AF-B1IWD8-F1-model_v6	0.002	395	1	33	36	424	33	427	1.0	0.911	0.3287	0.3277	0.05148	0.1394	22	AF-B1IWD8-F1-model_v6 Peptidase B	MC15	eophileurus_sp_2	AlphaFold_SwissProt	0.3277	0.3287	11.969696969696969
MC15_eophileurus_sp_2	AF-Q1CKA2-F1-model_v6	0.01	98	1	32	2	95	33	432	0.97	0.218	0.3487	0.3444	0.0543	0.1391	22	AF-Q1CKA2-F1-model_v6 Peptidase B	MC15	eophileurus_sp_2	AlphaFold_SwissProt	0.3444	0.3487	2.9696969696969697
MC15_eophileurus_sp_2	AF-A8GHX6-F1-model_v6	0.014	69	1	33	278	336	33	431	1.0	0.137	0.2981	0.2929	0.04416	0.1387	23	AF-A8GHX6-F1-model_v6 Peptidase B	MC15	eophileurus_sp_2	AlphaFold_SwissProt	0.2929	0.2981	2.090909090909091
MC15_eophileurus_sp_2	AF-A4WDA4-F1-model_v6	0.0	329	1	30	110	428	33	428	0.909	0.745	0.341	0.3263	0.04199	0.1359	23	AF-A4WDA4-F1-model_v6 Peptidase B	MC15	eophileurus_sp_2	AlphaFold_SwissProt	0.3263	0.341	9.969696969696969
MC15_eophileurus_sp_2	AF-B5F1B3-F1-model_v6	0.005	392	1	33	36	418	33	427	1.0	0.897	0.327	0.3268	0.04818	0.1342	22	AF-B5F1B3-F1-model_v6 Peptidase B	MC15	eophileurus_sp_2	AlphaFold_SwissProt	0.3268	0.327	11.878787878787879
MC15_eophileurus_sp_2	AF-Q8Z4N3-F1-model_v6	0.005	392	1	33	36	418	33	427	1.0	0.897	0.3264	0.3262	0.04817	0.1339	22	AF-Q8Z4N3-F1-model_v6 Peptidase B	MC15	eophileurus_sp_2	AlphaFold_SwissProt	0.3262	0.3264	11.878787878787879
MC15_eophileurus_sp_2	AF-C0PYL4-F1-model_v6	0.005	392	1	33	36	418	33	427	1.0	0.897	0.3263	0.3261	0.04817	0.1339	22	AF-C0PYL4-F1-model_v6 Peptidase B	MC15	eophileurus_sp_2	AlphaFold_SwissProt	0.3261	0.3263	11.878787878787879
MC15_eophileurus_sp_2	AF-Q3YZ29-F1-model_v6	0.002	396	1	33	36	424	33	427	1.0	0.911	0.3296	0.3268	0.05077	0.1337	21	AF-Q3YZ29-F1-model_v6 Peptidase B	MC15	eophileurus_sp_2	AlphaFold_SwissProt	0.3268	0.3296	12.0
MC15_eophileurus_sp_2	AF-A9MHK1-F1-model_v6	0.002	391	1	33	36	418	33	427	1.0	0.897	0.3225	0.3198	0.04917	0.1333	21	AF-A9MHK1-F1-model_v6 Peptidase B	MC15	eophileurus_sp_2	AlphaFold_SwissProt	0.3198	0.3225	11.848484848484848
MC15_eophileurus_sp_2	AF-Q57LH5-F1-model_v6	0.005	393	1	33	36	418	33	427	1.0	0.897	0.3268	0.3242	0.04688	0.1331	22	AF-Q57LH5-F1-model_v6 Peptidase B	MC15	eophileurus_sp_2	AlphaFold_SwissProt	0.3242	0.3268	11.909090909090908
MC15_eophileurus_sp_2	AF-A9N1Y3-F1-model_v6	0.005	393	1	33	36	418	33	427	1.0	0.897	0.3265	0.3239	0.04688	0.1328	21	AF-A9N1Y3-F1-model_v6 Peptidase B	MC15	eophileurus_sp_2	AlphaFold_SwissProt	0.3239	0.3265	11.909090909090908
MC15_eophileurus_sp_2	AF-A8A329-F1-model_v6	0.0	320	1	21	110	427	33	427	0.636	0.745	0.2879	0.3106	0.03973	0.1327	22	AF-A8A329-F1-model_v6 Peptidase B	MC15	eophileurus_sp_2	AlphaFold_SwissProt	0.3106	0.3106	9.696969696969697
MC15_eophileurus_sp_2	AF-Q9RF52-F1-model_v6	0.005	391	1	33	36	418	33	427	1.0	0.897	0.3206	0.318	0.04908	0.1321	21	AF-Q9RF52-F1-model_v6 Peptidase B	MC15	eophileurus_sp_2	AlphaFold_SwissProt	0.318	0.3206	11.848484848484848
MC15_eophileurus_sp_2	AF-B5RD05-F1-model_v6	0.068	44	7	33	8	45	33	427	0.818	0.089	0.324	0.3133	0.04296	0.1293	21	AF-B5RD05-F1-model_v6 Peptidase B	MC15	eophileurus_sp_2	AlphaFold_SwissProt	0.3133	0.324	1.3333333333333333
MC15_eophileurus_sp_2	AF-B5R595-F1-model_v6	0.024	81	1	33	3	73	33	427	1.0	0.166	0.3086	0.3065	0.04542	0.1286	21	AF-B5R595-F1-model_v6 Peptidase B	MC15	eophileurus_sp_2	AlphaFold_SwissProt	0.3065	0.3086	2.4545454545454546
MC15_eophileurus_sp_2	AF-B5XNK4-F1-model_v6	0.031	32	7	30	5	28	33	428	0.727	0.056	0.3195	0.2882	0.0333	0.1272	22	AF-B5XNK4-F1-model_v6 Peptidase B	MC15	eophileurus_sp_2	AlphaFold_SwissProt	0.2882	0.3195	0.9696969696969697
MC15_eophileurus_sp_2	AF-Q1C5H7-F1-model_v6	0.009	110	1	33	3	98	33	432	1.0	0.222	0.3012	0.2978	0.03916	0.1241	20	AF-Q1C5H7-F1-model_v6 Peptidase B	MC15	eophileurus_sp_2	AlphaFold_SwissProt	0.2978	0.3012	3.3333333333333335
MC15_eophileurus_sp_2	AF-A7MU37-F1-model_v6	0.0	69	1	33	278	336	33	432	1.0	0.137	0.2944	0.2917	0.04441	0.1214	19	AF-A7MU37-F1-model_v6 Peptidase B	MC15	eophileurus_sp_2	AlphaFold_SwissProt	0.2917	0.2944	2.090909090909091
MC15_eophileurus_sp_2	AF-Q7N231-F1-model_v6	0.012	82	1	33	3	74	33	431	1.0	0.167	0.299	0.2968	0.04534	0.1199	19	AF-Q7N231-F1-model_v6 Peptidase B	MC15	eophileurus_sp_2	AlphaFold_SwissProt	0.2968	0.299	2.484848484848485
MC03_gaco00000000_1	AF-Q54KS5-F1-model_v6	0.083	48	14	59	1	48	67	70	0.687	0.686	0.796	0.5683	0.5468	0.5269	53	AF-Q54KS5-F1-model_v6 Putative uncharacterized protein DDB_G0287145	MC03	gaco00000000_1	AlphaFold_SwissProt	0.5683	0.796	0.7164179104477612
MC03_gaco00000000_1	AF-Q5SW75-3-F1-model_v6	0.033	120	6	62	27	138	67	140	0.851	0.8	0.6507	0.5636	0.2959	0.4013	51	AF-Q5SW75-3-F1-model_v6 Protein phosphatase Slingshot homolog 2	MC03	gaco00000000_1	AlphaFold_SwissProt	0.5636	0.6507	1.791044776119403
MC03_gaco00000000_1	AF-B0G195-F1-model_v6	0.02	49	11	58	12	56	67	58	0.716	0.776	0.5448	0.4214	0.464	0.3732	36	AF-B0G195-F1-model_v6 Uncharacterized protein DDB_G0292526	MC03	gaco00000000_1	AlphaFold_SwissProt	0.4214	0.5448	0.7313432835820896
MC03_gaco00000000_1	AF-Q9VYV9-F1-model_v6	0.004	206	1	60	7	207	67	238	0.896	0.845	0.668	0.6049	0.2016	0.3711	54	AF-Q9VYV9-F1-model_v6 COMM domain-containing protein 10 homolog Vlet	MC03	gaco00000000_1	AlphaFold_SwissProt	0.6049	0.668	3.074626865671642
MC03_gaco00000000_1	AF-Q2TE74-F1-model_v6	0.04	125	2	67	295	417	67	482	0.985	0.255	0.7052	0.6887	0.1201	0.3675	61	AF-Q2TE74-F1-model_v6 Glutathione gamma-glutamylcysteinyltransferase 2	MC03	gaco00000000_1	AlphaFold_SwissProt	0.6887	0.7052	1.8656716417910448
MC03_gaco00000000_1	AF-F4J7A7-F1-model_v6	0.0	146	1	58	102	245	67	280	0.866	0.514	0.6957	0.6118	0.1745	0.3643	55	AF-F4J7A7-F1-model_v6 PsbP domain-containing protein 7, chloroplastic	MC03	gaco00000000_1	AlphaFold_SwissProt	0.6118	0.6957	2.1791044776119404
MC03_gaco00000000_1	AF-Q6YR05-F1-model_v6	0.02	50	13	59	12	60	67	171	0.701	0.287	0.7319	0.5404	0.2355	0.3635	49	AF-Q6YR05-F1-model_v6 Small ribosomal subunit protein uS5	MC03	gaco00000000_1	AlphaFold_SwissProt	0.5404	0.7319	0.746268656716418
MC03_gaco00000000_1	AF-Q8L5T9-F1-model_v6	0.0	75	10	61	61	130	67	147	0.776	0.476	0.6338	0.5199	0.2705	0.3616	46	AF-Q8L5T9-F1-model_v6 Cysteine proteinase inhibitor 2	MC03	gaco00000000_1	AlphaFold_SwissProt	0.5199	0.6338	1.1194029850746268
MC03_gaco00000000_1	AF-O60493-3-F1-model_v6	0.01	93	16	67	27	113	67	113	0.776	0.77	0.5654	0.464	0.3058	0.3475	41	AF-O60493-3-F1-model_v6 Sorting nexin-3	MC03	gaco00000000_1	AlphaFold_SwissProt	0.464	0.5654	1.3880597014925373
MC03_gaco00000000_1	AF-B1JSJ3-F1-model_v6	0.0	48	14	60	1	45	67	198	0.701	0.227	0.7161	0.5147	0.1968	0.3324	47	AF-B1JSJ3-F1-model_v6 GDP-mannose pyrophosphatase	MC03	gaco00000000_1	AlphaFold_SwissProt	0.5147	0.7161	0.7164179104477612
MC03_gaco00000000_1	AF-A7FG78-F1-model_v6	0.0	48	14	60	1	45	67	198	0.701	0.227	0.7116	0.5123	0.1962	0.3306	47	AF-A7FG78-F1-model_v6 GDP-mannose pyrophosphatase	MC03	gaco00000000_1	AlphaFold_SwissProt	0.5123	0.7116	0.7164179104477612
MC03_gaco00000000_1	AF-A4TMK5-F1-model_v6	0.0	48	14	60	1	45	67	198	0.701	0.227	0.7109	0.511	0.1956	0.33	46	AF-A4TMK5-F1-model_v6 GDP-mannose pyrophosphatase	MC03	gaco00000000_1	AlphaFold_SwissProt	0.511	0.7109	0.7164179104477612
MC03_gaco00000000_1	AF-A1JL31-F1-model_v6	0.0	48	14	60	1	45	67	191	0.701	0.236	0.6965	0.5052	0.201	0.3295	46	AF-A1JL31-F1-model_v6 GDP-mannose pyrophosphatase	MC03	gaco00000000_1	AlphaFold_SwissProt	0.5052	0.6965	0.7164179104477612
MC03_gaco00000000_1	AF-Q9NSY0-2-F1-model_v6	0.006	295	5	62	1	289	67	293	0.866	0.986	0.632	0.5569	0.1541	0.3267	50	AF-Q9NSY0-2-F1-model_v6 Nuclear receptor-binding protein 2	MC03	gaco00000000_1	AlphaFold_SwissProt	0.5569	0.632	4.402985074626866
MC03_gaco00000000_1	AF-O13511-F1-model_v6	0.065	46	17	61	10	51	67	128	0.672	0.328	0.6393	0.447	0.2596	0.325	40	AF-O13511-F1-model_v6 Uncharacterized protein YAL065C	MC03	gaco00000000_1	AlphaFold_SwissProt	0.447	0.6393	0.6865671641791045
MC03_gaco00000000_1	AF-B8DBU4-F1-model_v6	0.022	131	1	59	356	484	67	512	0.881	0.252	0.6718	0.6014	0.1003	0.3206	54	AF-B8DBU4-F1-model_v6 2-isopropylmalate synthase	MC03	gaco00000000_1	AlphaFold_SwissProt	0.6014	0.6718	1.955223880597015
MC03_gaco00000000_1	AF-Q75CI5-F1-model_v6	0.011	90	17	66	46	133	67	170	0.746	0.518	0.5963	0.4857	0.2308	0.3184	41	AF-Q75CI5-F1-model_v6 Ubiquitin-like-conjugating enzyme ATG10	MC03	gaco00000000_1	AlphaFold_SwissProt	0.4857	0.5963	1.3432835820895523
MC03_gaco00000000_1	AF-B3R0R7-F1-model_v6	0.064	62	7	60	39	99	67	599	0.806	0.102	0.7294	0.6082	0.08337	0.3158	54	AF-B3R0R7-F1-model_v6 ATP-dependent zinc metalloprotease FtsH 3	MC03	gaco00000000_1	AlphaFold_SwissProt	0.6082	0.7294	0.9253731343283582
MC03_gaco00000000_1	AF-Q9NSY0-4-F1-model_v6	0.048	62	10	67	207	263	67	324	0.866	0.176	0.6252	0.5454	0.1407	0.3139	49	AF-Q9NSY0-4-F1-model_v6 Nuclear receptor-binding protein 2	MC03	gaco00000000_1	AlphaFold_SwissProt	0.5454	0.6252	0.9253731343283582
MC03_gaco00000000_1	AF-Q1CK00-F1-model_v6	0.0	48	14	60	1	45	67	198	0.701	0.227	0.6678	0.4864	0.1894	0.3135	44	AF-Q1CK00-F1-model_v6 GDP-mannose pyrophosphatase	MC03	gaco00000000_1	AlphaFold_SwissProt	0.4864	0.6678	0.7164179104477612
MC03_gaco00000000_1	AF-Q8TYB1-F1-model_v6	0.031	161	1	59	322	478	67	499	0.881	0.315	0.653	0.5857	0.09969	0.3135	52	AF-Q8TYB1-F1-model_v6 Probable 2-isopropylmalate synthase	MC03	gaco00000000_1	AlphaFold_SwissProt	0.5857	0.653	2.4029850746268657
MC03_gaco00000000_1	AF-Q668I3-F1-model_v6	0.0	47	14	60	1	45	67	198	0.701	0.227	0.6663	0.4856	0.1908	0.3133	44	AF-Q668I3-F1-model_v6 GDP-mannose pyrophosphatase	MC03	gaco00000000_1	AlphaFold_SwissProt	0.4856	0.6663	0.7014925373134329
MC03_gaco00000000_1	AF-Q3AEQ5-F1-model_v6	0.019	154	1	59	333	483	67	509	0.881	0.297	0.6535	0.586	0.09842	0.3127	52	AF-Q3AEQ5-F1-model_v6 2-isopropylmalate synthase	MC03	gaco00000000_1	AlphaFold_SwissProt	0.586	0.6535	2.298507462686567
MC03_gaco00000000_1	AF-Q74SF4-F1-model_v6	0.0	47	14	60	1	45	67	198	0.701	0.227	0.664	0.4818	0.1903	0.3125	44	AF-Q74SF4-F1-model_v6 GDP-mannose pyrophosphatase	MC03	gaco00000000_1	AlphaFold_SwissProt	0.4818	0.664	0.7014925373134329
MC03_gaco00000000_1	AF-B3DX88-F1-model_v6	0.019	155	1	59	339	489	67	506	0.881	0.298	0.6551	0.5856	0.09827	0.3122	52	AF-B3DX88-F1-model_v6 2-isopropylmalate synthase	MC03	gaco00000000_1	AlphaFold_SwissProt	0.5856	0.6551	2.3134328358208953
MC03_gaco00000000_1	AF-A8GHJ1-F1-model_v6	0.0	48	14	60	1	45	67	191	0.701	0.236	0.6561	0.4792	0.1936	0.3118	43	AF-A8GHJ1-F1-model_v6 GDP-mannose pyrophosphatase	MC03	gaco00000000_1	AlphaFold_SwissProt	0.4792	0.6561	0.7164179104477612
MC03_gaco00000000_1	AF-Q92A28-F1-model_v6	0.015	133	1	59	356	484	67	512	0.881	0.252	0.6549	0.5855	0.09711	0.3114	52	AF-Q92A28-F1-model_v6 2-isopropylmalate synthase	MC03	gaco00000000_1	AlphaFold_SwissProt	0.5855	0.6549	1.9850746268656716
MC03_gaco00000000_1	AF-Q54LF2-F1-model_v6	0.061	49	19	67	47	88	67	88	0.731	0.477	0.5222	0.3898	0.3206	0.3086	33	AF-Q54LF2-F1-model_v6 HssA/B-like protein 61	MC03	gaco00000000_1	AlphaFold_SwissProt	0.3898	0.5222	0.7313432835820896
MC03_gaco00000000_1	AF-Q8ZH34-F1-model_v6	0.008	113	9	57	45	156	67	260	0.731	0.431	0.6509	0.5113	0.1596	0.3064	45	AF-Q8ZH34-F1-model_v6 UPF0294 protein YPO1077/y3099/YP_2772	MC03	gaco00000000_1	AlphaFold_SwissProt	0.5113	0.6509	1.6865671641791045
MC03_gaco00000000_1	AF-Q2TE74-2-F1-model_v6	0.031	129	2	67	289	411	67	477	0.985	0.258	0.5909	0.5797	0.1109	0.3046	50	AF-Q2TE74-2-F1-model_v6 Glutathione gamma-glutamylcysteinyltransferase 2	MC03	gaco00000000_1	AlphaFold_SwissProt	0.5797	0.5909	1.9253731343283582
MC03_gaco00000000_1	AF-Q8IWN6-F1-model_v6	0.044	45	16	58	1	45	67	122	0.642	0.369	0.5583	0.4211	0.2655	0.3044	36	AF-Q8IWN6-F1-model_v6 Protein FAM223A	MC03	gaco00000000_1	AlphaFold_SwissProt	0.4211	0.5583	0.6716417910447762
MC03_gaco00000000_1	AF-Q57LN3-F1-model_v6	0.021	92	15	63	1	89	67	191	0.731	0.466	0.5959	0.4685	0.1958	0.3032	41	AF-Q57LN3-F1-model_v6 GDP-mannose pyrophosphatase	MC03	gaco00000000_1	AlphaFold_SwissProt	0.4685	0.5959	1.373134328358209
MC03_gaco00000000_1	AF-O78437-F1-model_v6	0.037	107	10	63	184	288	67	414	0.806	0.254	0.6515	0.5429	0.1101	0.3032	49	AF-O78437-F1-model_v6 Cytochrome c biogenesis protein Ccs1	MC03	gaco00000000_1	AlphaFold_SwissProt	0.5429	0.6515	1.5970149253731343
MC03_gaco00000000_1	AF-Q08D85-F1-model_v6	0.022	88	12	63	11	93	67	231	0.776	0.359	0.5997	0.4935	0.1737	0.303	43	AF-Q08D85-F1-model_v6 PX domain-containing protein 1	MC03	gaco00000000_1	AlphaFold_SwissProt	0.4935	0.5997	1.3134328358208955
MC03_gaco00000000_1	AF-Q8JZU6-2-F1-model_v6	0.022	88	12	63	11	92	67	224	0.776	0.366	0.5975	0.4902	0.1761	0.3024	43	AF-Q8JZU6-2-F1-model_v6 PX domain-containing protein 1	MC03	gaco00000000_1	AlphaFold_SwissProt	0.4902	0.5975	1.3134328358208955
MC03_gaco00000000_1	AF-Q7CQ25-F1-model_v6	0.021	92	15	63	1	89	67	191	0.731	0.466	0.5941	0.4673	0.1955	0.3024	41	AF-Q7CQ25-F1-model_v6 GDP-mannose pyrophosphatase	MC03	gaco00000000_1	AlphaFold_SwissProt	0.4673	0.5941	1.373134328358209
MC03_gaco00000000_1	AF-Q8JZU6-F1-model_v6	0.022	87	12	62	11	92	67	231	0.761	0.355	0.6068	0.4908	0.172	0.3014	43	AF-Q8JZU6-F1-model_v6 PX domain-containing protein 1	MC03	gaco00000000_1	AlphaFold_SwissProt	0.4908	0.6068	1.2985074626865671
MC03_gaco00000000_1	AF-Q46J48-F1-model_v6	0.051	98	12	63	200	294	67	426	0.776	0.223	0.6653	0.535	0.1022	0.3006	50	AF-Q46J48-F1-model_v6 Cytochrome c biogenesis protein CcsB	MC03	gaco00000000_1	AlphaFold_SwissProt	0.535	0.6653	1.462686567164179
MC03_gaco00000000_1	AF-A2C4K5-F1-model_v6	0.042	94	14	62	202	293	67	426	0.731	0.216	0.7011	0.532	0.09961	0.2997	50	AF-A2C4K5-F1-model_v6 Cytochrome c biogenesis protein CcsB	MC03	gaco00000000_1	AlphaFold_SwissProt	0.532	0.7011	1.4029850746268657
MC03_gaco00000000_1	AF-A5GNE2-F1-model_v6	0.017	115	14	63	202	314	67	430	0.746	0.263	0.6875	0.5324	0.1005	0.2995	50	AF-A5GNE2-F1-model_v6 Cytochrome c biogenesis protein CcsB	MC03	gaco00000000_1	AlphaFold_SwissProt	0.5324	0.6875	1.7164179104477613
MC03_gaco00000000_1	AF-Q5TGL8-F1-model_v6	0.021	95	9	63	6	92	67	231	0.821	0.377	0.5672	0.4869	0.1717	0.2981	43	AF-Q5TGL8-F1-model_v6 PX domain-containing protein 1	MC03	gaco00000000_1	AlphaFold_SwissProt	0.4869	0.5672	1.4179104477611941
MC03_gaco00000000_1	AF-Q0I7P7-F1-model_v6	0.017	116	13	63	201	314	67	435	0.761	0.262	0.6752	0.5308	0.1006	0.298	49	AF-Q0I7P7-F1-model_v6 Cytochrome c biogenesis protein CcsB	MC03	gaco00000000_1	AlphaFold_SwissProt	0.5308	0.6752	1.7313432835820894
MC03_gaco00000000_1	AF-Q9UNH6-2-F1-model_v6	0.0	78	15	66	31	106	67	336	0.776	0.226	0.6194	0.5092	0.1278	0.2894	45	AF-Q9UNH6-2-F1-model_v6 Sorting nexin-7	MC03	gaco00000000_1	AlphaFold_SwissProt	0.5092	0.6194	1.164179104477612
MC03_gaco00000000_1	AF-Q5ZJJ2-F1-model_v6	0.032	93	9	63	458	546	67	614	0.821	0.145	0.6529	0.5538	0.07648	0.2878	50	AF-Q5ZJJ2-F1-model_v6 Replication protein A 70 kDa DNA-binding subunit	MC03	gaco00000000_1	AlphaFold_SwissProt	0.5538	0.6529	1.3880597014925373
MC03_gaco00000000_1	AF-Q8NB91-F1-model_v6	0.009	331	9	67	65	392	67	859	0.881	0.382	0.6453	0.5812	0.06027	0.2877	51	AF-Q8NB91-F1-model_v6 Fanconi anemia group B protein	MC03	gaco00000000_1	AlphaFold_SwissProt	0.5812	0.6453	4.940298507462686
MC03_gaco00000000_1	AF-Q4KLK8-F1-model_v6	0.011	88	12	63	10	92	67	231	0.776	0.359	0.5606	0.4676	0.1686	0.2853	40	AF-Q4KLK8-F1-model_v6 PX domain-containing protein 1	MC03	gaco00000000_1	AlphaFold_SwissProt	0.4676	0.5606	1.3134328358208955
MC03_gaco00000000_1	AF-O30020-F1-model_v6	0.001	100	9	59	386	480	67	503	0.761	0.189	0.6702	0.5281	0.08443	0.2853	48	AF-O30020-F1-model_v6 Probable 2-isopropylmalate synthase	MC03	gaco00000000_1	AlphaFold_SwissProt	0.5281	0.6702	1.492537313432836
MC03_gaco00000000_1	AF-Q9Y5W8-2-F1-model_v6	0.015	321	15	67	558	877	67	957	0.791	0.334	0.6983	0.5751	0.05162	0.2848	51	AF-Q9Y5W8-2-F1-model_v6 Sorting nexin-13	MC03	gaco00000000_1	AlphaFold_SwissProt	0.5751	0.6983	4.791044776119403
MC03_gaco00000000_1	AF-Q9NSY0-F1-model_v6	0.023	86	12	62	416	497	67	501	0.761	0.164	0.6619	0.5256	0.08604	0.2823	47	AF-Q9NSY0-F1-model_v6 Nuclear receptor-binding protein 2	MC03	gaco00000000_1	AlphaFold_SwissProt	0.5256	0.6619	1.2835820895522387
MC03_gaco00000000_1	AF-Q297L2-F1-model_v6	0.043	92	12	66	505	590	67	663	0.821	0.13	0.6437	0.5426	0.06866	0.2823	49	AF-Q297L2-F1-model_v6 Nuclear receptor-binding protein homolog	MC03	gaco00000000_1	AlphaFold_SwissProt	0.5426	0.6437	1.373134328358209
MC03_gaco00000000_1	AF-Q91V36-F1-model_v6	0.022	87	11	62	413	495	67	499	0.776	0.166	0.6496	0.5241	0.0873	0.2817	47	AF-Q91V36-F1-model_v6 Nuclear receptor-binding protein 2	MC03	gaco00000000_1	AlphaFold_SwissProt	0.5241	0.6496	1.2985074626865671
MC03_gaco00000000_1	AF-P51984-F1-model_v6	0.018	160	12	63	27	180	67	249	0.776	0.618	0.566	0.4627	0.1534	0.2814	41	AF-P51984-F1-model_v6 Cyclic AMP-responsive element-binding protein	MC03	gaco00000000_1	AlphaFold_SwissProt	0.4627	0.566	2.388059701492537
MC03_gaco00000000_1	AF-C1KWT1-F1-model_v6	0.007	133	1	59	356	485	67	512	0.881	0.254	0.5972	0.5422	0.09755	0.2795	46	AF-C1KWT1-F1-model_v6 2-isopropylmalate synthase	MC03	gaco00000000_1	AlphaFold_SwissProt	0.5422	0.5972	1.9850746268656716
MC03_gaco00000000_1	AF-P27694-F1-model_v6	0.068	58	7	60	314	366	67	616	0.806	0.086	0.6451	0.5353	0.07369	0.2754	47	AF-P27694-F1-model_v6 Replication protein A 70 kDa DNA-binding subunit	MC03	gaco00000000_1	AlphaFold_SwissProt	0.5353	0.6451	0.8656716417910447
MC03_gaco00000000_1	AF-Q4R8X0-F1-model_v6	0.011	88	12	62	438	519	67	535	0.761	0.153	0.6468	0.5135	0.07835	0.2734	46	AF-Q4R8X0-F1-model_v6 Nuclear receptor-binding protein	MC03	gaco00000000_1	AlphaFold_SwissProt	0.5135	0.6468	1.3134328358208955
MC03_gaco00000000_1	AF-Q9UNH6-F1-model_v6	0.037	79	16	67	30	105	67	387	0.776	0.196	0.602	0.4997	0.1118	0.2731	43	AF-Q9UNH6-F1-model_v6 Sorting nexin-7	MC03	gaco00000000_1	AlphaFold_SwissProt	0.4997	0.602	1.1791044776119404
MC03_gaco00000000_1	AF-Q9Y0Y6-F1-model_v6	0.045	87	12	62	489	570	67	637	0.761	0.129	0.657	0.5226	0.06766	0.2723	47	AF-Q9Y0Y6-F1-model_v6 Nuclear receptor-binding protein homolog	MC03	gaco00000000_1	AlphaFold_SwissProt	0.5226	0.657	1.2985074626865671
MC03_gaco00000000_1	AF-Q4R5U9-F1-model_v6	0.037	80	16	66	30	106	67	387	0.761	0.199	0.6092	0.4951	0.11	0.2718	43	AF-Q4R5U9-F1-model_v6 Sorting nexin-7	MC03	gaco00000000_1	AlphaFold_SwissProt	0.4951	0.6092	1.1940298507462686
MC03_gaco00000000_1	AF-B1I1Y1-F1-model_v6	0.013	151	1	60	338	484	67	509	0.896	0.289	0.5707	0.525	0.09662	0.2711	44	AF-B1I1Y1-F1-model_v6 2-isopropylmalate synthase	MC03	gaco00000000_1	AlphaFold_SwissProt	0.525	0.5707	2.253731343283582
MC03_gaco00000000_1	AF-Q01588-F1-model_v6	0.021	274	3	60	90	357	67	609	0.866	0.44	0.5909	0.5274	0.07682	0.271	46	AF-Q01588-F1-model_v6 Replication protein A 70 kDa DNA-binding subunit	MC03	gaco00000000_1	AlphaFold_SwissProt	0.5274	0.5909	4.08955223880597
MC03_gaco00000000_1	AF-Q10Q08-F1-model_v6	0.04	49	12	60	199	246	67	630	0.731	0.076	0.6798	0.5251	0.07078	0.27	47	AF-Q10Q08-F1-model_v6 Replication protein A 70 kDa DNA-binding subunit B	MC03	gaco00000000_1	AlphaFold_SwissProt	0.5251	0.6798	0.7313432835820896
MC03_gaco00000000_1	AF-Q9CY18-F1-model_v6	0.037	79	16	67	30	105	67	387	0.776	0.196	0.5932	0.494	0.1114	0.2696	43	AF-Q9CY18-F1-model_v6 Sorting nexin-7	MC03	gaco00000000_1	AlphaFold_SwissProt	0.494	0.5932	1.1791044776119404
MC03_gaco00000000_1	AF-P11031-F1-model_v6	0.017	56	20	65	67	115	67	127	0.687	0.386	0.4809	0.3713	0.2267	0.2668	32	AF-P11031-F1-model_v6 Activated RNA polymerase II transcriptional coactivator p15	MC03	gaco00000000_1	AlphaFold_SwissProt	0.3713	0.4809	0.835820895522388
MC03_gaco00000000_1	AF-Q8THA5-F1-model_v6	0.025	160	1	60	339	494	67	515	0.896	0.303	0.5557	0.5107	0.09406	0.2636	43	AF-Q8THA5-F1-model_v6 Probable 2-isopropylmalate synthase	MC03	gaco00000000_1	AlphaFold_SwissProt	0.5107	0.5557	2.388059701492537
MC03_gaco00000000_1	AF-Q9FG38-F1-model_v6	0.012	80	16	66	24	98	67	402	0.761	0.187	0.5953	0.4819	0.1024	0.2635	42	AF-Q9FG38-F1-model_v6 Sorting nexin 1	MC03	gaco00000000_1	AlphaFold_SwissProt	0.4819	0.5953	1.1940298507462686
MC03_gaco00000000_1	AF-A0LBW3-F1-model_v6	0.017	112	3	60	431	538	67	559	0.866	0.193	0.5714	0.5119	0.08536	0.2624	44	AF-A0LBW3-F1-model_v6 2-isopropylmalate synthase	MC03	gaco00000000_1	AlphaFold_SwissProt	0.5119	0.5714	1.671641791044776
MC03_gaco00000000_1	AF-Q9SD40-F1-model_v6	0.003	309	2	63	42	344	67	370	0.925	0.819	0.509	0.4799	0.1243	0.2603	40	AF-Q9SD40-F1-model_v6 Protein SHI RELATED SEQUENCE 1	MC03	gaco00000000_1	AlphaFold_SwissProt	0.4799	0.509	4.611940298507463
MC03_gaco00000000_1	AF-Q4A7B0-F1-model_v6	0.057	52	10	61	1175	1222	67	1412	0.776	0.034	0.6824	0.5264	0.0325	0.2526	47	AF-Q4A7B0-F1-model_v6 DNA-directed RNA polymerase subunit beta'	MC03	gaco00000000_1	AlphaFold_SwissProt	0.5264	0.6824	0.7761194029850746
MC03_gaco00000000_1	AF-Q5RDH5-F1-model_v6	0.037	135	9	65	403	529	67	554	0.851	0.229	0.5532	0.4867	0.07921	0.2519	42	AF-Q5RDH5-F1-model_v6 5'-AMP-activated protein kinase catalytic subunit alpha-1 (Fragment)	MC03	gaco00000000_1	AlphaFold_SwissProt	0.4867	0.5532	2.014925373134328
MC03_gaco00000000_1	AF-Q5ZZS2-F1-model_v6	0.057	52	10	61	1175	1222	67	1412	0.776	0.034	0.6809	0.5239	0.03247	0.2512	47	AF-Q5ZZS2-F1-model_v6 DNA-directed RNA polymerase subunit beta'	MC03	gaco00000000_1	AlphaFold_SwissProt	0.5239	0.6809	0.7761194029850746
MC03_gaco00000000_1	AF-B0XS28-F1-model_v6	0.071	42	20	61	25	60	67	290	0.627	0.124	0.689	0.4255	0.1141	0.2506	38	AF-B0XS28-F1-model_v6 Eukaryotic translation initiation factor 3 subunit G	MC03	gaco00000000_1	AlphaFold_SwissProt	0.4255	0.689	0.6268656716417911
MC03_gaco00000000_1	AF-A5IZ52-F1-model_v6	0.076	52	10	61	1191	1238	67	1478	0.776	0.032	0.6824	0.5268	0.03121	0.2503	46	AF-A5IZ52-F1-model_v6 DNA-directed RNA polymerase subunit beta'	MC03	gaco00000000_1	AlphaFold_SwissProt	0.5268	0.6824	0.7761194029850746
MC03_gaco00000000_1	AF-P54646-F1-model_v6	0.045	87	8	65	403	480	67	552	0.866	0.141	0.5405	0.4836	0.07915	0.2502	42	AF-P54646-F1-model_v6 5'-AMP-activated protein kinase catalytic subunit alpha-2	MC03	gaco00000000_1	AlphaFold_SwissProt	0.4836	0.5405	1.2985074626865671
MC03_gaco00000000_1	AF-Q4A970-F1-model_v6	0.057	52	10	61	1175	1222	67	1412	0.776	0.034	0.6772	0.5215	0.03252	0.2495	46	AF-Q4A970-F1-model_v6 DNA-directed RNA polymerase subunit beta'	MC03	gaco00000000_1	AlphaFold_SwissProt	0.5215	0.6772	0.7761194029850746
MC03_gaco00000000_1	AF-Q13131-2-F1-model_v6	0.036	136	9	65	423	549	67	574	0.851	0.221	0.5475	0.4831	0.0754	0.249	42	AF-Q13131-2-F1-model_v6 5'-AMP-activated protein kinase catalytic subunit alpha-1	MC03	gaco00000000_1	AlphaFold_SwissProt	0.4831	0.5475	2.029850746268657
MC03_gaco00000000_1	AF-Q28948-F1-model_v6	0.016	369	10	64	167	526	67	552	0.821	0.652	0.5603	0.479	0.07545	0.2485	42	AF-Q28948-F1-model_v6 5'-AMP-activated protein kinase catalytic subunit alpha-2	MC03	gaco00000000_1	AlphaFold_SwissProt	0.479	0.5603	5.507462686567164
MC03_gaco00000000_1	AF-Q5VWJ9-F1-model_v6	0.0	76	16	66	90	164	67	437	0.761	0.172	0.562	0.4677	0.09967	0.2475	39	AF-Q5VWJ9-F1-model_v6 Sorting nexin-30	MC03	gaco00000000_1	AlphaFold_SwissProt	0.4677	0.562	1.1343283582089552
MC03_gaco00000000_1	AF-Q4PSN8-F1-model_v6	0.017	340	1	61	18	342	67	410	0.91	0.793	0.4873	0.4511	0.09682	0.2455	39	AF-Q4PSN8-F1-model_v6 F-box protein At3g19890	MC03	gaco00000000_1	AlphaFold_SwissProt	0.4511	0.4873	5.074626865671642
MC03_gaco00000000_1	AF-Q09137-F1-model_v6	0.037	134	9	64	403	526	67	552	0.836	0.225	0.5433	0.4728	0.07546	0.2452	41	AF-Q09137-F1-model_v6 5'-AMP-activated protein kinase catalytic subunit alpha-2	MC03	gaco00000000_1	AlphaFold_SwissProt	0.4728	0.5433	2.0
MC03_gaco00000000_1	AF-Q6PHS6-F1-model_v6	0.037	79	14	64	556	632	67	957	0.761	0.08	0.6111	0.502	0.04815	0.2422	43	AF-Q6PHS6-F1-model_v6 Sorting nexin-13	MC03	gaco00000000_1	AlphaFold_SwissProt	0.502	0.6111	1.1791044776119404
MC03_gaco00000000_1	AF-Q4V7P7-F1-model_v6	0.012	78	15	66	104	180	67	452	0.776	0.17	0.5426	0.4613	0.09659	0.2421	39	AF-Q4V7P7-F1-model_v6 Sorting nexin-30	MC03	gaco00000000_1	AlphaFold_SwissProt	0.4613	0.5426	1.164179104477612
MC03_gaco00000000_1	AF-F4IFN6-F1-model_v6	0.027	146	3	67	11	148	67	2138	0.97	0.065	0.5507	0.5336	0.02533	0.2416	45	AF-F4IFN6-F1-model_v6 DNA polymerase epsilon catalytic subunit B	MC03	gaco00000000_1	AlphaFold_SwissProt	0.5336	0.5507	2.1791044776119404
MC03_gaco00000000_1	AF-Q28E02-F1-model_v6	0.012	79	15	66	98	174	67	446	0.776	0.173	0.54	0.4584	0.09652	0.2414	38	AF-Q28E02-F1-model_v6 Sorting nexin-30	MC03	gaco00000000_1	AlphaFold_SwissProt	0.4584	0.54	1.1791044776119404
MC03_gaco00000000_1	AF-Q5PNP1-F1-model_v6	0.034	86	12	63	552	634	67	934	0.776	0.089	0.589	0.4829	0.04748	0.2408	43	AF-Q5PNP1-F1-model_v6 Sorting nexin-14	MC03	gaco00000000_1	AlphaFold_SwissProt	0.4829	0.589	1.2835820895522387
MC03_gaco00000000_1	AF-B3QZS3-F1-model_v6	0.018	110	1	64	35	127	67	686	0.955	0.136	0.4803	0.4586	0.06138	0.2355	41	AF-B3QZS3-F1-model_v6 ATP-dependent zinc metalloprotease FtsH 2	MC03	gaco00000000_1	AlphaFold_SwissProt	0.4586	0.4803	1.6417910447761195
MC03_gaco00000000_1	AF-P58968-F1-model_v6	0.028	104	8	59	396	495	67	516	0.776	0.194	0.54	0.4521	0.08142	0.2346	38	AF-P58968-F1-model_v6 Probable 2-isopropylmalate synthase	MC03	gaco00000000_1	AlphaFold_SwissProt	0.4521	0.54	1.5522388059701493
MC03_gaco00000000_1	AF-Q9VPH7-F1-model_v6	0.03	100	19	65	26	121	67	438	0.701	0.219	0.5506	0.4261	0.08656	0.2288	37	AF-Q9VPH7-F1-model_v6 Eukaryotic peptide chain release factor subunit 1	MC03	gaco00000000_1	AlphaFold_SwissProt	0.4261	0.5506	1.492537313432836
MC03_gaco00000000_1	AF-Q5A029-F1-model_v6	0.033	89	3	65	720	792	67	941	0.94	0.078	0.4359	0.4142	0.04494	0.198	35	AF-Q5A029-F1-model_v6 Cell wall protein IFF3	MC03	gaco00000000_1	AlphaFold_SwissProt	0.4142	0.4359	1.328358208955224
MC03_gaco00000000_1	AF-P70399-F1-model_v6	0.002	839	1	67	458	1277	67	1969	1.0	0.416	0.4252	0.4208	0.02269	0.1926	36	AF-P70399-F1-model_v6 TP53-binding protein 1	MC03	gaco00000000_1	AlphaFold_SwissProt	0.4208	0.4252	12.522388059701493
MC03_gaco00000000_1	AF-Q9GR88-F1-model_v6	0.016	300	1	67	139	414	67	435	1.0	0.634	0.3635	0.3601	0.08223	0.1888	29	AF-Q9GR88-F1-model_v6 Eukaryotic peptide chain release factor subunit 1	MC03	gaco00000000_1	AlphaFold_SwissProt	0.3601	0.3635	4.477611940298507
MC03_gaco00000000_1	AF-Q5A849-F1-model_v6	0.053	56	16	67	343	393	67	1225	0.776	0.042	0.4774	0.4015	0.03502	0.1857	33	AF-Q5A849-F1-model_v6 Hyphally regulated cell wall protein 4	MC03	gaco00000000_1	AlphaFold_SwissProt	0.4015	0.4774	0.835820895522388
MC03_gaco00000000_1	AF-P35615-F1-model_v6	0.025	78	1	58	294	349	67	437	0.866	0.128	0.3949	0.3455	0.07176	0.1842	29	AF-P35615-F1-model_v6 Eukaryotic peptide chain release factor subunit 1	MC03	gaco00000000_1	AlphaFold_SwissProt	0.3455	0.3949	1.164179104477612
MC03_gaco00000000_1	AF-Q59019-F1-model_v6	0.038	104	4	61	12	99	67	765	0.866	0.115	0.411	0.3698	0.04737	0.1834	32	AF-Q59019-F1-model_v6 Uncharacterized protein MJ1626	MC03	gaco00000000_1	AlphaFold_SwissProt	0.3698	0.411	1.5522388059701493
MC03_gaco00000000_1	AF-Q59XA7-F1-model_v6	0.005	192	1	65	44	213	67	1249	0.97	0.136	0.353	0.3434	0.03085	0.1573	28	AF-Q59XA7-F1-model_v6 Hyphally regulated cell wall protein 3	MC03	gaco00000000_1	AlphaFold_SwissProt	0.3434	0.353	2.8656716417910446
MC01_gjbk00000000_1	AF-B3A0N9-F1-model_v6	0.514	35	8	41	2	35	42	36	0.81	0.944	0.743	0.6141	0.6953	0.5833	55	AF-B3A0N9-F1-model_v6 Serine protease inhibitor 2	MC01	gjbk00000000_1	AlphaFold_SwissProt	0.6141	0.743	0.8333333333333334
MC01_gjbk00000000_1	AF-A0A7M6UNN1-F1-model_v6	0.309	42	5	40	37	78	42	80	0.857	0.525	0.733	0.6368	0.367	0.4618	57	AF-A0A7M6UNN1-F1-model_v6 Small pacifastin protease inhibitor	MC01	gjbk00000000_1	AlphaFold_SwissProt	0.6368	0.733	1.0
MC01_gjbk00000000_1	AF-P80060-F1-model_v6	0.6	30	9	38	59	88	42	92	0.714	0.326	0.8387	0.616	0.2985	0.4393	58	AF-P80060-F1-model_v6 Protease inhibitors	MC01	gjbk00000000_1	AlphaFold_SwissProt	0.616	0.8387	0.7142857142857143
MC01_gjbk00000000_1	AF-A0A6B9L3M7-F1-model_v6	0.545	33	9	41	61	93	42	96	0.786	0.344	0.7766	0.6198	0.2966	0.4375	58	AF-A0A6B9L3M7-F1-model_v6 U-reduvitoxin-Pr12a	MC01	gjbk00000000_1	AlphaFold_SwissProt	0.6198	0.7766	0.7857142857142857
MC01_gjbk00000000_1	AF-O46162-F1-model_v6	0.6	30	9	38	59	88	42	92	0.714	0.326	0.83	0.6118	0.2974	0.4371	58	AF-O46162-F1-model_v6 Serine protease inhibitor I/II	MC01	gjbk00000000_1	AlphaFold_SwissProt	0.6118	0.83	0.7142857142857143
MC01_gjbk00000000_1	AF-A0A6B9KZ59-F1-model_v6	0.6	30	9	38	60	89	42	139	0.714	0.216	0.837	0.6126	0.2007	0.3881	57	AF-A0A6B9KZ59-F1-model_v6 U-reduvitoxin-Pr21	MC01	gjbk00000000_1	AlphaFold_SwissProt	0.6126	0.837	0.7142857142857143
MC01_gjbk00000000_1	AF-Q9I8Q3-F1-model_v6	0.171	35	8	41	120	152	42	193	0.81	0.171	0.8072	0.6501	0.1578	0.3738	59	AF-Q9I8Q3-F1-model_v6 Cryptic protein	MC01	gjbk00000000_1	AlphaFold_SwissProt	0.6501	0.8072	0.8333333333333334
MC01_gjbk00000000_1	AF-A0A087WT01-F1-model_v6	0.166	36	6	40	64	98	42	109	0.833	0.321	0.6198	0.5446	0.2557	0.3506	46	AF-A0A087WT01-F1-model_v6 T cell receptor alpha variable 27	MC01	gjbk00000000_1	AlphaFold_SwissProt	0.5446	0.6198	0.8571428571428571
MC01_gjbk00000000_1	AF-Q6KZ41-F1-model_v6	0.034	29	12	40	57	85	42	91	0.69	0.319	0.6472	0.4974	0.263	0.3409	43	AF-Q6KZ41-F1-model_v6 Ribonuclease P protein component 4	MC01	gjbk00000000_1	AlphaFold_SwissProt	0.4974	0.6472	0.6904761904761905
MC01_gjbk00000000_1	AF-O30127-F1-model_v6	0.107	28	11	38	72	99	42	107	0.667	0.262	0.6647	0.4986	0.2247	0.3273	43	AF-O30127-F1-model_v6 Ribonuclease P protein component 4	MC01	gjbk00000000_1	AlphaFold_SwissProt	0.4986	0.6647	0.6666666666666666
MC01_gjbk00000000_1	AF-A3CX01-F1-model_v6	0.034	29	11	39	74	102	42	105	0.69	0.276	0.6425	0.4964	0.2311	0.3265	43	AF-A3CX01-F1-model_v6 Ribonuclease P protein component 4	MC01	gjbk00000000_1	AlphaFold_SwissProt	0.4964	0.6425	0.6904761904761905
MC01_gjbk00000000_1	AF-B8GET9-F1-model_v6	0.032	31	11	40	74	103	42	106	0.714	0.283	0.6304	0.4969	0.2289	0.3237	42	AF-B8GET9-F1-model_v6 Ribonuclease P protein component 4	MC01	gjbk00000000_1	AlphaFold_SwissProt	0.4969	0.6304	0.7380952380952381
MC01_gjbk00000000_1	AF-Q01453-F1-model_v6	0.076	52	1	42	22	67	42	160	1.0	0.287	0.5477	0.539	0.1825	0.3182	46	AF-Q01453-F1-model_v6 Peripheral myelin protein 22	MC01	gjbk00000000_1	AlphaFold_SwissProt	0.539	0.5477	1.2380952380952381
MC01_gjbk00000000_1	AF-Q12VV9-F1-model_v6	0.071	28	11	38	78	105	42	108	0.667	0.259	0.6417	0.4833	0.2189	0.3161	42	AF-Q12VV9-F1-model_v6 Ribonuclease P protein component 4	MC01	gjbk00000000_1	AlphaFold_SwissProt	0.4833	0.6417	0.6666666666666666
MC01_gjbk00000000_1	AF-P38565-F1-model_v6	0.092	54	6	42	174	227	42	398	0.881	0.136	0.6778	0.6116	0.08547	0.3084	53	AF-P38565-F1-model_v6 Integumentary mucin B.1 (Fragment)	MC01	gjbk00000000_1	AlphaFold_SwissProt	0.6116	0.6778	1.2857142857142858
MC01_gjbk00000000_1	AF-Q2NGR3-F1-model_v6	0.074	27	12	38	75	101	42	104	0.643	0.26	0.6174	0.4693	0.2227	0.306	40	AF-Q2NGR3-F1-model_v6 Ribonuclease P protein component 4	MC01	gjbk00000000_1	AlphaFold_SwissProt	0.4693	0.6174	0.6428571428571429
MC01_gjbk00000000_1	AF-A7I9J3-F1-model_v6	0.034	29	12	39	75	102	42	104	0.667	0.269	0.5865	0.462	0.2214	0.3036	39	AF-A7I9J3-F1-model_v6 Ribonuclease P protein component 4	MC01	gjbk00000000_1	AlphaFold_SwissProt	0.462	0.5865	0.6904761904761905
MC01_gjbk00000000_1	AF-Q58D84-F1-model_v6	0.179	39	7	42	234	269	42	307	0.857	0.117	0.6422	0.5701	0.1001	0.2928	48	AF-Q58D84-F1-model_v6 Follistatin-related protein 1	MC01	gjbk00000000_1	AlphaFold_SwissProt	0.5701	0.6422	0.9285714285714286
MC01_gjbk00000000_1	AF-Q5V323-F1-model_v6	0.038	26	12	37	109	134	42	134	0.619	0.194	0.6478	0.4624	0.1694	0.2888	41	AF-Q5V323-F1-model_v6 Translation initiation factor 2 subunit beta	MC01	gjbk00000000_1	AlphaFold_SwissProt	0.4624	0.6478	0.6190476190476191
MC01_gjbk00000000_1	AF-Q3E7D1-F1-model_v6	0.036	109	8	42	165	271	42	403	0.833	0.266	0.6672	0.5784	0.0771	0.2869	49	AF-Q3E7D1-F1-model_v6 F-box protein At2g40925	MC01	gjbk00000000_1	AlphaFold_SwissProt	0.5784	0.6672	2.5952380952380953
MC01_gjbk00000000_1	AF-Q24025-F1-model_v6	0.132	53	6	42	747	796	42	1038	0.881	0.048	0.6843	0.6098	0.03151	0.2852	53	AF-Q24025-F1-model_v6 Dorsal-ventral patterning protein Sog	MC01	gjbk00000000_1	AlphaFold_SwissProt	0.6098	0.6843	1.2619047619047619
MC01_gjbk00000000_1	AF-Q5R9Y1-F1-model_v6	0.184	38	7	41	233	267	42	306	0.833	0.114	0.632	0.5509	0.09672	0.2827	47	AF-Q5R9Y1-F1-model_v6 Follistatin-related protein 1	MC01	gjbk00000000_1	AlphaFold_SwissProt	0.5509	0.632	0.9047619047619048
MC01_gjbk00000000_1	AF-Q9LMB0-F1-model_v6	0.031	63	6	42	63	125	42	350	0.881	0.18	0.617	0.561	0.0936	0.2805	46	AF-Q9LMB0-F1-model_v6 Putative F-box protein At1g19160	MC01	gjbk00000000_1	AlphaFold_SwissProt	0.561	0.617	1.5
MC01_gjbk00000000_1	AF-Q62356-F1-model_v6	0.263	38	7	42	233	268	42	306	0.857	0.118	0.6146	0.5514	0.1019	0.2801	46	AF-Q62356-F1-model_v6 Follistatin-related protein 1	MC01	gjbk00000000_1	AlphaFold_SwissProt	0.5514	0.6146	0.9047619047619048
MC01_gjbk00000000_1	AF-Q97W59-F1-model_v6	0.035	28	12	38	113	139	42	139	0.643	0.194	0.6135	0.4544	0.1628	0.2781	39	AF-Q97W59-F1-model_v6 Translation initiation factor 2 subunit beta	MC01	gjbk00000000_1	AlphaFold_SwissProt	0.4544	0.6135	0.6666666666666666
MC01_gjbk00000000_1	AF-Q974Z6-F1-model_v6	0.071	28	12	38	113	139	42	139	0.643	0.194	0.6111	0.452	0.1627	0.2778	39	AF-Q974Z6-F1-model_v6 Translation initiation factor 2 subunit beta	MC01	gjbk00000000_1	AlphaFold_SwissProt	0.452	0.6111	0.6666666666666666
MC01_gjbk00000000_1	AF-A4YEI1-F1-model_v6	0.071	28	12	38	114	140	42	140	0.643	0.193	0.6107	0.452	0.1616	0.2773	39	AF-A4YEI1-F1-model_v6 Translation initiation factor 2 subunit beta	MC01	gjbk00000000_1	AlphaFold_SwissProt	0.452	0.6107	0.6666666666666666
MC01_gjbk00000000_1	AF-C3NMA3-F1-model_v6	0.076	26	12	37	113	138	42	139	0.619	0.187	0.6063	0.45	0.1625	0.2739	39	AF-C3NMA3-F1-model_v6 Translation initiation factor 2 subunit beta	MC01	gjbk00000000_1	AlphaFold_SwissProt	0.45	0.6063	0.6190476190476191
MC01_gjbk00000000_1	AF-Q980K2-F1-model_v6	0.0	32	13	40	12	39	42	114	0.667	0.246	0.5423	0.4236	0.1848	0.2704	36	AF-Q980K2-F1-model_v6 Transcription factor S1	MC01	gjbk00000000_1	AlphaFold_SwissProt	0.4236	0.5423	0.7619047619047619
MC01_gjbk00000000_1	AF-Q9VSK8-F1-model_v6	0.075	79	5	40	236	313	42	597	0.857	0.131	0.6174	0.54	0.05259	0.2684	48	AF-Q9VSK8-F1-model_v6 Zinc finger CCCH domain-containing protein 3	MC01	gjbk00000000_1	AlphaFold_SwissProt	0.54	0.6174	1.880952380952381
MC01_gjbk00000000_1	AF-Q97B05-F1-model_v6	0.045	66	7	42	142	207	42	208	0.857	0.317	0.526	0.477	0.1423	0.2643	39	AF-Q97B05-F1-model_v6 Translation initiation factor 2 subunit beta	MC01	gjbk00000000_1	AlphaFold_SwissProt	0.477	0.526	1.5714285714285714
MC01_gjbk00000000_1	AF-A3DNI8-F1-model_v6	0.017	113	1	38	29	132	42	142	0.905	0.732	0.4837	0.447	0.1682	0.2642	36	AF-A3DNI8-F1-model_v6 Translation initiation factor 2 subunit beta	MC01	gjbk00000000_1	AlphaFold_SwissProt	0.447	0.4837	2.6904761904761907
MC01_gjbk00000000_1	AF-Q5I6B8-F1-model_v6	0.016	181	1	37	12	191	42	688	0.881	0.262	0.5933	0.5428	0.0488	0.2467	44	AF-Q5I6B8-F1-model_v6 Phosphatidylinositol 4-phosphate 5-kinase type-1 gamma	MC01	gjbk00000000_1	AlphaFold_SwissProt	0.5428	0.5933	4.309523809523809
MC01_gjbk00000000_1	AF-Q3ED78-F1-model_v6	0.076	26	12	37	147	172	42	470	0.619	0.055	0.6492	0.474	0.05257	0.2437	43	AF-Q3ED78-F1-model_v6 Zinc finger CCCH domain-containing protein 7	MC01	gjbk00000000_1	AlphaFold_SwissProt	0.474	0.6492	0.6190476190476191
MC01_gjbk00000000_1	AF-Q6FNU4-F1-model_v6	0.018	106	5	42	127	232	42	1281	0.905	0.083	0.6004	0.5555	0.02808	0.2429	45	AF-Q6FNU4-F1-model_v6 Protein transport protein SEC31	MC01	gjbk00000000_1	AlphaFold_SwissProt	0.5555	0.6004	2.5238095238095237
MC01_gjbk00000000_1	AF-Q9Y7N7-F1-model_v6	0.002	447	12	42	31	477	42	538	0.738	0.831	0.6176	0.503	0.05352	0.2414	42	AF-Q9Y7N7-F1-model_v6 Cytosolic Fe-S cluster assembly factor NAR1 homolog	MC01	gjbk00000000_1	AlphaFold_SwissProt	0.503	0.6176	10.642857142857142
MC01_gjbk00000000_1	AF-Q8CEC0-2-F1-model_v6	0.004	417	13	41	61	477	42	747	0.69	0.558	0.6443	0.4866	0.03618	0.2366	43	AF-Q8CEC0-2-F1-model_v6 Nuclear pore complex protein Nup88	MC01	gjbk00000000_1	AlphaFold_SwissProt	0.4866	0.6443	9.928571428571429
MC01_gjbk00000000_1	AF-O82379-F1-model_v6	0.011	87	5	37	175	261	42	387	0.786	0.225	0.5589	0.4757	0.0747	0.2364	39	AF-O82379-F1-model_v6 F-box/LRR-repeat/kelch-repeat protein At2g29770	MC01	gjbk00000000_1	AlphaFold_SwissProt	0.4757	0.5589	2.0714285714285716
MC01_gjbk00000000_1	AF-Q8CEC0-3-F1-model_v6	0.004	417	13	40	61	477	42	742	0.667	0.562	0.6575	0.4869	0.03546	0.2362	43	AF-Q8CEC0-3-F1-model_v6 Nuclear pore complex protein Nup88	MC01	gjbk00000000_1	AlphaFold_SwissProt	0.4869	0.6575	9.928571428571429
MC01_gjbk00000000_1	AF-P55991-F1-model_v6	0.0	42	9	38	693	734	42	736	0.714	0.057	0.6012	0.4777	0.03801	0.2323	42	AF-P55991-F1-model_v6 DNA topoisomerase 1	MC01	gjbk00000000_1	AlphaFold_SwissProt	0.4777	0.6012	1.0
MC01_gjbk00000000_1	AF-Q8CDE2-F1-model_v6	0.01	98	5	42	416	512	42	588	0.905	0.165	0.4871	0.4633	0.05611	0.227	39	AF-Q8CDE2-F1-model_v6 Calicin	MC01	gjbk00000000_1	AlphaFold_SwissProt	0.4633	0.4871	2.3333333333333335
MC01_gjbk00000000_1	AF-P70261-F1-model_v6	0.0	28	12	38	51	77	42	859	0.643	0.031	0.6553	0.4737	0.02901	0.2253	42	AF-P70261-F1-model_v6 Paladin	MC01	gjbk00000000_1	AlphaFold_SwissProt	0.4737	0.6553	0.6666666666666666
MC01_gjbk00000000_1	AF-P13002-3-F1-model_v6	0.011	263	6	39	109	367	42	1302	0.81	0.199	0.545	0.4643	0.02175	0.211	40	AF-P13002-3-F1-model_v6 Protein grainyhead	MC01	gjbk00000000_1	AlphaFold_SwissProt	0.4643	0.545	6.261904761904762
MC01_gjbk00000000_1	AF-A7GRN4-F1-model_v6	0.049	61	3	37	162	214	42	255	0.833	0.208	0.4502	0.4029	0.09222	0.2066	32	AF-A7GRN4-F1-model_v6 Cell division protein DivIB	MC01	gjbk00000000_1	AlphaFold_SwissProt	0.4029	0.4502	1.4523809523809523
MC01_gjbk00000000_1	AF-P13002-F1-model_v6	0.064	31	12	38	195	225	42	1333	0.643	0.023	0.5966	0.4504	0.01951	0.2038	38	AF-P13002-F1-model_v6 Protein grainyhead	MC01	gjbk00000000_1	AlphaFold_SwissProt	0.4504	0.5966	0.7380952380952381
MC01_gjbk00000000_1	AF-B3NKH7-F1-model_v6	0.005	376	12	42	37	409	42	477	0.738	0.782	0.5082	0.413	0.05325	0.203	35	AF-B3NKH7-F1-model_v6 Probable cytosolic Fe-S cluster assembly factor GG21400	MC01	gjbk00000000_1	AlphaFold_SwissProt	0.413	0.5082	8.952380952380953
MC01_gjbk00000000_1	AF-Q803E0-F1-model_v6	0.037	27	12	38	39	65	42	860	0.643	0.031	0.5371	0.4294	0.02959	0.1969	36	AF-Q803E0-F1-model_v6 Paladin	MC01	gjbk00000000_1	AlphaFold_SwissProt	0.4294	0.5371	0.6428571428571429
MC01_gjbk00000000_1	AF-Q6DIR8-F1-model_v6	0.0	78	8	38	3	77	42	872	0.738	0.086	0.4954	0.4176	0.02978	0.1888	34	AF-Q6DIR8-F1-model_v6 Paladin	MC01	gjbk00000000_1	AlphaFold_SwissProt	0.4176	0.4954	1.8571428571428572
MC01_gjbk00000000_1	AF-Q06640-F1-model_v6	0.011	89	1	41	199	278	42	478	0.976	0.167	0.4186	0.4084	0.05808	0.1852	31	AF-Q06640-F1-model_v6 F-box protein YDR306C	MC01	gjbk00000000_1	AlphaFold_SwissProt	0.4084	0.4186	2.119047619047619
MC06_brassicogethes_aeneus_2	AF-P86794-F1-model_v6	0.114	35	1	33	6	38	33	41	1.0	0.805	0.6674	0.6553	0.5661	0.5008	51	AF-P86794-F1-model_v6 Trypsin inhibitor 2c	MC06	brassicogethes_aeneus_2	AlphaFold_SwissProt	0.6553	0.6674	1.0606060606060606
MC06_brassicogethes_aeneus_2	AF-Q54I57-F1-model_v6	0.058	34	1	33	21	54	33	90	1.0	0.378	0.695	0.6842	0.319	0.4082	51	AF-Q54I57-F1-model_v6 c-Myc-binding protein homolog	MC06	brassicogethes_aeneus_2	AlphaFold_SwissProt	0.6842	0.695	1.0303030303030303
MC06_brassicogethes_aeneus_2	AF-Q99417-F1-model_v6	0.088	34	1	33	25	58	33	103	1.0	0.33	0.6956	0.6847	0.2825	0.3935	51	AF-Q99417-F1-model_v6 c-Myc-binding protein	MC06	brassicogethes_aeneus_2	AlphaFold_SwissProt	0.6847	0.6956	1.0303030303030303
MC06_brassicogethes_aeneus_2	AF-Q2TBP7-F1-model_v6	0.088	34	1	33	25	58	33	103	1.0	0.33	0.6948	0.6839	0.2823	0.3929	51	AF-Q2TBP7-F1-model_v6 c-Myc-binding protein	MC06	brassicogethes_aeneus_2	AlphaFold_SwissProt	0.6839	0.6948	1.0303030303030303
MC06_brassicogethes_aeneus_2	AF-Q9EQS3-F1-model_v6	0.088	34	1	33	25	58	33	103	1.0	0.33	0.695	0.6841	0.2823	0.3926	51	AF-Q9EQS3-F1-model_v6 c-Myc-binding protein	MC06	brassicogethes_aeneus_2	AlphaFold_SwissProt	0.6841	0.695	1.0303030303030303
MC06_brassicogethes_aeneus_2	AF-Q5R7A8-F1-model_v6	0.088	34	1	33	25	58	33	103	1.0	0.33	0.6949	0.684	0.2824	0.3924	51	AF-Q5R7A8-F1-model_v6 c-Myc-binding protein	MC06	brassicogethes_aeneus_2	AlphaFold_SwissProt	0.684	0.6949	1.0303030303030303
MC06_brassicogethes_aeneus_2	AF-Q5R4Z3-F1-model_v6	0.0	32	1	29	77	103	33	127	0.879	0.213	0.66	0.5619	0.1724	0.3333	49	AF-Q5R4Z3-F1-model_v6 Mitochondrial pyruvate carrier 2	MC06	brassicogethes_aeneus_2	AlphaFold_SwissProt	0.5619	0.66	0.9696969696969697
MC06_brassicogethes_aeneus_2	AF-P78381-3-F1-model_v6	0.027	37	1	33	47	81	33	242	1.0	0.145	0.6883	0.6754	0.1195	0.3309	54	AF-P78381-3-F1-model_v6 UDP-galactose translocator	MC06	brassicogethes_aeneus_2	AlphaFold_SwissProt	0.6754	0.6883	1.121212121212121
MC06_brassicogethes_aeneus_2	AF-P0C047-F1-model_v6	0.0	33	1	29	33	62	33	104	0.879	0.288	0.608	0.5499	0.2156	0.3302	45	AF-P0C047-F1-model_v6 Type VII secretion system extracellular protein B	MC06	brassicogethes_aeneus_2	AlphaFold_SwissProt	0.5499	0.608	1.0
MC06_brassicogethes_aeneus_2	AF-O01578-F1-model_v6	0.031	32	1	29	76	102	33	133	0.879	0.203	0.6642	0.5638	0.165	0.3274	49	AF-O01578-F1-model_v6 Probable mitochondrial pyruvate carrier 2	MC06	brassicogethes_aeneus_2	AlphaFold_SwissProt	0.5638	0.6642	0.9696969696969697
MC06_brassicogethes_aeneus_2	AF-Q28UC6-F1-model_v6	0.025	40	1	33	154	193	33	193	1.0	0.207	0.6566	0.646	0.1525	0.3214	49	AF-Q28UC6-F1-model_v6 ATP synthase subunit b 2	MC06	brassicogethes_aeneus_2	AlphaFold_SwissProt	0.646	0.6566	1.2121212121212122
MC06_brassicogethes_aeneus_2	AF-A6SZQ0-F1-model_v6	0.0	34	1	33	200	232	33	293	1.0	0.113	0.6731	0.6622	0.1024	0.306	51	AF-A6SZQ0-F1-model_v6 Elongation factor Ts	MC06	brassicogethes_aeneus_2	AlphaFold_SwissProt	0.6622	0.6731	1.0303030303030303
MC06_brassicogethes_aeneus_2	AF-Q04EL5-F1-model_v6	0.1	30	5	33	3	31	33	107	0.879	0.271	0.5582	0.5142	0.2081	0.3015	40	AF-Q04EL5-F1-model_v6 DNA-directed RNA polymerase subunit omega	MC06	brassicogethes_aeneus_2	AlphaFold_SwissProt	0.5142	0.5582	0.9090909090909091
MC06_brassicogethes_aeneus_2	AF-Q18691-F1-model_v6	0.057	35	1	33	50	83	33	326	1.0	0.104	0.6266	0.6155	0.08878	0.2907	49	AF-Q18691-F1-model_v6 Protein FAM50 homolog	MC06	brassicogethes_aeneus_2	AlphaFold_SwissProt	0.6155	0.6266	1.0606060606060606
MC06_brassicogethes_aeneus_2	AF-P38718-F1-model_v6	0.054	37	1	31	12	41	33	127	0.939	0.236	0.5117	0.473	0.1579	0.2862	42	AF-P38718-F1-model_v6 Mitochondrial pyruvate carrier 2	MC06	brassicogethes_aeneus_2	AlphaFold_SwissProt	0.473	0.5117	1.121212121212121
MC06_brassicogethes_aeneus_2	AF-Q5WSZ9-F1-model_v6	0.064	31	1	28	187	213	33	421	0.848	0.064	0.637	0.5433	0.05398	0.2636	47	AF-Q5WSZ9-F1-model_v6 UPF0229 protein lpl2726	MC06	brassicogethes_aeneus_2	AlphaFold_SwissProt	0.5433	0.637	0.9393939393939394
MC06_brassicogethes_aeneus_2	AF-Q9I7K6-F1-model_v6	0.064	31	1	29	305	331	33	492	0.879	0.055	0.6335	0.5467	0.04804	0.2589	47	AF-Q9I7K6-F1-model_v6 Nuclear autoantigenic sperm protein homolog	MC06	brassicogethes_aeneus_2	AlphaFold_SwissProt	0.5467	0.6335	0.9393939393939394
MC06_brassicogethes_aeneus_2	AF-Q5X186-F1-model_v6	0.0	110	1	33	269	372	33	421	1.0	0.247	0.5478	0.5364	0.05904	0.2577	45	AF-Q5X186-F1-model_v6 UPF0229 protein lpp2857	MC06	brassicogethes_aeneus_2	AlphaFold_SwissProt	0.5364	0.5478	3.3333333333333335
MC06_brassicogethes_aeneus_2	AF-A5IHY4-F1-model_v6	0.129	31	1	28	186	212	33	420	0.848	0.064	0.6185	0.5328	0.05368	0.2526	45	AF-A5IHY4-F1-model_v6 UPF0229 protein LPC_3097	MC06	brassicogethes_aeneus_2	AlphaFold_SwissProt	0.5328	0.6185	0.9393939393939394
MC06_brassicogethes_aeneus_2	AF-Q08A72-F1-model_v6	0.078	38	1	32	67	98	33	429	0.97	0.075	0.5462	0.5238	0.05567	0.2524	44	AF-Q08A72-F1-model_v6 Protein EMSY-LIKE 4	MC06	brassicogethes_aeneus_2	AlphaFold_SwissProt	0.5238	0.5462	1.1515151515151516
MC06_brassicogethes_aeneus_2	AF-P0DTS9-F1-model_v6	0.035	57	1	33	145	198	33	280	1.0	0.193	0.5335	0.5254	0.09344	0.2448	39	AF-P0DTS9-F1-model_v6 NAD(+) hydrolase TirS	MC06	brassicogethes_aeneus_2	AlphaFold_SwissProt	0.5254	0.5335	1.7272727272727273
MC06_brassicogethes_aeneus_2	AF-P37964-F1-model_v6	0.031	32	1	28	282	310	33	341	0.848	0.085	0.5785	0.523	0.06859	0.2388	40	AF-P37964-F1-model_v6 Uncharacterized protein YsxE	MC06	brassicogethes_aeneus_2	AlphaFold_SwissProt	0.523	0.5785	0.9696969696969697
MC06_brassicogethes_aeneus_2	AF-P0A0A8-F1-model_v6	0.054	37	1	33	201	232	33	419	1.0	0.076	0.5422	0.528	0.0628	0.2233	38	AF-P0A0A8-F1-model_v6 Aminoacyltransferase FemB	MC06	brassicogethes_aeneus_2	AlphaFold_SwissProt	0.528	0.5422	1.121212121212121
MC06_brassicogethes_aeneus_2	AF-Q2FYR1-F1-model_v6	0.054	37	1	33	201	232	33	419	1.0	0.076	0.5444	0.5304	0.06263	0.222	38	AF-Q2FYR1-F1-model_v6 Aminoacyltransferase FemB	MC06	brassicogethes_aeneus_2	AlphaFold_SwissProt	0.5304	0.5444	1.121212121212121
MC06_brassicogethes_aeneus_2	AF-Q2YXZ4-F1-model_v6	0.054	37	1	33	201	232	33	419	1.0	0.076	0.5437	0.5298	0.06262	0.221	38	AF-Q2YXZ4-F1-model_v6 Aminoacyltransferase FemB	MC06	brassicogethes_aeneus_2	AlphaFold_SwissProt	0.5298	0.5437	1.121212121212121
MC06_brassicogethes_aeneus_2	AF-P95735-F1-model_v6	0.054	37	1	33	199	230	33	417	1.0	0.077	0.5323	0.5195	0.06272	0.2161	37	AF-P95735-F1-model_v6 Aminoacyltransferase FemB	MC06	brassicogethes_aeneus_2	AlphaFold_SwissProt	0.5195	0.5323	1.121212121212121
MC06_brassicogethes_aeneus_2	AF-Q5HPG5-F1-model_v6	0.054	37	1	33	199	230	33	417	1.0	0.077	0.5261	0.5138	0.06268	0.2121	36	AF-Q5HPG5-F1-model_v6 Aminoacyltransferase FemB	MC06	brassicogethes_aeneus_2	AlphaFold_SwissProt	0.5138	0.5261	1.121212121212121
MC18_ghma00000000_3	AF-U5KJZ2-F1-model_v6	0.008	120	1	53	37	139	53	194	1.0	0.531	0.4989	0.4917	0.1626	0.2967	43	AF-U5KJZ2-F1-model_v6 Lachesicidin	MC18	ghma00000000_3	AlphaFold_SwissProt	0.4917	0.4989	2.2641509433962264
MC18_ghma00000000_3	AF-Q03691-F1-model_v6	0.0	49	1	49	197	222	53	256	0.925	0.102	0.605	0.3694	0.09132	0.2117	33	AF-Q03691-F1-model_v6 Protein ROT1	MC18	ghma00000000_3	AlphaFold_SwissProt	0.3694	0.605	0.9245283018867925
MC21_heteronyx_sp_3	AF-Q10664-F1-model_v6	0.043	116	1	60	184	284	60	387	1.0	0.261	0.4497	0.4461	0.09781	0.2355	37	AF-Q10664-F1-model_v6 Dual specificity mitogen-activated protein kinase kinase mek-2	MC21	heteronyx_sp_3	AlphaFold_SwissProt	0.4461	0.4497	1.9333333333333333
MC21_heteronyx_sp_3	AF-Q941D1-2-F1-model_v6	0.057	70	5	50	66	123	60	148	0.767	0.392	0.3957	0.3359	0.1718	0.2184	27	AF-Q941D1-2-F1-model_v6 High mobility group B protein 12	MC21	heteronyx_sp_3	AlphaFold_SwissProt	0.3359	0.3957	1.1666666666666667
MC21_heteronyx_sp_3	AF-P16945-F1-model_v6	0.055	54	9	49	180	227	60	293	0.683	0.164	0.4713	0.363	0.09873	0.2051	31	AF-P16945-F1-model_v6 Outer membrane protein YopN	MC21	heteronyx_sp_3	AlphaFold_SwissProt	0.363	0.4713	0.9
MC21_heteronyx_sp_3	AF-P68640-F1-model_v6	0.054	55	9	49	180	227	60	293	0.683	0.164	0.4708	0.3627	0.0973	0.2043	31	AF-P68640-F1-model_v6 Outer membrane protein YopN	MC21	heteronyx_sp_3	AlphaFold_SwissProt	0.3627	0.4708	0.9166666666666666
MC21_heteronyx_sp_3	AF-Q663K1-F1-model_v6	0.054	55	9	49	180	227	60	293	0.683	0.164	0.4707	0.3626	0.09729	0.2042	31	AF-Q663K1-F1-model_v6 Outer membrane protein YopN	MC21	heteronyx_sp_3	AlphaFold_SwissProt	0.3626	0.4707	0.9166666666666666
MC09_gdlg00000000_1	AF-P0DPW3-F1-model_v6	0.061	65	4	44	26	84	45	88	0.911	0.67	0.6078	0.5567	0.319	0.4	49	AF-P0DPW3-F1-model_v6 U-scoloptoxin(01)-Tl1a	MC09	gdlg00000000_1	AlphaFold_SwissProt	0.5567	0.6078	1.4444444444444444
MC09_gdlg00000000_1	AF-O15428-F1-model_v6	0.15	40	8	38	9	47	45	100	0.689	0.39	0.5077	0.4109	0.2251	0.2736	33	AF-O15428-F1-model_v6 Putative PIN1-like protein	MC09	gdlg00000000_1	AlphaFold_SwissProt	0.4109	0.5077	0.8888888888888888
MC09_gdlg00000000_1	AF-C3MTQ0-F1-model_v6	0.015	64	1	45	46	96	45	104	1.0	0.49	0.3987	0.3935	0.216	0.2556	31	AF-C3MTQ0-F1-model_v6 Ribonuclease P protein component 4	MC09	gdlg00000000_1	AlphaFold_SwissProt	0.3935	0.3987	1.4222222222222223
MC09_gdlg00000000_1	AF-Q5BIN5-F1-model_v6	0.142	35	8	38	9	40	45	163	0.689	0.196	0.5007	0.4078	0.146	0.2374	33	AF-Q5BIN5-F1-model_v6 Peptidyl-prolyl cis-trans isomerase NIMA-interacting 1	MC09	gdlg00000000_1	AlphaFold_SwissProt	0.4078	0.5007	0.7777777777777778
MC09_gdlg00000000_1	AF-Q13526-F1-model_v6	0.138	36	8	38	9	40	45	163	0.689	0.196	0.5074	0.4046	0.142	0.2371	33	AF-Q13526-F1-model_v6 Peptidyl-prolyl cis-trans isomerase NIMA-interacting 1	MC09	gdlg00000000_1	AlphaFold_SwissProt	0.4046	0.5074	0.8
MC09_gdlg00000000_1	AF-Q9NZC7-3-F1-model_v6	0.024	82	8	44	20	91	45	189	0.822	0.381	0.4549	0.3913	0.1186	0.2285	34	AF-Q9NZC7-3-F1-model_v6 WW domain-containing oxidoreductase	MC09	gdlg00000000_1	AlphaFold_SwissProt	0.3913	0.4549	1.8222222222222222
MC09_gdlg00000000_1	AF-O34952-F1-model_v6	0.023	126	1	42	477	597	45	649	0.933	0.186	0.4939	0.4687	0.0512	0.2159	38	AF-O34952-F1-model_v6 Lipoteichoic acid synthase 2	MC09	gdlg00000000_1	AlphaFold_SwissProt	0.4687	0.4939	2.8
MC09_gdlg00000000_1	AF-P12258-F1-model_v6	0.033	60	1	39	67	122	45	644	0.867	0.087	0.4871	0.4442	0.04869	0.2049	36	AF-P12258-F1-model_v6 Transposable element Hobo transposase	MC09	gdlg00000000_1	AlphaFold_SwissProt	0.4442	0.4871	1.3333333333333333
MC09_gdlg00000000_1	AF-Q9FGK9-F1-model_v6	0.076	52	1	38	303	348	45	1350	0.844	0.034	0.5089	0.4496	0.02264	0.2044	38	AF-Q9FGK9-F1-model_v6 Protein transport protein SEC16A homolog	MC09	gdlg00000000_1	AlphaFold_SwissProt	0.4496	0.5089	1.1555555555555554
MC09_gdlg00000000_1	AF-Q9N2Z7-2-F1-model_v6	0.01	390	8	45	223	604	45	792	0.844	0.482	0.4905	0.4276	0.03469	0.2035	37	AF-Q9N2Z7-2-F1-model_v6 E3 ubiquitin-protein ligase wwp-1	MC09	gdlg00000000_1	AlphaFold_SwissProt	0.4276	0.4905	8.666666666666666
MC09_gdlg00000000_1	AF-Q9NZC7-6-F1-model_v6	0.024	83	8	45	20	92	45	311	0.844	0.235	0.4346	0.3864	0.0783	0.2034	33	AF-Q9NZC7-6-F1-model_v6 WW domain-containing oxidoreductase	MC09	gdlg00000000_1	AlphaFold_SwissProt	0.3864	0.4346	1.8444444444444446
MC09_gdlg00000000_1	AF-Q9N2Z7-4-F1-model_v6	0.0	33	8	37	81	110	45	505	0.667	0.059	0.5237	0.3999	0.04853	0.1984	34	AF-Q9N2Z7-4-F1-model_v6 E3 ubiquitin-protein ligase wwp-1	MC09	gdlg00000000_1	AlphaFold_SwissProt	0.3999	0.5237	0.7333333333333333
MC09_gdlg00000000_1	AF-Q9N2Z7-3-F1-model_v6	0.0	33	8	37	83	111	45	507	0.667	0.057	0.5243	0.4007	0.04776	0.198	34	AF-Q9N2Z7-3-F1-model_v6 E3 ubiquitin-protein ligase wwp-1	MC09	gdlg00000000_1	AlphaFold_SwissProt	0.4007	0.5243	0.7333333333333333
MC09_gdlg00000000_1	AF-Q7TNL3-F1-model_v6	0.019	254	1	45	189	433	45	435	1.0	0.563	0.4165	0.4116	0.07042	0.1937	31	AF-Q7TNL3-F1-model_v6 Serine/threonine-protein kinase 40	MC09	gdlg00000000_1	AlphaFold_SwissProt	0.4116	0.4165	5.644444444444445
MC09_gdlg00000000_1	AF-Q7TNL4-F1-model_v6	0.01	277	1	45	42	307	45	435	1.0	0.611	0.4045	0.3998	0.06762	0.189	31	AF-Q7TNL4-F1-model_v6 Serine/threonine-protein kinase 40	MC09	gdlg00000000_1	AlphaFold_SwissProt	0.3998	0.4045	6.155555555555556
MC09_gdlg00000000_1	AF-Q76N89-F1-model_v6	0.0	34	8	37	1022	1051	45	1606	0.667	0.019	0.5387	0.3994	0.0155	0.1856	35	AF-Q76N89-F1-model_v6 E3 ubiquitin-protein ligase HECW1	MC09	gdlg00000000_1	AlphaFold_SwissProt	0.3994	0.5387	0.7555555555555555
MC09_gdlg00000000_1	AF-Q5R9W5-F1-model_v6	0.016	184	1	45	223	391	45	414	1.0	0.408	0.3896	0.3847	0.06389	0.1842	30	AF-Q5R9W5-F1-model_v6 WW domain-containing oxidoreductase	MC09	gdlg00000000_1	AlphaFold_SwissProt	0.3847	0.3896	4.088888888888889
MC09_gdlg00000000_1	AF-Q5HHW4-F1-model_v6	0.0	35	3	35	125	151	45	228	0.733	0.118	0.415	0.3425	0.09369	0.1828	27	AF-Q5HHW4-F1-model_v6 Response regulator SaeR	MC09	gdlg00000000_1	AlphaFold_SwissProt	0.3425	0.415	0.7777777777777778
MC09_gdlg00000000_1	AF-Q9JLV1-F1-model_v6	0.037	79	3	44	420	486	45	577	0.933	0.116	0.4112	0.3886	0.04634	0.1811	31	AF-Q9JLV1-F1-model_v6 BAG family molecular chaperone regulator 3	MC09	gdlg00000000_1	AlphaFold_SwissProt	0.3886	0.4112	1.7555555555555555
MC09_gdlg00000000_1	AF-Q7WH33-F1-model_v6	0.006	157	9	39	265	421	45	885	0.689	0.177	0.4886	0.4028	0.03212	0.1791	32	AF-Q7WH33-F1-model_v6 Leucine--tRNA ligase	MC09	gdlg00000000_1	AlphaFold_SwissProt	0.4028	0.4886	3.488888888888889
MC09_gdlg00000000_1	AF-O95817-F1-model_v6	0.037	79	4	44	415	482	45	575	0.911	0.118	0.4049	0.3788	0.0465	0.1766	30	AF-O95817-F1-model_v6 BAG family molecular chaperone regulator 3	MC09	gdlg00000000_1	AlphaFold_SwissProt	0.3788	0.4049	1.7555555555555555
MC09_gdlg00000000_1	AF-Q02525-F1-model_v6	0.031	94	5	45	338	415	45	718	0.911	0.109	0.3846	0.3585	0.03266	0.1659	29	AF-Q02525-F1-model_v6 Zinc finger protein 39	MC09	gdlg00000000_1	AlphaFold_SwissProt	0.3585	0.3846	2.088888888888889
MC10_gdnw00000000_1	AF-O74092-F1-model_v6	0.054	37	1	33	3	37	33	67	1.0	0.522	0.6563	0.6424	0.3645	0.4407	54	AF-O74092-F1-model_v6 Archaeal histone B	MC10	gdnw00000000_1	AlphaFold_SwissProt	0.6424	0.6563	1.121212121212121
MC10_gdnw00000000_1	AF-Q9V1F5-F1-model_v6	0.054	37	1	33	3	37	33	67	1.0	0.522	0.6554	0.6416	0.3642	0.44	54	AF-Q9V1F5-F1-model_v6 Archaeal histone B	MC10	gdnw00000000_1	AlphaFold_SwissProt	0.6416	0.6554	1.121212121212121
MC10_gdnw00000000_1	AF-P95669-F1-model_v6	0.054	37	1	33	3	37	33	67	1.0	0.522	0.6538	0.6399	0.3629	0.4395	54	AF-P95669-F1-model_v6 Archaeal histone HAN1 subunit A	MC10	gdnw00000000_1	AlphaFold_SwissProt	0.6399	0.6538	1.121212121212121
MC10_gdnw00000000_1	AF-P50486-F1-model_v6	0.027	37	1	33	3	37	33	67	1.0	0.522	0.6533	0.6399	0.3665	0.4395	53	AF-P50486-F1-model_v6 Archaeal histone B	MC10	gdnw00000000_1	AlphaFold_SwissProt	0.6399	0.6533	1.121212121212121
MC10_gdnw00000000_1	AF-Q60264-F1-model_v6	0.081	37	1	33	3	37	33	67	1.0	0.522	0.6431	0.6299	0.3607	0.4291	52	AF-Q60264-F1-model_v6 Probable archaeal histone 4	MC10	gdnw00000000_1	AlphaFold_SwissProt	0.6299	0.6431	1.121212121212121
MC10_gdnw00000000_1	AF-Q58342-F1-model_v6	0.081	37	1	33	3	37	33	67	1.0	0.522	0.6387	0.6257	0.3593	0.4252	51	AF-Q58342-F1-model_v6 Probable archaeal histone 2	MC10	gdnw00000000_1	AlphaFold_SwissProt	0.6257	0.6387	1.121212121212121
MC10_gdnw00000000_1	AF-Q57632-F1-model_v6	0.081	37	1	33	3	37	33	67	1.0	0.522	0.6384	0.6255	0.3592	0.4252	51	AF-Q57632-F1-model_v6 Probable archaeal histone 1	MC10	gdnw00000000_1	AlphaFold_SwissProt	0.6255	0.6384	1.121212121212121
MC04_gdmq00000000_1	AF-Q05676-F1-model_v6	0.088	34	1	33	25	57	36	74	0.917	0.446	0.7252	0.6718	0.3734	0.4628	57	AF-Q05676-F1-model_v6 Protein SOM1, mitochondrial	MC04	gdmq00000000_1	AlphaFold_SwissProt	0.6718	0.7252	0.9444444444444444
MC04_gdmq00000000_1	AF-Q13361-2-F1-model_v6	0.097	41	1	36	79	118	36	163	1.0	0.245	0.7706	0.7559	0.2013	0.4106	62	AF-Q13361-2-F1-model_v6 Microfibrillar-associated protein 5	MC04	gdmq00000000_1	AlphaFold_SwissProt	0.7559	0.7706	1.1388888888888888
MC04_gdmq00000000_1	AF-Q13361-F1-model_v6	0.1	40	1	36	89	128	36	173	1.0	0.231	0.7619	0.7479	0.1929	0.3988	60	AF-Q13361-F1-model_v6 Microfibrillar-associated protein 5	MC04	gdmq00000000_1	AlphaFold_SwissProt	0.7479	0.7619	1.1111111111111112
MC04_gdmq00000000_1	AF-Q51946-F1-model_v6	0.0	30	1	29	14	43	36	52	0.806	0.577	0.5756	0.5185	0.409	0.3988	43	AF-Q51946-F1-model_v6 Dibenzothiophene metabolism operon protein NahQ/DoxH (Fragment)	MC04	gdmq00000000_1	AlphaFold_SwissProt	0.5185	0.5756	0.8333333333333334
MC04_gdmq00000000_1	AF-Q9QZJ6-F1-model_v6	0.025	78	1	36	82	158	36	164	1.0	0.47	0.7019	0.6885	0.1888	0.3927	60	AF-Q9QZJ6-F1-model_v6 Microfibrillar-associated protein 5	MC04	gdmq00000000_1	AlphaFold_SwissProt	0.6885	0.7019	2.1666666666666665
MC04_gdmq00000000_1	AF-Q28022-F1-model_v6	0.012	78	1	35	88	164	36	170	0.972	0.453	0.6901	0.6648	0.1784	0.3758	57	AF-Q28022-F1-model_v6 Microfibrillar-associated protein 5	MC04	gdmq00000000_1	AlphaFold_SwissProt	0.6648	0.6901	2.1666666666666665
MC04_gdmq00000000_1	AF-Q6AYK3-3-F1-model_v6	0.057	35	1	33	21	54	36	148	0.917	0.23	0.6721	0.627	0.1938	0.3668	54	AF-Q6AYK3-3-F1-model_v6 Inositol-3-phosphate synthase 1	MC04	gdmq00000000_1	AlphaFold_SwissProt	0.627	0.6721	0.9722222222222222
MC04_gdmq00000000_1	AF-P27424-F1-model_v6	0.0	37	1	36	104	139	36	183	1.0	0.197	0.6791	0.6672	0.1733	0.3611	55	AF-P27424-F1-model_v6 Microfibrillar-associated protein 2	MC04	gdmq00000000_1	AlphaFold_SwissProt	0.6672	0.6791	1.0277777777777777
MC04_gdmq00000000_1	AF-A5N6J2-F1-model_v6	0.04	25	4	28	56	80	36	88	0.694	0.284	0.7006	0.5476	0.252	0.3609	47	AF-A5N6J2-F1-model_v6 Cell division topological specificity factor	MC04	gdmq00000000_1	AlphaFold_SwissProt	0.5476	0.7006	0.6944444444444444
MC04_gdmq00000000_1	AF-P55001-3-F1-model_v6	0.0	36	1	33	74	107	36	153	0.917	0.222	0.6877	0.6365	0.1838	0.3567	53	AF-P55001-3-F1-model_v6 Microfibrillar-associated protein 2	MC04	gdmq00000000_1	AlphaFold_SwissProt	0.6365	0.6877	1.0
MC04_gdmq00000000_1	AF-P55001-2-F1-model_v6	0.0	37	1	36	103	138	36	182	1.0	0.198	0.6634	0.6515	0.1726	0.3566	54	AF-P55001-2-F1-model_v6 Microfibrillar-associated protein 2	MC04	gdmq00000000_1	AlphaFold_SwissProt	0.6515	0.6634	1.0277777777777777
MC04_gdmq00000000_1	AF-P55002-F1-model_v6	0.0	37	1	36	104	139	36	183	1.0	0.197	0.6625	0.6512	0.1719	0.3535	54	AF-P55002-F1-model_v6 Microfibrillar-associated protein 2	MC04	gdmq00000000_1	AlphaFold_SwissProt	0.6512	0.6625	1.0277777777777777
MC04_gdmq00000000_1	AF-Q8IW70-F1-model_v6	0.021	95	1	34	169	263	36	566	0.944	0.168	0.7877	0.7396	0.05808	0.3502	64	AF-Q8IW70-F1-model_v6 Transmembrane protein 151B	MC04	gdmq00000000_1	AlphaFold_SwissProt	0.7396	0.7877	2.638888888888889
MC04_gdmq00000000_1	AF-P55001-F1-model_v6	0.0	38	1	35	104	139	36	183	0.972	0.197	0.6651	0.6409	0.1621	0.3497	54	AF-P55001-F1-model_v6 Microfibrillar-associated protein 2	MC04	gdmq00000000_1	AlphaFold_SwissProt	0.6409	0.6651	1.0555555555555556
MC04_gdmq00000000_1	AF-Q6GQT5-F1-model_v6	0.03	33	1	33	155	187	36	468	0.917	0.071	0.7754	0.7156	0.06846	0.3408	61	AF-Q6GQT5-F1-model_v6 Transmembrane protein 151A	MC04	gdmq00000000_1	AlphaFold_SwissProt	0.7156	0.7754	0.9166666666666666
MC04_gdmq00000000_1	AF-A7RHB3-F1-model_v6	0.0	36	1	35	1	35	36	91	0.972	0.385	0.538	0.5259	0.2836	0.3381	41	AF-A7RHB3-F1-model_v6 Protein SPATA45 homolog	MC04	gdmq00000000_1	AlphaFold_SwissProt	0.5259	0.538	1.0
MC04_gdmq00000000_1	AF-Q8C088-F1-model_v6	0.004	478	1	36	50	523	36	590	1.0	0.803	0.7105	0.6946	0.05144	0.3333	61	AF-Q8C088-F1-model_v6 EGF-like and EMI domain-containing protein 1	MC04	gdmq00000000_1	AlphaFold_SwissProt	0.6946	0.7105	13.277777777777779
MC04_gdmq00000000_1	AF-P10257-F1-model_v6	0.031	32	1	31	29	59	36	137	0.861	0.226	0.5758	0.5305	0.1865	0.3165	45	AF-P10257-F1-model_v6 Gonadotropin subunit beta-1	MC04	gdmq00000000_1	AlphaFold_SwissProt	0.5305	0.5758	0.8888888888888888
MC04_gdmq00000000_1	AF-Q57506-F1-model_v6	0.088	34	1	34	967	1000	36	1706	0.944	0.02	0.7541	0.7125	0.01965	0.3155	61	AF-Q57506-F1-model_v6 Bifunctional hemolysin/adenylate cyclase	MC04	gdmq00000000_1	AlphaFold_SwissProt	0.7125	0.7541	0.9444444444444444
MC04_gdmq00000000_1	AF-Q96KG7-2-F1-model_v6	0.032	91	1	36	32	122	36	567	1.0	0.16	0.6929	0.6799	0.05976	0.3154	57	AF-Q96KG7-2-F1-model_v6 Multiple epidermal growth factor-like domains protein 10	MC04	gdmq00000000_1	AlphaFold_SwissProt	0.6799	0.6929	2.5277777777777777
MC04_gdmq00000000_1	AF-P48252-F1-model_v6	0.031	32	1	31	29	59	36	137	0.861	0.226	0.5641	0.5214	0.1855	0.3132	44	AF-P48252-F1-model_v6 Gonadotropin subunit beta-1	MC04	gdmq00000000_1	AlphaFold_SwissProt	0.5214	0.5641	0.8888888888888888
MC04_gdmq00000000_1	AF-A0JM12-F1-model_v6	0.033	90	1	36	31	120	36	1114	1.0	0.081	0.7055	0.6918	0.03113	0.31	58	AF-A0JM12-F1-model_v6 Multiple epidermal growth factor-like domains protein 10	MC04	gdmq00000000_1	AlphaFold_SwissProt	0.6918	0.7055	2.5
MC04_gdmq00000000_1	AF-Q70E20-F1-model_v6	0.0	37	1	36	1352	1387	36	1403	1.0	0.026	0.7464	0.7326	0.02452	0.3097	59	AF-Q70E20-F1-model_v6 Sushi, nidogen and EGF-like domain-containing protein 1	MC04	gdmq00000000_1	AlphaFold_SwissProt	0.7326	0.7464	1.0277777777777777
MC04_gdmq00000000_1	AF-Q9RN17-F1-model_v6	0.028	71	1	36	50	116	36	272	1.0	0.246	0.6109	0.5996	0.1055	0.3081	51	AF-Q9RN17-F1-model_v6 Uncharacterized protein pXO2-15/BXB0014/GBAA_pXO2_0014	MC04	gdmq00000000_1	AlphaFold_SwissProt	0.5996	0.6109	1.9722222222222223
MC04_gdmq00000000_1	AF-P47091-F1-model_v6	0.133	30	3	31	27	55	36	120	0.806	0.242	0.586	0.5065	0.1974	0.3079	42	AF-P47091-F1-model_v6 Putative uncharacterized protein YJR018W	MC04	gdmq00000000_1	AlphaFold_SwissProt	0.5065	0.586	0.8333333333333334
MC04_gdmq00000000_1	AF-J7QLC0-F1-model_v6	0.083	36	1	35	967	1001	36	1706	0.972	0.021	0.7343	0.7062	0.01956	0.3038	58	AF-J7QLC0-F1-model_v6 Bifunctional hemolysin/adenylate cyclase	MC04	gdmq00000000_1	AlphaFold_SwissProt	0.7062	0.7343	1.0
MC04_gdmq00000000_1	AF-Q8GTS2-F1-model_v6	0.031	32	1	32	32	61	36	249	0.889	0.12	0.6486	0.5735	0.1096	0.3013	49	AF-Q8GTS2-F1-model_v6 Basic leucine zipper 23	MC04	gdmq00000000_1	AlphaFold_SwissProt	0.5735	0.6486	0.8888888888888888
MC04_gdmq00000000_1	AF-Q80T91-4-F1-model_v6	0.032	93	1	36	25	115	36	1042	1.0	0.087	0.6781	0.6659	0.03168	0.2942	55	AF-Q80T91-4-F1-model_v6 Multiple epidermal growth factor-like domains protein 11	MC04	gdmq00000000_1	AlphaFold_SwissProt	0.6659	0.6781	2.5833333333333335
MC04_gdmq00000000_1	AF-Q8VY76-F1-model_v6	0.085	35	1	31	36	70	36	261	0.861	0.134	0.6337	0.5704	0.1056	0.2927	48	AF-Q8VY76-F1-model_v6 Basic leucine zipper 19	MC04	gdmq00000000_1	AlphaFold_SwissProt	0.5704	0.6337	0.9722222222222222
MC04_gdmq00000000_1	AF-P86209-F1-model_v6	0.08	50	1	33	30	76	36	97	0.917	0.485	0.4983	0.4702	0.2298	0.2905	36	AF-P86209-F1-model_v6 F-actin-capping protein subunit beta (Fragments)	MC04	gdmq00000000_1	AlphaFold_SwissProt	0.4702	0.4983	1.3888888888888888
MC04_gdmq00000000_1	AF-Q54QZ8-F1-model_v6	0.0	32	1	29	44	72	36	72	0.806	0.403	0.4339	0.3995	0.258	0.2904	34	AF-Q54QZ8-F1-model_v6 Putative uncharacterized protein DDB_G0283467	MC04	gdmq00000000_1	AlphaFold_SwissProt	0.3995	0.4339	0.8888888888888888
MC04_gdmq00000000_1	AF-Q15063-2-F1-model_v6	0.147	34	1	33	665	698	36	779	0.917	0.044	0.7139	0.6672	0.04131	0.2902	53	AF-Q15063-2-F1-model_v6 Periostin	MC04	gdmq00000000_1	AlphaFold_SwissProt	0.6672	0.7139	0.9444444444444444
MC04_gdmq00000000_1	AF-Q9PGR3-F1-model_v6	0.032	31	1	31	72	102	36	892	0.861	0.035	0.6773	0.6117	0.0337	0.2898	54	AF-Q9PGR3-F1-model_v6 Translation initiation factor IF-2	MC04	gdmq00000000_1	AlphaFold_SwissProt	0.6117	0.6773	0.8611111111111112
MC04_gdmq00000000_1	AF-A1DBG6-F1-model_v6	0.03	33	1	33	162	194	36	552	0.917	0.06	0.6876	0.6401	0.05686	0.2884	52	AF-A1DBG6-F1-model_v6 Probable beta-glucosidase btgE	MC04	gdmq00000000_1	AlphaFold_SwissProt	0.6401	0.6876	0.9166666666666666
MC04_gdmq00000000_1	AF-Q9W0A0-F1-model_v6	0.1	40	1	36	41	77	36	1031	1.0	0.036	0.6671	0.6549	0.031	0.2841	53	AF-Q9W0A0-F1-model_v6 Protein draper	MC04	gdmq00000000_1	AlphaFold_SwissProt	0.6549	0.6671	1.1111111111111112
MC04_gdmq00000000_1	AF-Q54BZ7-F1-model_v6	0.0	33	2	30	13	41	36	83	0.806	0.349	0.4619	0.4119	0.2287	0.278	34	AF-Q54BZ7-F1-model_v6 UPF0512 protein I	MC04	gdmq00000000_1	AlphaFold_SwissProt	0.4119	0.4619	0.9166666666666666
MC04_gdmq00000000_1	AF-Q4QPN9-F1-model_v6	0.045	87	1	36	2	87	36	270	1.0	0.319	0.5927	0.585	0.1164	0.2761	43	AF-Q4QPN9-F1-model_v6 Sulfur carrier protein FdhD	MC04	gdmq00000000_1	AlphaFold_SwissProt	0.585	0.5927	2.4166666666666665
MC04_gdmq00000000_1	AF-Q5BD29-F1-model_v6	0.03	33	1	32	166	198	36	555	0.889	0.059	0.6693	0.6162	0.05521	0.2757	49	AF-Q5BD29-F1-model_v6 Probable beta-glucosidase btgE	MC04	gdmq00000000_1	AlphaFold_SwissProt	0.6162	0.6693	0.9166666666666666
MC04_gdmq00000000_1	AF-B0U1Q8-F1-model_v6	0.032	31	1	31	72	102	36	892	0.861	0.035	0.6534	0.5933	0.0336	0.2756	51	AF-B0U1Q8-F1-model_v6 Translation initiation factor IF-2	MC04	gdmq00000000_1	AlphaFold_SwissProt	0.5933	0.6534	0.8611111111111112
MC04_gdmq00000000_1	AF-A8MHL7-F1-model_v6	0.0	30	2	29	55	84	36	93	0.778	0.323	0.4947	0.4493	0.2331	0.2749	33	AF-A8MHL7-F1-model_v6 Cell division topological specificity factor	MC04	gdmq00000000_1	AlphaFold_SwissProt	0.4493	0.4947	0.8333333333333334
MC04_gdmq00000000_1	AF-Q80T91-2-F1-model_v6	0.011	87	1	36	25	110	36	947	1.0	0.091	0.6544	0.6435	0.03556	0.2742	51	AF-Q80T91-2-F1-model_v6 Multiple epidermal growth factor-like domains protein 11	MC04	gdmq00000000_1	AlphaFold_SwissProt	0.6435	0.6544	2.4166666666666665
MC04_gdmq00000000_1	AF-O18423-F1-model_v6	0.013	153	5	29	8	160	36	297	0.694	0.515	0.6877	0.5372	0.07946	0.2711	46	AF-O18423-F1-model_v6 Lysenin	MC04	gdmq00000000_1	AlphaFold_SwissProt	0.5372	0.6877	4.25
MC04_gdmq00000000_1	AF-P44449-F1-model_v6	0.046	86	1	36	2	87	36	270	1.0	0.319	0.5547	0.5487	0.1173	0.2708	42	AF-P44449-F1-model_v6 Sulfur carrier protein FdhD	MC04	gdmq00000000_1	AlphaFold_SwissProt	0.5487	0.5547	2.388888888888889
MC04_gdmq00000000_1	AF-Q3BRP5-F1-model_v6	0.032	31	1	31	72	102	36	904	0.861	0.034	0.6382	0.5834	0.0332	0.27	50	AF-Q3BRP5-F1-model_v6 Translation initiation factor IF-2	MC04	gdmq00000000_1	AlphaFold_SwissProt	0.5834	0.6382	0.8611111111111112
MC04_gdmq00000000_1	AF-O80333-F1-model_v6	0.0	32	1	32	7	38	36	458	0.889	0.07	0.631	0.5834	0.06546	0.2656	46	AF-O80333-F1-model_v6 Protochlorophyllide reductase, chloroplastic	MC04	gdmq00000000_1	AlphaFold_SwissProt	0.5834	0.631	0.8888888888888888
MC04_gdmq00000000_1	AF-Q8PJ55-F1-model_v6	0.032	31	1	31	72	102	36	904	0.861	0.034	0.6478	0.5905	0.03323	0.2651	49	AF-Q8PJ55-F1-model_v6 Translation initiation factor IF-2	MC04	gdmq00000000_1	AlphaFold_SwissProt	0.5905	0.6478	0.8611111111111112
MC04_gdmq00000000_1	AF-Q5AFC2-F1-model_v6	0.014	70	1	36	266	330	36	342	1.0	0.19	0.5566	0.5482	0.08294	0.2644	44	AF-Q5AFC2-F1-model_v6 Predicted GPI-anchored protein 54	MC04	gdmq00000000_1	AlphaFold_SwissProt	0.5482	0.5566	1.9444444444444444
MC04_gdmq00000000_1	AF-Q14990-F1-model_v6	0.026	76	1	33	126	200	36	250	0.917	0.3	0.5369	0.5106	0.1121	0.2608	41	AF-Q14990-F1-model_v6 Outer dense fiber protein 1	MC04	gdmq00000000_1	AlphaFold_SwissProt	0.5106	0.5369	2.111111111111111
MC04_gdmq00000000_1	AF-Q61999-F1-model_v6	0.026	76	1	33	112	186	36	247	0.917	0.304	0.5213	0.4971	0.1125	0.2567	40	AF-Q61999-F1-model_v6 Outer dense fiber protein 1	MC04	gdmq00000000_1	AlphaFold_SwissProt	0.4971	0.5213	2.111111111111111
MC04_gdmq00000000_1	AF-Q5GXU9-F1-model_v6	0.0	32	1	31	72	102	36	906	0.861	0.034	0.6019	0.552	0.03191	0.256	48	AF-Q5GXU9-F1-model_v6 Translation initiation factor IF-2	MC04	gdmq00000000_1	AlphaFold_SwissProt	0.552	0.6019	0.8888888888888888
MC04_gdmq00000000_1	AF-Q29077-F1-model_v6	0.026	76	1	33	126	200	36	262	0.917	0.286	0.5202	0.4963	0.1067	0.2556	40	AF-Q29077-F1-model_v6 Outer dense fiber protein 1	MC04	gdmq00000000_1	AlphaFold_SwissProt	0.4963	0.5202	2.111111111111111
MC04_gdmq00000000_1	AF-Q8NFN8-F1-model_v6	0.029	34	1	32	187	219	36	814	0.889	0.041	0.6401	0.5913	0.03693	0.2551	47	AF-Q8NFN8-F1-model_v6 Probable G-protein coupled receptor 156	MC04	gdmq00000000_1	AlphaFold_SwissProt	0.5913	0.6401	0.9444444444444444
MC04_gdmq00000000_1	AF-Q87JI2-F1-model_v6	0.033	30	4	31	293	320	36	373	0.778	0.075	0.6109	0.5094	0.06472	0.2514	43	AF-Q87JI2-F1-model_v6 Flagellar P-ring protein 1	MC04	gdmq00000000_1	AlphaFold_SwissProt	0.5094	0.6109	0.8333333333333334
MC04_gdmq00000000_1	AF-P0DKX7-F1-model_v6	0.074	27	4	30	970	996	36	1706	0.75	0.016	0.6782	0.5657	0.01558	0.2506	48	AF-P0DKX7-F1-model_v6 Bifunctional hemolysin/adenylate cyclase	MC04	gdmq00000000_1	AlphaFold_SwissProt	0.5657	0.6782	0.75
MC04_gdmq00000000_1	AF-B3PI96-F1-model_v6	0.031	32	1	32	64	95	36	930	0.889	0.034	0.5858	0.5454	0.03257	0.248	46	AF-B3PI96-F1-model_v6 Translation initiation factor IF-2	MC04	gdmq00000000_1	AlphaFold_SwissProt	0.5454	0.5858	0.8888888888888888
MC04_gdmq00000000_1	AF-P21769-F1-model_v6	0.026	75	1	33	112	186	36	245	0.917	0.306	0.5077	0.4871	0.1155	0.248	38	AF-P21769-F1-model_v6 Outer dense fiber protein 1	MC04	gdmq00000000_1	AlphaFold_SwissProt	0.4871	0.5077	2.0833333333333335
MC04_gdmq00000000_1	AF-A8FYS0-F1-model_v6	0.009	108	1	36	791	896	36	896	1.0	0.118	0.5882	0.5787	0.03566	0.2476	45	AF-A8FYS0-F1-model_v6 Translation initiation factor IF-2	MC04	gdmq00000000_1	AlphaFold_SwissProt	0.5787	0.5882	3.0
MC04_gdmq00000000_1	AF-Q87EV4-F1-model_v6	0.037	27	4	30	75	101	36	892	0.75	0.03	0.662	0.556	0.02943	0.2472	46	AF-Q87EV4-F1-model_v6 Translation initiation factor IF-2	MC04	gdmq00000000_1	AlphaFold_SwissProt	0.556	0.662	0.75
MC04_gdmq00000000_1	AF-B0RRB4-F1-model_v6	0.032	31	1	31	86	116	36	916	0.861	0.034	0.5729	0.5318	0.03245	0.2458	45	AF-B0RRB4-F1-model_v6 Translation initiation factor IF-2	MC04	gdmq00000000_1	AlphaFold_SwissProt	0.5318	0.5729	0.8611111111111112
MC04_gdmq00000000_1	AF-B2I726-F1-model_v6	0.032	31	1	31	72	102	36	892	0.861	0.035	0.5871	0.5413	0.03339	0.2449	45	AF-B2I726-F1-model_v6 Translation initiation factor IF-2	MC04	gdmq00000000_1	AlphaFold_SwissProt	0.5413	0.5871	0.8611111111111112
MC04_gdmq00000000_1	AF-B2FN90-F1-model_v6	0.037	27	4	30	75	101	36	881	0.75	0.031	0.6313	0.5421	0.0298	0.2446	45	AF-B2FN90-F1-model_v6 Translation initiation factor IF-2	MC04	gdmq00000000_1	AlphaFold_SwissProt	0.5421	0.6313	0.75
MC04_gdmq00000000_1	AF-P14448-F1-model_v6	0.062	32	1	31	307	337	36	741	0.861	0.042	0.5981	0.547	0.03854	0.241	44	AF-P14448-F1-model_v6 Fibrinogen alpha chain	MC04	gdmq00000000_1	AlphaFold_SwissProt	0.547	0.5981	0.8888888888888888
MC04_gdmq00000000_1	AF-C5BPV9-F1-model_v6	0.03	33	1	32	64	95	36	940	0.889	0.034	0.5503	0.5144	0.0313	0.2389	44	AF-C5BPV9-F1-model_v6 Translation initiation factor IF-2	MC04	gdmq00000000_1	AlphaFold_SwissProt	0.5144	0.5503	0.9166666666666666
MC04_gdmq00000000_1	AF-Q9WTP0-2-F1-model_v6	0.035	28	2	29	92	116	36	1551	0.778	0.016	0.6716	0.5259	0.01575	0.2344	45	AF-Q9WTP0-2-F1-model_v6 Band 4.1-like protein 1	MC04	gdmq00000000_1	AlphaFold_SwissProt	0.5259	0.6716	0.7777777777777778
MC04_gdmq00000000_1	AF-B1KRR0-F1-model_v6	0.008	341	2	36	426	759	36	894	0.972	0.374	0.5271	0.5067	0.02942	0.2299	43	AF-B1KRR0-F1-model_v6 Translation initiation factor IF-2	MC04	gdmq00000000_1	AlphaFold_SwissProt	0.5067	0.5271	9.472222222222221
MC04_gdmq00000000_1	AF-Q2SML3-F1-model_v6	0.0	33	1	32	64	95	36	861	0.889	0.037	0.55	0.5142	0.03404	0.2297	42	AF-Q2SML3-F1-model_v6 Translation initiation factor IF-2	MC04	gdmq00000000_1	AlphaFold_SwissProt	0.5142	0.55	0.9166666666666666
MC04_gdmq00000000_1	AF-Q31GK5-F1-model_v6	0.0	32	1	32	64	95	36	818	0.889	0.039	0.5581	0.5253	0.03706	0.2272	41	AF-Q31GK5-F1-model_v6 Translation initiation factor IF-2	MC04	gdmq00000000_1	AlphaFold_SwissProt	0.5253	0.5581	0.8888888888888888
MC04_gdmq00000000_1	AF-Q4WEP7-F1-model_v6	0.006	149	1	36	656	800	36	888	1.0	0.163	0.519	0.5119	0.03385	0.2258	41	AF-Q4WEP7-F1-model_v6 Endochitinase A1	MC04	gdmq00000000_1	AlphaFold_SwissProt	0.5119	0.519	4.138888888888889
MC04_gdmq00000000_1	AF-Q21H61-F1-model_v6	0.03	33	1	32	64	95	36	908	0.889	0.035	0.5209	0.4906	0.03209	0.2228	41	AF-Q21H61-F1-model_v6 Translation initiation factor IF-2	MC04	gdmq00000000_1	AlphaFold_SwissProt	0.4906	0.5209	0.9166666666666666
MC04_gdmq00000000_1	AF-Q98HD3-F1-model_v6	0.09	33	1	30	101	132	36	235	0.833	0.136	0.4849	0.4446	0.1038	0.2217	34	AF-Q98HD3-F1-model_v6 Flagellar L-ring protein	MC04	gdmq00000000_1	AlphaFold_SwissProt	0.4446	0.4849	0.9166666666666666
MC04_gdmq00000000_1	AF-Q5QTY8-F1-model_v6	0.0	33	1	32	64	95	36	896	0.889	0.036	0.5337	0.5015	0.03272	0.2199	40	AF-Q5QTY8-F1-model_v6 Translation initiation factor IF-2	MC04	gdmq00000000_1	AlphaFold_SwissProt	0.5015	0.5337	0.9166666666666666
MC04_gdmq00000000_1	AF-Q482T9-F1-model_v6	0.005	180	1	31	384	562	36	889	0.861	0.201	0.5539	0.5006	0.03141	0.2197	40	AF-Q482T9-F1-model_v6 Translation initiation factor IF-2	MC04	gdmq00000000_1	AlphaFold_SwissProt	0.5006	0.5539	5.0
MC04_gdmq00000000_1	AF-Q5AFI4-F1-model_v6	0.088	34	1	32	215	247	36	337	0.889	0.098	0.4695	0.4449	0.07933	0.2192	36	AF-Q5AFI4-F1-model_v6 Cell-surface associated glycoprotein DFI1	MC04	gdmq00000000_1	AlphaFold_SwissProt	0.4449	0.4695	0.9444444444444444
MC04_gdmq00000000_1	AF-Q11LN0-F1-model_v6	0.031	32	2	31	161	190	36	235	0.833	0.128	0.4819	0.4371	0.0998	0.2186	34	AF-Q11LN0-F1-model_v6 Flagellar L-ring protein	MC04	gdmq00000000_1	AlphaFold_SwissProt	0.4371	0.4819	0.8888888888888888
MC04_gdmq00000000_1	AF-Q609C0-F1-model_v6	0.002	348	4	34	402	746	36	868	0.861	0.397	0.5311	0.477	0.02978	0.2161	40	AF-Q609C0-F1-model_v6 Translation initiation factor IF-2	MC04	gdmq00000000_1	AlphaFold_SwissProt	0.477	0.5311	9.666666666666666
MC04_gdmq00000000_1	AF-A6U641-F1-model_v6	0.03	33	2	31	162	191	36	236	0.833	0.127	0.4763	0.432	0.09715	0.2153	33	AF-A6U641-F1-model_v6 Flagellar L-ring protein	MC04	gdmq00000000_1	AlphaFold_SwissProt	0.432	0.4763	0.9166666666666666
MC04_gdmq00000000_1	AF-C3MG28-F1-model_v6	0.031	32	2	31	162	191	36	236	0.833	0.127	0.475	0.4314	0.0992	0.215	33	AF-C3MG28-F1-model_v6 Flagellar L-ring protein	MC04	gdmq00000000_1	AlphaFold_SwissProt	0.4314	0.475	0.8888888888888888
MC04_gdmq00000000_1	AF-Q52082-F1-model_v6	0.016	59	1	36	281	338	36	367	1.0	0.158	0.4869	0.4812	0.08125	0.2138	34	AF-Q52082-F1-model_v6 Flagellar P-ring protein	MC04	gdmq00000000_1	AlphaFold_SwissProt	0.4812	0.4869	1.6388888888888888
MC04_gdmq00000000_1	AF-Q1EAR5-F1-model_v6	0.06	33	1	32	713	744	36	895	0.889	0.036	0.4999	0.4734	0.03244	0.2104	38	AF-Q1EAR5-F1-model_v6 Endochitinase 2	MC04	gdmq00000000_1	AlphaFold_SwissProt	0.4734	0.4999	0.9166666666666666
MC04_gdmq00000000_1	AF-O13695-F1-model_v6	0.057	35	1	30	165	195	36	536	0.833	0.058	0.4869	0.4401	0.04475	0.208	37	AF-O13695-F1-model_v6 Uncharacterized serine-rich protein C11G7.01	MC04	gdmq00000000_1	AlphaFold_SwissProt	0.4401	0.4869	0.9722222222222222
MC04_gdmq00000000_1	AF-Q9QZL9-F1-model_v6	0.019	157	4	35	72	223	36	230	0.889	0.661	0.4395	0.4118	0.09816	0.2076	32	AF-Q9QZL9-F1-model_v6 Dickkopf-like protein 1	MC04	gdmq00000000_1	AlphaFold_SwissProt	0.4118	0.4395	4.361111111111111
MC04_gdmq00000000_1	AF-Q92223-F1-model_v6	0.029	34	1	32	721	753	36	961	0.889	0.034	0.4413	0.4221	0.02972	0.1924	35	AF-Q92223-F1-model_v6 Endochitinase A	MC04	gdmq00000000_1	AlphaFold_SwissProt	0.4221	0.4413	0.9444444444444444
MC04_gdmq00000000_1	AF-Q86Y26-2-F1-model_v6	0.03	33	1	31	83	113	36	442	0.861	0.07	0.4245	0.3996	0.05721	0.1756	29	AF-Q86Y26-2-F1-model_v6 NUT family member 1	MC04	gdmq00000000_1	AlphaFold_SwissProt	0.3996	0.4245	0.9166666666666666
MC04_gdmq00000000_1	AF-P12839-F1-model_v6	0.062	32	1	31	782	812	36	846	0.861	0.037	0.4406	0.4153	0.03227	0.1698	30	AF-P12839-F1-model_v6 Neurofilament medium polypeptide	MC04	gdmq00000000_1	AlphaFold_SwissProt	0.4153	0.4406	0.8888888888888888
MC23_maechidius_sp_1	AF-Q8ZPD3-F1-model_v6	0.06	50	1	30	6	54	30	171	1.0	0.287	0.5603	0.551	0.142	0.2808	42	AF-Q8ZPD3-F1-model_v6 L-methionine sulfoximine/L-methionine sulfone acetyltransferase	MC23	maechidius_sp_1	AlphaFold_SwissProt	0.551	0.5603	1.6666666666666667
MC23_maechidius_sp_1	AF-Q9HUU7-F1-model_v6	0.04	50	1	30	8	55	30	172	1.0	0.279	0.5488	0.5411	0.1409	0.2773	41	AF-Q9HUU7-F1-model_v6 L-methionine sulfoximine/L-methionine sulfone acetyltransferase	MC23	maechidius_sp_1	AlphaFold_SwissProt	0.5411	0.5488	1.6666666666666667
MC23_maechidius_sp_1	AF-P21861-F1-model_v6	0.0	73	1	30	57	123	30	171	1.0	0.392	0.4177	0.4124	0.114	0.2308	35	AF-P21861-F1-model_v6 Phosphinothricin N-acetyltransferase	MC23	maechidius_sp_1	AlphaFold_SwissProt	0.4124	0.4177	2.433333333333333
