diphucephala_sp_2|species=Diphucephala_sp|mature_len=49|n_cys=9	P56682	sp|P56682|TILI_APIME	47.917	48	23	1	1	48	11	56	49	56	98	0.003	39.2	Chymotrypsin inhibitor OS=Apis mellifera OX=7460 PE=1 SV=1
diphucephala_sp_2|species=Diphucephala_sp|mature_len=49|n_cys=9	P83516	sp|P83516|TILI_RHIMP	38.298	47	27	1	2	48	18	62	49	65	96	0.003	39.2	Chymotrypsin-elastase inhibitor ixodidin OS=Rhipicephalus microplus OX=6941 PE=1 SV=2
diphucephala_sp_2|species=Diphucephala_sp|mature_len=49|n_cys=9	Q8CJ69	sp|Q8CJ69|BMPER_MOUSE	51.163	43	19	2	1	43	637	677	49	685	88	0.022	37.1	BMP-binding endothelial regulator protein OS=Mus musculus OX=10090 GN=Bmper PE=1 SV=1
diphucephala_sp_2|species=Diphucephala_sp|mature_len=49|n_cys=9	O88799	sp|O88799|ZAN_MOUSE	42.308	52	25	2	2	49	4393	4443	49	5376	98	0.031	36.7	Zonadhesin OS=Mus musculus OX=10090 GN=Zan PE=1 SV=1
diphucephala_sp_2|species=Diphucephala_sp|mature_len=49|n_cys=9	O88799	sp|O88799|ZAN_MOUSE	42.857	49	26	2	2	49	3309	3356	49	5376	98	0.033	36.7	Zonadhesin OS=Mus musculus OX=10090 GN=Zan PE=1 SV=1
diphucephala_sp_2|species=Diphucephala_sp|mature_len=49|n_cys=9	O88799	sp|O88799|ZAN_MOUSE	40.385	52	26	2	2	49	4753	4803	49	5376	98	0.072	35.8	Zonadhesin OS=Mus musculus OX=10090 GN=Zan PE=1 SV=1
diphucephala_sp_2|species=Diphucephala_sp|mature_len=49|n_cys=9	O88799	sp|O88799|ZAN_MOUSE	36.538	52	28	2	2	49	2589	2639	49	5376	98	0.27	33.7	Zonadhesin OS=Mus musculus OX=10090 GN=Zan PE=1 SV=1
diphucephala_sp_2|species=Diphucephala_sp|mature_len=49|n_cys=9	O88799	sp|O88799|ZAN_MOUSE	34.615	52	29	2	2	49	2829	2879	49	5376	98	0.40	33.3	Zonadhesin OS=Mus musculus OX=10090 GN=Zan PE=1 SV=1
diphucephala_sp_2|species=Diphucephala_sp|mature_len=49|n_cys=9	O88799	sp|O88799|ZAN_MOUSE	34.615	52	29	2	2	49	4513	4563	49	5376	98	0.94	32.0	Zonadhesin OS=Mus musculus OX=10090 GN=Zan PE=1 SV=1
diphucephala_sp_2|species=Diphucephala_sp|mature_len=49|n_cys=9	O88799	sp|O88799|ZAN_MOUSE	34.615	52	29	2	2	49	2949	2999	49	5376	98	1.7	31.2	Zonadhesin OS=Mus musculus OX=10090 GN=Zan PE=1 SV=1
diphucephala_sp_2|species=Diphucephala_sp|mature_len=49|n_cys=9	O88799	sp|O88799|ZAN_MOUSE	32.075	53	31	2	1	49	3068	3119	49	5376	100	2.5	30.8	Zonadhesin OS=Mus musculus OX=10090 GN=Zan PE=1 SV=1
diphucephala_sp_2|species=Diphucephala_sp|mature_len=49|n_cys=9	Q8T0W5	sp|Q8T0W5|TIL1_PIMHY	42.857	49	26	2	1	48	37	84	49	85	98	0.066	35.4	Cysteine-rich venom protein 1 OS=Pimpla hypochondriaca OX=135724 PE=1 SV=1
diphucephala_sp_2|species=Diphucephala_sp|mature_len=49|n_cys=9	K7WRE1	sp|K7WRE1|TIL_BOMTE	43.750	48	24	2	1	48	31	75	49	75	98	0.072	35.0	Chymotrypsin inhibitor OS=Bombus terrestris OX=30195 PE=2 SV=1
diphucephala_sp_2|species=Diphucephala_sp|mature_len=49|n_cys=9	U5T7E4	sp|U5T7E4|TILVI_BOMIG	43.750	48	24	2	1	48	31	75	49	75	98	0.072	35.0	Venom serine protease inhibitor BiVSPI OS=Bombus ignitus OX=130704 PE=1 SV=1
diphucephala_sp_2|species=Diphucephala_sp|mature_len=49|n_cys=9	Q8N8U9	sp|Q8N8U9|BMPER_HUMAN	48.837	43	20	2	1	43	637	677	49	685	88	0.082	35.4	BMP-binding endothelial regulator protein OS=Homo sapiens OX=9606 GN=BMPER PE=1 SV=3
diphucephala_sp_2|species=Diphucephala_sp|mature_len=49|n_cys=9	Q98UI9	sp|Q98UI9|MUC5B_CHICK	42.857	49	25	2	2	48	313	360	49	2108	96	0.20	34.1	Mucin-5B OS=Gallus gallus OX=9031 GN=MUC5B PE=1 SV=1
diphucephala_sp_2|species=Diphucephala_sp|mature_len=49|n_cys=9	Q98UI9	sp|Q98UI9|MUC5B_CHICK	30.435	46	30	1	3	48	782	825	49	2108	94	2.6	30.8	Mucin-5B OS=Gallus gallus OX=9031 GN=MUC5B PE=1 SV=1
diphucephala_sp_2|species=Diphucephala_sp|mature_len=49|n_cys=9	Q8T0W0	sp|Q8T0W0|TIL6_PIMHY	35.417	48	28	1	1	48	32	76	49	77	98	0.22	33.7	Cysteine-rich venom protein 6 OS=Pimpla hypochondriaca OX=135724 PE=1 SV=1
diphucephala_sp_2|species=Diphucephala_sp|mature_len=49|n_cys=9	A0A2R4SV19	sp|A0A2R4SV19|TIL6_APICE	38.298	47	28	1	2	48	36	81	49	87	96	0.38	32.9	Venom serine protease inhibitor OS=Apis cerana OX=7461 PE=2 SV=1
diphucephala_sp_2|species=Diphucephala_sp|mature_len=49|n_cys=9	P57999	sp|P57999|ZAN_RABIT	40.000	50	27	2	2	49	1679	1727	49	2282	98	0.46	33.3	Zonadhesin (Fragment) OS=Oryctolagus cuniculus OX=9986 GN=ZAN PE=2 SV=2
diphucephala_sp_2|species=Diphucephala_sp|mature_len=49|n_cys=9	Q80T03	sp|Q80T03|MUC6_MOUSE	46.000	50	21	3	2	48	353	399	49	2850	96	0.53	32.9	Mucin-6 OS=Mus musculus OX=10090 GN=Muc6 PE=2 SV=1
diphucephala_sp_2|species=Diphucephala_sp|mature_len=49|n_cys=9	Q80T03	sp|Q80T03|MUC6_MOUSE	41.304	46	27	0	3	48	824	869	49	2850	94	1.6	31.6	Mucin-6 OS=Mus musculus OX=10090 GN=Muc6 PE=2 SV=1
diphucephala_sp_2|species=Diphucephala_sp|mature_len=49|n_cys=9	Q6W4X9	sp|Q6W4X9|MUC6_HUMAN	36.957	46	29	0	3	48	782	827	49	2439	94	1.9	31.2	Mucin-6 OS=Homo sapiens OX=9606 GN=MUC6 PE=1 SV=3
diphucephala_sp_2|species=Diphucephala_sp|mature_len=49|n_cys=9	Q6W4X9	sp|Q6W4X9|MUC6_HUMAN	42.000	50	23	2	2	48	311	357	49	2439	96	5.3	29.9	Mucin-6 OS=Homo sapiens OX=9606 GN=MUC6 PE=1 SV=3
diphucephala_sp_2|species=Diphucephala_sp|mature_len=49|n_cys=9	P0CAI1	sp|P0CAI1|VF602_ASFP4	46.429	28	13	1	1	28	208	233	49	570	57	4.0	30.3	Protein B602L OS=African swine fever virus (isolate Tick/South Africa/Pretoriuskop Pr4/1996) OX=561443 GN=Pret-091 PE=3 SV=1
diphucephala_sp_2|species=Diphucephala_sp|mature_len=49|n_cys=9	Q7Z5P9	sp|Q7Z5P9|MUC19_HUMAN	39.286	56	16	6	2	48	730	776	49	8384	96	4.3	30.3	Mucin-19 OS=Homo sapiens OX=9606 GN=MUC19 PE=1 SV=3
diphucephala_sp_2|species=Diphucephala_sp|mature_len=49|n_cys=9	P0DRJ0	sp|P0DRJ0|TILM_BOMIG	33.962	53	27	3	2	49	35	84	49	105	98	8.6	29.1	Venom metalloprotease inhibitor OS=Bombus ignitus OX=130704 PE=3 SV=1
euoniticellus_fulvus_1|species=Euoniticellus_fulvus|mature_len=32|n_cys=6	P83516	sp|P83516|TILI_RHIMP	46.667	30	16	0	3	32	33	62	32	65	94	0.002	38.4	Chymotrypsin-elastase inhibitor ixodidin OS=Rhipicephalus microplus OX=6941 PE=1 SV=2
euoniticellus_fulvus_1|species=Euoniticellus_fulvus|mature_len=32|n_cys=6	K7WRE1	sp|K7WRE1|TIL_BOMTE	50.000	34	15	1	1	32	42	75	32	75	100	1.3	30.3	Chymotrypsin inhibitor OS=Bombus terrestris OX=30195 PE=2 SV=1
euoniticellus_fulvus_1|species=Euoniticellus_fulvus|mature_len=32|n_cys=6	U5T7E4	sp|U5T7E4|TILVI_BOMIG	50.000	34	15	1	1	32	42	75	32	75	100	1.3	30.3	Venom serine protease inhibitor BiVSPI OS=Bombus ignitus OX=130704 PE=1 SV=1
euoniticellus_fulvus_1|species=Euoniticellus_fulvus|mature_len=32|n_cys=6	O88799	sp|O88799|ZAN_MOUSE	48.148	27	9	2	8	32	1197	1220	32	5376	78	2.3	29.5	Zonadhesin OS=Mus musculus OX=10090 GN=Zan PE=1 SV=1
euoniticellus_fulvus_1|species=Euoniticellus_fulvus|mature_len=32|n_cys=6	A0A2R4SV19	sp|A0A2R4SV19|TIL6_APICE	56.000	25	11	0	8	32	57	81	32	87	78	6.3	28.2	Venom serine protease inhibitor OS=Apis cerana OX=7461 PE=2 SV=1
euoniticellus_fulvus_1|species=Euoniticellus_fulvus|mature_len=32|n_cys=6	P0DM57	sp|P0DM57|TILI_CHATC	48.000	25	13	0	8	32	40	64	32	66	78	6.3	28.2	Venom peptide CtAPI OS=Chaerilus tricostatus OX=1055734 PE=3 SV=1
aphodius_scrutator_2|species=Aphodius_scrutator|mature_len=35|n_cys=6	P83516	sp|P83516|TILI_RHIMP	53.333	30	14	0	5	34	33	62	35	65	86	0.002	38.4	Chymotrypsin-elastase inhibitor ixodidin OS=Rhipicephalus microplus OX=6941 PE=1 SV=2
aphodius_scrutator_2|species=Aphodius_scrutator|mature_len=35|n_cys=6	Q559G8	sp|Q559G8|MOCOS_DICDI	61.111	18	3	1	12	25	520	537	35	1007	40	0.46	32.0	Molybdenum cofactor sulfurase OS=Dictyostelium discoideum OX=44689 GN=mocos PE=3 SV=2
aphodius_scrutator_2|species=Aphodius_scrutator|mature_len=35|n_cys=6	Q7Z5P9	sp|Q7Z5P9|MUC19_HUMAN	57.143	28	9	1	10	34	749	776	35	8384	71	0.49	32.0	Mucin-19 OS=Homo sapiens OX=9606 GN=MUC19 PE=1 SV=3
aphodius_scrutator_2|species=Aphodius_scrutator|mature_len=35|n_cys=6	Q6PZE0	sp|Q6PZE0|MUC19_MOUSE	61.538	26	6	2	10	31	326	351	35	7524	63	0.54	31.6	Mucin-19 OS=Mus musculus OX=10090 GN=Muc19 PE=2 SV=2
aphodius_scrutator_2|species=Aphodius_scrutator|mature_len=35|n_cys=6	Q28833	sp|Q28833|VWF_PIG	53.333	30	12	2	6	34	353	381	35	2482	83	0.97	31.2	von Willebrand factor (Fragment) OS=Sus scrofa OX=9823 GN=VWF PE=2 SV=2
aphodius_scrutator_2|species=Aphodius_scrutator|mature_len=35|n_cys=6	K7WRE1	sp|K7WRE1|TIL_BOMTE	48.276	29	15	0	6	34	47	75	35	75	83	1.8	29.9	Chymotrypsin inhibitor OS=Bombus terrestris OX=30195 PE=2 SV=1
aphodius_scrutator_2|species=Aphodius_scrutator|mature_len=35|n_cys=6	U5T7E4	sp|U5T7E4|TILVI_BOMIG	48.276	29	15	0	6	34	47	75	35	75	83	1.8	29.9	Venom serine protease inhibitor BiVSPI OS=Bombus ignitus OX=130704 PE=1 SV=1
aphodius_scrutator_2|species=Aphodius_scrutator|mature_len=35|n_cys=6	O88799	sp|O88799|ZAN_MOUSE	43.333	30	16	1	5	34	1192	1220	35	5376	86	2.2	29.9	Zonadhesin OS=Mus musculus OX=10090 GN=Zan PE=1 SV=1
aphodius_scrutator_2|species=Aphodius_scrutator|mature_len=35|n_cys=6	O88799	sp|O88799|ZAN_MOUSE	48.148	27	13	1	8	34	3926	3951	35	5376	77	8.1	28.2	Zonadhesin OS=Mus musculus OX=10090 GN=Zan PE=1 SV=1
aphodius_scrutator_2|species=Aphodius_scrutator|mature_len=35|n_cys=6	Q6N022	sp|Q6N022|TEN4_HUMAN	48.148	27	5	4	4	26	633	654	35	2769	66	2.5	29.9	Teneurin-4 OS=Homo sapiens OX=9606 GN=TENM4 PE=1 SV=2
aphodius_scrutator_2|species=Aphodius_scrutator|mature_len=35|n_cys=6	Q8LGM7	sp|Q8LGM7|MOCOS_SOLLC	64.286	14	1	1	12	21	423	436	35	816	29	3.6	29.5	Molybdenum cofactor sulfurase OS=Solanum lycopersicum OX=4081 GN=FLACCA PE=2 SV=1
aphodius_scrutator_2|species=Aphodius_scrutator|mature_len=35|n_cys=6	Q9C5X8	sp|Q9C5X8|MOCOS_ARATH	64.286	14	1	1	12	21	426	439	35	819	29	3.6	29.5	Molybdenum cofactor sulfurase OS=Arabidopsis thaliana OX=3702 GN=ABA3 PE=1 SV=1
aphodius_scrutator_2|species=Aphodius_scrutator|mature_len=35|n_cys=6	Q655R6	sp|Q655R6|MOCOS_ORYSJ	64.286	14	1	1	12	21	429	442	35	824	29	3.6	29.5	Molybdenum cofactor sulfurase OS=Oryza sativa subsp. japonica OX=39947 GN=MCSU3 PE=2 SV=2
aphodius_scrutator_2|species=Aphodius_scrutator|mature_len=35|n_cys=6	O93574	sp|O93574|RELN_CHICK	59.091	22	7	2	9	29	1170	1190	35	3209	60	4.1	29.1	Reelin (Fragment) OS=Gallus gallus OX=9031 GN=RELN PE=2 SV=1
aphodius_scrutator_2|species=Aphodius_scrutator|mature_len=35|n_cys=6	P98091	sp|P98091|MUC19_BOVIN	56.522	23	7	1	10	29	622	644	35	4596	57	5.1	29.1	Mucin-19 OS=Bos taurus OX=9913 GN=MUC19 PE=2 SV=2
aphodius_scrutator_2|species=Aphodius_scrutator|mature_len=35|n_cys=6	Q3UHK6	sp|Q3UHK6|TEN4_MOUSE	46.154	26	7	3	4	26	635	656	35	2771	66	6.2	28.6	Teneurin-4 OS=Mus musculus OX=10090 GN=Tenm4 PE=1 SV=2
lepiserica_sp_1|species=Lepiserica_sp|mature_len=16|n_cys=2	P23253	sp|P23253|TCNA_TRYCR	80.000	10	2	0	4	13	261	270	16	1162	63	3.6	26.5	Sialidase OS=Trypanosoma cruzi OX=5693 GN=TCNA PE=2 SV=1
lepiserica_sp_1|species=Lepiserica_sp|mature_len=16|n_cys=2	Q5R7W0	sp|Q5R7W0|WIPI3_PONAB	66.667	12	4	0	2	13	320	331	16	344	75	3.7	26.5	WD repeat domain phosphoinositide-interacting protein 3 OS=Pongo abelii OX=9601 GN=WDR45B PE=2 SV=1
lepiserica_sp_1|species=Lepiserica_sp|mature_len=16|n_cys=2	Q5MNZ6	sp|Q5MNZ6|WIPI3_HUMAN	66.667	12	4	0	2	13	320	331	16	344	75	3.7	26.5	WD repeat domain phosphoinositide-interacting protein 3 OS=Homo sapiens OX=9606 GN=WDR45B PE=1 SV=2
lepiserica_sp_1|species=Lepiserica_sp|mature_len=16|n_cys=2	Q6W4X9	sp|Q6W4X9|MUC6_HUMAN	69.231	13	4	0	4	16	709	721	16	2439	81	5.5	26.1	Mucin-6 OS=Homo sapiens OX=9606 GN=MUC6 PE=1 SV=3
lepiserica_sp_1|species=Lepiserica_sp|mature_len=16|n_cys=2	Q5R9P3	sp|Q5R9P3|SC23A_PONAB	66.667	12	4	0	4	15	426	437	16	765	75	7.1	25.7	Protein transport protein Sec23A OS=Pongo abelii OX=9601 GN=SEC23A PE=2 SV=1
lepiserica_sp_1|species=Lepiserica_sp|mature_len=16|n_cys=2	Q01405	sp|Q01405|SC23A_MOUSE	66.667	12	4	0	4	15	426	437	16	765	75	7.1	25.7	Protein transport protein Sec23A OS=Mus musculus OX=10090 GN=Sec23a PE=1 SV=2
lepiserica_sp_1|species=Lepiserica_sp|mature_len=16|n_cys=2	Q15436	sp|Q15436|SC23A_HUMAN	66.667	12	4	0	4	15	426	437	16	765	75	7.1	25.7	Protein transport protein Sec23A OS=Homo sapiens OX=9606 GN=SEC23A PE=1 SV=2
lepiserica_sp_1|species=Lepiserica_sp|mature_len=16|n_cys=2	A2VDL8	sp|A2VDL8|SC23A_BOVIN	66.667	12	4	0	4	15	426	437	16	768	75	7.1	25.7	Protein transport protein Sec23A OS=Bos taurus OX=9913 GN=SEC23A PE=2 SV=1
lepiserica_sp_1|species=Lepiserica_sp|mature_len=16|n_cys=2	Q46LD2	sp|Q46LD2|HIS4_PROMT	76.923	13	1	1	3	15	9	19	16	256	81	7.4	25.7	1-(5-phosphoribosyl)-5-[(5-phosphoribosylamino)methylideneamino] imidazole-4-carboxamide isomerase OS=Prochlorococcus marinus (strain NATL2A) OX=59920 GN=hisA PE=3 SV=1
lepiserica_sp_1|species=Lepiserica_sp|mature_len=16|n_cys=2	A2C1N4	sp|A2C1N4|HIS4_PROM1	76.923	13	1	1	3	15	9	19	16	256	81	7.4	25.7	1-(5-phosphoribosyl)-5-[(5-phosphoribosylamino)methylideneamino] imidazole-4-carboxamide isomerase OS=Prochlorococcus marinus (strain NATL1A) OX=167555 GN=hisA PE=3 SV=1
lepiserica_sp_1|species=Lepiserica_sp|mature_len=16|n_cys=2	Q9CR39	sp|Q9CR39|WIPI3_MOUSE	66.667	12	4	0	2	13	320	331	16	344	75	9.8	25.7	WD repeat domain phosphoinositide-interacting protein 3 OS=Mus musculus OX=10090 GN=Wdr45b PE=1 SV=2
brassicogethes_aeneus_2|species=Brassicogethes_aeneus|mature_len=33|n_cys=4	Q9TWG0	sp|Q9TWG0|VKT1_ANESU	60.000	25	10	0	2	26	30	54	33	58	76	0.050	34.1	KappaPI-actitoxin-Avd3b OS=Anemonia sulcata OX=6108 PE=1 SV=1
brassicogethes_aeneus_2|species=Brassicogethes_aeneus|mature_len=33|n_cys=4	P0DN11	sp|P0DN11|VKT7_ANEVI	60.000	25	10	0	2	26	46	70	33	82	76	0.055	34.1	U-actitoxin-Avd3j OS=Anemonia viridis OX=51769 PE=3 SV=1
brassicogethes_aeneus_2|species=Brassicogethes_aeneus|mature_len=33|n_cys=4	P0DN14	sp|P0DN14|VKTA_ANEVI	60.000	25	10	0	2	26	46	70	33	82	76	0.064	34.1	U-actitoxin-Avd3m OS=Anemonia viridis OX=51769 PE=3 SV=1
brassicogethes_aeneus_2|species=Brassicogethes_aeneus|mature_len=33|n_cys=4	P0DN06	sp|P0DN06|VKT1A_ANEVI	60.000	25	10	0	2	26	46	70	33	82	76	0.064	34.1	U-actitoxin-Avd3f OS=Anemonia viridis OX=51769 PE=3 SV=1
brassicogethes_aeneus_2|species=Brassicogethes_aeneus|mature_len=33|n_cys=4	P0DN10	sp|P0DN10|VKT6_ANEVI	60.000	25	10	0	2	26	46	70	33	82	76	0.065	34.1	U-actitoxin-Avd3i OS=Anemonia viridis OX=51769 PE=3 SV=1
brassicogethes_aeneus_2|species=Brassicogethes_aeneus|mature_len=33|n_cys=4	P0DN09	sp|P0DN09|VKT5_ANEVI	60.000	25	10	0	2	26	46	70	33	82	76	0.068	34.1	U-actitoxin-Avd3h OS=Anemonia viridis OX=51769 PE=3 SV=1
brassicogethes_aeneus_2|species=Brassicogethes_aeneus|mature_len=33|n_cys=4	Q9PVM2	sp|Q9PVM2|HBBA_SERQU	61.111	18	4	1	14	28	101	118	33	148	45	0.11	33.7	Hemoglobin subunit beta-A OS=Seriola quinqueradiata OX=8161 GN=hbb1 PE=2 SV=2
brassicogethes_aeneus_2|species=Brassicogethes_aeneus|mature_len=33|n_cys=4	A6MFL2	sp|A6MFL2|VKT2_DEMVE	77.778	18	4	0	6	23	60	77	33	83	55	0.12	33.3	Kunitz-type serine protease inhibitor vestiginin-2 OS=Demansia vestigiata OX=412038 PE=2 SV=1
brassicogethes_aeneus_2|species=Brassicogethes_aeneus|mature_len=33|n_cys=4	A6MGX9	sp|A6MGX9|VKT5_DEMVE	77.778	18	4	0	6	23	60	77	33	83	55	0.13	33.3	Kunitz-type serine protease inhibitor vestiginin-5 OS=Demansia vestigiata OX=412038 PE=2 SV=1
brassicogethes_aeneus_2|species=Brassicogethes_aeneus|mature_len=33|n_cys=4	A6MFL1	sp|A6MFL1|VKT1_DEMVE	77.778	18	4	0	6	23	60	77	33	83	55	0.14	33.3	Kunitz-type serine protease inhibitor vestiginin-1 OS=Demansia vestigiata OX=412038 PE=2 SV=1
brassicogethes_aeneus_2|species=Brassicogethes_aeneus|mature_len=33|n_cys=4	P0DN19	sp|P0DN19|VKTF_ANEVI	60.000	25	10	0	2	26	36	60	33	72	76	0.18	32.9	U-actitoxin-Avd3r (Fragment) OS=Anemonia viridis OX=51769 PE=2 SV=1
brassicogethes_aeneus_2|species=Brassicogethes_aeneus|mature_len=33|n_cys=4	P0DN17	sp|P0DN17|VKTD_ANEVI	60.000	25	10	0	2	26	46	70	33	82	76	0.20	32.5	U-actitoxin-Avd3p OS=Anemonia viridis OX=51769 PE=3 SV=1
brassicogethes_aeneus_2|species=Brassicogethes_aeneus|mature_len=33|n_cys=4	P11749	sp|P11749|HBB_THUTH	69.231	13	4	0	14	26	100	112	33	146	39	0.26	32.5	Hemoglobin subunit beta OS=Thunnus thynnus OX=8237 GN=hbb PE=1 SV=1
brassicogethes_aeneus_2|species=Brassicogethes_aeneus|mature_len=33|n_cys=4	P84611	sp|P84611|HBB2_GADMO	61.111	18	4	1	14	28	101	118	33	147	45	0.43	31.6	Hemoglobin subunit beta-2 OS=Gadus morhua OX=8049 GN=hbb2 PE=1 SV=2
brassicogethes_aeneus_2|species=Brassicogethes_aeneus|mature_len=33|n_cys=4	P84604	sp|P84604|HBB2_ARCGL	61.111	18	4	1	14	28	101	118	33	147	45	0.43	31.6	Hemoglobin subunit beta-2 OS=Arctogadus glacialis OX=185735 GN=hbb2 PE=1 SV=2
brassicogethes_aeneus_2|species=Brassicogethes_aeneus|mature_len=33|n_cys=4	Q1AGS6	sp|Q1AGS6|HBB2_BORSA	61.111	18	4	1	14	28	101	118	33	147	45	0.44	31.6	Hemoglobin subunit beta-2 OS=Boreogadus saida OX=44932 GN=hbb2 PE=1 SV=3
brassicogethes_aeneus_2|species=Brassicogethes_aeneus|mature_len=33|n_cys=4	O09232	sp|O09232|HBB_MELAE	61.111	18	4	1	14	28	101	118	33	147	45	0.45	31.6	Hemoglobin subunit beta OS=Melanogrammus aeglefinus OX=8056 GN=hbb PE=2 SV=2
brassicogethes_aeneus_2|species=Brassicogethes_aeneus|mature_len=33|n_cys=4	O13078	sp|O13078|HBB_MERMR	61.111	18	4	1	14	28	101	118	33	147	45	0.58	31.6	Hemoglobin subunit beta OS=Merlangius merlangus OX=8058 GN=hbb PE=2 SV=2
brassicogethes_aeneus_2|species=Brassicogethes_aeneus|mature_len=33|n_cys=4	P10280	sp|P10280|VKT52_ANESU	56.000	25	11	0	2	26	30	54	33	62	76	0.58	31.2	KappaPI-actitoxin-Avd3a OS=Anemonia sulcata OX=6108 PE=1 SV=2
brassicogethes_aeneus_2|species=Brassicogethes_aeneus|mature_len=33|n_cys=4	Q9TWF8	sp|Q9TWF8|VKT3_ANESU	56.000	25	11	0	2	26	30	54	33	59	76	0.79	30.8	KappaPI-actitoxin-Avd3d OS=Anemonia sulcata OX=6108 PE=1 SV=1
brassicogethes_aeneus_2|species=Brassicogethes_aeneus|mature_len=33|n_cys=4	P0DN08	sp|P0DN08|VKT53_ANEVI	56.000	25	11	0	2	26	46	70	33	82	76	0.80	30.8	KappaPI-actitoxin-Avd3e OS=Anemonia viridis OX=51769 PE=3 SV=1
brassicogethes_aeneus_2|species=Brassicogethes_aeneus|mature_len=33|n_cys=4	P0DN07	sp|P0DN07|VKT4_ANEVI	56.000	25	11	0	2	26	46	70	33	82	76	1.0	30.8	U-actitoxin-Avd3g OS=Anemonia viridis OX=51769 PE=3 SV=1
brassicogethes_aeneus_2|species=Brassicogethes_aeneus|mature_len=33|n_cys=4	P83478	sp|P83478|HBBC_CONCO	69.231	13	4	0	14	26	100	112	33	146	39	1.1	30.8	Hemoglobin cathodic subunit beta OS=Conger conger OX=82655 PE=1 SV=1
brassicogethes_aeneus_2|species=Brassicogethes_aeneus|mature_len=33|n_cys=4	Q9PVM1	sp|Q9PVM1|HBBB_SERQU	55.556	18	5	1	14	28	101	118	33	148	45	1.5	30.3	Hemoglobin subunit beta-B OS=Seriola quinqueradiata OX=8161 GN=hbb2 PE=2 SV=3
brassicogethes_aeneus_2|species=Brassicogethes_aeneus|mature_len=33|n_cys=4	P86963	sp|P86963|KCP2_PINMA	44.828	29	16	0	1	29	125	153	33	337	88	2.1	29.9	BPTI/Kunitz domain-containing protein 2 OS=Pinctada maxima OX=104660 PE=1 SV=1
diphucephala_sp_3|species=Diphucephala_sp|mature_len=49|n_cys=9	P56682	sp|P56682|TILI_APIME	47.917	48	23	1	1	48	11	56	49	56	98	0.003	39.2	Chymotrypsin inhibitor OS=Apis mellifera OX=7460 PE=1 SV=1
diphucephala_sp_3|species=Diphucephala_sp|mature_len=49|n_cys=9	P83516	sp|P83516|TILI_RHIMP	38.298	47	27	1	2	48	18	62	49	65	96	0.003	39.2	Chymotrypsin-elastase inhibitor ixodidin OS=Rhipicephalus microplus OX=6941 PE=1 SV=2
diphucephala_sp_3|species=Diphucephala_sp|mature_len=49|n_cys=9	Q8CJ69	sp|Q8CJ69|BMPER_MOUSE	53.488	43	18	2	1	43	637	677	49	685	88	0.010	38.4	BMP-binding endothelial regulator protein OS=Mus musculus OX=10090 GN=Bmper PE=1 SV=1
diphucephala_sp_3|species=Diphucephala_sp|mature_len=49|n_cys=9	O88799	sp|O88799|ZAN_MOUSE	42.308	52	25	2	2	49	4393	4443	49	5376	98	0.033	36.7	Zonadhesin OS=Mus musculus OX=10090 GN=Zan PE=1 SV=1
diphucephala_sp_3|species=Diphucephala_sp|mature_len=49|n_cys=9	O88799	sp|O88799|ZAN_MOUSE	42.857	49	26	2	2	49	3309	3356	49	5376	98	0.035	36.7	Zonadhesin OS=Mus musculus OX=10090 GN=Zan PE=1 SV=1
diphucephala_sp_3|species=Diphucephala_sp|mature_len=49|n_cys=9	O88799	sp|O88799|ZAN_MOUSE	40.385	52	26	2	2	49	4753	4803	49	5376	98	0.079	35.4	Zonadhesin OS=Mus musculus OX=10090 GN=Zan PE=1 SV=1
diphucephala_sp_3|species=Diphucephala_sp|mature_len=49|n_cys=9	O88799	sp|O88799|ZAN_MOUSE	34.615	52	29	2	2	49	2589	2639	49	5376	98	0.66	32.5	Zonadhesin OS=Mus musculus OX=10090 GN=Zan PE=1 SV=1
diphucephala_sp_3|species=Diphucephala_sp|mature_len=49|n_cys=9	O88799	sp|O88799|ZAN_MOUSE	32.692	52	30	2	2	49	2829	2879	49	5376	98	0.92	32.0	Zonadhesin OS=Mus musculus OX=10090 GN=Zan PE=1 SV=1
diphucephala_sp_3|species=Diphucephala_sp|mature_len=49|n_cys=9	O88799	sp|O88799|ZAN_MOUSE	32.692	52	30	2	2	49	4513	4563	49	5376	98	1.9	31.2	Zonadhesin OS=Mus musculus OX=10090 GN=Zan PE=1 SV=1
diphucephala_sp_3|species=Diphucephala_sp|mature_len=49|n_cys=9	O88799	sp|O88799|ZAN_MOUSE	32.075	53	31	2	1	49	3068	3119	49	5376	100	2.7	30.8	Zonadhesin OS=Mus musculus OX=10090 GN=Zan PE=1 SV=1
diphucephala_sp_3|species=Diphucephala_sp|mature_len=49|n_cys=9	Q8N8U9	sp|Q8N8U9|BMPER_HUMAN	51.163	43	19	2	1	43	637	677	49	685	88	0.040	36.3	BMP-binding endothelial regulator protein OS=Homo sapiens OX=9606 GN=BMPER PE=1 SV=3
diphucephala_sp_3|species=Diphucephala_sp|mature_len=49|n_cys=9	Q8T0W5	sp|Q8T0W5|TIL1_PIMHY	42.857	49	26	2	1	48	37	84	49	85	98	0.055	35.4	Cysteine-rich venom protein 1 OS=Pimpla hypochondriaca OX=135724 PE=1 SV=1
diphucephala_sp_3|species=Diphucephala_sp|mature_len=49|n_cys=9	K7WRE1	sp|K7WRE1|TIL_BOMTE	43.750	48	24	2	1	48	31	75	49	75	98	0.071	35.0	Chymotrypsin inhibitor OS=Bombus terrestris OX=30195 PE=2 SV=1
diphucephala_sp_3|species=Diphucephala_sp|mature_len=49|n_cys=9	U5T7E4	sp|U5T7E4|TILVI_BOMIG	43.750	48	24	2	1	48	31	75	49	75	98	0.071	35.0	Venom serine protease inhibitor BiVSPI OS=Bombus ignitus OX=130704 PE=1 SV=1
diphucephala_sp_3|species=Diphucephala_sp|mature_len=49|n_cys=9	Q8T0W0	sp|Q8T0W0|TIL6_PIMHY	35.417	48	28	1	1	48	32	76	49	77	98	0.15	34.1	Cysteine-rich venom protein 6 OS=Pimpla hypochondriaca OX=135724 PE=1 SV=1
diphucephala_sp_3|species=Diphucephala_sp|mature_len=49|n_cys=9	Q98UI9	sp|Q98UI9|MUC5B_CHICK	42.857	49	25	2	2	48	313	360	49	2108	96	0.15	34.6	Mucin-5B OS=Gallus gallus OX=9031 GN=MUC5B PE=1 SV=1
diphucephala_sp_3|species=Diphucephala_sp|mature_len=49|n_cys=9	Q98UI9	sp|Q98UI9|MUC5B_CHICK	30.435	46	30	1	3	48	782	825	49	2108	94	2.0	31.2	Mucin-5B OS=Gallus gallus OX=9031 GN=MUC5B PE=1 SV=1
diphucephala_sp_3|species=Diphucephala_sp|mature_len=49|n_cys=9	Q80T03	sp|Q80T03|MUC6_MOUSE	46.000	50	21	3	2	48	353	399	49	2850	96	0.36	33.3	Mucin-6 OS=Mus musculus OX=10090 GN=Muc6 PE=2 SV=1
diphucephala_sp_3|species=Diphucephala_sp|mature_len=49|n_cys=9	Q80T03	sp|Q80T03|MUC6_MOUSE	41.304	46	27	0	3	48	824	869	49	2850	94	1.4	31.6	Mucin-6 OS=Mus musculus OX=10090 GN=Muc6 PE=2 SV=1
diphucephala_sp_3|species=Diphucephala_sp|mature_len=49|n_cys=9	P57999	sp|P57999|ZAN_RABIT	40.000	50	27	2	2	49	1679	1727	49	2282	98	0.41	33.3	Zonadhesin (Fragment) OS=Oryctolagus cuniculus OX=9986 GN=ZAN PE=2 SV=2
diphucephala_sp_3|species=Diphucephala_sp|mature_len=49|n_cys=9	A0A2R4SV19	sp|A0A2R4SV19|TIL6_APICE	38.298	47	28	1	2	48	36	81	49	87	96	0.60	32.5	Venom serine protease inhibitor OS=Apis cerana OX=7461 PE=2 SV=1
diphucephala_sp_3|species=Diphucephala_sp|mature_len=49|n_cys=9	P0CAI1	sp|P0CAI1|VF602_ASFP4	46.429	28	13	1	1	28	208	233	49	570	57	4.0	30.3	Protein B602L OS=African swine fever virus (isolate Tick/South Africa/Pretoriuskop Pr4/1996) OX=561443 GN=Pret-091 PE=3 SV=1
diphucephala_sp_3|species=Diphucephala_sp|mature_len=49|n_cys=9	Q7Z5P9	sp|Q7Z5P9|MUC19_HUMAN	39.286	56	16	6	2	48	730	776	49	8384	96	4.2	30.3	Mucin-19 OS=Homo sapiens OX=9606 GN=MUC19 PE=1 SV=3
diphucephala_sp_3|species=Diphucephala_sp|mature_len=49|n_cys=9	Q6W4X9	sp|Q6W4X9|MUC6_HUMAN	42.000	50	23	2	2	48	311	357	49	2439	96	6.0	29.5	Mucin-6 OS=Homo sapiens OX=9606 GN=MUC6 PE=1 SV=3
ceutorhynchus_napi_3|species=Ceutorhynchus_napi|mature_len=33|n_cys=4	Q9TWG0	sp|Q9TWG0|VKT1_ANESU	60.000	25	10	0	2	26	30	54	33	58	76	0.050	34.1	KappaPI-actitoxin-Avd3b OS=Anemonia sulcata OX=6108 PE=1 SV=1
ceutorhynchus_napi_3|species=Ceutorhynchus_napi|mature_len=33|n_cys=4	P0DN11	sp|P0DN11|VKT7_ANEVI	60.000	25	10	0	2	26	46	70	33	82	76	0.055	34.1	U-actitoxin-Avd3j OS=Anemonia viridis OX=51769 PE=3 SV=1
ceutorhynchus_napi_3|species=Ceutorhynchus_napi|mature_len=33|n_cys=4	P0DN14	sp|P0DN14|VKTA_ANEVI	60.000	25	10	0	2	26	46	70	33	82	76	0.064	34.1	U-actitoxin-Avd3m OS=Anemonia viridis OX=51769 PE=3 SV=1
ceutorhynchus_napi_3|species=Ceutorhynchus_napi|mature_len=33|n_cys=4	P0DN06	sp|P0DN06|VKT1A_ANEVI	60.000	25	10	0	2	26	46	70	33	82	76	0.064	34.1	U-actitoxin-Avd3f OS=Anemonia viridis OX=51769 PE=3 SV=1
ceutorhynchus_napi_3|species=Ceutorhynchus_napi|mature_len=33|n_cys=4	P0DN10	sp|P0DN10|VKT6_ANEVI	60.000	25	10	0	2	26	46	70	33	82	76	0.065	34.1	U-actitoxin-Avd3i OS=Anemonia viridis OX=51769 PE=3 SV=1
ceutorhynchus_napi_3|species=Ceutorhynchus_napi|mature_len=33|n_cys=4	P0DN09	sp|P0DN09|VKT5_ANEVI	60.000	25	10	0	2	26	46	70	33	82	76	0.068	34.1	U-actitoxin-Avd3h OS=Anemonia viridis OX=51769 PE=3 SV=1
ceutorhynchus_napi_3|species=Ceutorhynchus_napi|mature_len=33|n_cys=4	Q9PVM2	sp|Q9PVM2|HBBA_SERQU	61.111	18	4	1	14	28	101	118	33	148	45	0.11	33.7	Hemoglobin subunit beta-A OS=Seriola quinqueradiata OX=8161 GN=hbb1 PE=2 SV=2
ceutorhynchus_napi_3|species=Ceutorhynchus_napi|mature_len=33|n_cys=4	A6MFL2	sp|A6MFL2|VKT2_DEMVE	77.778	18	4	0	6	23	60	77	33	83	55	0.12	33.3	Kunitz-type serine protease inhibitor vestiginin-2 OS=Demansia vestigiata OX=412038 PE=2 SV=1
ceutorhynchus_napi_3|species=Ceutorhynchus_napi|mature_len=33|n_cys=4	A6MGX9	sp|A6MGX9|VKT5_DEMVE	77.778	18	4	0	6	23	60	77	33	83	55	0.13	33.3	Kunitz-type serine protease inhibitor vestiginin-5 OS=Demansia vestigiata OX=412038 PE=2 SV=1
ceutorhynchus_napi_3|species=Ceutorhynchus_napi|mature_len=33|n_cys=4	A6MFL1	sp|A6MFL1|VKT1_DEMVE	77.778	18	4	0	6	23	60	77	33	83	55	0.14	33.3	Kunitz-type serine protease inhibitor vestiginin-1 OS=Demansia vestigiata OX=412038 PE=2 SV=1
ceutorhynchus_napi_3|species=Ceutorhynchus_napi|mature_len=33|n_cys=4	P0DN19	sp|P0DN19|VKTF_ANEVI	60.000	25	10	0	2	26	36	60	33	72	76	0.18	32.9	U-actitoxin-Avd3r (Fragment) OS=Anemonia viridis OX=51769 PE=2 SV=1
ceutorhynchus_napi_3|species=Ceutorhynchus_napi|mature_len=33|n_cys=4	P0DN17	sp|P0DN17|VKTD_ANEVI	60.000	25	10	0	2	26	46	70	33	82	76	0.20	32.5	U-actitoxin-Avd3p OS=Anemonia viridis OX=51769 PE=3 SV=1
ceutorhynchus_napi_3|species=Ceutorhynchus_napi|mature_len=33|n_cys=4	P11749	sp|P11749|HBB_THUTH	69.231	13	4	0	14	26	100	112	33	146	39	0.26	32.5	Hemoglobin subunit beta OS=Thunnus thynnus OX=8237 GN=hbb PE=1 SV=1
ceutorhynchus_napi_3|species=Ceutorhynchus_napi|mature_len=33|n_cys=4	P84611	sp|P84611|HBB2_GADMO	61.111	18	4	1	14	28	101	118	33	147	45	0.43	31.6	Hemoglobin subunit beta-2 OS=Gadus morhua OX=8049 GN=hbb2 PE=1 SV=2
ceutorhynchus_napi_3|species=Ceutorhynchus_napi|mature_len=33|n_cys=4	P84604	sp|P84604|HBB2_ARCGL	61.111	18	4	1	14	28	101	118	33	147	45	0.43	31.6	Hemoglobin subunit beta-2 OS=Arctogadus glacialis OX=185735 GN=hbb2 PE=1 SV=2
ceutorhynchus_napi_3|species=Ceutorhynchus_napi|mature_len=33|n_cys=4	Q1AGS6	sp|Q1AGS6|HBB2_BORSA	61.111	18	4	1	14	28	101	118	33	147	45	0.44	31.6	Hemoglobin subunit beta-2 OS=Boreogadus saida OX=44932 GN=hbb2 PE=1 SV=3
ceutorhynchus_napi_3|species=Ceutorhynchus_napi|mature_len=33|n_cys=4	O09232	sp|O09232|HBB_MELAE	61.111	18	4	1	14	28	101	118	33	147	45	0.45	31.6	Hemoglobin subunit beta OS=Melanogrammus aeglefinus OX=8056 GN=hbb PE=2 SV=2
ceutorhynchus_napi_3|species=Ceutorhynchus_napi|mature_len=33|n_cys=4	O13078	sp|O13078|HBB_MERMR	61.111	18	4	1	14	28	101	118	33	147	45	0.58	31.6	Hemoglobin subunit beta OS=Merlangius merlangus OX=8058 GN=hbb PE=2 SV=2
ceutorhynchus_napi_3|species=Ceutorhynchus_napi|mature_len=33|n_cys=4	P10280	sp|P10280|VKT52_ANESU	56.000	25	11	0	2	26	30	54	33	62	76	0.58	31.2	KappaPI-actitoxin-Avd3a OS=Anemonia sulcata OX=6108 PE=1 SV=2
ceutorhynchus_napi_3|species=Ceutorhynchus_napi|mature_len=33|n_cys=4	Q9TWF8	sp|Q9TWF8|VKT3_ANESU	56.000	25	11	0	2	26	30	54	33	59	76	0.79	30.8	KappaPI-actitoxin-Avd3d OS=Anemonia sulcata OX=6108 PE=1 SV=1
ceutorhynchus_napi_3|species=Ceutorhynchus_napi|mature_len=33|n_cys=4	P0DN08	sp|P0DN08|VKT53_ANEVI	56.000	25	11	0	2	26	46	70	33	82	76	0.80	30.8	KappaPI-actitoxin-Avd3e OS=Anemonia viridis OX=51769 PE=3 SV=1
ceutorhynchus_napi_3|species=Ceutorhynchus_napi|mature_len=33|n_cys=4	P0DN07	sp|P0DN07|VKT4_ANEVI	56.000	25	11	0	2	26	46	70	33	82	76	1.0	30.8	U-actitoxin-Avd3g OS=Anemonia viridis OX=51769 PE=3 SV=1
ceutorhynchus_napi_3|species=Ceutorhynchus_napi|mature_len=33|n_cys=4	P83478	sp|P83478|HBBC_CONCO	69.231	13	4	0	14	26	100	112	33	146	39	1.1	30.8	Hemoglobin cathodic subunit beta OS=Conger conger OX=82655 PE=1 SV=1
ceutorhynchus_napi_3|species=Ceutorhynchus_napi|mature_len=33|n_cys=4	Q9PVM1	sp|Q9PVM1|HBBB_SERQU	55.556	18	5	1	14	28	101	118	33	148	45	1.5	30.3	Hemoglobin subunit beta-B OS=Seriola quinqueradiata OX=8161 GN=hbb2 PE=2 SV=3
ceutorhynchus_napi_3|species=Ceutorhynchus_napi|mature_len=33|n_cys=4	P86963	sp|P86963|KCP2_PINMA	44.828	29	16	0	1	29	125	153	33	337	88	2.1	29.9	BPTI/Kunitz domain-containing protein 2 OS=Pinctada maxima OX=104660 PE=1 SV=1
psylliodes_chrysocephalus_1|species=Psylliodes_chrysocephalus|mature_len=33|n_cys=4	Q9TWG0	sp|Q9TWG0|VKT1_ANESU	60.000	25	10	0	2	26	30	54	33	58	76	0.050	34.1	KappaPI-actitoxin-Avd3b OS=Anemonia sulcata OX=6108 PE=1 SV=1
psylliodes_chrysocephalus_1|species=Psylliodes_chrysocephalus|mature_len=33|n_cys=4	P0DN11	sp|P0DN11|VKT7_ANEVI	60.000	25	10	0	2	26	46	70	33	82	76	0.055	34.1	U-actitoxin-Avd3j OS=Anemonia viridis OX=51769 PE=3 SV=1
psylliodes_chrysocephalus_1|species=Psylliodes_chrysocephalus|mature_len=33|n_cys=4	P0DN14	sp|P0DN14|VKTA_ANEVI	60.000	25	10	0	2	26	46	70	33	82	76	0.064	34.1	U-actitoxin-Avd3m OS=Anemonia viridis OX=51769 PE=3 SV=1
psylliodes_chrysocephalus_1|species=Psylliodes_chrysocephalus|mature_len=33|n_cys=4	P0DN06	sp|P0DN06|VKT1A_ANEVI	60.000	25	10	0	2	26	46	70	33	82	76	0.064	34.1	U-actitoxin-Avd3f OS=Anemonia viridis OX=51769 PE=3 SV=1
psylliodes_chrysocephalus_1|species=Psylliodes_chrysocephalus|mature_len=33|n_cys=4	P0DN10	sp|P0DN10|VKT6_ANEVI	60.000	25	10	0	2	26	46	70	33	82	76	0.065	34.1	U-actitoxin-Avd3i OS=Anemonia viridis OX=51769 PE=3 SV=1
psylliodes_chrysocephalus_1|species=Psylliodes_chrysocephalus|mature_len=33|n_cys=4	P0DN09	sp|P0DN09|VKT5_ANEVI	60.000	25	10	0	2	26	46	70	33	82	76	0.068	34.1	U-actitoxin-Avd3h OS=Anemonia viridis OX=51769 PE=3 SV=1
psylliodes_chrysocephalus_1|species=Psylliodes_chrysocephalus|mature_len=33|n_cys=4	Q9PVM2	sp|Q9PVM2|HBBA_SERQU	61.111	18	4	1	14	28	101	118	33	148	45	0.11	33.7	Hemoglobin subunit beta-A OS=Seriola quinqueradiata OX=8161 GN=hbb1 PE=2 SV=2
psylliodes_chrysocephalus_1|species=Psylliodes_chrysocephalus|mature_len=33|n_cys=4	A6MFL2	sp|A6MFL2|VKT2_DEMVE	77.778	18	4	0	6	23	60	77	33	83	55	0.12	33.3	Kunitz-type serine protease inhibitor vestiginin-2 OS=Demansia vestigiata OX=412038 PE=2 SV=1
psylliodes_chrysocephalus_1|species=Psylliodes_chrysocephalus|mature_len=33|n_cys=4	A6MGX9	sp|A6MGX9|VKT5_DEMVE	77.778	18	4	0	6	23	60	77	33	83	55	0.13	33.3	Kunitz-type serine protease inhibitor vestiginin-5 OS=Demansia vestigiata OX=412038 PE=2 SV=1
psylliodes_chrysocephalus_1|species=Psylliodes_chrysocephalus|mature_len=33|n_cys=4	A6MFL1	sp|A6MFL1|VKT1_DEMVE	77.778	18	4	0	6	23	60	77	33	83	55	0.14	33.3	Kunitz-type serine protease inhibitor vestiginin-1 OS=Demansia vestigiata OX=412038 PE=2 SV=1
psylliodes_chrysocephalus_1|species=Psylliodes_chrysocephalus|mature_len=33|n_cys=4	P0DN19	sp|P0DN19|VKTF_ANEVI	60.000	25	10	0	2	26	36	60	33	72	76	0.18	32.9	U-actitoxin-Avd3r (Fragment) OS=Anemonia viridis OX=51769 PE=2 SV=1
psylliodes_chrysocephalus_1|species=Psylliodes_chrysocephalus|mature_len=33|n_cys=4	P0DN17	sp|P0DN17|VKTD_ANEVI	60.000	25	10	0	2	26	46	70	33	82	76	0.20	32.5	U-actitoxin-Avd3p OS=Anemonia viridis OX=51769 PE=3 SV=1
psylliodes_chrysocephalus_1|species=Psylliodes_chrysocephalus|mature_len=33|n_cys=4	P11749	sp|P11749|HBB_THUTH	69.231	13	4	0	14	26	100	112	33	146	39	0.26	32.5	Hemoglobin subunit beta OS=Thunnus thynnus OX=8237 GN=hbb PE=1 SV=1
psylliodes_chrysocephalus_1|species=Psylliodes_chrysocephalus|mature_len=33|n_cys=4	P84611	sp|P84611|HBB2_GADMO	61.111	18	4	1	14	28	101	118	33	147	45	0.43	31.6	Hemoglobin subunit beta-2 OS=Gadus morhua OX=8049 GN=hbb2 PE=1 SV=2
psylliodes_chrysocephalus_1|species=Psylliodes_chrysocephalus|mature_len=33|n_cys=4	P84604	sp|P84604|HBB2_ARCGL	61.111	18	4	1	14	28	101	118	33	147	45	0.43	31.6	Hemoglobin subunit beta-2 OS=Arctogadus glacialis OX=185735 GN=hbb2 PE=1 SV=2
psylliodes_chrysocephalus_1|species=Psylliodes_chrysocephalus|mature_len=33|n_cys=4	Q1AGS6	sp|Q1AGS6|HBB2_BORSA	61.111	18	4	1	14	28	101	118	33	147	45	0.44	31.6	Hemoglobin subunit beta-2 OS=Boreogadus saida OX=44932 GN=hbb2 PE=1 SV=3
psylliodes_chrysocephalus_1|species=Psylliodes_chrysocephalus|mature_len=33|n_cys=4	O09232	sp|O09232|HBB_MELAE	61.111	18	4	1	14	28	101	118	33	147	45	0.45	31.6	Hemoglobin subunit beta OS=Melanogrammus aeglefinus OX=8056 GN=hbb PE=2 SV=2
psylliodes_chrysocephalus_1|species=Psylliodes_chrysocephalus|mature_len=33|n_cys=4	O13078	sp|O13078|HBB_MERMR	61.111	18	4	1	14	28	101	118	33	147	45	0.58	31.6	Hemoglobin subunit beta OS=Merlangius merlangus OX=8058 GN=hbb PE=2 SV=2
psylliodes_chrysocephalus_1|species=Psylliodes_chrysocephalus|mature_len=33|n_cys=4	P10280	sp|P10280|VKT52_ANESU	56.000	25	11	0	2	26	30	54	33	62	76	0.58	31.2	KappaPI-actitoxin-Avd3a OS=Anemonia sulcata OX=6108 PE=1 SV=2
psylliodes_chrysocephalus_1|species=Psylliodes_chrysocephalus|mature_len=33|n_cys=4	Q9TWF8	sp|Q9TWF8|VKT3_ANESU	56.000	25	11	0	2	26	30	54	33	59	76	0.79	30.8	KappaPI-actitoxin-Avd3d OS=Anemonia sulcata OX=6108 PE=1 SV=1
psylliodes_chrysocephalus_1|species=Psylliodes_chrysocephalus|mature_len=33|n_cys=4	P0DN08	sp|P0DN08|VKT53_ANEVI	56.000	25	11	0	2	26	46	70	33	82	76	0.80	30.8	KappaPI-actitoxin-Avd3e OS=Anemonia viridis OX=51769 PE=3 SV=1
psylliodes_chrysocephalus_1|species=Psylliodes_chrysocephalus|mature_len=33|n_cys=4	P0DN07	sp|P0DN07|VKT4_ANEVI	56.000	25	11	0	2	26	46	70	33	82	76	1.0	30.8	U-actitoxin-Avd3g OS=Anemonia viridis OX=51769 PE=3 SV=1
psylliodes_chrysocephalus_1|species=Psylliodes_chrysocephalus|mature_len=33|n_cys=4	P83478	sp|P83478|HBBC_CONCO	69.231	13	4	0	14	26	100	112	33	146	39	1.1	30.8	Hemoglobin cathodic subunit beta OS=Conger conger OX=82655 PE=1 SV=1
psylliodes_chrysocephalus_1|species=Psylliodes_chrysocephalus|mature_len=33|n_cys=4	Q9PVM1	sp|Q9PVM1|HBBB_SERQU	55.556	18	5	1	14	28	101	118	33	148	45	1.5	30.3	Hemoglobin subunit beta-B OS=Seriola quinqueradiata OX=8161 GN=hbb2 PE=2 SV=3
psylliodes_chrysocephalus_1|species=Psylliodes_chrysocephalus|mature_len=33|n_cys=4	P86963	sp|P86963|KCP2_PINMA	44.828	29	16	0	1	29	125	153	33	337	88	2.1	29.9	BPTI/Kunitz domain-containing protein 2 OS=Pinctada maxima OX=104660 PE=1 SV=1
spercheus_emarginatus_2|species=Spercheus_emarginatus|mature_len=9|n_cys=2	O14275	sp|O14275|PT309_SCHPO	100.000	7	0	0	3	9	551	557	9	931	78	1.8	26.1	Mitochondrial cox1 translation regulator ppr4 OS=Schizosaccharomyces pombe (strain 972 / ATCC 24843) OX=284812 GN=ppr4 PE=1 SV=1
spercheus_emarginatus_2|species=Spercheus_emarginatus|mature_len=9|n_cys=2	Q30WI7	sp|Q30WI7|TRUB_OLEA2	87.500	8	1	0	2	9	54	61	9	309	89	9.8	24.0	tRNA pseudouridine synthase B OS=Oleidesulfovibrio alaskensis (strain ATCC BAA-1058 / DSM 17464 / G20) OX=207559 GN=truB PE=3 SV=1
geotrupes_spiniger_2|species=Geotrupes_spiniger|mature_len=12|n_cys=2	Q96QV1	sp|Q96QV1|HHIP_HUMAN	88.889	9	1	0	2	10	647	655	12	700	75	0.54	28.2	Hedgehog-interacting protein OS=Homo sapiens OX=9606 GN=HHIP PE=1 SV=3
geotrupes_spiniger_2|species=Geotrupes_spiniger|mature_len=12|n_cys=2	Q7TN16	sp|Q7TN16|HHIP_MOUSE	88.889	9	1	0	2	10	647	655	12	700	75	0.59	28.2	Hedgehog-interacting protein OS=Mus musculus OX=10090 GN=Hhip PE=1 SV=2
geotrupes_spiniger_2|species=Geotrupes_spiniger|mature_len=12|n_cys=2	Q2Q426	sp|Q2Q426|AGRE2_MACMU	72.727	11	1	1	4	12	68	78	12	822	75	8.3	24.8	Adhesion G protein-coupled receptor E2 OS=Macaca mulatta OX=9544 GN=ADGRE2 PE=2 SV=1
srr1562204_4|species=Migdolus_fryanus|mature_len=64|n_cys=6	P0DN14	sp|P0DN14|VKTA_ANEVI	42.857	56	30	1	1	56	19	72	64	82	88	1.36e-06	50.7	U-actitoxin-Avd3m OS=Anemonia viridis OX=51769 PE=3 SV=1
srr1562204_4|species=Migdolus_fryanus|mature_len=64|n_cys=6	P0DN09	sp|P0DN09|VKT5_ANEVI	41.071	56	31	1	1	56	19	72	64	82	88	4.54e-06	49.0	U-actitoxin-Avd3h OS=Anemonia viridis OX=51769 PE=3 SV=1
srr1562204_4|species=Migdolus_fryanus|mature_len=64|n_cys=6	P0DN10	sp|P0DN10|VKT6_ANEVI	41.071	56	31	1	1	56	19	72	64	82	88	5.22e-06	48.6	U-actitoxin-Avd3i OS=Anemonia viridis OX=51769 PE=3 SV=1
srr1562204_4|species=Migdolus_fryanus|mature_len=64|n_cys=6	P0DN19	sp|P0DN19|VKTF_ANEVI	43.636	55	29	2	2	56	10	62	64	72	86	1.70e-05	46.9	U-actitoxin-Avd3r (Fragment) OS=Anemonia viridis OX=51769 PE=2 SV=1
srr1562204_4|species=Migdolus_fryanus|mature_len=64|n_cys=6	P82968	sp|P82968|MCPI_MELCP	43.396	53	29	1	1	52	139	191	64	197	81	2.04e-05	47.3	Four-domain proteases inhibitor OS=Melithaea caledonica OX=156534 PE=1 SV=1
srr1562204_4|species=Migdolus_fryanus|mature_len=64|n_cys=6	B6ZIW0	sp|B6ZIW0|KUN_HAELO	46.939	49	25	1	8	56	25	72	64	141	77	2.44e-05	46.9	Thrombin inhibitor hemalin OS=Haemaphysalis longicornis OX=44386 PE=2 SV=1
srr1562204_4|species=Migdolus_fryanus|mature_len=64|n_cys=6	P0DN11	sp|P0DN11|VKT7_ANEVI	39.286	56	32	1	1	56	19	72	64	82	88	3.07e-05	46.4	U-actitoxin-Avd3j OS=Anemonia viridis OX=51769 PE=3 SV=1
srr1562204_4|species=Migdolus_fryanus|mature_len=64|n_cys=6	Q9TWG0	sp|Q9TWG0|VKT1_ANESU	41.818	55	30	2	2	56	4	56	64	58	86	3.32e-05	46.0	KappaPI-actitoxin-Avd3b OS=Anemonia sulcata OX=6108 PE=1 SV=1
srr1562204_4|species=Migdolus_fryanus|mature_len=64|n_cys=6	P0DN06	sp|P0DN06|VKT1A_ANEVI	41.818	55	30	2	2	56	20	72	64	82	86	4.17e-05	46.0	U-actitoxin-Avd3f OS=Anemonia viridis OX=51769 PE=3 SV=1
srr1562204_4|species=Migdolus_fryanus|mature_len=64|n_cys=6	P10280	sp|P10280|VKT52_ANESU	39.286	56	32	1	1	56	3	56	64	62	88	4.82e-05	45.6	KappaPI-actitoxin-Avd3a OS=Anemonia sulcata OX=6108 PE=1 SV=2
srr1562204_4|species=Migdolus_fryanus|mature_len=64|n_cys=6	P81902	sp|P81902|CSTI_BOMMO	45.283	53	25	2	1	52	2	51	64	55	81	5.91e-05	45.2	Trypsin inhibitor OS=Bombyx mori OX=7091 PE=1 SV=1
srr1562204_4|species=Migdolus_fryanus|mature_len=64|n_cys=6	Q9TWF8	sp|Q9TWF8|VKT3_ANESU	39.286	56	32	1	1	56	3	56	64	59	88	5.98e-05	45.2	KappaPI-actitoxin-Avd3d OS=Anemonia sulcata OX=6108 PE=1 SV=1
srr1562204_4|species=Migdolus_fryanus|mature_len=64|n_cys=6	Q9TWF9	sp|Q9TWF9|VKT2_ANESU	41.818	55	30	2	2	56	4	56	64	58	86	6.15e-05	45.2	KappaPI-actitoxin-Avd3c OS=Anemonia sulcata OX=6108 PE=1 SV=1
srr1562204_4|species=Migdolus_fryanus|mature_len=64|n_cys=6	P0DN08	sp|P0DN08|VKT53_ANEVI	39.286	56	32	1	1	56	19	72	64	82	88	6.53e-05	45.2	KappaPI-actitoxin-Avd3e OS=Anemonia viridis OX=51769 PE=3 SV=1
srr1562204_4|species=Migdolus_fryanus|mature_len=64|n_cys=6	P07481	sp|P07481|ISC3_BOMMO	37.255	51	31	1	3	53	10	59	64	63	80	7.56e-05	44.8	Chymotrypsin inhibitor SCI-III OS=Bombyx mori OX=7091 PE=1 SV=1
srr1562204_4|species=Migdolus_fryanus|mature_len=64|n_cys=6	P83606	sp|P83606|BMTI6_RHIMP	48.780	41	21	0	14	54	244	284	64	291	64	8.78e-05	45.6	Kunitz-type serine protease inhibitor 6 (Fragment) OS=Rhipicephalus microplus OX=6941 PE=1 SV=2
srr1562204_4|species=Migdolus_fryanus|mature_len=64|n_cys=6	P83606	sp|P83606|BMTI6_RHIMP	42.500	40	23	0	13	52	15	54	64	291	63	0.050	36.7	Kunitz-type serine protease inhibitor 6 (Fragment) OS=Rhipicephalus microplus OX=6941 PE=1 SV=2
srr1562204_4|species=Migdolus_fryanus|mature_len=64|n_cys=6	P83606	sp|P83606|BMTI6_RHIMP	35.000	40	26	0	13	52	147	186	64	291	63	2.9	31.2	Kunitz-type serine protease inhibitor 6 (Fragment) OS=Rhipicephalus microplus OX=6941 PE=1 SV=2
srr1562204_4|species=Migdolus_fryanus|mature_len=64|n_cys=6	P11424	sp|P11424|IMAP_DROFU	40.351	57	30	1	1	53	4	60	64	63	83	1.04e-04	44.3	Male accessory gland serine protease inhibitor OS=Drosophila funebris OX=7221 GN=PapD PE=1 SV=1
srr1562204_4|species=Migdolus_fryanus|mature_len=64|n_cys=6	P10832	sp|P10832|ISC2_BOMMO	37.255	51	31	1	3	53	9	58	64	62	80	1.20e-04	44.3	Chymotrypsin inhibitor SCI-II OS=Bombyx mori OX=7091 PE=1 SV=1
srr1562204_4|species=Migdolus_fryanus|mature_len=64|n_cys=6	P0DN12	sp|P0DN12|VKT8_ANEVI	41.818	55	30	2	2	56	20	72	64	82	86	1.21e-04	44.3	U-actitoxin-Avd3k OS=Anemonia viridis OX=51769 PE=3 SV=1
srr1562204_4|species=Migdolus_fryanus|mature_len=64|n_cys=6	Q02445	sp|Q02445|TFPI1_RAT	48.837	43	21	1	9	51	129	170	64	302	67	1.28e-04	44.8	Tissue factor pathway inhibitor OS=Rattus norvegicus OX=10116 GN=Tfpi PE=2 SV=1
srr1562204_4|species=Migdolus_fryanus|mature_len=64|n_cys=6	Q02445	sp|Q02445|TFPI1_RAT	38.462	39	24	0	13	51	61	99	64	302	61	0.058	36.7	Tissue factor pathway inhibitor OS=Rattus norvegicus OX=10116 GN=Tfpi PE=2 SV=1
srr1562204_4|species=Migdolus_fryanus|mature_len=64|n_cys=6	P0DN17	sp|P0DN17|VKTD_ANEVI	39.286	56	32	1	1	56	19	72	64	82	88	1.35e-04	44.3	U-actitoxin-Avd3p OS=Anemonia viridis OX=51769 PE=3 SV=1
srr1562204_4|species=Migdolus_fryanus|mature_len=64|n_cys=6	O54819	sp|O54819|TFPI1_MOUSE	47.826	46	23	1	9	54	126	170	64	306	72	1.46e-04	44.8	Tissue factor pathway inhibitor OS=Mus musculus OX=10090 GN=Tfpi PE=2 SV=1
srr1562204_4|species=Migdolus_fryanus|mature_len=64|n_cys=6	P0DL86	sp|P0DL86|VKT2H_RADCR	40.816	49	27	1	8	54	5	53	64	56	73	1.75e-04	43.5	PI-stichotoxin-Hcr2h OS=Radianthus crispa OX=3122430 PE=1 SV=1
srr1562204_4|species=Migdolus_fryanus|mature_len=64|n_cys=6	C0HJF4	sp|C0HJF4|VKT2C_RADCR	42.857	42	24	0	13	54	12	53	64	56	66	1.82e-04	43.5	TauPI-stichotoxin-Hcr2c OS=Radianthus crispa OX=3122430 PE=1 SV=1
srr1562204_4|species=Migdolus_fryanus|mature_len=64|n_cys=6	C0HJF3	sp|C0HJF3|VKT2D_RADCR	42.857	42	24	0	13	54	12	53	64	56	66	2.12e-04	43.5	TauPI-stichotoxin-Hcr2d OS=Radianthus crispa OX=3122430 PE=1 SV=1
srr1562205_1|species=Migdolus_fryanus|mature_len=64|n_cys=6	P0DN14	sp|P0DN14|VKTA_ANEVI	42.857	56	30	1	1	56	19	72	64	82	88	1.36e-06	50.7	U-actitoxin-Avd3m OS=Anemonia viridis OX=51769 PE=3 SV=1
srr1562205_1|species=Migdolus_fryanus|mature_len=64|n_cys=6	P0DN09	sp|P0DN09|VKT5_ANEVI	41.071	56	31	1	1	56	19	72	64	82	88	4.54e-06	49.0	U-actitoxin-Avd3h OS=Anemonia viridis OX=51769 PE=3 SV=1
srr1562205_1|species=Migdolus_fryanus|mature_len=64|n_cys=6	P0DN10	sp|P0DN10|VKT6_ANEVI	41.071	56	31	1	1	56	19	72	64	82	88	5.22e-06	48.6	U-actitoxin-Avd3i OS=Anemonia viridis OX=51769 PE=3 SV=1
srr1562205_1|species=Migdolus_fryanus|mature_len=64|n_cys=6	P0DN19	sp|P0DN19|VKTF_ANEVI	43.636	55	29	2	2	56	10	62	64	72	86	1.70e-05	46.9	U-actitoxin-Avd3r (Fragment) OS=Anemonia viridis OX=51769 PE=2 SV=1
srr1562205_1|species=Migdolus_fryanus|mature_len=64|n_cys=6	P82968	sp|P82968|MCPI_MELCP	43.396	53	29	1	1	52	139	191	64	197	81	2.04e-05	47.3	Four-domain proteases inhibitor OS=Melithaea caledonica OX=156534 PE=1 SV=1
srr1562205_1|species=Migdolus_fryanus|mature_len=64|n_cys=6	B6ZIW0	sp|B6ZIW0|KUN_HAELO	46.939	49	25	1	8	56	25	72	64	141	77	2.44e-05	46.9	Thrombin inhibitor hemalin OS=Haemaphysalis longicornis OX=44386 PE=2 SV=1
srr1562205_1|species=Migdolus_fryanus|mature_len=64|n_cys=6	P0DN11	sp|P0DN11|VKT7_ANEVI	39.286	56	32	1	1	56	19	72	64	82	88	3.07e-05	46.4	U-actitoxin-Avd3j OS=Anemonia viridis OX=51769 PE=3 SV=1
srr1562205_1|species=Migdolus_fryanus|mature_len=64|n_cys=6	Q9TWG0	sp|Q9TWG0|VKT1_ANESU	41.818	55	30	2	2	56	4	56	64	58	86	3.32e-05	46.0	KappaPI-actitoxin-Avd3b OS=Anemonia sulcata OX=6108 PE=1 SV=1
srr1562205_1|species=Migdolus_fryanus|mature_len=64|n_cys=6	P0DN06	sp|P0DN06|VKT1A_ANEVI	41.818	55	30	2	2	56	20	72	64	82	86	4.17e-05	46.0	U-actitoxin-Avd3f OS=Anemonia viridis OX=51769 PE=3 SV=1
srr1562205_1|species=Migdolus_fryanus|mature_len=64|n_cys=6	P10280	sp|P10280|VKT52_ANESU	39.286	56	32	1	1	56	3	56	64	62	88	4.82e-05	45.6	KappaPI-actitoxin-Avd3a OS=Anemonia sulcata OX=6108 PE=1 SV=2
srr1562205_1|species=Migdolus_fryanus|mature_len=64|n_cys=6	P81902	sp|P81902|CSTI_BOMMO	45.283	53	25	2	1	52	2	51	64	55	81	5.91e-05	45.2	Trypsin inhibitor OS=Bombyx mori OX=7091 PE=1 SV=1
srr1562205_1|species=Migdolus_fryanus|mature_len=64|n_cys=6	Q9TWF8	sp|Q9TWF8|VKT3_ANESU	39.286	56	32	1	1	56	3	56	64	59	88	5.98e-05	45.2	KappaPI-actitoxin-Avd3d OS=Anemonia sulcata OX=6108 PE=1 SV=1
srr1562205_1|species=Migdolus_fryanus|mature_len=64|n_cys=6	Q9TWF9	sp|Q9TWF9|VKT2_ANESU	41.818	55	30	2	2	56	4	56	64	58	86	6.15e-05	45.2	KappaPI-actitoxin-Avd3c OS=Anemonia sulcata OX=6108 PE=1 SV=1
srr1562205_1|species=Migdolus_fryanus|mature_len=64|n_cys=6	P0DN08	sp|P0DN08|VKT53_ANEVI	39.286	56	32	1	1	56	19	72	64	82	88	6.53e-05	45.2	KappaPI-actitoxin-Avd3e OS=Anemonia viridis OX=51769 PE=3 SV=1
srr1562205_1|species=Migdolus_fryanus|mature_len=64|n_cys=6	P07481	sp|P07481|ISC3_BOMMO	37.255	51	31	1	3	53	10	59	64	63	80	7.56e-05	44.8	Chymotrypsin inhibitor SCI-III OS=Bombyx mori OX=7091 PE=1 SV=1
srr1562205_1|species=Migdolus_fryanus|mature_len=64|n_cys=6	P83606	sp|P83606|BMTI6_RHIMP	48.780	41	21	0	14	54	244	284	64	291	64	8.78e-05	45.6	Kunitz-type serine protease inhibitor 6 (Fragment) OS=Rhipicephalus microplus OX=6941 PE=1 SV=2
srr1562205_1|species=Migdolus_fryanus|mature_len=64|n_cys=6	P83606	sp|P83606|BMTI6_RHIMP	42.500	40	23	0	13	52	15	54	64	291	63	0.050	36.7	Kunitz-type serine protease inhibitor 6 (Fragment) OS=Rhipicephalus microplus OX=6941 PE=1 SV=2
srr1562205_1|species=Migdolus_fryanus|mature_len=64|n_cys=6	P83606	sp|P83606|BMTI6_RHIMP	35.000	40	26	0	13	52	147	186	64	291	63	2.9	31.2	Kunitz-type serine protease inhibitor 6 (Fragment) OS=Rhipicephalus microplus OX=6941 PE=1 SV=2
srr1562205_1|species=Migdolus_fryanus|mature_len=64|n_cys=6	P11424	sp|P11424|IMAP_DROFU	40.351	57	30	1	1	53	4	60	64	63	83	1.04e-04	44.3	Male accessory gland serine protease inhibitor OS=Drosophila funebris OX=7221 GN=PapD PE=1 SV=1
srr1562205_1|species=Migdolus_fryanus|mature_len=64|n_cys=6	P10832	sp|P10832|ISC2_BOMMO	37.255	51	31	1	3	53	9	58	64	62	80	1.20e-04	44.3	Chymotrypsin inhibitor SCI-II OS=Bombyx mori OX=7091 PE=1 SV=1
srr1562205_1|species=Migdolus_fryanus|mature_len=64|n_cys=6	P0DN12	sp|P0DN12|VKT8_ANEVI	41.818	55	30	2	2	56	20	72	64	82	86	1.21e-04	44.3	U-actitoxin-Avd3k OS=Anemonia viridis OX=51769 PE=3 SV=1
srr1562205_1|species=Migdolus_fryanus|mature_len=64|n_cys=6	Q02445	sp|Q02445|TFPI1_RAT	48.837	43	21	1	9	51	129	170	64	302	67	1.28e-04	44.8	Tissue factor pathway inhibitor OS=Rattus norvegicus OX=10116 GN=Tfpi PE=2 SV=1
srr1562205_1|species=Migdolus_fryanus|mature_len=64|n_cys=6	Q02445	sp|Q02445|TFPI1_RAT	38.462	39	24	0	13	51	61	99	64	302	61	0.058	36.7	Tissue factor pathway inhibitor OS=Rattus norvegicus OX=10116 GN=Tfpi PE=2 SV=1
srr1562205_1|species=Migdolus_fryanus|mature_len=64|n_cys=6	P0DN17	sp|P0DN17|VKTD_ANEVI	39.286	56	32	1	1	56	19	72	64	82	88	1.35e-04	44.3	U-actitoxin-Avd3p OS=Anemonia viridis OX=51769 PE=3 SV=1
srr1562205_1|species=Migdolus_fryanus|mature_len=64|n_cys=6	O54819	sp|O54819|TFPI1_MOUSE	47.826	46	23	1	9	54	126	170	64	306	72	1.46e-04	44.8	Tissue factor pathway inhibitor OS=Mus musculus OX=10090 GN=Tfpi PE=2 SV=1
srr1562205_1|species=Migdolus_fryanus|mature_len=64|n_cys=6	P0DL86	sp|P0DL86|VKT2H_RADCR	40.816	49	27	1	8	54	5	53	64	56	73	1.75e-04	43.5	PI-stichotoxin-Hcr2h OS=Radianthus crispa OX=3122430 PE=1 SV=1
srr1562205_1|species=Migdolus_fryanus|mature_len=64|n_cys=6	C0HJF4	sp|C0HJF4|VKT2C_RADCR	42.857	42	24	0	13	54	12	53	64	56	66	1.82e-04	43.5	TauPI-stichotoxin-Hcr2c OS=Radianthus crispa OX=3122430 PE=1 SV=1
srr1562205_1|species=Migdolus_fryanus|mature_len=64|n_cys=6	C0HJF3	sp|C0HJF3|VKT2D_RADCR	42.857	42	24	0	13	54	12	53	64	56	66	2.12e-04	43.5	TauPI-stichotoxin-Hcr2d OS=Radianthus crispa OX=3122430 PE=1 SV=1
elateroides_flabellicornis_3|species=Elateroides_flabellicornis|mature_len=25|n_cys=1	H9KQJ7	sp|H9KQJ7|OCLP1_APIME	68.000	25	8	0	1	25	50	74	25	74	100	0.001	38.4	Omega-conotoxin-like protein 1 OS=Apis mellifera OX=7460 PE=2 SV=1
elateroides_flabellicornis_3|species=Elateroides_flabellicornis|mature_len=25|n_cys=1	A0A162J3X8	sp|A0A162J3X8|CITE_MONRU	61.538	13	5	0	6	18	269	281	25	292	52	2.9	28.6	Short chain dehydrogenase citE OS=Monascus ruber OX=89489 GN=citE PE=1 SV=1
elateroides_flabellicornis_3|species=Elateroides_flabellicornis|mature_len=25|n_cys=1	A0A144Y7G4	sp|A0A144Y7G4|CITE_MONPU	61.538	13	5	0	6	18	269	281	25	292	52	2.9	28.6	Short chain dehydrogenase mpl6 OS=Monascus purpureus OX=5098 GN=mpl6 PE=1 SV=1
elateroides_flabellicornis_3|species=Elateroides_flabellicornis|mature_len=25|n_cys=1	A0QQ40	sp|A0QQ40|ECCC3_MYCS2	69.231	13	1	1	12	21	551	563	25	1325	40	7.6	27.4	ESX-3 secretion system protein EccC3 OS=Mycolicibacterium smegmatis (strain ATCC 700084 / mc(2)155) OX=246196 GN=eccC3 PE=1 SV=1
elateroides_flabellicornis_3|species=Elateroides_flabellicornis|mature_len=25|n_cys=1	P13709	sp|P13709|FSH_DROME	66.667	12	1	1	4	12	2021	2032	25	2038	36	8.7	26.9	Homeotic protein female sterile OS=Drosophila melanogaster OX=7227 GN=fs(1)h PE=1 SV=2
gkjd00000000_2|species=Serica_brunnea|mature_len=64|n_cys=6	C0HMC7	sp|C0HMC7|KUN_HAEDO	51.923	52	25	0	9	60	20	71	64	141	81	4.67e-12	67.2	Doenitin-1 OS=Haemaphysalis doenitzi OX=1048531 PE=2 SV=1
gkjd00000000_2|species=Serica_brunnea|mature_len=64|n_cys=6	C0HMC7	sp|C0HMC7|KUN_HAEDO	32.075	53	36	0	10	62	89	141	64	141	83	2.65e-04	43.9	Doenitin-1 OS=Haemaphysalis doenitzi OX=1048531 PE=2 SV=1
gkjd00000000_2|species=Serica_brunnea|mature_len=64|n_cys=6	P0DMW6	sp|P0DMW6|VKT3A_ACTEQ	51.923	52	25	0	9	60	5	56	64	59	81	1.40e-11	64.7	PI-actitoxin-Aeq3a OS=Actinia equina OX=6106 PE=1 SV=1
gkjd00000000_2|species=Serica_brunnea|mature_len=64|n_cys=6	Q9GP15	sp|Q9GP15|IRCPI_IXORI	53.846	52	24	0	10	61	31	82	64	86	81	1.78e-11	65.1	Kunitz-type anticoagulant protein Ir-CPI OS=Ixodes ricinus OX=34613 GN=CPI PE=2 SV=1
gkjd00000000_2|species=Serica_brunnea|mature_len=64|n_cys=6	P0DMW7	sp|P0DMW7|VKT3B_ACTEQ	49.123	57	28	1	4	60	1	56	64	59	89	3.07e-11	63.8	PI-actitoxin-Aeq3b OS=Actinia equina OX=6106 PE=1 SV=1
gkjd00000000_2|species=Serica_brunnea|mature_len=64|n_cys=6	B6ZIW0	sp|B6ZIW0|KUN_HAELO	48.077	52	27	0	9	60	20	71	64	141	81	4.18e-11	64.7	Thrombin inhibitor hemalin OS=Haemaphysalis longicornis OX=44386 PE=2 SV=1
gkjd00000000_2|species=Serica_brunnea|mature_len=64|n_cys=6	B6ZIW0	sp|B6ZIW0|KUN_HAELO	33.962	53	35	0	10	62	89	141	64	141	83	2.33e-06	50.3	Thrombin inhibitor hemalin OS=Haemaphysalis longicornis OX=44386 PE=2 SV=1
gkjd00000000_2|species=Serica_brunnea|mature_len=64|n_cys=6	A0A6P8HC43	sp|A0A6P8HC43|ATPI1_ACTTE	51.923	52	25	0	9	60	230	281	64	285	81	5.99e-11	64.3	Actinia tenebrosa protease inhibitors OS=Actinia tenebrosa OX=6105 PE=1 SV=1
gkjd00000000_2|species=Serica_brunnea|mature_len=64|n_cys=6	A0A6P8HC43	sp|A0A6P8HC43|ATPI1_ACTTE	48.077	52	27	0	9	60	90	141	64	285	81	4.10e-09	58.7	Actinia tenebrosa protease inhibitors OS=Actinia tenebrosa OX=6105 PE=1 SV=1
gkjd00000000_2|species=Serica_brunnea|mature_len=64|n_cys=6	A0A6P8HC43	sp|A0A6P8HC43|ATPI1_ACTTE	50.000	52	26	0	9	60	160	211	64	285	81	4.86e-09	58.3	Actinia tenebrosa protease inhibitors OS=Actinia tenebrosa OX=6105 PE=1 SV=1
gkjd00000000_2|species=Serica_brunnea|mature_len=64|n_cys=6	A0A6P8HC43	sp|A0A6P8HC43|ATPI1_ACTTE	47.222	36	19	0	10	45	28	63	64	285	56	0.021	38.0	Actinia tenebrosa protease inhibitors OS=Actinia tenebrosa OX=6105 PE=1 SV=1
gkjd00000000_2|species=Serica_brunnea|mature_len=64|n_cys=6	F5GTK6	sp|F5GTK6|VKGUA_SIMGU	51.852	54	26	0	7	60	21	74	64	106	84	9.42e-11	63.4	Guianensin OS=Simulium guianense OX=445764 PE=1 SV=1
gkjd00000000_2|species=Serica_brunnea|mature_len=64|n_cys=6	Q7YRQ8	sp|Q7YRQ8|TFPI2_BOVIN	46.552	58	31	0	3	60	29	86	64	234	91	1.58e-10	63.0	Tissue factor pathway inhibitor 2 OS=Bos taurus OX=9913 GN=TFPI2 PE=2 SV=1
gkjd00000000_2|species=Serica_brunnea|mature_len=64|n_cys=6	Q7YRQ8	sp|Q7YRQ8|TFPI2_BOVIN	37.288	59	37	0	2	60	147	205	64	234	92	3.52e-06	49.8	Tissue factor pathway inhibitor 2 OS=Bos taurus OX=9913 GN=TFPI2 PE=2 SV=1
gkjd00000000_2|species=Serica_brunnea|mature_len=64|n_cys=6	Q8WPI3	sp|Q8WPI3|KUNIG_RHIMP	48.077	52	27	0	9	60	20	71	64	142	81	1.76e-10	62.6	Boophilin-G2 OS=Rhipicephalus microplus OX=6941 PE=1 SV=1
gkjd00000000_2|species=Serica_brunnea|mature_len=64|n_cys=6	Q8WPI3	sp|Q8WPI3|KUNIG_RHIMP	33.333	54	36	0	10	63	89	142	64	142	84	5.21e-06	49.0	Boophilin-G2 OS=Rhipicephalus microplus OX=6941 PE=1 SV=1
gkjd00000000_2|species=Serica_brunnea|mature_len=64|n_cys=6	A6MFL3	sp|A6MFL3|VKT3_DEMVE	50.000	52	26	0	9	60	30	81	64	83	81	1.89e-10	62.1	Kunitz-type serine protease inhibitor vestiginin-3 OS=Demansia vestigiata OX=412038 PE=1 SV=1
gkjd00000000_2|species=Serica_brunnea|mature_len=64|n_cys=6	P19761	sp|P19761|TFPI1_RABIT	42.308	52	30	0	9	60	49	100	64	300	81	1.97e-10	62.6	Tissue factor pathway inhibitor OS=Oryctolagus cuniculus OX=9986 GN=TFPI PE=2 SV=2
gkjd00000000_2|species=Serica_brunnea|mature_len=64|n_cys=6	P19761	sp|P19761|TFPI1_RABIT	38.889	54	33	0	9	62	120	173	64	300	84	6.36e-07	52.0	Tissue factor pathway inhibitor OS=Oryctolagus cuniculus OX=9986 GN=TFPI PE=2 SV=2
gkjd00000000_2|species=Serica_brunnea|mature_len=64|n_cys=6	P19761	sp|P19761|TFPI1_RABIT	40.385	52	31	0	10	61	213	264	64	300	81	6.86e-06	49.0	Tissue factor pathway inhibitor OS=Oryctolagus cuniculus OX=9986 GN=TFPI PE=2 SV=2
gkjd00000000_2|species=Serica_brunnea|mature_len=64|n_cys=6	A6MGY1	sp|A6MGY1|VKT7_DEMVE	50.000	52	26	0	9	60	30	81	64	83	81	2.07e-10	62.1	Kunitz-type serine protease inhibitor vestiginin-7 OS=Demansia vestigiata OX=412038 PE=1 SV=1
gkjd00000000_2|species=Serica_brunnea|mature_len=64|n_cys=6	C0HLB2	sp|C0HLB2|VKT_PSEPC	50.000	52	26	0	9	60	6	57	64	68	81	2.83e-10	61.3	Kunitz-type serine protease inhibitor PPTI OS=Pseudocerastes persicus OX=47769 PE=1 SV=1
gkjd00000000_2|species=Serica_brunnea|mature_len=64|n_cys=6	Q8WPI2	sp|Q8WPI2|KUNIH_RHIMP	46.154	52	28	0	9	60	20	71	64	142	81	3.47e-10	61.7	Boophilin-H2 OS=Rhipicephalus microplus OX=6941 PE=1 SV=1
gkjd00000000_2|species=Serica_brunnea|mature_len=64|n_cys=6	Q8WPI2	sp|Q8WPI2|KUNIH_RHIMP	33.333	54	36	0	10	63	89	142	64	142	84	6.75e-06	48.6	Boophilin-H2 OS=Rhipicephalus microplus OX=6941 PE=1 SV=1
gkjd00000000_2|species=Serica_brunnea|mature_len=64|n_cys=6	P86733	sp|P86733|KCP_HALAI	45.161	62	32	1	1	60	3	64	64	126	94	3.91e-10	61.7	BPTI/Kunitz domain-containing protein (Fragment) OS=Haliotis asinina OX=109174 PE=1 SV=1
gkjd00000000_2|species=Serica_brunnea|mature_len=64|n_cys=6	P86733	sp|P86733|KCP_HALAI	39.623	53	32	0	9	61	69	121	64	126	83	2.33e-06	50.3	BPTI/Kunitz domain-containing protein (Fragment) OS=Haliotis asinina OX=109174 PE=1 SV=1
gkjd00000000_2|species=Serica_brunnea|mature_len=64|n_cys=6	Q90W99	sp|Q90W99|VKT3_PSETT	48.077	52	27	0	9	60	30	81	64	83	81	5.91e-10	60.9	Kunitz-type serine protease inhibitor textilinin-3 OS=Pseudonaja textilis textilis OX=169397 PE=2 SV=1
gkjd00000000_2|species=Serica_brunnea|mature_len=64|n_cys=6	C1IC52	sp|C1IC52|VKT2_WALAE	46.154	52	28	0	9	60	28	79	64	81	81	6.24e-10	60.4	Kunitz-type serine protease inhibitor spermatin OS=Walterinnesia aegyptia OX=64182 PE=1 SV=1
gkjd00000000_2|species=Serica_brunnea|mature_len=64|n_cys=6	Q2ES47	sp|Q2ES47|VKT4_DABRR	44.231	52	29	0	9	60	30	81	64	84	81	6.35e-10	60.4	Kunitz-type serine protease inhibitor 4 OS=Daboia russelii OX=8707 PE=2 SV=1
gkjd00000000_2|species=Serica_brunnea|mature_len=64|n_cys=6	B5M0W4	sp|B5M0W4|SV66_SIMVI	46.552	58	31	0	7	64	21	78	64	102	91	6.76e-10	60.9	Simukunin OS=Simulium vittatum OX=7192 PE=1 SV=1
gkjd00000000_2|species=Serica_brunnea|mature_len=64|n_cys=6	Q2ES46	sp|Q2ES46|VKT5_DABRR	44.231	52	29	0	9	60	30	81	64	96	81	7.51e-10	60.4	Kunitz-type serine protease inhibitor 5 OS=Daboia russelii OX=8707 PE=2 SV=1
gkjd00000000_2|species=Serica_brunnea|mature_len=64|n_cys=6	P24541	sp|P24541|VKT_ERIMA	48.077	52	27	0	9	60	1	52	64	62	81	8.62e-10	59.6	Kunitz-type serine protease inhibitor OS=Eristicophis macmahoni OX=110227 PE=1 SV=1
gkjd00000000_2|species=Serica_brunnea|mature_len=64|n_cys=6	C1IC51	sp|C1IC51|VKT3_WALAE	46.154	52	28	0	9	60	28	79	64	81	81	1.17e-09	59.6	Protease inhibitor 3 OS=Walterinnesia aegyptia OX=64182 PE=3 SV=1
gkjd00000000_2|species=Serica_brunnea|mature_len=64|n_cys=6	B7S4N9	sp|B7S4N9|VKT_OXYSC	47.273	55	29	0	9	63	30	84	64	88	86	1.24e-09	59.6	Kunitz-type serine protease inhibitor taicotoxin OS=Oxyuranus scutellatus scutellatus OX=8667 PE=1 SV=1
gkjd00000000_2|species=Serica_brunnea|mature_len=64|n_cys=6	P86862	sp|P86862|VKT1_ANTEL	50.000	48	24	0	9	56	4	51	64	65	75	1.35e-09	59.2	KappaPI-actitoxin-Ael3a OS=Anthopleura elegantissima OX=6110 PE=1 SV=1
gkjd00000000_2|species=Serica_brunnea|mature_len=64|n_cys=6	P81902	sp|P81902|CSTI_BOMMO	49.020	51	26	0	10	60	4	54	64	55	80	1.60e-09	58.3	Trypsin inhibitor OS=Bombyx mori OX=7091 PE=1 SV=1
hygrobia_hermanni_1|species=Hygrobia_hermanni|mature_len=11|n_cys=2	P40189	sp|P40189|IL6RB_HUMAN	80.000	10	2	0	2	11	45	54	11	918	91	1.4	26.9	Interleukin-6 receptor subunit beta OS=Homo sapiens OX=9606 GN=IL6ST PE=1 SV=2
ceutorhynchus_napi_1|species=Ceutorhynchus_napi|mature_len=33|n_cys=4	P0DN11	sp|P0DN11|VKT7_ANEVI	48.485	33	17	0	1	33	46	78	33	82	100	0.004	38.0	U-actitoxin-Avd3j OS=Anemonia viridis OX=51769 PE=3 SV=1
ceutorhynchus_napi_1|species=Ceutorhynchus_napi|mature_len=33|n_cys=4	P0DN09	sp|P0DN09|VKT5_ANEVI	48.485	33	17	0	1	33	46	78	33	82	100	0.004	37.5	U-actitoxin-Avd3h OS=Anemonia viridis OX=51769 PE=3 SV=1
ceutorhynchus_napi_1|species=Ceutorhynchus_napi|mature_len=33|n_cys=4	P0DN06	sp|P0DN06|VKT1A_ANEVI	48.485	33	17	0	1	33	46	78	33	82	100	0.004	37.5	U-actitoxin-Avd3f OS=Anemonia viridis OX=51769 PE=3 SV=1
ceutorhynchus_napi_1|species=Ceutorhynchus_napi|mature_len=33|n_cys=4	P0DN10	sp|P0DN10|VKT6_ANEVI	48.485	33	17	0	1	33	46	78	33	82	100	0.004	37.5	U-actitoxin-Avd3i OS=Anemonia viridis OX=51769 PE=3 SV=1
ceutorhynchus_napi_1|species=Ceutorhynchus_napi|mature_len=33|n_cys=4	P0DN14	sp|P0DN14|VKTA_ANEVI	48.485	33	17	0	1	33	46	78	33	82	100	0.004	37.5	U-actitoxin-Avd3m OS=Anemonia viridis OX=51769 PE=3 SV=1
ceutorhynchus_napi_1|species=Ceutorhynchus_napi|mature_len=33|n_cys=4	Q8T3S7	sp|Q8T3S7|VKT1_ARAVE	83.333	12	2	0	5	16	146	157	33	170	36	0.007	37.1	Kunitz-type U1-aranetoxin-Av1a OS=Araneus ventricosus OX=182803 PE=1 SV=2
ceutorhynchus_napi_1|species=Ceutorhynchus_napi|mature_len=33|n_cys=4	Q9TWG0	sp|Q9TWG0|VKT1_ANESU	53.571	28	13	0	1	28	30	57	33	58	85	0.009	36.3	KappaPI-actitoxin-Avd3b OS=Anemonia sulcata OX=6108 PE=1 SV=1
ceutorhynchus_napi_1|species=Ceutorhynchus_napi|mature_len=33|n_cys=4	O54819	sp|O54819|TFPI1_MOUSE	56.000	25	11	0	1	25	146	170	33	306	76	0.016	36.3	Tissue factor pathway inhibitor OS=Mus musculus OX=10090 GN=Tfpi PE=2 SV=1
ceutorhynchus_napi_1|species=Ceutorhynchus_napi|mature_len=33|n_cys=4	P0DN12	sp|P0DN12|VKT8_ANEVI	48.485	33	17	0	1	33	46	78	33	82	100	0.016	35.8	U-actitoxin-Avd3k OS=Anemonia viridis OX=51769 PE=3 SV=1
ceutorhynchus_napi_1|species=Ceutorhynchus_napi|mature_len=33|n_cys=4	P08592	sp|P08592|A4_RAT	53.571	28	13	0	6	33	321	348	33	770	85	0.017	35.8	Amyloid-beta precursor protein OS=Rattus norvegicus OX=10116 GN=App PE=1 SV=2
ceutorhynchus_napi_1|species=Ceutorhynchus_napi|mature_len=33|n_cys=4	P83606	sp|P83606|BMTI6_RHIMP	52.174	23	11	0	1	23	164	186	33	291	70	0.020	35.8	Kunitz-type serine protease inhibitor 6 (Fragment) OS=Rhipicephalus microplus OX=6941 PE=1 SV=2
ceutorhynchus_napi_1|species=Ceutorhynchus_napi|mature_len=33|n_cys=4	P83606	sp|P83606|BMTI6_RHIMP	52.632	19	9	0	5	23	264	282	33	291	58	6.0	28.6	Kunitz-type serine protease inhibitor 6 (Fragment) OS=Rhipicephalus microplus OX=6941 PE=1 SV=2
ceutorhynchus_napi_1|species=Ceutorhynchus_napi|mature_len=33|n_cys=4	P0DN17	sp|P0DN17|VKTD_ANEVI	45.455	33	18	0	1	33	46	78	33	82	100	0.026	35.4	U-actitoxin-Avd3p OS=Anemonia viridis OX=51769 PE=3 SV=1
ceutorhynchus_napi_1|species=Ceutorhynchus_napi|mature_len=33|n_cys=4	P0DN19	sp|P0DN19|VKTF_ANEVI	45.455	33	18	0	1	33	36	68	33	72	100	0.029	35.0	U-actitoxin-Avd3r (Fragment) OS=Anemonia viridis OX=51769 PE=2 SV=1
ceutorhynchus_napi_1|species=Ceutorhynchus_napi|mature_len=33|n_cys=4	Q9TWF9	sp|Q9TWF9|VKT2_ANESU	53.571	28	13	0	1	28	30	57	33	58	85	0.044	34.6	KappaPI-actitoxin-Avd3c OS=Anemonia sulcata OX=6108 PE=1 SV=1
ceutorhynchus_napi_1|species=Ceutorhynchus_napi|mature_len=33|n_cys=4	B6ZIW0	sp|B6ZIW0|KUN_HAELO	51.852	27	13	0	1	27	46	72	33	141	82	0.055	34.6	Thrombin inhibitor hemalin OS=Haemaphysalis longicornis OX=44386 PE=2 SV=1
ceutorhynchus_napi_1|species=Ceutorhynchus_napi|mature_len=33|n_cys=4	P0DN08	sp|P0DN08|VKT53_ANEVI	45.455	33	18	0	1	33	46	78	33	82	100	0.063	34.1	KappaPI-actitoxin-Avd3e OS=Anemonia viridis OX=51769 PE=3 SV=1
ceutorhynchus_napi_1|species=Ceutorhynchus_napi|mature_len=33|n_cys=4	P29216	sp|P29216|A4_MACMU	48.485	33	17	0	1	33	28	60	33	76	100	0.065	34.1	Amyloid-beta precursor protein (Fragment) OS=Macaca mulatta OX=9544 GN=APP PE=2 SV=1
ceutorhynchus_napi_1|species=Ceutorhynchus_napi|mature_len=33|n_cys=4	P12023	sp|P12023|A4_MOUSE	50.000	28	14	0	6	33	321	348	33	770	85	0.13	33.3	Amyloid-beta precursor protein OS=Mus musculus OX=10090 GN=App PE=1 SV=3
ceutorhynchus_napi_1|species=Ceutorhynchus_napi|mature_len=33|n_cys=4	P10280	sp|P10280|VKT52_ANESU	50.000	28	14	0	1	28	30	57	33	62	85	0.15	32.9	KappaPI-actitoxin-Avd3a OS=Anemonia sulcata OX=6108 PE=1 SV=2
ceutorhynchus_napi_1|species=Ceutorhynchus_napi|mature_len=33|n_cys=4	Q9TWF8	sp|Q9TWF8|VKT3_ANESU	50.000	28	14	0	1	28	30	57	33	59	85	0.18	32.5	KappaPI-actitoxin-Avd3d OS=Anemonia sulcata OX=6108 PE=1 SV=1
ceutorhynchus_napi_1|species=Ceutorhynchus_napi|mature_len=33|n_cys=4	A0A6P8HC43	sp|A0A6P8HC43|ATPI1_ACTTE	56.522	23	10	0	1	23	186	208	33	285	70	0.29	32.5	Actinia tenebrosa protease inhibitors OS=Actinia tenebrosa OX=6105 PE=1 SV=1
ceutorhynchus_napi_1|species=Ceutorhynchus_napi|mature_len=33|n_cys=4	A0A6P8HC43	sp|A0A6P8HC43|ATPI1_ACTTE	56.522	23	10	0	1	23	116	138	33	285	70	1.9	29.9	Actinia tenebrosa protease inhibitors OS=Actinia tenebrosa OX=6105 PE=1 SV=1
ceutorhynchus_napi_1|species=Ceutorhynchus_napi|mature_len=33|n_cys=4	A0A6P8HC43	sp|A0A6P8HC43|ATPI1_ACTTE	52.174	23	11	0	1	23	256	278	33	285	70	2.7	29.5	Actinia tenebrosa protease inhibitors OS=Actinia tenebrosa OX=6105 PE=1 SV=1
ceutorhynchus_napi_1|species=Ceutorhynchus_napi|mature_len=33|n_cys=4	P0DN20	sp|P0DN20|VKTG_ANEVI	45.455	33	18	0	1	33	44	76	33	80	100	0.31	32.0	U-actitoxin-Avd3s (Fragment) OS=Anemonia viridis OX=51769 PE=2 SV=1
ceutorhynchus_napi_1|species=Ceutorhynchus_napi|mature_len=33|n_cys=4	P0DQR1	sp|P0DQR1|VKT3_PALCA	54.167	24	11	0	1	24	26	49	33	51	73	0.42	31.6	Kunitz-like toxin PcKuz3 OS=Palythoa caribaeorum OX=134933 PE=3 SV=1
ceutorhynchus_napi_1|species=Ceutorhynchus_napi|mature_len=33|n_cys=4	E5AJX3	sp|E5AJX3|VKT_VIPNI	56.522	23	10	0	1	23	56	78	33	95	70	0.43	31.6	Kunitz-type serine protease inhibitor ki-VN OS=Vipera nikolskii OX=1808362 PE=2 SV=1
ceutorhynchus_napi_1|species=Ceutorhynchus_napi|mature_len=33|n_cys=4	P00994	sp|P00994|ISIK_HELPO	52.000	25	12	0	1	25	32	56	33	58	76	0.44	31.6	Isoinhibitor K OS=Helix pomatia OX=6536 PE=1 SV=1
gbcx00000000_1|species=Dastarcus_helophoroides|mature_len=55|n_cys=5	B7S4N9	sp|B7S4N9|VKT_OXYSC	52.174	46	22	0	6	51	39	84	55	88	84	3.25e-07	52.0	Kunitz-type serine protease inhibitor taicotoxin OS=Oxyuranus scutellatus scutellatus OX=8667 PE=1 SV=1
gbcx00000000_1|species=Dastarcus_helophoroides|mature_len=55|n_cys=5	I2G9B4	sp|I2G9B4|VKT_MACLN	41.509	53	31	0	3	55	36	88	55	95	96	1.22e-06	50.3	Kunitz-type serine protease inhibitor PIVL OS=Macrovipera lebetina transmediterranea OX=384075 PE=1 SV=1
gbcx00000000_1|species=Dastarcus_helophoroides|mature_len=55|n_cys=5	A8Y7N7	sp|A8Y7N7|VKTC4_DABSI	51.111	45	22	0	3	47	36	80	55	90	82	1.64e-06	49.8	Kunitz-type serine protease inhibitor C4 OS=Daboia siamensis OX=343250 PE=2 SV=1
gbcx00000000_1|species=Dastarcus_helophoroides|mature_len=55|n_cys=5	E5AJX3	sp|E5AJX3|VKT_VIPNI	43.396	53	30	0	3	55	36	88	55	95	96	1.70e-06	49.8	Kunitz-type serine protease inhibitor ki-VN OS=Vipera nikolskii OX=1808362 PE=2 SV=1
gbcx00000000_1|species=Dastarcus_helophoroides|mature_len=55|n_cys=5	A8Y7N6	sp|A8Y7N6|VKTC3_DABSI	51.111	45	22	0	3	47	36	80	55	84	82	1.74e-06	49.8	Kunitz-type serine protease inhibitor C3 OS=Daboia siamensis OX=343250 PE=2 SV=1
gbcx00000000_1|species=Dastarcus_helophoroides|mature_len=55|n_cys=5	Q2ES48	sp|Q2ES48|VKT3_DABRR	51.111	45	22	0	3	47	36	80	55	84	82	1.81e-06	49.4	Kunitz-type serine protease inhibitor 3 OS=Daboia russelii OX=8707 PE=2 SV=1
gbcx00000000_1|species=Dastarcus_helophoroides|mature_len=55|n_cys=5	Q02445	sp|Q02445|TFPI1_RAT	46.154	52	27	1	2	53	58	108	55	302	95	2.45e-06	49.4	Tissue factor pathway inhibitor OS=Rattus norvegicus OX=10116 GN=Tfpi PE=2 SV=1
gbcx00000000_1|species=Dastarcus_helophoroides|mature_len=55|n_cys=5	Q02445	sp|Q02445|TFPI1_RAT	43.182	44	24	1	2	44	127	170	55	302	78	2.81e-04	43.5	Tissue factor pathway inhibitor OS=Rattus norvegicus OX=10116 GN=Tfpi PE=2 SV=1
gbcx00000000_1|species=Dastarcus_helophoroides|mature_len=55|n_cys=5	P00992	sp|P00992|VKT3_VIPAA	44.681	47	26	0	1	47	34	80	55	93	85	5.01e-06	48.1	Kunitz-type serine protease inhibitor 3 OS=Vipera ammodytes ammodytes OX=8705 PE=1 SV=2
gbcx00000000_1|species=Dastarcus_helophoroides|mature_len=55|n_cys=5	Q9TWG0	sp|Q9TWG0|VKT1_ANESU	41.304	46	27	0	2	47	9	54	55	58	84	6.95e-06	47.3	KappaPI-actitoxin-Avd3b OS=Anemonia sulcata OX=6108 PE=1 SV=1
gbcx00000000_1|species=Dastarcus_helophoroides|mature_len=55|n_cys=5	P0DN06	sp|P0DN06|VKT1A_ANEVI	41.304	46	27	0	2	47	25	70	55	82	84	7.74e-06	47.7	U-actitoxin-Avd3f OS=Anemonia viridis OX=51769 PE=3 SV=1
gbcx00000000_1|species=Dastarcus_helophoroides|mature_len=55|n_cys=5	P0DN09	sp|P0DN09|VKT5_ANEVI	45.238	42	23	0	6	47	29	70	55	82	76	7.82e-06	47.7	U-actitoxin-Avd3h OS=Anemonia viridis OX=51769 PE=3 SV=1
gbcx00000000_1|species=Dastarcus_helophoroides|mature_len=55|n_cys=5	P83606	sp|P83606|BMTI6_RHIMP	46.512	43	23	0	7	49	244	286	55	291	78	9.50e-06	47.7	Kunitz-type serine protease inhibitor 6 (Fragment) OS=Rhipicephalus microplus OX=6941 PE=1 SV=2
gbcx00000000_1|species=Dastarcus_helophoroides|mature_len=55|n_cys=5	P83606	sp|P83606|BMTI6_RHIMP	42.857	49	27	1	1	49	143	190	55	291	89	5.19e-04	42.6	Kunitz-type serine protease inhibitor 6 (Fragment) OS=Rhipicephalus microplus OX=6941 PE=1 SV=2
gbcx00000000_1|species=Dastarcus_helophoroides|mature_len=55|n_cys=5	P83606	sp|P83606|BMTI6_RHIMP	38.298	47	29	0	3	49	12	58	55	291	85	0.002	40.9	Kunitz-type serine protease inhibitor 6 (Fragment) OS=Rhipicephalus microplus OX=6941 PE=1 SV=2
gbcx00000000_1|species=Dastarcus_helophoroides|mature_len=55|n_cys=5	B6RLX2	sp|B6RLX2|VKTCT_OPHHA	48.780	41	21	0	7	47	40	80	55	83	75	1.23e-05	46.9	Kunitz-type serine protease inhibitor TCI OS=Ophiophagus hannah OX=8665 PE=1 SV=1
gbcx00000000_1|species=Dastarcus_helophoroides|mature_len=55|n_cys=5	P10832	sp|P10832|ISC2_BOMMO	51.163	43	20	1	4	46	17	58	55	62	78	1.55e-05	46.4	Chymotrypsin inhibitor SCI-II OS=Bombyx mori OX=7091 PE=1 SV=1
gbcx00000000_1|species=Dastarcus_helophoroides|mature_len=55|n_cys=5	P00991	sp|P00991|VKT1_VIPAA	44.444	45	25	0	3	47	36	80	55	90	82	1.71e-05	46.9	Kunitz-type serine protease inhibitor 1 OS=Vipera ammodytes ammodytes OX=8705 PE=1 SV=2
gbcx00000000_1|species=Dastarcus_helophoroides|mature_len=55|n_cys=5	P10831	sp|P10831|ISC1_BOMMO	51.163	43	20	1	4	46	17	58	55	62	78	1.75e-05	46.4	Chymotrypsin inhibitor SCI-I OS=Bombyx mori OX=7091 PE=1 SV=1
gbcx00000000_1|species=Dastarcus_helophoroides|mature_len=55|n_cys=5	P0DN11	sp|P0DN11|VKT7_ANEVI	45.238	42	23	0	6	47	29	70	55	82	76	1.94e-05	46.4	U-actitoxin-Avd3j OS=Anemonia viridis OX=51769 PE=3 SV=1
gbcx00000000_1|species=Dastarcus_helophoroides|mature_len=55|n_cys=5	P10280	sp|P10280|VKT52_ANESU	45.238	42	23	0	6	47	13	54	55	62	76	2.04e-05	46.0	KappaPI-actitoxin-Avd3a OS=Anemonia sulcata OX=6108 PE=1 SV=2
gbcx00000000_1|species=Dastarcus_helophoroides|mature_len=55|n_cys=5	P00985	sp|P00985|VKT2_HEMHA	46.667	45	24	0	3	47	10	54	55	57	82	2.21e-05	46.0	Kunitz-type serine protease inhibitor 2 OS=Hemachatus haemachatus OX=8626 PE=1 SV=1
gbcx00000000_1|species=Dastarcus_helophoroides|mature_len=55|n_cys=5	P0DN08	sp|P0DN08|VKT53_ANEVI	45.238	42	23	0	6	47	29	70	55	82	76	2.42e-05	46.0	KappaPI-actitoxin-Avd3e OS=Anemonia viridis OX=51769 PE=3 SV=1
gbcx00000000_1|species=Dastarcus_helophoroides|mature_len=55|n_cys=5	P0DQR1	sp|P0DQR1|VKT3_PALCA	51.282	39	19	0	7	45	10	48	55	51	71	2.56e-05	45.6	Kunitz-like toxin PcKuz3 OS=Palythoa caribaeorum OX=134933 PE=3 SV=1
gbcx00000000_1|species=Dastarcus_helophoroides|mature_len=55|n_cys=5	Q6ITB1	sp|Q6ITB1|VKT_PSEPO	47.619	42	22	0	6	47	39	80	55	83	76	2.61e-05	46.0	Kunitz-type serine protease inhibitor blackelin OS=Pseudechis porphyriacus OX=8671 PE=2 SV=1
gbcx00000000_1|species=Dastarcus_helophoroides|mature_len=55|n_cys=5	Q6ITB0	sp|Q6ITB0|VKT1_TROCA	47.619	42	22	0	6	47	39	80	55	83	76	2.61e-05	46.0	Kunitz-type serine protease inhibitor carinatin-1 OS=Tropidechis carinatus OX=100989 PE=2 SV=1
gbcx00000000_1|species=Dastarcus_helophoroides|mature_len=55|n_cys=5	C1IC52	sp|C1IC52|VKT2_WALAE	46.667	45	24	0	3	47	34	78	55	81	82	2.85e-05	46.0	Kunitz-type serine protease inhibitor spermatin OS=Walterinnesia aegyptia OX=64182 PE=1 SV=1
gbcx00000000_1|species=Dastarcus_helophoroides|mature_len=55|n_cys=5	Q6T6S5	sp|Q6T6S5|VKT2_BITGA	45.455	44	24	0	1	44	34	77	55	90	80	3.42e-05	45.6	Kunitz-type serine protease inhibitor bitisilin-2 OS=Bitis gabonica OX=8694 PE=1 SV=1
gkjh00000000_2|species=Anomala_sp|mature_len=59|n_cys=6	C8YJB3	sp|C8YJB3|VASO2_TABYA	41.509	53	27	2	2	50	23	75	59	76	83	0.002	40.5	Vasotab-TY2 OS=Tabanus yao OX=485572 PE=1 SV=1
gkjh00000000_2|species=Anomala_sp|mature_len=59|n_cys=6	P0DKT1	sp|P0DKT1|TU92_POLAB	44.000	50	24	2	1	50	25	70	59	70	85	0.003	39.7	Turripeptide Pal9.2 OS=Polystira albida OX=394106 PE=2 SV=1
gkjh00000000_2|species=Anomala_sp|mature_len=59|n_cys=6	C8YJB4	sp|C8YJB4|VASO3_TABYA	42.593	54	25	3	2	50	23	75	59	76	83	0.004	39.7	Vasotab-TY3 OS=Tabanus yao OX=485572 PE=1 SV=1
gkjh00000000_2|species=Anomala_sp|mature_len=59|n_cys=6	P16895	sp|P16895|IELA_ANESU	40.816	49	25	1	2	50	4	48	59	48	83	0.005	38.8	PI-actitoxin-Avd5a OS=Anemonia sulcata OX=6108 PE=1 SV=1
gkjh00000000_2|species=Anomala_sp|mature_len=59|n_cys=6	P84843	sp|P84843|VASOT_HYBBI	42.593	54	25	3	2	50	23	75	59	76	83	0.014	38.0	Vasotab OS=Hybomitra bimaculata OX=226809 PE=1 SV=1
gkjh00000000_2|species=Anomala_sp|mature_len=59|n_cys=6	C1IBZ2	sp|C1IBZ2|VASO1_TABYA	40.741	54	26	3	2	50	23	75	59	76	83	0.016	37.5	Vasotab-TY1 OS=Tabanus yao OX=485572 PE=3 SV=1
gkjh00000000_2|species=Anomala_sp|mature_len=59|n_cys=6	A0A3G5BID2	sp|A0A3G5BID2|KAZL2_DOLGE	50.000	36	17	1	1	36	28	62	59	202	61	0.019	38.0	U-Kazal-Dg21.2 OS=Dolopus genitalis OX=2488630 PE=1 SV=1
gkjh00000000_2|species=Anomala_sp|mature_len=59|n_cys=6	P0DKT2	sp|P0DKT2|TU92_GEMSO	36.000	50	28	1	1	50	25	70	59	70	85	0.054	35.8	Turripeptide Gsg9.2 OS=Gemmula sogodensis OX=439591 PE=2 SV=1
gkjh00000000_2|species=Anomala_sp|mature_len=59|n_cys=6	P0DKT3	sp|P0DKT3|TU93_GEMSP	36.000	50	28	1	1	50	25	70	59	70	85	0.089	35.4	Turripeptide Gsp9.3 OS=Gemmula speciosa OX=439592 PE=2 SV=1
gkjh00000000_2|species=Anomala_sp|mature_len=59|n_cys=6	P34953	sp|P34953|ISK2_MACFA	37.778	45	24	1	6	50	41	81	59	81	76	0.14	35.0	Serine protease inhibitor Kazal-type 2 OS=Macaca fascicularis OX=9541 GN=SPINK2 PE=2 SV=1
gkjh00000000_2|species=Anomala_sp|mature_len=59|n_cys=6	P0DKM7	sp|P0DKM7|TU91_IOTOL	36.000	50	28	2	1	50	25	70	59	70	85	0.24	34.1	Turripeptide Lol9.1 OS=Iotyrris olangoensis OX=2420066 PE=2 SV=1
gkjh00000000_2|species=Anomala_sp|mature_len=59|n_cys=6	Q6PQG3	sp|Q6PQG3|EPI10_PHYIN	37.500	48	25	2	6	52	167	210	59	224	80	0.28	34.1	Extracellular protease inhibitor 10 OS=Phytophthora infestans OX=4787 GN=EPI10 PE=1 SV=1
gkjh00000000_2|species=Anomala_sp|mature_len=59|n_cys=6	P85000	sp|P85000|ISK1L_CHICK	45.652	46	21	2	5	50	14	55	59	55	78	0.31	33.3	Trypsin inhibitor ClTI-1 OS=Gallus gallus OX=9031 PE=1 SV=1
gkjh00000000_2|species=Anomala_sp|mature_len=59|n_cys=6	P05605	sp|P05605|IOVO_SYRRE	41.304	46	23	1	5	50	15	56	59	56	78	0.90	32.0	Ovomucoid (Fragment) OS=Syrmaticus reevesii OX=9066 PE=1 SV=1
gkjh00000000_2|species=Anomala_sp|mature_len=59|n_cys=6	Q9UIK5	sp|Q9UIK5|TEFF2_HUMAN	36.000	50	28	1	6	55	95	140	59	374	85	0.91	32.5	Tomoregulin-2 OS=Homo sapiens OX=9606 GN=TMEFF2 PE=1 SV=1
gkjh00000000_2|species=Anomala_sp|mature_len=59|n_cys=6	P05596	sp|P05596|IOVO_PTEER	41.304	46	23	1	5	50	15	56	59	56	78	1.0	32.0	Ovomucoid (Fragment) OS=Pternistis erckelii OX=9022 PE=1 SV=1
gkjh00000000_2|species=Anomala_sp|mature_len=59|n_cys=6	P05594	sp|P05594|IOVO_PTEAF	41.304	46	23	1	5	50	12	53	59	53	78	1.1	31.6	Ovomucoid (Fragment) OS=Pternistis afer OX=9020 PE=1 SV=1
gkjh00000000_2|species=Anomala_sp|mature_len=59|n_cys=6	P05600	sp|P05600|IOVO_COTDE	41.304	46	23	1	5	50	11	52	59	52	78	1.8	31.2	Ovomucoid (Fragment) OS=Coturnix delegorguei OX=9093 PE=1 SV=1
gkjh00000000_2|species=Anomala_sp|mature_len=59|n_cys=6	P68392	sp|P68392|IOVO_NETRU	39.130	46	24	1	5	50	13	54	59	54	78	2.1	30.8	Ovomucoid (Fragment) OS=Netta rufina OX=30387 PE=1 SV=1
gkjh00000000_2|species=Anomala_sp|mature_len=59|n_cys=6	P68391	sp|P68391|IOVO_AYTAM	39.130	46	24	1	5	50	13	54	59	54	78	2.1	30.8	Ovomucoid (Fragment) OS=Aythya americana OX=30385 PE=1 SV=1
gkjh00000000_2|species=Anomala_sp|mature_len=59|n_cys=6	P05601	sp|P05601|IOVO_ARBTO	39.583	48	25	1	3	50	10	53	59	53	81	2.1	30.8	Ovomucoid (Fragment) OS=Arborophila torqueola OX=9105 PE=1 SV=1
gkjh00000000_2|species=Anomala_sp|mature_len=59|n_cys=6	P68156	sp|P68156|IOVO_SARME	39.130	46	24	1	5	50	13	54	59	54	78	2.2	30.8	Ovomucoid (Fragment) OS=Sarkidiornis melanotos OX=8887 PE=1 SV=1
gkjh00000000_2|species=Anomala_sp|mature_len=59|n_cys=6	P68157	sp|P68157|IOVO_RADRA	39.130	46	24	1	5	50	13	54	59	54	78	2.2	30.8	Ovomucoid (Fragment) OS=Radjah radjah OX=3151041 PE=1 SV=1
gkjh00000000_2|species=Anomala_sp|mature_len=59|n_cys=6	P68155	sp|P68155|IOVO_NEOJU	39.130	46	24	1	5	50	13	54	59	54	78	2.2	30.8	Ovomucoid (Fragment) OS=Neochen jubata OX=8882 PE=1 SV=1
gkjh00000000_2|species=Anomala_sp|mature_len=59|n_cys=6	P68153	sp|P68153|IOVO_LOPSP	39.130	46	24	1	5	50	13	54	59	54	78	2.2	30.8	Ovomucoid (Fragment) OS=Lophonetta specularioides OX=75873 PE=1 SV=1
ghma00000000_3|species=Dichotomius_satanas|mature_len=53|n_cys=2	P00768	sp|P00768|CTR2_VESOR	70.213	47	14	0	1	47	165	211	53	216	89	2.40e-21	93.5	Chymotrypsin-2 OS=Vespa orientalis OX=7447 PE=1 SV=1
ghma00000000_3|species=Dichotomius_satanas|mature_len=53|n_cys=2	P00769	sp|P00769|CTR2_VESCR	68.085	47	15	0	1	47	167	213	53	218	89	6.82e-19	86.3	Chymotrypsin-2 OS=Vespa crabro OX=7445 PE=1 SV=1
ghma00000000_3|species=Dichotomius_satanas|mature_len=53|n_cys=2	Q7SIG2	sp|Q7SIG2|CTR1_SOLIN	63.830	47	17	0	1	47	170	216	53	222	89	1.04e-15	77.0	Chymotrypsin-1 OS=Solenopsis invicta OX=13686 PE=1 SV=1
ghma00000000_3|species=Dichotomius_satanas|mature_len=53|n_cys=2	Q92876	sp|Q92876|KLK6_HUMAN	62.222	45	15	2	5	47	193	237	53	244	81	5.62e-13	69.4	Kallikrein-6 OS=Homo sapiens OX=9606 GN=KLK6 PE=1 SV=1
ghma00000000_3|species=Dichotomius_satanas|mature_len=53|n_cys=2	P07478	sp|P07478|TRY2_HUMAN	54.386	57	16	5	2	53	190	241	53	247	98	1.83e-12	67.7	Trypsin-2 OS=Homo sapiens OX=9606 GN=PRSS2 PE=1 SV=1
ghma00000000_3|species=Dichotomius_satanas|mature_len=53|n_cys=2	Q6ZWK6	sp|Q6ZWK6|TM11F_HUMAN	56.140	57	11	6	2	47	379	432	53	438	87	2.27e-12	67.2	Transmembrane protease serine 11F OS=Homo sapiens OX=9606 GN=TMPRSS11F PE=1 SV=2
ghma00000000_3|species=Dichotomius_satanas|mature_len=53|n_cys=2	O60235	sp|O60235|TM11D_HUMAN	53.846	52	14	3	4	47	363	412	53	418	83	2.34e-12	67.2	Transmembrane protease serine 11D OS=Homo sapiens OX=9606 GN=TMPRSS11D PE=1 SV=1
ghma00000000_3|species=Dichotomius_satanas|mature_len=53|n_cys=2	Q90629	sp|Q90629|TRY3_CHICK	58.824	51	15	4	2	47	192	241	53	248	87	3.38e-12	66.8	Trypsin II-P29 OS=Gallus gallus OX=9031 PE=2 SV=1
ghma00000000_3|species=Dichotomius_satanas|mature_len=53|n_cys=2	P08426	sp|P08426|TRY3_RAT	56.863	51	16	4	2	47	191	240	53	247	87	1.25e-11	65.1	Cationic trypsin-3 OS=Rattus norvegicus OX=10116 GN=Try3 PE=2 SV=1
ghma00000000_3|species=Dichotomius_satanas|mature_len=53|n_cys=2	P15120	sp|P15120|UROK_CHICK	58.000	50	14	3	4	47	368	416	53	434	83	1.45e-11	65.1	Urokinase-type plasminogen activator OS=Gallus gallus OX=9031 GN=PLAU PE=2 SV=1
ghma00000000_3|species=Dichotomius_satanas|mature_len=53|n_cys=2	Q27289	sp|Q27289|CTR1_ANOGA	60.377	53	21	0	1	53	204	256	53	259	100	1.52e-11	65.1	Chymotrypsin-1 OS=Anopheles gambiae OX=7165 GN=CHYM1 PE=1 SV=3
ghma00000000_3|species=Dichotomius_satanas|mature_len=53|n_cys=2	P07477	sp|P07477|TRY1_HUMAN	56.863	51	16	4	2	47	190	239	53	247	87	2.83e-11	64.3	Serine protease 1 OS=Homo sapiens OX=9606 GN=PRSS1 PE=1 SV=1
ghma00000000_3|species=Dichotomius_satanas|mature_len=53|n_cys=2	Q8BZ10	sp|Q8BZ10|TM11G_MOUSE	51.923	52	15	4	4	47	362	411	53	417	83	3.77e-11	63.8	Transmembrane protease serine 11G OS=Mus musculus OX=10090 GN=Tmprss11g PE=2 SV=2
ghma00000000_3|species=Dichotomius_satanas|mature_len=53|n_cys=2	P16227	sp|P16227|UROK_PAPCY	57.143	49	14	4	5	47	374	421	53	433	81	6.46e-11	63.0	Urokinase-type plasminogen activator OS=Papio cynocephalus OX=9556 GN=PLAU PE=2 SV=1
ghma00000000_3|species=Dichotomius_satanas|mature_len=53|n_cys=2	Q17025	sp|Q17025|CTR2_ANOGA	56.604	53	23	0	1	53	204	256	53	258	100	7.36e-11	63.0	Chymotrypsin-2 OS=Anopheles gambiae OX=7165 GN=CHYM2 PE=2 SV=3
ghma00000000_3|species=Dichotomius_satanas|mature_len=53|n_cys=2	Q8NHM4	sp|Q8NHM4|TRY6_HUMAN	52.632	57	17	5	2	53	190	241	53	247	98	1.19e-10	62.1	Putative trypsin-6 OS=Homo sapiens OX=9606 GN=PRSS3P2 PE=5 SV=2
ghma00000000_3|species=Dichotomius_satanas|mature_len=53|n_cys=2	Q5QSK2	sp|Q5QSK2|TM11G_RAT	50.000	52	16	4	4	47	362	411	53	417	83	1.53e-10	62.1	Transmembrane protease serine 11G OS=Rattus norvegicus OX=10116 GN=Tmprss11g PE=2 SV=1
ghma00000000_3|species=Dichotomius_satanas|mature_len=53|n_cys=2	Q80YC5	sp|Q80YC5|FA12_MOUSE	54.386	57	15	5	2	47	535	591	53	597	87	1.63e-10	62.1	Coagulation factor XII OS=Mus musculus OX=10090 GN=F12 PE=1 SV=2
ghma00000000_3|species=Dichotomius_satanas|mature_len=53|n_cys=2	D3ZTE0	sp|D3ZTE0|FA12_RAT	54.386	57	15	5	2	47	533	589	53	595	87	1.68e-10	61.7	Coagulation factor XII OS=Rattus norvegicus OX=10116 GN=F12 PE=2 SV=1
ghma00000000_3|species=Dichotomius_satanas|mature_len=53|n_cys=2	Q8VHJ4	sp|Q8VHJ4|TM11D_RAT	48.276	58	8	6	4	47	362	411	53	417	83	2.46e-10	61.3	Transmembrane protease serine 11D OS=Rattus norvegicus OX=10116 GN=Tmprss11d PE=2 SV=1
ghma00000000_3|species=Dichotomius_satanas|mature_len=53|n_cys=2	Q29463	sp|Q29463|TRY2_BOVIN	55.769	52	15	5	2	47	190	239	53	247	87	2.71e-10	61.3	Anionic trypsin OS=Bos taurus OX=9913 PE=2 SV=1
ghma00000000_3|species=Dichotomius_satanas|mature_len=53|n_cys=2	Q8VHK8	sp|Q8VHK8|TM11D_MOUSE	50.000	54	13	5	4	47	362	411	53	417	83	2.73e-10	61.3	Transmembrane protease serine 11D OS=Mus musculus OX=10090 GN=Tmprss11d PE=1 SV=2
ghma00000000_3|species=Dichotomius_satanas|mature_len=53|n_cys=2	P06872	sp|P06872|TRY2_CANLF	54.902	51	17	4	2	47	190	239	53	247	87	3.00e-10	61.3	Anionic trypsin OS=Canis lupus familiaris OX=9615 PE=2 SV=1
ghma00000000_3|species=Dichotomius_satanas|mature_len=53|n_cys=2	P06871	sp|P06871|TRY1_CANLF	56.863	51	16	4	2	47	190	239	53	246	87	3.50e-10	60.9	Serine protease 1 OS=Canis lupus familiaris OX=9615 GN=PRSS1 PE=2 SV=1
ghma00000000_3|species=Dichotomius_satanas|mature_len=53|n_cys=2	Q8SQ23	sp|Q8SQ23|TPA_PIG	55.102	49	17	3	4	47	508	556	53	562	83	4.69e-10	60.4	Tissue-type plasminogen activator OS=Sus scrofa OX=9823 GN=PLAT PE=2 SV=1
ghmd00000000_4|species=Onthophagus_curvicornis|mature_len=32|n_cys=6	B7PCV3	sp|B7PCV3|HYMOS_IXOSC	46.875	32	17	0	1	32	59	90	32	91	100	0.22	32.5	Ixochymostatin OS=Ixodes scapularis OX=6945 GN=IscW_ISCW002768 PE=2 SV=1
ghmd00000000_4|species=Onthophagus_curvicornis|mature_len=32|n_cys=6	P82176	sp|P82176|IMPI_GALME	48.148	27	14	0	6	32	57	83	32	170	84	0.27	32.5	Inducible metalloproteinase inhibitor protein OS=Galleria mellonella OX=7137 GN=IMPI PE=1 SV=2
ghmd00000000_4|species=Onthophagus_curvicornis|mature_len=32|n_cys=6	P83516	sp|P83516|TILI_RHIMP	41.379	29	17	0	4	32	34	62	32	65	91	0.37	31.6	Chymotrypsin-elastase inhibitor ixodidin OS=Rhipicephalus microplus OX=6941 PE=1 SV=2
ghmd00000000_4|species=Onthophagus_curvicornis|mature_len=32|n_cys=6	K7WRE1	sp|K7WRE1|TIL_BOMTE	51.724	29	14	0	4	32	47	75	32	75	91	0.46	31.6	Chymotrypsin inhibitor OS=Bombus terrestris OX=30195 PE=2 SV=1
ghmd00000000_4|species=Onthophagus_curvicornis|mature_len=32|n_cys=6	U5T7E4	sp|U5T7E4|TILVI_BOMIG	51.724	29	14	0	4	32	47	75	32	75	91	0.46	31.6	Venom serine protease inhibitor BiVSPI OS=Bombus ignitus OX=130704 PE=1 SV=1
ghmd00000000_4|species=Onthophagus_curvicornis|mature_len=32|n_cys=6	Q7M3V4	sp|Q7M3V4|PAO1_VESOR	72.727	11	3	0	8	18	92	102	32	152	34	2.3	29.5	Orientotoxin-1 OS=Vespa orientalis OX=7447 PE=1 SV=1
ghmd00000000_4|species=Onthophagus_curvicornis|mature_len=32|n_cys=6	P0DM55	sp|P0DM55|TIL1_SCOJE	46.875	32	15	1	3	32	61	92	32	94	94	3.8	28.6	Venom peptide SjAPI OS=Scorpiops jendeki OX=587368 PE=2 SV=1
ghmd00000000_4|species=Onthophagus_curvicornis|mature_len=32|n_cys=6	O00220	sp|O00220|TR10A_HUMAN	45.946	37	5	3	10	32	186	221	32	468	72	8.5	27.8	Tumor necrosis factor receptor superfamily member 10A OS=Homo sapiens OX=9606 GN=TNFRSF10A PE=1 SV=3
gkjd00000000_3|species=Serica_brunnea|mature_len=61|n_cys=6	C8YJ94	sp|C8YJ94|KUN2_TABYA	60.000	55	22	0	4	58	22	76	61	76	90	4.18e-16	78.3	Tabkunin 2 OS=Tabanus yao OX=485572 PE=1 SV=1
gkjd00000000_3|species=Serica_brunnea|mature_len=61|n_cys=6	C1IBY4	sp|C1IBY4|KUN1_TABYA	56.364	55	24	0	4	58	22	76	61	76	90	3.33e-15	75.7	Tabkunin 1 OS=Tabanus yao OX=485572 PE=3 SV=1
gkjd00000000_3|species=Serica_brunnea|mature_len=61|n_cys=6	C8YJ95	sp|C8YJ95|KUN3_TABYA	54.545	55	25	0	4	58	22	76	61	76	90	1.17e-14	74.0	Tabkunin 2 OS=Tabanus yao OX=485572 PE=1 SV=1
gkjd00000000_3|species=Serica_brunnea|mature_len=61|n_cys=6	P0DMW7	sp|P0DMW7|VKT3B_ACTEQ	57.143	56	24	0	2	57	1	56	61	59	92	2.93e-14	71.9	PI-actitoxin-Aeq3b OS=Actinia equina OX=6106 PE=1 SV=1
gkjd00000000_3|species=Serica_brunnea|mature_len=61|n_cys=6	A0A6P8HC43	sp|A0A6P8HC43|ATPI1_ACTTE	57.143	56	24	0	2	57	156	211	61	285	92	5.18e-14	73.2	Actinia tenebrosa protease inhibitors OS=Actinia tenebrosa OX=6105 PE=1 SV=1
gkjd00000000_3|species=Serica_brunnea|mature_len=61|n_cys=6	A0A6P8HC43	sp|A0A6P8HC43|ATPI1_ACTTE	55.357	56	25	0	2	57	226	281	61	285	92	3.06e-13	71.0	Actinia tenebrosa protease inhibitors OS=Actinia tenebrosa OX=6105 PE=1 SV=1
gkjd00000000_3|species=Serica_brunnea|mature_len=61|n_cys=6	A0A6P8HC43	sp|A0A6P8HC43|ATPI1_ACTTE	53.571	56	26	0	2	57	86	141	61	285	92	1.24e-12	68.9	Actinia tenebrosa protease inhibitors OS=Actinia tenebrosa OX=6105 PE=1 SV=1
gkjd00000000_3|species=Serica_brunnea|mature_len=61|n_cys=6	A0A6P8HC43	sp|A0A6P8HC43|ATPI1_ACTTE	40.000	55	33	0	7	61	28	82	61	285	90	0.14	35.4	Actinia tenebrosa protease inhibitors OS=Actinia tenebrosa OX=6105 PE=1 SV=1
gkjd00000000_3|species=Serica_brunnea|mature_len=61|n_cys=6	C8YJ97	sp|C8YJ97|KUN5_TABYA	54.545	55	25	0	4	58	22	76	61	76	90	7.55e-14	71.9	Tabkunin 5 OS=Tabanus yao OX=485572 PE=3 SV=1
gkjd00000000_3|species=Serica_brunnea|mature_len=61|n_cys=6	P0DMW6	sp|P0DMW6|VKT3A_ACTEQ	55.357	56	25	0	2	57	1	56	61	59	92	7.82e-14	70.6	PI-actitoxin-Aeq3a OS=Actinia equina OX=6106 PE=1 SV=1
gkjd00000000_3|species=Serica_brunnea|mature_len=61|n_cys=6	C8YJ96	sp|C8YJ96|KUN4_TABYA	54.545	55	25	0	4	58	22	76	61	76	90	2.22e-13	70.2	Tabkunin 4 OS=Tabanus yao OX=485572 PE=3 SV=1
gkjd00000000_3|species=Serica_brunnea|mature_len=61|n_cys=6	B7S4N9	sp|B7S4N9|VKT_OXYSC	53.846	52	24	0	6	57	30	81	61	88	85	5.34e-13	69.8	Kunitz-type serine protease inhibitor taicotoxin OS=Oxyuranus scutellatus scutellatus OX=8667 PE=1 SV=1
gkjd00000000_3|species=Serica_brunnea|mature_len=61|n_cys=6	Q9TWF8	sp|Q9TWF8|VKT3_ANESU	55.769	52	23	0	7	58	5	56	61	59	85	2.97e-12	66.4	KappaPI-actitoxin-Avd3d OS=Anemonia sulcata OX=6108 PE=1 SV=1
gkjd00000000_3|species=Serica_brunnea|mature_len=61|n_cys=6	P0DMJ5	sp|P0DMJ5|VKT2E_RADCR	51.786	56	27	0	2	57	21	76	61	78	92	4.50e-12	66.8	PI-stichotoxin-Hcr2e OS=Radianthus crispa OX=3122430 PE=1 SV=1
gkjd00000000_3|species=Serica_brunnea|mature_len=61|n_cys=6	Q6ITB5	sp|Q6ITB5|VKT1_OXYMI	50.943	53	26	0	6	58	30	82	61	83	87	6.21e-12	66.4	Kunitz-type serine protease inhibitor microlepidin-1 OS=Oxyuranus microlepidotus OX=111177 PE=2 SV=1
gkjd00000000_3|species=Serica_brunnea|mature_len=61|n_cys=6	P10280	sp|P10280|VKT52_ANESU	55.769	52	23	0	7	58	5	56	61	62	85	7.34e-12	65.5	KappaPI-actitoxin-Avd3a OS=Anemonia sulcata OX=6108 PE=1 SV=2
gkjd00000000_3|species=Serica_brunnea|mature_len=61|n_cys=6	P0DN08	sp|P0DN08|VKT53_ANEVI	55.769	52	23	0	7	58	21	72	61	82	85	8.68e-12	66.0	KappaPI-actitoxin-Avd3e OS=Anemonia viridis OX=51769 PE=3 SV=1
gkjd00000000_3|species=Serica_brunnea|mature_len=61|n_cys=6	P0DN07	sp|P0DN07|VKT4_ANEVI	55.769	52	23	0	7	58	21	72	61	82	85	1.00e-11	65.5	U-actitoxin-Avd3g OS=Anemonia viridis OX=51769 PE=3 SV=1
gkjd00000000_3|species=Serica_brunnea|mature_len=61|n_cys=6	Q6ITB6	sp|Q6ITB6|VKT2_OXYSC	50.943	53	26	0	6	58	30	82	61	83	87	1.04e-11	65.5	Kunitz-type serine protease inhibitor scutellin-2 OS=Oxyuranus scutellatus scutellatus OX=8667 PE=2 SV=1
gkjd00000000_3|species=Serica_brunnea|mature_len=61|n_cys=6	Q6ITB4	sp|Q6ITB4|VKT2_OXYMI	50.943	53	26	0	6	58	30	82	61	83	87	1.04e-11	65.5	Kunitz-type serine protease inhibitor microlepidin-2 OS=Oxyuranus microlepidotus OX=111177 PE=2 SV=1
gkjd00000000_3|species=Serica_brunnea|mature_len=61|n_cys=6	P0DJ50	sp|P0DJ50|VKT31_OLIMR	53.448	58	26	1	2	58	20	77	61	81	93	1.14e-11	65.5	Kunitz-type serine protease inhibitor BmKTT-2 OS=Olivierus martensii OX=34649 PE=1 SV=2
gkjd00000000_3|species=Serica_brunnea|mature_len=61|n_cys=6	Q9TWG0	sp|Q9TWG0|VKT1_ANESU	55.769	52	23	0	7	58	5	56	61	58	85	1.33e-11	64.3	KappaPI-actitoxin-Avd3b OS=Anemonia sulcata OX=6108 PE=1 SV=1
gkjd00000000_3|species=Serica_brunnea|mature_len=61|n_cys=6	Q90WA1	sp|Q90WA1|VKT1_PSETT	50.943	53	26	0	6	58	30	82	61	83	87	1.61e-11	65.1	Kunitz-type serine protease inhibitor textilinin-1 OS=Pseudonaja textilis textilis OX=169397 PE=1 SV=1
gkjd00000000_3|species=Serica_brunnea|mature_len=61|n_cys=6	P86862	sp|P86862|VKT1_ANTEL	57.143	49	21	0	5	53	3	51	61	65	80	1.89e-11	64.3	KappaPI-actitoxin-Ael3a OS=Anthopleura elegantissima OX=6110 PE=1 SV=1
gkjd00000000_3|species=Serica_brunnea|mature_len=61|n_cys=6	P0DN06	sp|P0DN06|VKT1A_ANEVI	55.769	52	23	0	7	58	21	72	61	82	85	1.93e-11	64.7	U-actitoxin-Avd3f OS=Anemonia viridis OX=51769 PE=3 SV=1
gkjd00000000_3|species=Serica_brunnea|mature_len=61|n_cys=6	C0HK74	sp|C0HK74|3CPI_HETMG	52.830	53	25	0	5	57	2	54	61	56	87	2.36e-11	63.4	PI-stichotoxin-Hmg3c OS=Heteractis magnifica OX=38281 PE=1 SV=1
gkjd00000000_3|species=Serica_brunnea|mature_len=61|n_cys=6	Q6ITB9	sp|Q6ITB9|VKT3_PSEAU	50.943	53	26	0	6	58	30	82	61	83	87	2.58e-11	64.7	Kunitz-type serine protease inhibitor mulgin-3 OS=Pseudechis australis OX=8670 PE=2 SV=1
gkjd00000000_3|species=Serica_brunnea|mature_len=61|n_cys=6	Q90WA0	sp|Q90WA0|VKT2_PSETT	49.057	53	27	0	6	58	30	82	61	83	87	2.72e-11	64.3	Kunitz-type serine protease inhibitor textilinin-2 OS=Pseudonaja textilis textilis OX=169397 PE=1 SV=1
gjvo00000000_1|species=Ceutorhynchus_napi|mature_len=65|n_cys=7	Q9TWG0	sp|Q9TWG0|VKT1_ANESU	53.571	56	24	2	1	56	3	56	65	58	86	1.81e-08	55.8	KappaPI-actitoxin-Avd3b OS=Anemonia sulcata OX=6108 PE=1 SV=1
gjvo00000000_1|species=Ceutorhynchus_napi|mature_len=65|n_cys=7	P0DN06	sp|P0DN06|VKT1A_ANEVI	53.571	56	24	2	1	56	19	72	65	82	86	2.54e-08	55.8	U-actitoxin-Avd3f OS=Anemonia viridis OX=51769 PE=3 SV=1
gjvo00000000_1|species=Ceutorhynchus_napi|mature_len=65|n_cys=7	Q8T3S7	sp|Q8T3S7|VKT1_ARAVE	55.769	52	19	2	3	53	117	165	65	170	78	3.45e-08	55.8	Kunitz-type U1-aranetoxin-Av1a OS=Araneus ventricosus OX=182803 PE=1 SV=2
gjvo00000000_1|species=Ceutorhynchus_napi|mature_len=65|n_cys=7	P0DN09	sp|P0DN09|VKT5_ANEVI	53.333	45	21	0	12	56	28	72	65	82	69	1.19e-07	53.7	U-actitoxin-Avd3h OS=Anemonia viridis OX=51769 PE=3 SV=1
gjvo00000000_1|species=Ceutorhynchus_napi|mature_len=65|n_cys=7	P0DN12	sp|P0DN12|VKT8_ANEVI	51.786	56	25	2	1	56	19	72	65	82	86	1.52e-07	53.7	U-actitoxin-Avd3k OS=Anemonia viridis OX=51769 PE=3 SV=1
gjvo00000000_1|species=Ceutorhynchus_napi|mature_len=65|n_cys=7	P00974	sp|P00974|BPT1_BOVIN	48.214	56	25	2	3	57	40	92	65	100	85	1.71e-07	53.7	Pancreatic trypsin inhibitor OS=Bos taurus OX=9913 PE=1 SV=2
gjvo00000000_1|species=Ceutorhynchus_napi|mature_len=65|n_cys=7	P0DN19	sp|P0DN19|VKTF_ANEVI	50.000	56	26	2	1	56	9	62	65	72	86	1.78e-07	53.2	U-actitoxin-Avd3r (Fragment) OS=Anemonia viridis OX=51769 PE=2 SV=1
gjvo00000000_1|species=Ceutorhynchus_napi|mature_len=65|n_cys=7	Q9TWF9	sp|Q9TWF9|VKT2_ANESU	50.000	56	26	2	1	56	3	56	65	58	86	2.01e-07	52.4	KappaPI-actitoxin-Avd3c OS=Anemonia sulcata OX=6108 PE=1 SV=1
gjvo00000000_1|species=Ceutorhynchus_napi|mature_len=65|n_cys=7	P00975	sp|P00975|IBPS_BOVIN	48.214	56	25	2	3	57	7	59	65	60	85	2.41e-07	52.4	Serum basic protease inhibitor OS=Bos taurus OX=9913 PE=1 SV=1
gjvo00000000_1|species=Ceutorhynchus_napi|mature_len=65|n_cys=7	P0DN10	sp|P0DN10|VKT6_ANEVI	53.333	45	21	0	12	56	28	72	65	82	69	2.50e-07	52.8	U-actitoxin-Avd3i OS=Anemonia viridis OX=51769 PE=3 SV=1
gjvo00000000_1|species=Ceutorhynchus_napi|mature_len=65|n_cys=7	P0DN14	sp|P0DN14|VKTA_ANEVI	51.111	45	22	0	12	56	28	72	65	82	69	5.74e-07	51.5	U-actitoxin-Avd3m OS=Anemonia viridis OX=51769 PE=3 SV=1
gjvo00000000_1|species=Ceutorhynchus_napi|mature_len=65|n_cys=7	P0DN11	sp|P0DN11|VKT7_ANEVI	53.333	45	21	0	12	56	28	72	65	82	69	6.74e-07	51.5	U-actitoxin-Avd3j OS=Anemonia viridis OX=51769 PE=3 SV=1
gjvo00000000_1|species=Ceutorhynchus_napi|mature_len=65|n_cys=7	P10280	sp|P10280|VKT52_ANESU	51.111	45	22	0	12	56	12	56	65	62	69	1.03e-06	50.7	KappaPI-actitoxin-Avd3a OS=Anemonia sulcata OX=6108 PE=1 SV=2
gjvo00000000_1|species=Ceutorhynchus_napi|mature_len=65|n_cys=7	P0DN13	sp|P0DN13|VKT9_ANEVI	48.214	56	27	2	1	56	19	72	65	82	86	1.29e-06	50.7	U-actitoxin-Avd3l OS=Anemonia viridis OX=51769 PE=3 SV=1
gjvo00000000_1|species=Ceutorhynchus_napi|mature_len=65|n_cys=7	P0DN20	sp|P0DN20|VKTG_ANEVI	50.000	56	26	2	1	56	17	70	65	80	86	1.53e-06	50.3	U-actitoxin-Avd3s (Fragment) OS=Anemonia viridis OX=51769 PE=2 SV=1
gjvo00000000_1|species=Ceutorhynchus_napi|mature_len=65|n_cys=7	P0DN08	sp|P0DN08|VKT53_ANEVI	51.111	45	22	0	12	56	28	72	65	82	69	1.59e-06	50.3	KappaPI-actitoxin-Avd3e OS=Anemonia viridis OX=51769 PE=3 SV=1
gjvo00000000_1|species=Ceutorhynchus_napi|mature_len=65|n_cys=7	W4VSH9	sp|W4VSH9|VKT1_TRILK	52.500	40	19	0	12	51	113	152	65	176	62	2.74e-06	49.8	Kunitz-type U19-barytoxin-Tl1a OS=Trittame loki OX=1295018 PE=2 SV=2
gjvo00000000_1|species=Ceutorhynchus_napi|mature_len=65|n_cys=7	Q9TWF8	sp|Q9TWF8|VKT3_ANESU	51.163	43	21	0	14	56	14	56	65	59	66	2.97e-06	49.0	KappaPI-actitoxin-Avd3d OS=Anemonia sulcata OX=6108 PE=1 SV=1
gjvo00000000_1|species=Ceutorhynchus_napi|mature_len=65|n_cys=7	P04815	sp|P04815|BPT2_BOVIN	44.643	56	27	2	3	57	40	92	65	100	85	4.30e-06	49.0	Spleen trypsin inhibitor I OS=Bos taurus OX=9913 PE=1 SV=2
gjvo00000000_1|species=Ceutorhynchus_napi|mature_len=65|n_cys=7	P00993	sp|P00993|IBP_CARCR	45.833	48	23	1	4	51	10	54	65	110	74	5.06e-06	49.0	Chelonianin OS=Caretta caretta OX=8467 PE=1 SV=1
gjvo00000000_1|species=Ceutorhynchus_napi|mature_len=65|n_cys=7	P0DN17	sp|P0DN17|VKTD_ANEVI	51.111	45	22	0	12	56	28	72	65	82	69	5.75e-06	48.6	U-actitoxin-Avd3p OS=Anemonia viridis OX=51769 PE=3 SV=1
gjvo00000000_1|species=Ceutorhynchus_napi|mature_len=65|n_cys=7	Q28864	sp|Q28864|TFPI1_MACMU	47.727	44	23	0	11	54	60	103	65	304	68	1.14e-05	48.1	Tissue factor pathway inhibitor OS=Macaca mulatta OX=9544 GN=TFPI PE=2 SV=1
gjvo00000000_1|species=Ceutorhynchus_napi|mature_len=65|n_cys=7	Q28864	sp|Q28864|TFPI1_MACMU	44.444	45	24	1	9	53	130	173	65	304	69	7.91e-04	42.6	Tissue factor pathway inhibitor OS=Macaca mulatta OX=9544 GN=TFPI PE=2 SV=1
gjvo00000000_1|species=Ceutorhynchus_napi|mature_len=65|n_cys=7	B5L5Q8	sp|B5L5Q8|VKT5_PSEAU	40.385	52	29	2	3	54	31	80	65	83	80	1.20e-05	47.7	Kunitz-type serine protease inhibitor mulgin-5 OS=Pseudechis australis OX=8670 PE=3 SV=1
gjvo00000000_1|species=Ceutorhynchus_napi|mature_len=65|n_cys=7	P00976	sp|P00976|IBPC_BOVIN	46.512	43	23	0	12	54	15	57	65	67	66	1.25e-05	47.3	Colostrum trypsin inhibitor OS=Bos taurus OX=9913 PE=1 SV=2
gjvo00000000_1|species=Ceutorhynchus_napi|mature_len=65|n_cys=7	E7FL12	sp|E7FL12|VKT2_PSERS	40.385	52	29	2	3	54	31	80	65	83	80	1.35e-05	47.3	Kunitz serine protease inhibitor Pr-mulgin 2 OS=Pseudechis rossignolii OX=1489342 PE=2 SV=1
ghma00000000_1|species=Dichotomius_satanas|mature_len=58|n_cys=11	P80060	sp|P80060|LCM_LOCMI	65.517	58	19	1	2	58	32	89	58	92	98	9.50e-14	71.5	Protease inhibitors OS=Locusta migratoria OX=7004 PE=1 SV=2
ghma00000000_1|species=Dichotomius_satanas|mature_len=58|n_cys=11	O46162	sp|O46162|SGP1_SCHGR	63.793	58	20	1	2	58	32	89	58	92	98	5.57e-13	69.4	Serine protease inhibitor I/II OS=Schistocerca gregaria OX=7010 PE=1 SV=1
ghma00000000_1|species=Dichotomius_satanas|mature_len=58|n_cys=11	A0A6B9KZ79	sp|A0A6B9KZ79|PI11A_PLARH	55.000	60	23	3	3	58	37	96	58	97	97	3.67e-07	52.0	U-reduvitoxin-Pr11a OS=Platymeris rhadamanthus OX=1134088 PE=1 SV=1
ghma00000000_1|species=Dichotomius_satanas|mature_len=58|n_cys=11	A0A6B9KZ59	sp|A0A6B9KZ59|PI21_PLARH	51.724	58	26	1	3	58	33	90	58	139	97	3.85e-07	52.0	U-reduvitoxin-Pr21 OS=Platymeris rhadamanthus OX=1134088 PE=1 SV=1
ghma00000000_1|species=Dichotomius_satanas|mature_len=58|n_cys=11	A0A6B9KZ89	sp|A0A6B9KZ89|PI10A_PLARH	52.459	61	25	2	2	58	36	96	58	97	98	6.59e-07	51.1	U-reduvitoxin-Pr10a OS=Platymeris rhadamanthus OX=1134088 PE=1 SV=1
ghma00000000_1|species=Dichotomius_satanas|mature_len=58|n_cys=11	A0A6B9L3M7	sp|A0A6B9L3M7|PI12A_PLARH	47.458	59	28	3	3	58	33	91	58	96	97	0.003	39.7	U-reduvitoxin-Pr12a OS=Platymeris rhadamanthus OX=1134088 PE=1 SV=1
ghma00000000_1|species=Dichotomius_satanas|mature_len=58|n_cys=11	B3A0N9	sp|B3A0N9|MSPI2_MELSA	61.765	34	12	1	26	58	1	34	58	36	57	0.006	38.0	Serine protease inhibitor 2 OS=Melanoplus sanguinipes OX=65742 PE=1 SV=1
ghma00000000_1|species=Dichotomius_satanas|mature_len=58|n_cys=11	Q7Z5P9	sp|Q7Z5P9|MUC19_HUMAN	55.556	18	8	0	3	20	1255	1272	58	8384	31	0.091	35.8	Mucin-19 OS=Homo sapiens OX=9606 GN=MUC19 PE=1 SV=3
ghma00000000_1|species=Dichotomius_satanas|mature_len=58|n_cys=11	P98091	sp|P98091|MUC19_BOVIN	46.429	28	10	1	3	30	1128	1150	58	4596	48	0.22	34.6	Mucin-19 OS=Bos taurus OX=9913 GN=MUC19 PE=2 SV=2
ghma00000000_1|species=Dichotomius_satanas|mature_len=58|n_cys=11	Q6PZE0	sp|Q6PZE0|MUC19_MOUSE	55.556	18	8	0	3	20	832	849	58	7524	31	0.32	34.1	Mucin-19 OS=Mus musculus OX=10090 GN=Muc19 PE=2 SV=2
ghma00000000_1|species=Dichotomius_satanas|mature_len=58|n_cys=11	P04275	sp|P04275|VWF_HUMAN	85.714	14	2	0	31	44	838	851	58	2813	24	0.38	33.7	von Willebrand factor OS=Homo sapiens OX=9606 GN=VWF PE=1 SV=4
ghma00000000_1|species=Dichotomius_satanas|mature_len=58|n_cys=11	A0A7M6UNN1	sp|A0A7M6UNN1|PISP_NASVI	45.455	33	18	0	26	58	45	77	58	80	57	0.58	32.9	Small pacifastin protease inhibitor OS=Nasonia vitripennis OX=7425 PE=2 SV=1
ghma00000000_1|species=Dichotomius_satanas|mature_len=58|n_cys=11	Q8CIZ8	sp|Q8CIZ8|VWF_MOUSE	78.571	14	3	0	31	44	838	851	58	2813	24	1.6	32.0	von Willebrand factor OS=Mus musculus OX=10090 GN=Vwf PE=1 SV=2
ghma00000000_1|species=Dichotomius_satanas|mature_len=58|n_cys=11	Q8T0W2	sp|Q8T0W2|CVP4_PIMHY	29.762	84	31	3	3	58	98	181	58	203	97	2.5	31.2	Pacifastin-like protease inhibitor cvp4 OS=Pimpla hypochondriaca OX=135724 PE=1 SV=1
ghma00000000_1|species=Dichotomius_satanas|mature_len=58|n_cys=11	Q9VW71	sp|Q9VW71|FAT2_DROME	56.522	23	4	3	40	58	3849	3869	58	4699	33	4.0	30.8	Fat-like cadherin-related tumor suppressor homolog OS=Drosophila melanogaster OX=7227 GN=kug PE=2 SV=3
ghma00000000_1|species=Dichotomius_satanas|mature_len=58|n_cys=11	Q28833	sp|Q28833|VWF_PIG	78.571	14	3	0	31	44	512	525	58	2482	24	4.5	30.3	von Willebrand factor (Fragment) OS=Sus scrofa OX=9823 GN=VWF PE=2 SV=2
ghma00000000_1|species=Dichotomius_satanas|mature_len=58|n_cys=11	Q28295	sp|Q28295|VWF_CANLF	78.571	14	3	0	31	44	838	851	58	2813	24	5.8	30.3	von Willebrand factor OS=Canis lupus familiaris OX=9615 GN=VWF PE=1 SV=2
gjvn00000000_1|species=Brassicogethes_aeneus|mature_len=33|n_cys=4	Q9TWG0	sp|Q9TWG0|VKT1_ANESU	60.000	25	10	0	2	26	30	54	33	58	76	0.057	34.1	KappaPI-actitoxin-Avd3b OS=Anemonia sulcata OX=6108 PE=1 SV=1
gjvn00000000_1|species=Brassicogethes_aeneus|mature_len=33|n_cys=4	P0DN11	sp|P0DN11|VKT7_ANEVI	60.000	25	10	0	2	26	46	70	33	82	76	0.060	34.1	U-actitoxin-Avd3j OS=Anemonia viridis OX=51769 PE=3 SV=1
gjvn00000000_1|species=Brassicogethes_aeneus|mature_len=33|n_cys=4	P0DN14	sp|P0DN14|VKTA_ANEVI	60.000	25	10	0	2	26	46	70	33	82	76	0.071	34.1	U-actitoxin-Avd3m OS=Anemonia viridis OX=51769 PE=3 SV=1
gjvn00000000_1|species=Brassicogethes_aeneus|mature_len=33|n_cys=4	P0DN10	sp|P0DN10|VKT6_ANEVI	60.000	25	10	0	2	26	46	70	33	82	76	0.073	33.7	U-actitoxin-Avd3i OS=Anemonia viridis OX=51769 PE=3 SV=1
gjvn00000000_1|species=Brassicogethes_aeneus|mature_len=33|n_cys=4	P0DN06	sp|P0DN06|VKT1A_ANEVI	60.000	25	10	0	2	26	46	70	33	82	76	0.073	33.7	U-actitoxin-Avd3f OS=Anemonia viridis OX=51769 PE=3 SV=1
gjvn00000000_1|species=Brassicogethes_aeneus|mature_len=33|n_cys=4	P0DN09	sp|P0DN09|VKT5_ANEVI	60.000	25	10	0	2	26	46	70	33	82	76	0.077	33.7	U-actitoxin-Avd3h OS=Anemonia viridis OX=51769 PE=3 SV=1
gjvn00000000_1|species=Brassicogethes_aeneus|mature_len=33|n_cys=4	Q9PVM2	sp|Q9PVM2|HBBA_SERQU	61.111	18	4	1	14	28	101	118	33	148	45	0.11	33.7	Hemoglobin subunit beta-A OS=Seriola quinqueradiata OX=8161 GN=hbb1 PE=2 SV=2
gjvn00000000_1|species=Brassicogethes_aeneus|mature_len=33|n_cys=4	A6MFL2	sp|A6MFL2|VKT2_DEMVE	77.778	18	4	0	6	23	60	77	33	83	55	0.14	33.3	Kunitz-type serine protease inhibitor vestiginin-2 OS=Demansia vestigiata OX=412038 PE=2 SV=1
gjvn00000000_1|species=Brassicogethes_aeneus|mature_len=33|n_cys=4	A6MGX9	sp|A6MGX9|VKT5_DEMVE	77.778	18	4	0	6	23	60	77	33	83	55	0.16	32.9	Kunitz-type serine protease inhibitor vestiginin-5 OS=Demansia vestigiata OX=412038 PE=2 SV=1
gjvn00000000_1|species=Brassicogethes_aeneus|mature_len=33|n_cys=4	A6MFL1	sp|A6MFL1|VKT1_DEMVE	77.778	18	4	0	6	23	60	77	33	83	55	0.17	32.9	Kunitz-type serine protease inhibitor vestiginin-1 OS=Demansia vestigiata OX=412038 PE=2 SV=1
gjvn00000000_1|species=Brassicogethes_aeneus|mature_len=33|n_cys=4	P0DN19	sp|P0DN19|VKTF_ANEVI	60.000	25	10	0	2	26	36	60	33	72	76	0.19	32.9	U-actitoxin-Avd3r (Fragment) OS=Anemonia viridis OX=51769 PE=2 SV=1
gjvn00000000_1|species=Brassicogethes_aeneus|mature_len=33|n_cys=4	P0DN17	sp|P0DN17|VKTD_ANEVI	60.000	25	10	0	2	26	46	70	33	82	76	0.24	32.5	U-actitoxin-Avd3p OS=Anemonia viridis OX=51769 PE=3 SV=1
gjvn00000000_1|species=Brassicogethes_aeneus|mature_len=33|n_cys=4	P11749	sp|P11749|HBB_THUTH	69.231	13	4	0	14	26	100	112	33	146	39	0.26	32.5	Hemoglobin subunit beta OS=Thunnus thynnus OX=8237 GN=hbb PE=1 SV=1
gjvn00000000_1|species=Brassicogethes_aeneus|mature_len=33|n_cys=4	P84604	sp|P84604|HBB2_ARCGL	61.111	18	4	1	14	28	101	118	33	147	45	0.43	31.6	Hemoglobin subunit beta-2 OS=Arctogadus glacialis OX=185735 GN=hbb2 PE=1 SV=2
gjvn00000000_1|species=Brassicogethes_aeneus|mature_len=33|n_cys=4	P84611	sp|P84611|HBB2_GADMO	61.111	18	4	1	14	28	101	118	33	147	45	0.46	31.6	Hemoglobin subunit beta-2 OS=Gadus morhua OX=8049 GN=hbb2 PE=1 SV=2
gjvn00000000_1|species=Brassicogethes_aeneus|mature_len=33|n_cys=4	Q1AGS6	sp|Q1AGS6|HBB2_BORSA	61.111	18	4	1	14	28	101	118	33	147	45	0.46	31.6	Hemoglobin subunit beta-2 OS=Boreogadus saida OX=44932 GN=hbb2 PE=1 SV=3
gjvn00000000_1|species=Brassicogethes_aeneus|mature_len=33|n_cys=4	O09232	sp|O09232|HBB_MELAE	61.111	18	4	1	14	28	101	118	33	147	45	0.49	31.6	Hemoglobin subunit beta OS=Melanogrammus aeglefinus OX=8056 GN=hbb PE=2 SV=2
gjvn00000000_1|species=Brassicogethes_aeneus|mature_len=33|n_cys=4	O13078	sp|O13078|HBB_MERMR	61.111	18	4	1	14	28	101	118	33	147	45	0.61	31.2	Hemoglobin subunit beta OS=Merlangius merlangus OX=8058 GN=hbb PE=2 SV=2
gjvn00000000_1|species=Brassicogethes_aeneus|mature_len=33|n_cys=4	P10280	sp|P10280|VKT52_ANESU	56.000	25	11	0	2	26	30	54	33	62	76	0.65	31.2	KappaPI-actitoxin-Avd3a OS=Anemonia sulcata OX=6108 PE=1 SV=2
gjvn00000000_1|species=Brassicogethes_aeneus|mature_len=33|n_cys=4	Q9TWF8	sp|Q9TWF8|VKT3_ANESU	56.000	25	11	0	2	26	30	54	33	59	76	0.87	30.8	KappaPI-actitoxin-Avd3d OS=Anemonia sulcata OX=6108 PE=1 SV=1
gjvn00000000_1|species=Brassicogethes_aeneus|mature_len=33|n_cys=4	P0DN08	sp|P0DN08|VKT53_ANEVI	56.000	25	11	0	2	26	46	70	33	82	76	0.88	30.8	KappaPI-actitoxin-Avd3e OS=Anemonia viridis OX=51769 PE=3 SV=1
gjvn00000000_1|species=Brassicogethes_aeneus|mature_len=33|n_cys=4	P83478	sp|P83478|HBBC_CONCO	69.231	13	4	0	14	26	100	112	33	146	39	1.1	30.8	Hemoglobin cathodic subunit beta OS=Conger conger OX=82655 PE=1 SV=1
gjvn00000000_1|species=Brassicogethes_aeneus|mature_len=33|n_cys=4	P0DN07	sp|P0DN07|VKT4_ANEVI	56.000	25	11	0	2	26	46	70	33	82	76	1.1	30.3	U-actitoxin-Avd3g OS=Anemonia viridis OX=51769 PE=3 SV=1
gjvn00000000_1|species=Brassicogethes_aeneus|mature_len=33|n_cys=4	Q9PVM1	sp|Q9PVM1|HBBB_SERQU	55.556	18	5	1	14	28	101	118	33	148	45	1.4	30.3	Hemoglobin subunit beta-B OS=Seriola quinqueradiata OX=8161 GN=hbb2 PE=2 SV=3
gjvn00000000_1|species=Brassicogethes_aeneus|mature_len=33|n_cys=4	Q64449	sp|Q64449|MRC2_MOUSE	64.286	14	4	1	14	26	470	483	33	1479	39	2.9	29.5	C-type mannose receptor 2 OS=Mus musculus OX=10090 GN=Mrc2 PE=1 SV=3
dichotomius_satanas_2|species=Dichotomius_satanas|mature_len=58|n_cys=11	P80060	sp|P80060|LCM_LOCMI	67.241	58	18	1	2	58	32	89	58	92	98	6.32e-14	71.9	Protease inhibitors OS=Locusta migratoria OX=7004 PE=1 SV=2
dichotomius_satanas_2|species=Dichotomius_satanas|mature_len=58|n_cys=11	O46162	sp|O46162|SGP1_SCHGR	65.517	58	19	1	2	58	32	89	58	92	98	3.67e-13	69.8	Serine protease inhibitor I/II OS=Schistocerca gregaria OX=7010 PE=1 SV=1
dichotomius_satanas_2|species=Dichotomius_satanas|mature_len=58|n_cys=11	A0A6B9KZ79	sp|A0A6B9KZ79|PI11A_PLARH	55.738	61	23	3	2	58	36	96	58	97	98	1.21e-07	53.2	U-reduvitoxin-Pr11a OS=Platymeris rhadamanthus OX=1134088 PE=1 SV=1
dichotomius_satanas_2|species=Dichotomius_satanas|mature_len=58|n_cys=11	A0A6B9KZ59	sp|A0A6B9KZ59|PI21_PLARH	50.847	59	27	1	2	58	32	90	58	139	98	2.21e-07	52.8	U-reduvitoxin-Pr21 OS=Platymeris rhadamanthus OX=1134088 PE=1 SV=1
dichotomius_satanas_2|species=Dichotomius_satanas|mature_len=58|n_cys=11	A0A6B9KZ89	sp|A0A6B9KZ89|PI10A_PLARH	52.459	61	25	2	2	58	36	96	58	97	98	6.46e-07	51.1	U-reduvitoxin-Pr10a OS=Platymeris rhadamanthus OX=1134088 PE=1 SV=1
dichotomius_satanas_2|species=Dichotomius_satanas|mature_len=58|n_cys=11	A0A6B9L3M7	sp|A0A6B9L3M7|PI12A_PLARH	47.458	59	28	3	3	58	33	91	58	96	97	0.003	39.7	U-reduvitoxin-Pr12a OS=Platymeris rhadamanthus OX=1134088 PE=1 SV=1
dichotomius_satanas_2|species=Dichotomius_satanas|mature_len=58|n_cys=11	B3A0N9	sp|B3A0N9|MSPI2_MELSA	64.706	34	11	1	26	58	1	34	58	36	57	0.004	38.4	Serine protease inhibitor 2 OS=Melanoplus sanguinipes OX=65742 PE=1 SV=1
dichotomius_satanas_2|species=Dichotomius_satanas|mature_len=58|n_cys=11	P98091	sp|P98091|MUC19_BOVIN	46.429	28	10	1	3	30	1128	1150	58	4596	48	0.043	36.7	Mucin-19 OS=Bos taurus OX=9913 GN=MUC19 PE=2 SV=2
dichotomius_satanas_2|species=Dichotomius_satanas|mature_len=58|n_cys=11	Q7Z5P9	sp|Q7Z5P9|MUC19_HUMAN	42.857	28	11	1	3	30	1255	1277	58	8384	48	0.054	36.7	Mucin-19 OS=Homo sapiens OX=9606 GN=MUC19 PE=1 SV=3
dichotomius_satanas_2|species=Dichotomius_satanas|mature_len=58|n_cys=11	Q6PZE0	sp|Q6PZE0|MUC19_MOUSE	42.105	38	12	3	3	35	832	864	58	7524	57	0.072	36.3	Mucin-19 OS=Mus musculus OX=10090 GN=Muc19 PE=2 SV=2
dichotomius_satanas_2|species=Dichotomius_satanas|mature_len=58|n_cys=11	A0A7M6UNN1	sp|A0A7M6UNN1|PISP_NASVI	50.000	30	15	0	29	58	48	77	58	80	52	0.080	35.4	Small pacifastin protease inhibitor OS=Nasonia vitripennis OX=7425 PE=2 SV=1
dichotomius_satanas_2|species=Dichotomius_satanas|mature_len=58|n_cys=11	P04275	sp|P04275|VWF_HUMAN	85.714	14	2	0	31	44	838	851	58	2813	24	0.20	34.6	von Willebrand factor OS=Homo sapiens OX=9606 GN=VWF PE=1 SV=4
dichotomius_satanas_2|species=Dichotomius_satanas|mature_len=58|n_cys=11	Q8CIZ8	sp|Q8CIZ8|VWF_MOUSE	78.571	14	3	0	31	44	838	851	58	2813	24	0.82	32.9	von Willebrand factor OS=Mus musculus OX=10090 GN=Vwf PE=1 SV=2
dichotomius_satanas_2|species=Dichotomius_satanas|mature_len=58|n_cys=11	Q8T0W2	sp|Q8T0W2|CVP4_PIMHY	29.762	84	31	3	3	58	98	181	58	203	97	1.3	32.0	Pacifastin-like protease inhibitor cvp4 OS=Pimpla hypochondriaca OX=135724 PE=1 SV=1
dichotomius_satanas_2|species=Dichotomius_satanas|mature_len=58|n_cys=11	Q28295	sp|Q28295|VWF_CANLF	78.571	14	3	0	31	44	838	851	58	2813	24	3.1	31.2	von Willebrand factor OS=Canis lupus familiaris OX=9615 GN=VWF PE=1 SV=2
dichotomius_satanas_2|species=Dichotomius_satanas|mature_len=58|n_cys=11	Q9VW71	sp|Q9VW71|FAT2_DROME	56.522	23	4	3	40	58	3849	3869	58	4699	33	4.0	30.8	Fat-like cadherin-related tumor suppressor homolog OS=Drosophila melanogaster OX=7227 GN=kug PE=2 SV=3
dichotomius_satanas_2|species=Dichotomius_satanas|mature_len=58|n_cys=11	Q0SV78	sp|Q0SV78|SYL_CLOPS	43.590	39	5	4	20	50	479	508	58	816	53	4.3	30.3	Leucine--tRNA ligase OS=Clostridium perfringens (strain SM101 / Type A) OX=289380 GN=leuS PE=3 SV=1
dichotomius_satanas_2|species=Dichotomius_satanas|mature_len=58|n_cys=11	Q8XML8	sp|Q8XML8|SYL_CLOPE	43.590	39	5	4	20	50	479	508	58	816	53	4.3	30.3	Leucine--tRNA ligase OS=Clostridium perfringens (strain 13 / Type A) OX=195102 GN=leuS PE=3 SV=1
dichotomius_satanas_2|species=Dichotomius_satanas|mature_len=58|n_cys=11	Q0TTD0	sp|Q0TTD0|SYL_CLOP1	43.590	39	5	4	20	50	479	508	58	816	53	4.3	30.3	Leucine--tRNA ligase OS=Clostridium perfringens (strain ATCC 13124 / DSM 756 / JCM 1290 / NCIMB 6125 / NCTC 8237 / Type A) OX=195103 GN=leuS PE=3 SV=1
dichotomius_satanas_2|species=Dichotomius_satanas|mature_len=58|n_cys=11	Q28833	sp|Q28833|VWF_PIG	78.571	14	3	0	31	44	512	525	58	2482	24	6.5	29.9	von Willebrand factor (Fragment) OS=Sus scrofa OX=9823 GN=VWF PE=2 SV=2
dichotomius_satanas_2|species=Dichotomius_satanas|mature_len=58|n_cys=11	Q9HC84	sp|Q9HC84|MUC5B_HUMAN	57.895	19	8	0	26	44	861	879	58	5762	33	7.4	29.9	Mucin-5B OS=Homo sapiens OX=9606 GN=MUC5B PE=1 SV=3
hbua00000000_1|species=Diabrotica_virgifera|mature_len=34|n_cys=6	P82176	sp|P82176|IMPI_GALME	67.857	28	8	1	1	28	59	85	34	170	82	0.016	36.3	Inducible metalloproteinase inhibitor protein OS=Galleria mellonella OX=7137 GN=IMPI PE=1 SV=2
hbua00000000_1|species=Diabrotica_virgifera|mature_len=34|n_cys=6	P0DRJ0	sp|P0DRJ0|TILM_BOMIG	45.714	35	18	1	1	34	57	91	34	105	100	0.23	32.5	Venom metalloprotease inhibitor OS=Bombus ignitus OX=130704 PE=3 SV=1
hbua00000000_1|species=Diabrotica_virgifera|mature_len=34|n_cys=6	O45813	sp|O45813|SNF12_CAEEL	73.333	15	4	0	10	24	662	676	34	1022	44	1.7	30.3	Sodium-dependent transporter snf-12 OS=Caenorhabditis elegans OX=6239 GN=snf-12 PE=1 SV=2
hbua00000000_1|species=Diabrotica_virgifera|mature_len=34|n_cys=6	Q1RK03	sp|Q1RK03|PARE_RICBR	73.333	15	4	0	14	28	85	99	34	662	44	1.8	30.3	DNA topoisomerase 4 subunit B OS=Rickettsia bellii (strain RML369-C) OX=336407 GN=parE PE=3 SV=1
hbua00000000_1|species=Diabrotica_virgifera|mature_len=34|n_cys=6	Q3V0Q6	sp|Q3V0Q6|SPAG8_MOUSE	52.632	19	1	2	7	24	183	194	34	470	53	3.2	29.5	Sperm-associated antigen 8 OS=Mus musculus OX=10090 GN=Spag8 PE=1 SV=1
hbua00000000_1|species=Diabrotica_virgifera|mature_len=34|n_cys=6	Q6F0Y9	sp|Q6F0Y9|SYP_MESFL	55.556	18	2	1	15	26	439	456	34	473	35	4.4	29.1	Proline--tRNA ligase OS=Mesoplasma florum (strain ATCC 33453 / NBRC 100688 / NCTC 11704 / L1) OX=265311 GN=proS PE=3 SV=1
hbua00000000_1|species=Diabrotica_virgifera|mature_len=34|n_cys=6	P10100	sp|P10100|RLPA_ECOLI	64.286	14	3	1	8	19	115	128	34	362	35	5.5	28.6	Endolytic peptidoglycan transglycosylase RlpA OS=Escherichia coli (strain K12) OX=83333 GN=rlpA PE=1 SV=1
hbua00000000_1|species=Diabrotica_virgifera|mature_len=34|n_cys=6	Q8XBQ1	sp|Q8XBQ1|RLPA_ECO57	64.286	14	3	1	8	19	115	128	34	362	35	5.5	28.6	Endolytic peptidoglycan transglycosylase RlpA OS=Escherichia coli O157:H7 OX=83334 GN=rlpA PE=3 SV=1
hbua00000000_1|species=Diabrotica_virgifera|mature_len=34|n_cys=6	Q8Z8I0	sp|Q8Z8I0|RLPA_SALTI	64.286	14	3	1	8	19	117	130	34	377	35	5.5	28.6	Endolytic peptidoglycan transglycosylase RlpA OS=Salmonella typhi OX=90370 GN=rlpA PE=3 SV=1
hbua00000000_1|species=Diabrotica_virgifera|mature_len=34|n_cys=6	Q8ZR01	sp|Q8ZR01|RLPA_SALTY	64.286	14	3	1	8	19	117	130	34	381	35	5.5	28.6	Endolytic peptidoglycan transglycosylase RlpA OS=Salmonella typhimurium (strain LT2 / SGSC1412 / ATCC 700720) OX=99287 GN=rlpA PE=3 SV=1
gdof00000000_2|species=Alurnus_ornatus|mature_len=61|n_cys=6	P0DKT1	sp|P0DKT1|TU92_POLAB	36.538	52	28	1	1	52	24	70	61	70	85	0.011	38.4	Turripeptide Pal9.2 OS=Polystira albida OX=394106 PE=2 SV=1
gdof00000000_2|species=Alurnus_ornatus|mature_len=61|n_cys=6	C8YJB3	sp|C8YJB3|VASO2_TABYA	35.849	53	31	2	3	52	23	75	61	76	82	0.016	38.0	Vasotab-TY2 OS=Tabanus yao OX=485572 PE=1 SV=1
gdof00000000_2|species=Alurnus_ornatus|mature_len=61|n_cys=6	C1IBZ2	sp|C1IBZ2|VASO1_TABYA	35.849	53	31	2	3	52	23	75	61	76	82	0.018	37.5	Vasotab-TY1 OS=Tabanus yao OX=485572 PE=3 SV=1
gdof00000000_2|species=Alurnus_ornatus|mature_len=61|n_cys=6	C8YJB4	sp|C8YJB4|VASO3_TABYA	35.849	53	31	2	3	52	23	75	61	76	82	0.020	37.5	Vasotab-TY3 OS=Tabanus yao OX=485572 PE=1 SV=1
gdof00000000_2|species=Alurnus_ornatus|mature_len=61|n_cys=6	P84843	sp|P84843|VASOT_HYBBI	37.736	53	30	2	3	52	23	75	61	76	82	0.022	37.5	Vasotab OS=Hybomitra bimaculata OX=226809 PE=1 SV=1
gdof00000000_2|species=Alurnus_ornatus|mature_len=61|n_cys=6	A0A3G5BID2	sp|A0A3G5BID2|KAZL2_DOLGE	45.946	37	18	1	2	38	28	62	61	202	61	0.094	35.8	U-Kazal-Dg21.2 OS=Dolopus genitalis OX=2488630 PE=1 SV=1
gdof00000000_2|species=Alurnus_ornatus|mature_len=61|n_cys=6	P0DKT3	sp|P0DKT3|TU93_GEMSP	34.615	52	29	1	1	52	24	70	61	70	85	0.14	35.0	Turripeptide Gsp9.3 OS=Gemmula speciosa OX=439592 PE=2 SV=1
gdof00000000_2|species=Alurnus_ornatus|mature_len=61|n_cys=6	P0DKT2	sp|P0DKT2|TU92_GEMSO	34.615	52	29	1	1	52	24	70	61	70	85	0.14	35.0	Turripeptide Gsg9.2 OS=Gemmula sogodensis OX=439591 PE=2 SV=1
gdof00000000_2|species=Alurnus_ornatus|mature_len=61|n_cys=6	P0DKM7	sp|P0DKM7|TU91_IOTOL	34.615	52	29	1	1	52	24	70	61	70	85	0.23	34.1	Turripeptide Lol9.1 OS=Iotyrris olangoensis OX=2420066 PE=2 SV=1
gdof00000000_2|species=Alurnus_ornatus|mature_len=61|n_cys=6	P23499	sp|P23499|SPRL1_COTJA	46.875	32	5	2	10	34	479	505	61	676	41	0.62	33.3	SPARC-like protein 1 OS=Coturnix japonica OX=93934 GN=SPARCL1 PE=2 SV=1
gdof00000000_2|species=Alurnus_ornatus|mature_len=61|n_cys=6	B4QW11	sp|B4QW11|ESM1_DROSI	41.667	48	25	2	1	48	27	71	61	156	79	0.71	32.9	Enhancer of split M1 protein OS=Drosophila simulans OX=7240 GN=Kaz-m1 PE=3 SV=1
gdof00000000_2|species=Alurnus_ornatus|mature_len=61|n_cys=6	O97176	sp|O97176|ESM1_DROME	41.667	48	25	2	1	48	27	71	61	156	79	0.72	32.9	Enhancer of split M1 protein OS=Drosophila melanogaster OX=7227 GN=Kaz-m1 PE=2 SV=1
gdof00000000_2|species=Alurnus_ornatus|mature_len=61|n_cys=6	P09656	sp|P09656|ISK1L_RAT	38.776	49	25	1	4	52	36	79	61	79	80	1.3	32.0	Serine protease inhibitor Kazal-type 1-like OS=Rattus norvegicus OX=10116 GN=Spink1l PE=1 SV=2
gdof00000000_2|species=Alurnus_ornatus|mature_len=61|n_cys=6	Q5R5M5	sp|Q5R5M5|ENPP3_PONAB	40.351	57	10	7	3	55	119	155	61	873	87	2.9	31.2	Ectonucleotide pyrophosphatase/phosphodiesterase family member 3 OS=Pongo abelii OX=9601 GN=ENPP3 PE=2 SV=1
gdof00000000_2|species=Alurnus_ornatus|mature_len=61|n_cys=6	O14638	sp|O14638|ENPP3_HUMAN	40.351	57	10	7	3	55	119	155	61	875	87	2.9	31.2	Ectonucleotide pyrophosphatase/phosphodiesterase family member 3 OS=Homo sapiens OX=9606 GN=ENPP3 PE=1 SV=2
gdof00000000_2|species=Alurnus_ornatus|mature_len=61|n_cys=6	P85000	sp|P85000|ISK1L_CHICK	40.816	49	24	1	4	52	12	55	61	55	80	3.8	30.3	Trypsin inhibitor ClTI-1 OS=Gallus gallus OX=9031 PE=1 SV=1
gdof00000000_2|species=Alurnus_ornatus|mature_len=61|n_cys=6	Q64511	sp|Q64511|TOP2B_MOUSE	48.387	31	3	4	25	44	395	423	61	1612	33	3.9	30.8	DNA topoisomerase 2-beta OS=Mus musculus OX=10090 GN=Top2b PE=1 SV=2
gdof00000000_2|species=Alurnus_ornatus|mature_len=61|n_cys=6	Q64399	sp|Q64399|TOP2B_CRILO	48.387	31	3	4	25	44	395	423	61	1612	33	3.9	30.8	DNA topoisomerase 2-beta OS=Cricetulus longicaudatus OX=10030 GN=TOP2B PE=2 SV=1
gdof00000000_2|species=Alurnus_ornatus|mature_len=61|n_cys=6	Q02880	sp|Q02880|TOP2B_HUMAN	48.387	31	3	4	25	44	407	435	61	1626	33	3.9	30.8	DNA topoisomerase 2-beta OS=Homo sapiens OX=9606 GN=TOP2B PE=1 SV=3
gdof00000000_2|species=Alurnus_ornatus|mature_len=61|n_cys=6	O42131	sp|O42131|TOP2B_CHICK	48.387	31	3	4	25	44	412	440	61	1627	33	3.9	30.8	DNA topoisomerase 2-beta OS=Gallus gallus OX=9031 GN=TOP2B PE=2 SV=1
gdof00000000_2|species=Alurnus_ornatus|mature_len=61|n_cys=6	Q19V59	sp|Q19V59|NDHH_CHLAT	47.826	23	6	3	34	52	237	257	61	393	31	8.8	29.5	NAD(P)H-quinone oxidoreductase subunit H, chloroplastic OS=Chlorokybus atmophyticus OX=3144 GN=ndhH PE=3 SV=2
migdolus_fryanus_1|species=Migdolus_fryanus|mature_len=64|n_cys=6	P0DN14	sp|P0DN14|VKTA_ANEVI	42.857	56	30	1	1	56	19	72	64	82	88	1.36e-06	50.7	U-actitoxin-Avd3m OS=Anemonia viridis OX=51769 PE=3 SV=1
migdolus_fryanus_1|species=Migdolus_fryanus|mature_len=64|n_cys=6	P0DN09	sp|P0DN09|VKT5_ANEVI	41.071	56	31	1	1	56	19	72	64	82	88	4.54e-06	49.0	U-actitoxin-Avd3h OS=Anemonia viridis OX=51769 PE=3 SV=1
migdolus_fryanus_1|species=Migdolus_fryanus|mature_len=64|n_cys=6	P0DN10	sp|P0DN10|VKT6_ANEVI	41.071	56	31	1	1	56	19	72	64	82	88	5.22e-06	48.6	U-actitoxin-Avd3i OS=Anemonia viridis OX=51769 PE=3 SV=1
migdolus_fryanus_1|species=Migdolus_fryanus|mature_len=64|n_cys=6	P0DN19	sp|P0DN19|VKTF_ANEVI	43.636	55	29	2	2	56	10	62	64	72	86	1.70e-05	46.9	U-actitoxin-Avd3r (Fragment) OS=Anemonia viridis OX=51769 PE=2 SV=1
migdolus_fryanus_1|species=Migdolus_fryanus|mature_len=64|n_cys=6	P82968	sp|P82968|MCPI_MELCP	43.396	53	29	1	1	52	139	191	64	197	81	2.04e-05	47.3	Four-domain proteases inhibitor OS=Melithaea caledonica OX=156534 PE=1 SV=1
migdolus_fryanus_1|species=Migdolus_fryanus|mature_len=64|n_cys=6	B6ZIW0	sp|B6ZIW0|KUN_HAELO	46.939	49	25	1	8	56	25	72	64	141	77	2.44e-05	46.9	Thrombin inhibitor hemalin OS=Haemaphysalis longicornis OX=44386 PE=2 SV=1
migdolus_fryanus_1|species=Migdolus_fryanus|mature_len=64|n_cys=6	P0DN11	sp|P0DN11|VKT7_ANEVI	39.286	56	32	1	1	56	19	72	64	82	88	3.07e-05	46.4	U-actitoxin-Avd3j OS=Anemonia viridis OX=51769 PE=3 SV=1
migdolus_fryanus_1|species=Migdolus_fryanus|mature_len=64|n_cys=6	Q9TWG0	sp|Q9TWG0|VKT1_ANESU	41.818	55	30	2	2	56	4	56	64	58	86	3.32e-05	46.0	KappaPI-actitoxin-Avd3b OS=Anemonia sulcata OX=6108 PE=1 SV=1
migdolus_fryanus_1|species=Migdolus_fryanus|mature_len=64|n_cys=6	P0DN06	sp|P0DN06|VKT1A_ANEVI	41.818	55	30	2	2	56	20	72	64	82	86	4.17e-05	46.0	U-actitoxin-Avd3f OS=Anemonia viridis OX=51769 PE=3 SV=1
migdolus_fryanus_1|species=Migdolus_fryanus|mature_len=64|n_cys=6	P10280	sp|P10280|VKT52_ANESU	39.286	56	32	1	1	56	3	56	64	62	88	4.82e-05	45.6	KappaPI-actitoxin-Avd3a OS=Anemonia sulcata OX=6108 PE=1 SV=2
migdolus_fryanus_1|species=Migdolus_fryanus|mature_len=64|n_cys=6	P81902	sp|P81902|CSTI_BOMMO	45.283	53	25	2	1	52	2	51	64	55	81	5.91e-05	45.2	Trypsin inhibitor OS=Bombyx mori OX=7091 PE=1 SV=1
migdolus_fryanus_1|species=Migdolus_fryanus|mature_len=64|n_cys=6	Q9TWF8	sp|Q9TWF8|VKT3_ANESU	39.286	56	32	1	1	56	3	56	64	59	88	5.98e-05	45.2	KappaPI-actitoxin-Avd3d OS=Anemonia sulcata OX=6108 PE=1 SV=1
migdolus_fryanus_1|species=Migdolus_fryanus|mature_len=64|n_cys=6	Q9TWF9	sp|Q9TWF9|VKT2_ANESU	41.818	55	30	2	2	56	4	56	64	58	86	6.15e-05	45.2	KappaPI-actitoxin-Avd3c OS=Anemonia sulcata OX=6108 PE=1 SV=1
migdolus_fryanus_1|species=Migdolus_fryanus|mature_len=64|n_cys=6	P0DN08	sp|P0DN08|VKT53_ANEVI	39.286	56	32	1	1	56	19	72	64	82	88	6.53e-05	45.2	KappaPI-actitoxin-Avd3e OS=Anemonia viridis OX=51769 PE=3 SV=1
migdolus_fryanus_1|species=Migdolus_fryanus|mature_len=64|n_cys=6	P07481	sp|P07481|ISC3_BOMMO	37.255	51	31	1	3	53	10	59	64	63	80	7.56e-05	44.8	Chymotrypsin inhibitor SCI-III OS=Bombyx mori OX=7091 PE=1 SV=1
migdolus_fryanus_1|species=Migdolus_fryanus|mature_len=64|n_cys=6	P83606	sp|P83606|BMTI6_RHIMP	48.780	41	21	0	14	54	244	284	64	291	64	8.78e-05	45.6	Kunitz-type serine protease inhibitor 6 (Fragment) OS=Rhipicephalus microplus OX=6941 PE=1 SV=2
migdolus_fryanus_1|species=Migdolus_fryanus|mature_len=64|n_cys=6	P83606	sp|P83606|BMTI6_RHIMP	42.500	40	23	0	13	52	15	54	64	291	63	0.050	36.7	Kunitz-type serine protease inhibitor 6 (Fragment) OS=Rhipicephalus microplus OX=6941 PE=1 SV=2
migdolus_fryanus_1|species=Migdolus_fryanus|mature_len=64|n_cys=6	P83606	sp|P83606|BMTI6_RHIMP	35.000	40	26	0	13	52	147	186	64	291	63	2.9	31.2	Kunitz-type serine protease inhibitor 6 (Fragment) OS=Rhipicephalus microplus OX=6941 PE=1 SV=2
migdolus_fryanus_1|species=Migdolus_fryanus|mature_len=64|n_cys=6	P11424	sp|P11424|IMAP_DROFU	40.351	57	30	1	1	53	4	60	64	63	83	1.04e-04	44.3	Male accessory gland serine protease inhibitor OS=Drosophila funebris OX=7221 GN=PapD PE=1 SV=1
migdolus_fryanus_1|species=Migdolus_fryanus|mature_len=64|n_cys=6	P10832	sp|P10832|ISC2_BOMMO	37.255	51	31	1	3	53	9	58	64	62	80	1.20e-04	44.3	Chymotrypsin inhibitor SCI-II OS=Bombyx mori OX=7091 PE=1 SV=1
migdolus_fryanus_1|species=Migdolus_fryanus|mature_len=64|n_cys=6	P0DN12	sp|P0DN12|VKT8_ANEVI	41.818	55	30	2	2	56	20	72	64	82	86	1.21e-04	44.3	U-actitoxin-Avd3k OS=Anemonia viridis OX=51769 PE=3 SV=1
migdolus_fryanus_1|species=Migdolus_fryanus|mature_len=64|n_cys=6	Q02445	sp|Q02445|TFPI1_RAT	48.837	43	21	1	9	51	129	170	64	302	67	1.28e-04	44.8	Tissue factor pathway inhibitor OS=Rattus norvegicus OX=10116 GN=Tfpi PE=2 SV=1
migdolus_fryanus_1|species=Migdolus_fryanus|mature_len=64|n_cys=6	Q02445	sp|Q02445|TFPI1_RAT	38.462	39	24	0	13	51	61	99	64	302	61	0.058	36.7	Tissue factor pathway inhibitor OS=Rattus norvegicus OX=10116 GN=Tfpi PE=2 SV=1
migdolus_fryanus_1|species=Migdolus_fryanus|mature_len=64|n_cys=6	P0DN17	sp|P0DN17|VKTD_ANEVI	39.286	56	32	1	1	56	19	72	64	82	88	1.35e-04	44.3	U-actitoxin-Avd3p OS=Anemonia viridis OX=51769 PE=3 SV=1
migdolus_fryanus_1|species=Migdolus_fryanus|mature_len=64|n_cys=6	O54819	sp|O54819|TFPI1_MOUSE	47.826	46	23	1	9	54	126	170	64	306	72	1.46e-04	44.8	Tissue factor pathway inhibitor OS=Mus musculus OX=10090 GN=Tfpi PE=2 SV=1
migdolus_fryanus_1|species=Migdolus_fryanus|mature_len=64|n_cys=6	P0DL86	sp|P0DL86|VKT2H_RADCR	40.816	49	27	1	8	54	5	53	64	56	73	1.75e-04	43.5	PI-stichotoxin-Hcr2h OS=Radianthus crispa OX=3122430 PE=1 SV=1
migdolus_fryanus_1|species=Migdolus_fryanus|mature_len=64|n_cys=6	C0HJF4	sp|C0HJF4|VKT2C_RADCR	42.857	42	24	0	13	54	12	53	64	56	66	1.82e-04	43.5	TauPI-stichotoxin-Hcr2c OS=Radianthus crispa OX=3122430 PE=1 SV=1
migdolus_fryanus_1|species=Migdolus_fryanus|mature_len=64|n_cys=6	C0HJF3	sp|C0HJF3|VKT2D_RADCR	42.857	42	24	0	13	54	12	53	64	56	66	2.12e-04	43.5	TauPI-stichotoxin-Hcr2d OS=Radianthus crispa OX=3122430 PE=1 SV=1
gkke00000000_2|species=Diphucephala_sp|mature_len=49|n_cys=9	P56682	sp|P56682|TILI_APIME	47.917	48	23	1	1	48	11	56	49	56	98	0.003	39.2	Chymotrypsin inhibitor OS=Apis mellifera OX=7460 PE=1 SV=1
gkke00000000_2|species=Diphucephala_sp|mature_len=49|n_cys=9	P83516	sp|P83516|TILI_RHIMP	38.298	47	27	1	2	48	18	62	49	65	96	0.003	39.2	Chymotrypsin-elastase inhibitor ixodidin OS=Rhipicephalus microplus OX=6941 PE=1 SV=2
gkke00000000_2|species=Diphucephala_sp|mature_len=49|n_cys=9	Q8CJ69	sp|Q8CJ69|BMPER_MOUSE	51.163	43	19	2	1	43	637	677	49	685	88	0.022	37.1	BMP-binding endothelial regulator protein OS=Mus musculus OX=10090 GN=Bmper PE=1 SV=1
gkke00000000_2|species=Diphucephala_sp|mature_len=49|n_cys=9	O88799	sp|O88799|ZAN_MOUSE	42.308	52	25	2	2	49	4393	4443	49	5376	98	0.031	36.7	Zonadhesin OS=Mus musculus OX=10090 GN=Zan PE=1 SV=1
gkke00000000_2|species=Diphucephala_sp|mature_len=49|n_cys=9	O88799	sp|O88799|ZAN_MOUSE	42.857	49	26	2	2	49	3309	3356	49	5376	98	0.033	36.7	Zonadhesin OS=Mus musculus OX=10090 GN=Zan PE=1 SV=1
gkke00000000_2|species=Diphucephala_sp|mature_len=49|n_cys=9	O88799	sp|O88799|ZAN_MOUSE	40.385	52	26	2	2	49	4753	4803	49	5376	98	0.072	35.8	Zonadhesin OS=Mus musculus OX=10090 GN=Zan PE=1 SV=1
gkke00000000_2|species=Diphucephala_sp|mature_len=49|n_cys=9	O88799	sp|O88799|ZAN_MOUSE	36.538	52	28	2	2	49	2589	2639	49	5376	98	0.27	33.7	Zonadhesin OS=Mus musculus OX=10090 GN=Zan PE=1 SV=1
gkke00000000_2|species=Diphucephala_sp|mature_len=49|n_cys=9	O88799	sp|O88799|ZAN_MOUSE	34.615	52	29	2	2	49	2829	2879	49	5376	98	0.40	33.3	Zonadhesin OS=Mus musculus OX=10090 GN=Zan PE=1 SV=1
gkke00000000_2|species=Diphucephala_sp|mature_len=49|n_cys=9	O88799	sp|O88799|ZAN_MOUSE	34.615	52	29	2	2	49	4513	4563	49	5376	98	0.94	32.0	Zonadhesin OS=Mus musculus OX=10090 GN=Zan PE=1 SV=1
gkke00000000_2|species=Diphucephala_sp|mature_len=49|n_cys=9	O88799	sp|O88799|ZAN_MOUSE	34.615	52	29	2	2	49	2949	2999	49	5376	98	1.7	31.2	Zonadhesin OS=Mus musculus OX=10090 GN=Zan PE=1 SV=1
gkke00000000_2|species=Diphucephala_sp|mature_len=49|n_cys=9	O88799	sp|O88799|ZAN_MOUSE	32.075	53	31	2	1	49	3068	3119	49	5376	100	2.5	30.8	Zonadhesin OS=Mus musculus OX=10090 GN=Zan PE=1 SV=1
gkke00000000_2|species=Diphucephala_sp|mature_len=49|n_cys=9	Q8T0W5	sp|Q8T0W5|TIL1_PIMHY	42.857	49	26	2	1	48	37	84	49	85	98	0.066	35.4	Cysteine-rich venom protein 1 OS=Pimpla hypochondriaca OX=135724 PE=1 SV=1
gkke00000000_2|species=Diphucephala_sp|mature_len=49|n_cys=9	K7WRE1	sp|K7WRE1|TIL_BOMTE	43.750	48	24	2	1	48	31	75	49	75	98	0.072	35.0	Chymotrypsin inhibitor OS=Bombus terrestris OX=30195 PE=2 SV=1
gkke00000000_2|species=Diphucephala_sp|mature_len=49|n_cys=9	U5T7E4	sp|U5T7E4|TILVI_BOMIG	43.750	48	24	2	1	48	31	75	49	75	98	0.072	35.0	Venom serine protease inhibitor BiVSPI OS=Bombus ignitus OX=130704 PE=1 SV=1
gkke00000000_2|species=Diphucephala_sp|mature_len=49|n_cys=9	Q8N8U9	sp|Q8N8U9|BMPER_HUMAN	48.837	43	20	2	1	43	637	677	49	685	88	0.082	35.4	BMP-binding endothelial regulator protein OS=Homo sapiens OX=9606 GN=BMPER PE=1 SV=3
gkke00000000_2|species=Diphucephala_sp|mature_len=49|n_cys=9	Q98UI9	sp|Q98UI9|MUC5B_CHICK	42.857	49	25	2	2	48	313	360	49	2108	96	0.20	34.1	Mucin-5B OS=Gallus gallus OX=9031 GN=MUC5B PE=1 SV=1
gkke00000000_2|species=Diphucephala_sp|mature_len=49|n_cys=9	Q98UI9	sp|Q98UI9|MUC5B_CHICK	30.435	46	30	1	3	48	782	825	49	2108	94	2.6	30.8	Mucin-5B OS=Gallus gallus OX=9031 GN=MUC5B PE=1 SV=1
gkke00000000_2|species=Diphucephala_sp|mature_len=49|n_cys=9	Q8T0W0	sp|Q8T0W0|TIL6_PIMHY	35.417	48	28	1	1	48	32	76	49	77	98	0.22	33.7	Cysteine-rich venom protein 6 OS=Pimpla hypochondriaca OX=135724 PE=1 SV=1
gkke00000000_2|species=Diphucephala_sp|mature_len=49|n_cys=9	A0A2R4SV19	sp|A0A2R4SV19|TIL6_APICE	38.298	47	28	1	2	48	36	81	49	87	96	0.38	32.9	Venom serine protease inhibitor OS=Apis cerana OX=7461 PE=2 SV=1
gkke00000000_2|species=Diphucephala_sp|mature_len=49|n_cys=9	P57999	sp|P57999|ZAN_RABIT	40.000	50	27	2	2	49	1679	1727	49	2282	98	0.46	33.3	Zonadhesin (Fragment) OS=Oryctolagus cuniculus OX=9986 GN=ZAN PE=2 SV=2
gkke00000000_2|species=Diphucephala_sp|mature_len=49|n_cys=9	Q80T03	sp|Q80T03|MUC6_MOUSE	46.000	50	21	3	2	48	353	399	49	2850	96	0.53	32.9	Mucin-6 OS=Mus musculus OX=10090 GN=Muc6 PE=2 SV=1
gkke00000000_2|species=Diphucephala_sp|mature_len=49|n_cys=9	Q80T03	sp|Q80T03|MUC6_MOUSE	41.304	46	27	0	3	48	824	869	49	2850	94	1.6	31.6	Mucin-6 OS=Mus musculus OX=10090 GN=Muc6 PE=2 SV=1
gkke00000000_2|species=Diphucephala_sp|mature_len=49|n_cys=9	Q6W4X9	sp|Q6W4X9|MUC6_HUMAN	36.957	46	29	0	3	48	782	827	49	2439	94	1.9	31.2	Mucin-6 OS=Homo sapiens OX=9606 GN=MUC6 PE=1 SV=3
gkke00000000_2|species=Diphucephala_sp|mature_len=49|n_cys=9	Q6W4X9	sp|Q6W4X9|MUC6_HUMAN	42.000	50	23	2	2	48	311	357	49	2439	96	5.3	29.9	Mucin-6 OS=Homo sapiens OX=9606 GN=MUC6 PE=1 SV=3
gkke00000000_2|species=Diphucephala_sp|mature_len=49|n_cys=9	P0CAI1	sp|P0CAI1|VF602_ASFP4	46.429	28	13	1	1	28	208	233	49	570	57	4.0	30.3	Protein B602L OS=African swine fever virus (isolate Tick/South Africa/Pretoriuskop Pr4/1996) OX=561443 GN=Pret-091 PE=3 SV=1
gkke00000000_2|species=Diphucephala_sp|mature_len=49|n_cys=9	Q7Z5P9	sp|Q7Z5P9|MUC19_HUMAN	39.286	56	16	6	2	48	730	776	49	8384	96	4.3	30.3	Mucin-19 OS=Homo sapiens OX=9606 GN=MUC19 PE=1 SV=3
gkke00000000_2|species=Diphucephala_sp|mature_len=49|n_cys=9	P0DRJ0	sp|P0DRJ0|TILM_BOMIG	33.962	53	27	3	2	49	35	84	49	105	98	8.6	29.1	Venom metalloprotease inhibitor OS=Bombus ignitus OX=130704 PE=3 SV=1
srr1562205_4|species=Migdolus_fryanus|mature_len=68|n_cys=6	P81902	sp|P81902|CSTI_BOMMO	49.091	55	23	2	3	57	1	50	68	55	81	4.14e-06	48.6	Trypsin inhibitor OS=Bombyx mori OX=7091 PE=1 SV=1
srr1562205_4|species=Migdolus_fryanus|mature_len=68|n_cys=6	P0DN09	sp|P0DN09|VKT5_ANEVI	43.103	58	28	2	3	60	18	70	68	82	85	2.39e-04	43.9	U-actitoxin-Avd3h OS=Anemonia viridis OX=51769 PE=3 SV=1
srr1562205_4|species=Migdolus_fryanus|mature_len=68|n_cys=6	P0DMX0	sp|P0DMX0|VKT3_ANTAF	45.455	44	24	0	20	63	16	59	68	61	65	6.67e-04	42.2	PI-actitoxin-Axm2b OS=Anthopleura aff. xanthogrammica OX=152178 PE=1 SV=1
srr1562205_4|species=Migdolus_fryanus|mature_len=68|n_cys=6	P0DN19	sp|P0DN19|VKTF_ANEVI	41.071	56	28	1	5	60	10	60	68	72	82	0.001	41.8	U-actitoxin-Avd3r (Fragment) OS=Anemonia viridis OX=51769 PE=2 SV=1
srr1562205_4|species=Migdolus_fryanus|mature_len=68|n_cys=6	Q9TWG0	sp|Q9TWG0|VKT1_ANESU	46.341	41	22	0	20	60	14	54	68	58	60	0.002	40.5	KappaPI-actitoxin-Avd3b OS=Anemonia sulcata OX=6108 PE=1 SV=1
srr1562205_4|species=Migdolus_fryanus|mature_len=68|n_cys=6	P0DN10	sp|P0DN10|VKT6_ANEVI	41.379	58	29	2	3	60	18	70	68	82	85	0.002	40.9	U-actitoxin-Avd3i OS=Anemonia viridis OX=51769 PE=3 SV=1
srr1562205_4|species=Migdolus_fryanus|mature_len=68|n_cys=6	P0DN06	sp|P0DN06|VKT1A_ANEVI	46.341	41	22	0	20	60	30	70	68	82	60	0.002	40.5	U-actitoxin-Avd3f OS=Anemonia viridis OX=51769 PE=3 SV=1
srr1562205_4|species=Migdolus_fryanus|mature_len=68|n_cys=6	P0DN11	sp|P0DN11|VKT7_ANEVI	41.379	58	29	2	3	60	18	70	68	82	85	0.002	40.5	U-actitoxin-Avd3j OS=Anemonia viridis OX=51769 PE=3 SV=1
srr1562205_4|species=Migdolus_fryanus|mature_len=68|n_cys=6	P11424	sp|P11424|IMAP_DROFU	37.931	58	35	1	1	57	1	58	68	63	84	0.002	40.5	Male accessory gland serine protease inhibitor OS=Drosophila funebris OX=7221 GN=PapD PE=1 SV=1
srr1562205_4|species=Migdolus_fryanus|mature_len=68|n_cys=6	Q6T6S5	sp|Q6T6S5|VKT2_BITGA	44.444	54	25	2	6	59	31	79	68	90	79	0.003	40.5	Kunitz-type serine protease inhibitor bitisilin-2 OS=Bitis gabonica OX=8694 PE=1 SV=1
srr1562205_4|species=Migdolus_fryanus|mature_len=68|n_cys=6	P83606	sp|P83606|BMTI6_RHIMP	40.000	45	27	0	16	60	240	284	68	291	66	0.003	40.9	Kunitz-type serine protease inhibitor 6 (Fragment) OS=Rhipicephalus microplus OX=6941 PE=1 SV=2
srr1562205_4|species=Migdolus_fryanus|mature_len=68|n_cys=6	O54819	sp|O54819|TFPI1_MOUSE	42.857	42	24	0	19	60	129	170	68	306	62	0.003	40.9	Tissue factor pathway inhibitor OS=Mus musculus OX=10090 GN=Tfpi PE=2 SV=1
srr1562205_4|species=Migdolus_fryanus|mature_len=68|n_cys=6	Q9TWF9	sp|Q9TWF9|VKT2_ANESU	43.902	41	23	0	20	60	14	54	68	58	60	0.004	39.7	KappaPI-actitoxin-Avd3c OS=Anemonia sulcata OX=6108 PE=1 SV=1
srr1562205_4|species=Migdolus_fryanus|mature_len=68|n_cys=6	B5KL31	sp|B5KL31|VKT3_PSEPO	39.583	48	25	1	13	60	37	80	68	83	71	0.005	39.7	Kunitz-type serine protease inhibitor blackelin-3 OS=Pseudechis porphyriacus OX=8671 PE=2 SV=1
srr1562205_4|species=Migdolus_fryanus|mature_len=68|n_cys=6	P0DN14	sp|P0DN14|VKTA_ANEVI	39.655	58	30	2	3	60	18	70	68	82	85	0.005	39.7	U-actitoxin-Avd3m OS=Anemonia viridis OX=51769 PE=3 SV=1
srr1562205_4|species=Migdolus_fryanus|mature_len=68|n_cys=6	W4VSH9	sp|W4VSH9|VKT1_TRILK	38.182	55	29	1	3	57	25	74	68	176	81	0.006	40.1	Kunitz-type U19-barytoxin-Tl1a OS=Trittame loki OX=1295018 PE=2 SV=2
srr1562205_4|species=Migdolus_fryanus|mature_len=68|n_cys=6	W4VSH9	sp|W4VSH9|VKT1_TRILK	34.483	58	33	2	6	63	106	158	68	176	85	1.1	32.5	Kunitz-type U19-barytoxin-Tl1a OS=Trittame loki OX=1295018 PE=2 SV=2
srr1562205_4|species=Migdolus_fryanus|mature_len=68|n_cys=6	C0HLA9	sp|C0HLA9|MAMB6_DENVI	38.182	55	29	2	6	60	5	54	68	57	81	0.006	38.8	Mambaquaretin-6 OS=Dendroaspis viridis OX=8621 PE=1 SV=1
srr1562205_4|species=Migdolus_fryanus|mature_len=68|n_cys=6	C0HLA7	sp|C0HLA7|MAMB4_DENVI	38.182	55	29	2	6	60	5	54	68	57	81	0.006	38.8	Mambaquaretin-4 OS=Dendroaspis viridis OX=8621 PE=1 SV=1
srr1562205_4|species=Migdolus_fryanus|mature_len=68|n_cys=6	P0DN12	sp|P0DN12|VKT8_ANEVI	43.902	41	23	0	20	60	30	70	68	82	60	0.006	39.2	U-actitoxin-Avd3k OS=Anemonia viridis OX=51769 PE=3 SV=1
srr1562205_4|species=Migdolus_fryanus|mature_len=68|n_cys=6	E5AJX3	sp|E5AJX3|VKT_VIPNI	38.596	57	34	1	2	58	23	78	68	95	84	0.009	38.8	Kunitz-type serine protease inhibitor ki-VN OS=Vipera nikolskii OX=1808362 PE=2 SV=1
srr1562205_4|species=Migdolus_fryanus|mature_len=68|n_cys=6	P0DMW6	sp|P0DMW6|VKT3A_ACTEQ	44.737	38	21	0	20	57	15	52	68	59	56	0.011	38.4	PI-actitoxin-Aeq3a OS=Actinia equina OX=6106 PE=1 SV=1
srr1562205_4|species=Migdolus_fryanus|mature_len=68|n_cys=6	C0HLA5	sp|C0HLA5|MAMB2_DENVI	38.182	55	29	2	6	60	5	54	68	57	81	0.013	38.0	Mambaquaretin-2 OS=Dendroaspis viridis OX=8621 PE=1 SV=1
srr1562205_4|species=Migdolus_fryanus|mature_len=68|n_cys=6	P0DN17	sp|P0DN17|VKTD_ANEVI	41.379	58	29	2	3	60	18	70	68	82	85	0.014	38.4	U-actitoxin-Avd3p OS=Anemonia viridis OX=51769 PE=3 SV=1
srr1562205_4|species=Migdolus_fryanus|mature_len=68|n_cys=6	G3LH89	sp|G3LH89|VKT_BOMIG	36.842	57	31	1	3	59	27	78	68	82	84	0.014	38.4	Kunitz-type serine protease inhibitor Bi-KTI OS=Bombus ignitus OX=130704 PE=3 SV=1
srr1562205_4|species=Migdolus_fryanus|mature_len=68|n_cys=6	F6ULY1	sp|F6ULY1|WFC6B_MOUSE	40.984	61	29	4	1	60	83	137	68	148	88	0.016	38.4	WAP four-disulfide core domain protein 6B OS=Mus musculus OX=10090 GN=Wfdc6b PE=2 SV=1
gkke00000000_1|species=Diphucephala_sp|mature_len=49|n_cys=9	P56682	sp|P56682|TILI_APIME	47.917	48	23	1	1	48	11	56	49	56	98	0.003	39.2	Chymotrypsin inhibitor OS=Apis mellifera OX=7460 PE=1 SV=1
gkke00000000_1|species=Diphucephala_sp|mature_len=49|n_cys=9	P83516	sp|P83516|TILI_RHIMP	38.298	47	27	1	2	48	18	62	49	65	96	0.003	39.2	Chymotrypsin-elastase inhibitor ixodidin OS=Rhipicephalus microplus OX=6941 PE=1 SV=2
gkke00000000_1|species=Diphucephala_sp|mature_len=49|n_cys=9	Q8CJ69	sp|Q8CJ69|BMPER_MOUSE	51.163	43	19	2	1	43	637	677	49	685	88	0.022	37.1	BMP-binding endothelial regulator protein OS=Mus musculus OX=10090 GN=Bmper PE=1 SV=1
gkke00000000_1|species=Diphucephala_sp|mature_len=49|n_cys=9	O88799	sp|O88799|ZAN_MOUSE	42.308	52	25	2	2	49	4393	4443	49	5376	98	0.031	36.7	Zonadhesin OS=Mus musculus OX=10090 GN=Zan PE=1 SV=1
gkke00000000_1|species=Diphucephala_sp|mature_len=49|n_cys=9	O88799	sp|O88799|ZAN_MOUSE	42.857	49	26	2	2	49	3309	3356	49	5376	98	0.033	36.7	Zonadhesin OS=Mus musculus OX=10090 GN=Zan PE=1 SV=1
gkke00000000_1|species=Diphucephala_sp|mature_len=49|n_cys=9	O88799	sp|O88799|ZAN_MOUSE	40.385	52	26	2	2	49	4753	4803	49	5376	98	0.072	35.8	Zonadhesin OS=Mus musculus OX=10090 GN=Zan PE=1 SV=1
gkke00000000_1|species=Diphucephala_sp|mature_len=49|n_cys=9	O88799	sp|O88799|ZAN_MOUSE	36.538	52	28	2	2	49	2589	2639	49	5376	98	0.27	33.7	Zonadhesin OS=Mus musculus OX=10090 GN=Zan PE=1 SV=1
gkke00000000_1|species=Diphucephala_sp|mature_len=49|n_cys=9	O88799	sp|O88799|ZAN_MOUSE	34.615	52	29	2	2	49	2829	2879	49	5376	98	0.40	33.3	Zonadhesin OS=Mus musculus OX=10090 GN=Zan PE=1 SV=1
gkke00000000_1|species=Diphucephala_sp|mature_len=49|n_cys=9	O88799	sp|O88799|ZAN_MOUSE	34.615	52	29	2	2	49	4513	4563	49	5376	98	0.94	32.0	Zonadhesin OS=Mus musculus OX=10090 GN=Zan PE=1 SV=1
gkke00000000_1|species=Diphucephala_sp|mature_len=49|n_cys=9	O88799	sp|O88799|ZAN_MOUSE	34.615	52	29	2	2	49	2949	2999	49	5376	98	1.7	31.2	Zonadhesin OS=Mus musculus OX=10090 GN=Zan PE=1 SV=1
gkke00000000_1|species=Diphucephala_sp|mature_len=49|n_cys=9	O88799	sp|O88799|ZAN_MOUSE	32.075	53	31	2	1	49	3068	3119	49	5376	100	2.5	30.8	Zonadhesin OS=Mus musculus OX=10090 GN=Zan PE=1 SV=1
gkke00000000_1|species=Diphucephala_sp|mature_len=49|n_cys=9	Q8T0W5	sp|Q8T0W5|TIL1_PIMHY	42.857	49	26	2	1	48	37	84	49	85	98	0.066	35.4	Cysteine-rich venom protein 1 OS=Pimpla hypochondriaca OX=135724 PE=1 SV=1
gkke00000000_1|species=Diphucephala_sp|mature_len=49|n_cys=9	K7WRE1	sp|K7WRE1|TIL_BOMTE	43.750	48	24	2	1	48	31	75	49	75	98	0.072	35.0	Chymotrypsin inhibitor OS=Bombus terrestris OX=30195 PE=2 SV=1
gkke00000000_1|species=Diphucephala_sp|mature_len=49|n_cys=9	U5T7E4	sp|U5T7E4|TILVI_BOMIG	43.750	48	24	2	1	48	31	75	49	75	98	0.072	35.0	Venom serine protease inhibitor BiVSPI OS=Bombus ignitus OX=130704 PE=1 SV=1
gkke00000000_1|species=Diphucephala_sp|mature_len=49|n_cys=9	Q8N8U9	sp|Q8N8U9|BMPER_HUMAN	48.837	43	20	2	1	43	637	677	49	685	88	0.082	35.4	BMP-binding endothelial regulator protein OS=Homo sapiens OX=9606 GN=BMPER PE=1 SV=3
gkke00000000_1|species=Diphucephala_sp|mature_len=49|n_cys=9	Q98UI9	sp|Q98UI9|MUC5B_CHICK	42.857	49	25	2	2	48	313	360	49	2108	96	0.20	34.1	Mucin-5B OS=Gallus gallus OX=9031 GN=MUC5B PE=1 SV=1
gkke00000000_1|species=Diphucephala_sp|mature_len=49|n_cys=9	Q98UI9	sp|Q98UI9|MUC5B_CHICK	30.435	46	30	1	3	48	782	825	49	2108	94	2.6	30.8	Mucin-5B OS=Gallus gallus OX=9031 GN=MUC5B PE=1 SV=1
gkke00000000_1|species=Diphucephala_sp|mature_len=49|n_cys=9	Q8T0W0	sp|Q8T0W0|TIL6_PIMHY	35.417	48	28	1	1	48	32	76	49	77	98	0.22	33.7	Cysteine-rich venom protein 6 OS=Pimpla hypochondriaca OX=135724 PE=1 SV=1
gkke00000000_1|species=Diphucephala_sp|mature_len=49|n_cys=9	A0A2R4SV19	sp|A0A2R4SV19|TIL6_APICE	38.298	47	28	1	2	48	36	81	49	87	96	0.38	32.9	Venom serine protease inhibitor OS=Apis cerana OX=7461 PE=2 SV=1
gkke00000000_1|species=Diphucephala_sp|mature_len=49|n_cys=9	P57999	sp|P57999|ZAN_RABIT	40.000	50	27	2	2	49	1679	1727	49	2282	98	0.46	33.3	Zonadhesin (Fragment) OS=Oryctolagus cuniculus OX=9986 GN=ZAN PE=2 SV=2
gkke00000000_1|species=Diphucephala_sp|mature_len=49|n_cys=9	Q80T03	sp|Q80T03|MUC6_MOUSE	46.000	50	21	3	2	48	353	399	49	2850	96	0.53	32.9	Mucin-6 OS=Mus musculus OX=10090 GN=Muc6 PE=2 SV=1
gkke00000000_1|species=Diphucephala_sp|mature_len=49|n_cys=9	Q80T03	sp|Q80T03|MUC6_MOUSE	41.304	46	27	0	3	48	824	869	49	2850	94	1.6	31.6	Mucin-6 OS=Mus musculus OX=10090 GN=Muc6 PE=2 SV=1
gkke00000000_1|species=Diphucephala_sp|mature_len=49|n_cys=9	Q6W4X9	sp|Q6W4X9|MUC6_HUMAN	36.957	46	29	0	3	48	782	827	49	2439	94	1.9	31.2	Mucin-6 OS=Homo sapiens OX=9606 GN=MUC6 PE=1 SV=3
gkke00000000_1|species=Diphucephala_sp|mature_len=49|n_cys=9	Q6W4X9	sp|Q6W4X9|MUC6_HUMAN	42.000	50	23	2	2	48	311	357	49	2439	96	5.3	29.9	Mucin-6 OS=Homo sapiens OX=9606 GN=MUC6 PE=1 SV=3
gkke00000000_1|species=Diphucephala_sp|mature_len=49|n_cys=9	P0CAI1	sp|P0CAI1|VF602_ASFP4	46.429	28	13	1	1	28	208	233	49	570	57	4.0	30.3	Protein B602L OS=African swine fever virus (isolate Tick/South Africa/Pretoriuskop Pr4/1996) OX=561443 GN=Pret-091 PE=3 SV=1
gkke00000000_1|species=Diphucephala_sp|mature_len=49|n_cys=9	Q7Z5P9	sp|Q7Z5P9|MUC19_HUMAN	39.286	56	16	6	2	48	730	776	49	8384	96	4.3	30.3	Mucin-19 OS=Homo sapiens OX=9606 GN=MUC19 PE=1 SV=3
gkke00000000_1|species=Diphucephala_sp|mature_len=49|n_cys=9	P0DRJ0	sp|P0DRJ0|TILM_BOMIG	33.962	53	27	3	2	49	35	84	49	105	98	8.6	29.1	Venom metalloprotease inhibitor OS=Bombus ignitus OX=130704 PE=3 SV=1
srr1562204_2|species=Migdolus_fryanus|mature_len=68|n_cys=6	P81902	sp|P81902|CSTI_BOMMO	49.091	55	23	2	3	57	1	50	68	55	81	5.92e-06	48.1	Trypsin inhibitor OS=Bombyx mori OX=7091 PE=1 SV=1
srr1562204_2|species=Migdolus_fryanus|mature_len=68|n_cys=6	P0DN09	sp|P0DN09|VKT5_ANEVI	43.103	58	28	2	3	60	18	70	68	82	85	2.29e-04	43.9	U-actitoxin-Avd3h OS=Anemonia viridis OX=51769 PE=3 SV=1
srr1562204_2|species=Migdolus_fryanus|mature_len=68|n_cys=6	P0DMX0	sp|P0DMX0|VKT3_ANTAF	45.455	44	24	0	20	63	16	59	68	61	65	6.48e-04	42.2	PI-actitoxin-Axm2b OS=Anthopleura aff. xanthogrammica OX=152178 PE=1 SV=1
srr1562204_2|species=Migdolus_fryanus|mature_len=68|n_cys=6	P0DN19	sp|P0DN19|VKTF_ANEVI	48.780	41	21	0	20	60	20	60	68	72	60	0.001	41.8	U-actitoxin-Avd3r (Fragment) OS=Anemonia viridis OX=51769 PE=2 SV=1
srr1562204_2|species=Migdolus_fryanus|mature_len=68|n_cys=6	P11424	sp|P11424|IMAP_DROFU	40.984	61	29	2	1	57	1	58	68	63	84	0.001	41.4	Male accessory gland serine protease inhibitor OS=Drosophila funebris OX=7221 GN=PapD PE=1 SV=1
srr1562204_2|species=Migdolus_fryanus|mature_len=68|n_cys=6	Q9TWG0	sp|Q9TWG0|VKT1_ANESU	46.341	41	22	0	20	60	14	54	68	58	60	0.002	40.9	KappaPI-actitoxin-Avd3b OS=Anemonia sulcata OX=6108 PE=1 SV=1
srr1562204_2|species=Migdolus_fryanus|mature_len=68|n_cys=6	P0DN10	sp|P0DN10|VKT6_ANEVI	41.379	58	29	2	3	60	18	70	68	82	85	0.002	40.9	U-actitoxin-Avd3i OS=Anemonia viridis OX=51769 PE=3 SV=1
srr1562204_2|species=Migdolus_fryanus|mature_len=68|n_cys=6	P0DN06	sp|P0DN06|VKT1A_ANEVI	46.341	41	22	0	20	60	30	70	68	82	60	0.002	40.9	U-actitoxin-Avd3f OS=Anemonia viridis OX=51769 PE=3 SV=1
srr1562204_2|species=Migdolus_fryanus|mature_len=68|n_cys=6	P0DN11	sp|P0DN11|VKT7_ANEVI	41.379	58	29	2	3	60	18	70	68	82	85	0.002	40.9	U-actitoxin-Avd3j OS=Anemonia viridis OX=51769 PE=3 SV=1
srr1562204_2|species=Migdolus_fryanus|mature_len=68|n_cys=6	P83606	sp|P83606|BMTI6_RHIMP	40.000	45	27	0	16	60	240	284	68	291	66	0.002	41.4	Kunitz-type serine protease inhibitor 6 (Fragment) OS=Rhipicephalus microplus OX=6941 PE=1 SV=2
srr1562204_2|species=Migdolus_fryanus|mature_len=68|n_cys=6	Q6T6S5	sp|Q6T6S5|VKT2_BITGA	44.444	54	25	2	6	59	31	79	68	90	79	0.003	40.5	Kunitz-type serine protease inhibitor bitisilin-2 OS=Bitis gabonica OX=8694 PE=1 SV=1
srr1562204_2|species=Migdolus_fryanus|mature_len=68|n_cys=6	O54819	sp|O54819|TFPI1_MOUSE	42.857	42	24	0	19	60	129	170	68	306	62	0.003	40.9	Tissue factor pathway inhibitor OS=Mus musculus OX=10090 GN=Tfpi PE=2 SV=1
srr1562204_2|species=Migdolus_fryanus|mature_len=68|n_cys=6	Q9TWF9	sp|Q9TWF9|VKT2_ANESU	43.902	41	23	0	20	60	14	54	68	58	60	0.003	40.1	KappaPI-actitoxin-Avd3c OS=Anemonia sulcata OX=6108 PE=1 SV=1
srr1562204_2|species=Migdolus_fryanus|mature_len=68|n_cys=6	B5KL31	sp|B5KL31|VKT3_PSEPO	39.583	48	25	1	13	60	37	80	68	83	71	0.004	39.7	Kunitz-type serine protease inhibitor blackelin-3 OS=Pseudechis porphyriacus OX=8671 PE=2 SV=1
srr1562204_2|species=Migdolus_fryanus|mature_len=68|n_cys=6	P0DN14	sp|P0DN14|VKTA_ANEVI	39.655	58	30	2	3	60	18	70	68	82	85	0.005	39.7	U-actitoxin-Avd3m OS=Anemonia viridis OX=51769 PE=3 SV=1
srr1562204_2|species=Migdolus_fryanus|mature_len=68|n_cys=6	P0DN12	sp|P0DN12|VKT8_ANEVI	40.385	52	30	1	9	60	20	70	68	82	76	0.006	39.7	U-actitoxin-Avd3k OS=Anemonia viridis OX=51769 PE=3 SV=1
srr1562204_2|species=Migdolus_fryanus|mature_len=68|n_cys=6	C0HLA7	sp|C0HLA7|MAMB4_DENVI	38.182	55	29	2	6	60	5	54	68	57	81	0.006	39.2	Mambaquaretin-4 OS=Dendroaspis viridis OX=8621 PE=1 SV=1
srr1562204_2|species=Migdolus_fryanus|mature_len=68|n_cys=6	C0HLA9	sp|C0HLA9|MAMB6_DENVI	38.182	55	29	2	6	60	5	54	68	57	81	0.006	39.2	Mambaquaretin-6 OS=Dendroaspis viridis OX=8621 PE=1 SV=1
srr1562204_2|species=Migdolus_fryanus|mature_len=68|n_cys=6	W4VSH9	sp|W4VSH9|VKT1_TRILK	38.182	55	29	1	3	57	25	74	68	176	81	0.007	39.7	Kunitz-type U19-barytoxin-Tl1a OS=Trittame loki OX=1295018 PE=2 SV=2
srr1562204_2|species=Migdolus_fryanus|mature_len=68|n_cys=6	W4VSH9	sp|W4VSH9|VKT1_TRILK	34.483	58	33	2	6	63	106	158	68	176	85	0.46	33.7	Kunitz-type U19-barytoxin-Tl1a OS=Trittame loki OX=1295018 PE=2 SV=2
srr1562204_2|species=Migdolus_fryanus|mature_len=68|n_cys=6	E5AJX3	sp|E5AJX3|VKT_VIPNI	43.590	39	22	0	20	58	40	78	68	95	57	0.009	38.8	Kunitz-type serine protease inhibitor ki-VN OS=Vipera nikolskii OX=1808362 PE=2 SV=1
srr1562204_2|species=Migdolus_fryanus|mature_len=68|n_cys=6	P0DMW6	sp|P0DMW6|VKT3A_ACTEQ	44.737	38	21	0	20	57	15	52	68	59	56	0.011	38.4	PI-actitoxin-Aeq3a OS=Actinia equina OX=6106 PE=1 SV=1
srr1562204_2|species=Migdolus_fryanus|mature_len=68|n_cys=6	C0HLA5	sp|C0HLA5|MAMB2_DENVI	38.182	55	29	2	6	60	5	54	68	57	81	0.012	38.4	Mambaquaretin-2 OS=Dendroaspis viridis OX=8621 PE=1 SV=1
srr1562204_2|species=Migdolus_fryanus|mature_len=68|n_cys=6	P0DMJ5	sp|P0DMJ5|VKT2E_RADCR	35.714	56	32	1	8	63	27	78	68	78	82	0.012	38.4	PI-stichotoxin-Hcr2e OS=Radianthus crispa OX=3122430 PE=1 SV=1
srr1562204_2|species=Migdolus_fryanus|mature_len=68|n_cys=6	P0DN17	sp|P0DN17|VKTD_ANEVI	41.379	58	29	2	3	60	18	70	68	82	85	0.013	38.4	U-actitoxin-Avd3p OS=Anemonia viridis OX=51769 PE=3 SV=1
srr1562204_2|species=Migdolus_fryanus|mature_len=68|n_cys=6	C0HJF3	sp|C0HJF3|VKT2D_RADCR	35.714	56	32	1	8	63	5	56	68	56	82	0.014	38.0	TauPI-stichotoxin-Hcr2d OS=Radianthus crispa OX=3122430 PE=1 SV=1
gfuh00000000_2|species=Amphizoa_lecontei|mature_len=24|n_cys=1	Q21EP1	sp|Q21EP1|GSH1_SACD2	62.500	16	0	2	4	16	24	36	24	530	54	7.1	27.4	Glutamate--cysteine ligase OS=Saccharophagus degradans (strain 2-40 / ATCC 43961 / DSM 17024) OX=203122 GN=gshA PE=3 SV=1
migdolus_fryanus_4|species=Migdolus_fryanus|mature_len=68|n_cys=6	P81902	sp|P81902|CSTI_BOMMO	49.091	55	23	2	3	57	1	50	68	55	81	4.14e-06	48.6	Trypsin inhibitor OS=Bombyx mori OX=7091 PE=1 SV=1
migdolus_fryanus_4|species=Migdolus_fryanus|mature_len=68|n_cys=6	P0DN09	sp|P0DN09|VKT5_ANEVI	43.103	58	28	2	3	60	18	70	68	82	85	2.39e-04	43.9	U-actitoxin-Avd3h OS=Anemonia viridis OX=51769 PE=3 SV=1
migdolus_fryanus_4|species=Migdolus_fryanus|mature_len=68|n_cys=6	P0DMX0	sp|P0DMX0|VKT3_ANTAF	45.455	44	24	0	20	63	16	59	68	61	65	6.67e-04	42.2	PI-actitoxin-Axm2b OS=Anthopleura aff. xanthogrammica OX=152178 PE=1 SV=1
migdolus_fryanus_4|species=Migdolus_fryanus|mature_len=68|n_cys=6	P0DN19	sp|P0DN19|VKTF_ANEVI	41.071	56	28	1	5	60	10	60	68	72	82	0.001	41.8	U-actitoxin-Avd3r (Fragment) OS=Anemonia viridis OX=51769 PE=2 SV=1
migdolus_fryanus_4|species=Migdolus_fryanus|mature_len=68|n_cys=6	Q9TWG0	sp|Q9TWG0|VKT1_ANESU	46.341	41	22	0	20	60	14	54	68	58	60	0.002	40.5	KappaPI-actitoxin-Avd3b OS=Anemonia sulcata OX=6108 PE=1 SV=1
migdolus_fryanus_4|species=Migdolus_fryanus|mature_len=68|n_cys=6	P0DN10	sp|P0DN10|VKT6_ANEVI	41.379	58	29	2	3	60	18	70	68	82	85	0.002	40.9	U-actitoxin-Avd3i OS=Anemonia viridis OX=51769 PE=3 SV=1
migdolus_fryanus_4|species=Migdolus_fryanus|mature_len=68|n_cys=6	P0DN06	sp|P0DN06|VKT1A_ANEVI	46.341	41	22	0	20	60	30	70	68	82	60	0.002	40.5	U-actitoxin-Avd3f OS=Anemonia viridis OX=51769 PE=3 SV=1
migdolus_fryanus_4|species=Migdolus_fryanus|mature_len=68|n_cys=6	P0DN11	sp|P0DN11|VKT7_ANEVI	41.379	58	29	2	3	60	18	70	68	82	85	0.002	40.5	U-actitoxin-Avd3j OS=Anemonia viridis OX=51769 PE=3 SV=1
migdolus_fryanus_4|species=Migdolus_fryanus|mature_len=68|n_cys=6	P11424	sp|P11424|IMAP_DROFU	37.931	58	35	1	1	57	1	58	68	63	84	0.002	40.5	Male accessory gland serine protease inhibitor OS=Drosophila funebris OX=7221 GN=PapD PE=1 SV=1
migdolus_fryanus_4|species=Migdolus_fryanus|mature_len=68|n_cys=6	Q6T6S5	sp|Q6T6S5|VKT2_BITGA	44.444	54	25	2	6	59	31	79	68	90	79	0.003	40.5	Kunitz-type serine protease inhibitor bitisilin-2 OS=Bitis gabonica OX=8694 PE=1 SV=1
migdolus_fryanus_4|species=Migdolus_fryanus|mature_len=68|n_cys=6	P83606	sp|P83606|BMTI6_RHIMP	40.000	45	27	0	16	60	240	284	68	291	66	0.003	40.9	Kunitz-type serine protease inhibitor 6 (Fragment) OS=Rhipicephalus microplus OX=6941 PE=1 SV=2
migdolus_fryanus_4|species=Migdolus_fryanus|mature_len=68|n_cys=6	O54819	sp|O54819|TFPI1_MOUSE	42.857	42	24	0	19	60	129	170	68	306	62	0.003	40.9	Tissue factor pathway inhibitor OS=Mus musculus OX=10090 GN=Tfpi PE=2 SV=1
migdolus_fryanus_4|species=Migdolus_fryanus|mature_len=68|n_cys=6	Q9TWF9	sp|Q9TWF9|VKT2_ANESU	43.902	41	23	0	20	60	14	54	68	58	60	0.004	39.7	KappaPI-actitoxin-Avd3c OS=Anemonia sulcata OX=6108 PE=1 SV=1
migdolus_fryanus_4|species=Migdolus_fryanus|mature_len=68|n_cys=6	B5KL31	sp|B5KL31|VKT3_PSEPO	39.583	48	25	1	13	60	37	80	68	83	71	0.005	39.7	Kunitz-type serine protease inhibitor blackelin-3 OS=Pseudechis porphyriacus OX=8671 PE=2 SV=1
migdolus_fryanus_4|species=Migdolus_fryanus|mature_len=68|n_cys=6	P0DN14	sp|P0DN14|VKTA_ANEVI	39.655	58	30	2	3	60	18	70	68	82	85	0.005	39.7	U-actitoxin-Avd3m OS=Anemonia viridis OX=51769 PE=3 SV=1
migdolus_fryanus_4|species=Migdolus_fryanus|mature_len=68|n_cys=6	W4VSH9	sp|W4VSH9|VKT1_TRILK	38.182	55	29	1	3	57	25	74	68	176	81	0.006	40.1	Kunitz-type U19-barytoxin-Tl1a OS=Trittame loki OX=1295018 PE=2 SV=2
migdolus_fryanus_4|species=Migdolus_fryanus|mature_len=68|n_cys=6	W4VSH9	sp|W4VSH9|VKT1_TRILK	34.483	58	33	2	6	63	106	158	68	176	85	1.1	32.5	Kunitz-type U19-barytoxin-Tl1a OS=Trittame loki OX=1295018 PE=2 SV=2
migdolus_fryanus_4|species=Migdolus_fryanus|mature_len=68|n_cys=6	C0HLA9	sp|C0HLA9|MAMB6_DENVI	38.182	55	29	2	6	60	5	54	68	57	81	0.006	38.8	Mambaquaretin-6 OS=Dendroaspis viridis OX=8621 PE=1 SV=1
migdolus_fryanus_4|species=Migdolus_fryanus|mature_len=68|n_cys=6	C0HLA7	sp|C0HLA7|MAMB4_DENVI	38.182	55	29	2	6	60	5	54	68	57	81	0.006	38.8	Mambaquaretin-4 OS=Dendroaspis viridis OX=8621 PE=1 SV=1
migdolus_fryanus_4|species=Migdolus_fryanus|mature_len=68|n_cys=6	P0DN12	sp|P0DN12|VKT8_ANEVI	43.902	41	23	0	20	60	30	70	68	82	60	0.006	39.2	U-actitoxin-Avd3k OS=Anemonia viridis OX=51769 PE=3 SV=1
migdolus_fryanus_4|species=Migdolus_fryanus|mature_len=68|n_cys=6	E5AJX3	sp|E5AJX3|VKT_VIPNI	38.596	57	34	1	2	58	23	78	68	95	84	0.009	38.8	Kunitz-type serine protease inhibitor ki-VN OS=Vipera nikolskii OX=1808362 PE=2 SV=1
migdolus_fryanus_4|species=Migdolus_fryanus|mature_len=68|n_cys=6	P0DMW6	sp|P0DMW6|VKT3A_ACTEQ	44.737	38	21	0	20	57	15	52	68	59	56	0.011	38.4	PI-actitoxin-Aeq3a OS=Actinia equina OX=6106 PE=1 SV=1
migdolus_fryanus_4|species=Migdolus_fryanus|mature_len=68|n_cys=6	C0HLA5	sp|C0HLA5|MAMB2_DENVI	38.182	55	29	2	6	60	5	54	68	57	81	0.013	38.0	Mambaquaretin-2 OS=Dendroaspis viridis OX=8621 PE=1 SV=1
migdolus_fryanus_4|species=Migdolus_fryanus|mature_len=68|n_cys=6	P0DN17	sp|P0DN17|VKTD_ANEVI	41.379	58	29	2	3	60	18	70	68	82	85	0.014	38.4	U-actitoxin-Avd3p OS=Anemonia viridis OX=51769 PE=3 SV=1
migdolus_fryanus_4|species=Migdolus_fryanus|mature_len=68|n_cys=6	G3LH89	sp|G3LH89|VKT_BOMIG	36.842	57	31	1	3	59	27	78	68	82	84	0.014	38.4	Kunitz-type serine protease inhibitor Bi-KTI OS=Bombus ignitus OX=130704 PE=3 SV=1
migdolus_fryanus_4|species=Migdolus_fryanus|mature_len=68|n_cys=6	F6ULY1	sp|F6ULY1|WFC6B_MOUSE	40.984	61	29	4	1	60	83	137	68	148	88	0.016	38.4	WAP four-disulfide core domain protein 6B OS=Mus musculus OX=10090 GN=Wfdc6b PE=2 SV=1
gkjj00000000_1|species=Astenopholis_sp|mature_len=28|n_cys=4	Q5XH73	sp|Q5XH73|CN6LB_XENLA	55.000	20	4	1	5	24	431	445	28	550	71	0.63	30.8	CCR4-NOT transcription complex subunit 6-like-B OS=Xenopus laevis OX=8355 GN=cnot6l-b PE=2 SV=1
gkjj00000000_1|species=Astenopholis_sp|mature_len=28|n_cys=4	A2BHJ4	sp|A2BHJ4|CNO6L_DANRE	55.000	20	4	1	5	24	431	445	28	559	71	0.76	30.8	CCR4-NOT transcription complex subunit 6-like OS=Danio rerio OX=7955 GN=cnot6l PE=2 SV=1
gkjj00000000_1|species=Astenopholis_sp|mature_len=28|n_cys=4	Q96LI5	sp|Q96LI5|CNO6L_HUMAN	55.000	20	4	1	5	24	436	450	28	555	71	2.7	29.1	CCR4-NOT transcription complex subunit 6-like OS=Homo sapiens OX=9606 GN=CNOT6L PE=1 SV=2
gkjj00000000_1|species=Astenopholis_sp|mature_len=28|n_cys=4	Q6IR85	sp|Q6IR85|CN6LA_XENLA	50.000	20	5	1	5	24	431	445	28	550	71	5.7	27.8	CCR4-NOT transcription complex subunit 6-like-A OS=Xenopus laevis OX=8355 GN=cnot6l-a PE=2 SV=1
gkjj00000000_1|species=Astenopholis_sp|mature_len=28|n_cys=4	P22105	sp|P22105|TENX_HUMAN	87.500	8	1	0	2	9	734	741	28	4244	29	5.9	27.8	Tenascin-X OS=Homo sapiens OX=9606 GN=TNXB PE=1 SV=5
gkjj00000000_1|species=Astenopholis_sp|mature_len=28|n_cys=4	Q80U28	sp|Q80U28|MADD_MOUSE	88.889	9	0	1	13	21	89	96	28	1577	32	7.9	27.8	MAP kinase-activating death domain protein OS=Mus musculus OX=10090 GN=Madd PE=1 SV=2
gkjj00000000_1|species=Astenopholis_sp|mature_len=28|n_cys=4	O08873	sp|O08873|MADD_RAT	88.889	9	0	1	13	21	89	96	28	1602	32	7.9	27.8	MAP kinase-activating death domain protein OS=Rattus norvegicus OX=10116 GN=Madd PE=1 SV=1
gkjj00000000_1|species=Astenopholis_sp|mature_len=28|n_cys=4	Q8WXG6	sp|Q8WXG6|MADD_HUMAN	88.889	9	0	1	13	21	90	97	28	1647	32	7.9	27.8	MAP kinase-activating death domain protein OS=Homo sapiens OX=9606 GN=MADD PE=1 SV=2
gkjj00000000_1|species=Astenopholis_sp|mature_len=28|n_cys=4	Q9VXY2	sp|Q9VXY2|MADD_DROME	88.889	9	0	1	13	21	103	110	28	2084	32	7.9	27.8	MAP kinase-activating death domain protein OS=Drosophila melanogaster OX=7227 GN=Rab3-GEF PE=2 SV=2
iclg00000000_1|species=Zophobas_atratus|mature_len=16|n_cys=2	Q6W4X9	sp|Q6W4X9|MUC6_HUMAN	66.667	12	4	0	5	16	816	827	16	2439	75	8.3	25.7	Mucin-6 OS=Homo sapiens OX=9606 GN=MUC6 PE=1 SV=3
ghxo00000000_6|species=Acalymma_vittatum|mature_len=40|n_cys=6	C0HJX7	sp|C0HJX7|DEFI_CALVI	97.500	40	1	0	1	40	1	40	40	40	100	5.48e-18	77.8	Defensin OS=Calliphora vicina OX=7373 PE=1 SV=1
ghxo00000000_6|species=Acalymma_vittatum|mature_len=40|n_cys=6	P18313	sp|P18313|SAPE_SARPE	95.000	40	2	0	1	40	55	94	40	94	100	5.58e-17	78.7	Sapecin OS=Sarcophaga peregrina OX=7386 PE=1 SV=1
ghxo00000000_6|species=Acalymma_vittatum|mature_len=40|n_cys=6	P10891	sp|P10891|DEFI_PROTE	92.500	40	3	0	1	40	55	94	40	94	100	1.12e-16	77.8	Phormicin OS=Protophormia terraenovae OX=34676 PE=1 SV=2
ghxo00000000_6|species=Acalymma_vittatum|mature_len=40|n_cys=6	B3EWY5	sp|B3EWY5|LUCFE_LUCCU	87.500	40	5	0	1	40	1	40	40	40	100	3.99e-16	73.2	Lucifensin OS=Lucilia cuprina OX=7375 PE=1 SV=1
ghxo00000000_6|species=Acalymma_vittatum|mature_len=40|n_cys=6	P86471	sp|P86471|DEFLU_LUCSE	87.500	40	5	0	1	40	53	92	40	92	100	5.80e-16	75.7	Defensin Lucifensin OS=Lucilia sericata OX=13632 PE=1 SV=2
ghxo00000000_6|species=Acalymma_vittatum|mature_len=40|n_cys=6	P91793	sp|P91793|DEFA_AEDAE	82.500	40	7	0	1	40	59	98	40	98	100	3.21e-13	68.1	Defensin-A OS=Aedes aegypti OX=7159 GN=DEFA PE=1 SV=1
ghxo00000000_6|species=Acalymma_vittatum|mature_len=40|n_cys=6	P31530	sp|P31530|SAPC_SARPE	75.000	40	10	0	1	40	1	40	40	40	100	4.07e-13	65.1	Sapecin-C OS=Sarcophaga peregrina OX=7386 PE=1 SV=1
ghxo00000000_6|species=Acalymma_vittatum|mature_len=40|n_cys=6	P81602	sp|P81602|DEFB_AEDAE	80.000	40	8	0	1	40	59	98	40	98	100	1.41e-12	66.0	Defensin-B OS=Aedes aegypti OX=7159 GN=DEFB PE=1 SV=2
ghxo00000000_6|species=Acalymma_vittatum|mature_len=40|n_cys=6	P81603	sp|P81603|DEFC_AEDAE	77.500	40	9	0	1	40	60	99	40	99	100	2.17e-11	62.6	Defensin-C OS=Aedes aegypti OX=7159 GN=DEFC PE=1 SV=3
ghxo00000000_6|species=Acalymma_vittatum|mature_len=40|n_cys=6	P83404	sp|P83404|DEFI_PHLDU	74.359	39	10	0	1	39	59	97	40	98	98	6.68e-11	61.3	Defensin OS=Phlebotomus duboscqi OX=37738 PE=1 SV=3
ghxo00000000_6|species=Acalymma_vittatum|mature_len=40|n_cys=6	Q5BU36	sp|Q5BU36|DEF_FORAQ	76.316	38	9	0	2	39	57	94	40	95	95	9.16e-11	60.9	Defensin OS=Formica aquilonia OX=258703 PE=3 SV=1
ghxo00000000_6|species=Acalymma_vittatum|mature_len=40|n_cys=6	P36192	sp|P36192|DEFI_DROME	70.000	40	12	0	1	40	53	92	40	92	100	3.07e-10	59.2	Defensin OS=Drosophila melanogaster OX=7227 GN=Def PE=1 SV=1
ghxo00000000_6|species=Acalymma_vittatum|mature_len=40|n_cys=6	Q17027	sp|Q17027|DEFI_ANOGA	75.000	40	10	0	1	40	63	102	40	102	100	8.82e-10	57.9	Defensin OS=Anopheles gambiae OX=7165 GN=Def1 PE=1 SV=1
ghxo00000000_6|species=Acalymma_vittatum|mature_len=40|n_cys=6	O16137	sp|O16137|DEF2_STOCA	72.500	40	11	0	1	40	58	97	40	97	100	2.12e-09	57.1	Defensin-2 OS=Stomoxys calcitrans OX=35570 GN=SMD2 PE=1 SV=1
ghxo00000000_6|species=Acalymma_vittatum|mature_len=40|n_cys=6	Q27023	sp|Q27023|DEFI_TENMO	62.791	43	12	1	1	39	42	84	40	84	98	1.09e-07	52.0	Tenecin-1 OS=Tenebrio molitor OX=7067 PE=1 SV=1
ghxo00000000_6|species=Acalymma_vittatum|mature_len=40|n_cys=6	P80033	sp|P80033|DEFA_ZOPAT	64.286	42	11	1	2	39	2	43	40	43	95	7.68e-07	48.6	Defensin, isoforms B and C OS=Zophobas atratus OX=7074 PE=1 SV=1
ghxo00000000_6|species=Acalymma_vittatum|mature_len=40|n_cys=6	O16136	sp|O16136|DEF1_STOCA	56.410	39	17	0	2	40	41	79	40	79	98	2.61e-06	47.7	Defensin-1 OS=Stomoxys calcitrans OX=35570 GN=SMD1 PE=3 SV=1
ghxo00000000_6|species=Acalymma_vittatum|mature_len=40|n_cys=6	P83668	sp|P83668|DEFB_ANOCP	61.364	44	12	2	1	40	1	43	40	43	100	8.56e-06	45.6	Defensin-B OS=Anomala cuprea OX=121601 PE=1 SV=1
ghxo00000000_6|species=Acalymma_vittatum|mature_len=40|n_cys=6	P83669	sp|P83669|DEFA_ANOCP	61.364	44	12	2	1	40	1	43	40	43	100	1.89e-05	44.3	Defensin-A OS=Anomala cuprea OX=121601 PE=1 SV=1
ghxo00000000_6|species=Acalymma_vittatum|mature_len=40|n_cys=6	Q10745	sp|Q10745|DEFI_TRYDI	60.465	43	12	2	1	39	1	42	40	43	98	4.88e-05	43.5	Defensin OS=Trypoxylus dichotomus OX=273928 PE=1 SV=1
ghxo00000000_6|species=Acalymma_vittatum|mature_len=40|n_cys=6	O96049	sp|O96049|DEFI_ORYRH	61.905	42	11	2	2	39	38	78	40	79	95	1.36e-04	42.6	Defensin OS=Oryctes rhinoceros OX=72550 PE=1 SV=1
ghxo00000000_6|species=Acalymma_vittatum|mature_len=40|n_cys=6	P17722	sp|P17722|DEFI_APIME	58.537	41	15	2	1	40	44	83	40	95	100	2.02e-04	42.2	Defensin-1 OS=Apis mellifera OX=7460 PE=1 SV=3
ghxo00000000_6|species=Acalymma_vittatum|mature_len=40|n_cys=6	Q5J8R1	sp|Q5J8R1|DEFI_APICA	58.537	41	15	2	1	40	44	83	40	95	100	2.02e-04	42.2	Defensin-1 OS=Apis mellifera carnica OX=88217 PE=1 SV=1
ghxo00000000_6|species=Acalymma_vittatum|mature_len=40|n_cys=6	Q7M426	sp|Q7M426|DEF1_HOLDI	56.818	44	14	2	1	40	1	43	40	43	100	2.92e-04	41.4	Holotricin-1 OS=Holotrichia diomphalia OX=33394 PE=1 SV=1
ghxo00000000_6|species=Acalymma_vittatum|mature_len=40|n_cys=6	P81462	sp|P81462|DEFI_BOMPA	56.098	41	16	2	1	40	1	40	40	51	100	0.002	38.8	Defensin OS=Bombus pascuorum OX=65598 PE=1 SV=1
srr2083703_1|species=Ocypus_brunnipes|mature_len=40|n_cys=7	A0A6B9KZ59	sp|A0A6B9KZ59|PI21_PLARH	70.968	31	9	0	10	40	61	91	40	139	78	1.11e-05	46.0	U-reduvitoxin-Pr21 OS=Platymeris rhadamanthus OX=1134088 PE=1 SV=1
srr2083703_1|species=Ocypus_brunnipes|mature_len=40|n_cys=7	P80060	sp|P80060|LCM_LOCMI	67.647	34	11	0	6	39	56	89	40	92	85	1.31e-05	45.6	Protease inhibitors OS=Locusta migratoria OX=7004 PE=1 SV=2
srr2083703_1|species=Ocypus_brunnipes|mature_len=40|n_cys=7	O46162	sp|O46162|SGP1_SCHGR	67.647	34	11	0	6	39	56	89	40	92	85	1.86e-05	45.2	Serine protease inhibitor I/II OS=Schistocerca gregaria OX=7010 PE=1 SV=1
srr2083703_1|species=Ocypus_brunnipes|mature_len=40|n_cys=7	O46162	sp|O46162|SGP1_SCHGR	54.545	33	14	1	7	39	20	51	40	92	83	5.1	29.1	Serine protease inhibitor I/II OS=Schistocerca gregaria OX=7010 PE=1 SV=1
srr2083703_1|species=Ocypus_brunnipes|mature_len=40|n_cys=7	A0A6B9KZ79	sp|A0A6B9KZ79|PI11A_PLARH	64.103	39	12	1	4	40	59	97	40	97	93	2.02e-05	45.2	U-reduvitoxin-Pr11a OS=Platymeris rhadamanthus OX=1134088 PE=1 SV=1
srr2083703_1|species=Ocypus_brunnipes|mature_len=40|n_cys=7	Q9HC84	sp|Q9HC84|MUC5B_HUMAN	73.684	19	5	0	7	25	861	879	40	5762	48	9.21e-05	43.5	Mucin-5B OS=Homo sapiens OX=9606 GN=MUC5B PE=1 SV=3
srr2083703_1|species=Ocypus_brunnipes|mature_len=40|n_cys=7	A0A6B9KZ89	sp|A0A6B9KZ89|PI10A_PLARH	56.410	39	15	1	4	40	59	97	40	97	93	2.95e-04	41.8	U-reduvitoxin-Pr10a OS=Platymeris rhadamanthus OX=1134088 PE=1 SV=1
srr2083703_1|species=Ocypus_brunnipes|mature_len=40|n_cys=7	A0A6B9L3M7	sp|A0A6B9L3M7|PI12A_PLARH	61.290	31	12	0	10	40	62	92	40	96	78	0.009	37.5	U-reduvitoxin-Pr12a OS=Platymeris rhadamanthus OX=1134088 PE=1 SV=1
srr2083703_1|species=Ocypus_brunnipes|mature_len=40|n_cys=7	B3A0N9	sp|B3A0N9|MSPI2_MELSA	58.824	34	13	1	7	39	1	34	40	36	83	0.044	34.6	Serine protease inhibitor 2 OS=Melanoplus sanguinipes OX=65742 PE=1 SV=1
srr2083703_1|species=Ocypus_brunnipes|mature_len=40|n_cys=7	Q28295	sp|Q28295|VWF_CANLF	78.571	14	3	0	12	25	838	851	40	2813	35	0.20	33.7	von Willebrand factor OS=Canis lupus familiaris OX=9615 GN=VWF PE=1 SV=2
srr2083703_1|species=Ocypus_brunnipes|mature_len=40|n_cys=7	Q28833	sp|Q28833|VWF_PIG	78.571	14	3	0	12	25	512	525	40	2482	35	0.24	33.3	von Willebrand factor (Fragment) OS=Sus scrofa OX=9823 GN=VWF PE=2 SV=2
srr2083703_1|species=Ocypus_brunnipes|mature_len=40|n_cys=7	A0A7M6UNN1	sp|A0A7M6UNN1|PISP_NASVI	46.667	30	16	0	10	39	48	77	40	80	75	0.31	32.9	Small pacifastin protease inhibitor OS=Nasonia vitripennis OX=7425 PE=2 SV=1
srr2083703_1|species=Ocypus_brunnipes|mature_len=40|n_cys=7	Q8T0W2	sp|Q8T0W2|CVP4_PIMHY	47.368	38	18	1	4	39	144	181	40	203	90	1.1	31.2	Pacifastin-like protease inhibitor cvp4 OS=Pimpla hypochondriaca OX=135724 PE=1 SV=1
srr2083703_1|species=Ocypus_brunnipes|mature_len=40|n_cys=7	P37173	sp|P37173|TGFR2_HUMAN	61.111	18	3	1	11	28	128	141	40	567	45	4.0	29.5	TGF-beta receptor type-2 OS=Homo sapiens OX=9606 GN=TGFBR2 PE=1 SV=2
srr2083703_1|species=Ocypus_brunnipes|mature_len=40|n_cys=7	P04275	sp|P04275|VWF_HUMAN	71.429	14	4	0	12	25	838	851	40	2813	35	5.8	29.1	von Willebrand factor OS=Homo sapiens OX=9606 GN=VWF PE=1 SV=4
srr2083703_1|species=Ocypus_brunnipes|mature_len=40|n_cys=7	Q98UI9	sp|Q98UI9|MUC5B_CHICK	70.588	17	5	0	10	26	834	850	40	2108	43	6.3	29.1	Mucin-5B OS=Gallus gallus OX=9031 GN=MUC5B PE=1 SV=1
gkjr00000000_1|species=Ocypus_brunnipes|mature_len=40|n_cys=7	A0A6B9KZ59	sp|A0A6B9KZ59|PI21_PLARH	70.968	31	9	0	10	40	61	91	40	139	78	1.11e-05	46.0	U-reduvitoxin-Pr21 OS=Platymeris rhadamanthus OX=1134088 PE=1 SV=1
gkjr00000000_1|species=Ocypus_brunnipes|mature_len=40|n_cys=7	P80060	sp|P80060|LCM_LOCMI	67.647	34	11	0	6	39	56	89	40	92	85	1.31e-05	45.6	Protease inhibitors OS=Locusta migratoria OX=7004 PE=1 SV=2
gkjr00000000_1|species=Ocypus_brunnipes|mature_len=40|n_cys=7	O46162	sp|O46162|SGP1_SCHGR	67.647	34	11	0	6	39	56	89	40	92	85	1.86e-05	45.2	Serine protease inhibitor I/II OS=Schistocerca gregaria OX=7010 PE=1 SV=1
gkjr00000000_1|species=Ocypus_brunnipes|mature_len=40|n_cys=7	O46162	sp|O46162|SGP1_SCHGR	54.545	33	14	1	7	39	20	51	40	92	83	5.1	29.1	Serine protease inhibitor I/II OS=Schistocerca gregaria OX=7010 PE=1 SV=1
gkjr00000000_1|species=Ocypus_brunnipes|mature_len=40|n_cys=7	A0A6B9KZ79	sp|A0A6B9KZ79|PI11A_PLARH	64.103	39	12	1	4	40	59	97	40	97	93	2.02e-05	45.2	U-reduvitoxin-Pr11a OS=Platymeris rhadamanthus OX=1134088 PE=1 SV=1
gkjr00000000_1|species=Ocypus_brunnipes|mature_len=40|n_cys=7	Q9HC84	sp|Q9HC84|MUC5B_HUMAN	73.684	19	5	0	7	25	861	879	40	5762	48	9.21e-05	43.5	Mucin-5B OS=Homo sapiens OX=9606 GN=MUC5B PE=1 SV=3
gkjr00000000_1|species=Ocypus_brunnipes|mature_len=40|n_cys=7	A0A6B9KZ89	sp|A0A6B9KZ89|PI10A_PLARH	56.410	39	15	1	4	40	59	97	40	97	93	2.95e-04	41.8	U-reduvitoxin-Pr10a OS=Platymeris rhadamanthus OX=1134088 PE=1 SV=1
gkjr00000000_1|species=Ocypus_brunnipes|mature_len=40|n_cys=7	A0A6B9L3M7	sp|A0A6B9L3M7|PI12A_PLARH	61.290	31	12	0	10	40	62	92	40	96	78	0.009	37.5	U-reduvitoxin-Pr12a OS=Platymeris rhadamanthus OX=1134088 PE=1 SV=1
gkjr00000000_1|species=Ocypus_brunnipes|mature_len=40|n_cys=7	B3A0N9	sp|B3A0N9|MSPI2_MELSA	58.824	34	13	1	7	39	1	34	40	36	83	0.044	34.6	Serine protease inhibitor 2 OS=Melanoplus sanguinipes OX=65742 PE=1 SV=1
gkjr00000000_1|species=Ocypus_brunnipes|mature_len=40|n_cys=7	Q28295	sp|Q28295|VWF_CANLF	78.571	14	3	0	12	25	838	851	40	2813	35	0.20	33.7	von Willebrand factor OS=Canis lupus familiaris OX=9615 GN=VWF PE=1 SV=2
gkjr00000000_1|species=Ocypus_brunnipes|mature_len=40|n_cys=7	Q28833	sp|Q28833|VWF_PIG	78.571	14	3	0	12	25	512	525	40	2482	35	0.24	33.3	von Willebrand factor (Fragment) OS=Sus scrofa OX=9823 GN=VWF PE=2 SV=2
gkjr00000000_1|species=Ocypus_brunnipes|mature_len=40|n_cys=7	A0A7M6UNN1	sp|A0A7M6UNN1|PISP_NASVI	46.667	30	16	0	10	39	48	77	40	80	75	0.31	32.9	Small pacifastin protease inhibitor OS=Nasonia vitripennis OX=7425 PE=2 SV=1
gkjr00000000_1|species=Ocypus_brunnipes|mature_len=40|n_cys=7	Q8T0W2	sp|Q8T0W2|CVP4_PIMHY	47.368	38	18	1	4	39	144	181	40	203	90	1.1	31.2	Pacifastin-like protease inhibitor cvp4 OS=Pimpla hypochondriaca OX=135724 PE=1 SV=1
gkjr00000000_1|species=Ocypus_brunnipes|mature_len=40|n_cys=7	P37173	sp|P37173|TGFR2_HUMAN	61.111	18	3	1	11	28	128	141	40	567	45	4.0	29.5	TGF-beta receptor type-2 OS=Homo sapiens OX=9606 GN=TGFBR2 PE=1 SV=2
gkjr00000000_1|species=Ocypus_brunnipes|mature_len=40|n_cys=7	P04275	sp|P04275|VWF_HUMAN	71.429	14	4	0	12	25	838	851	40	2813	35	5.8	29.1	von Willebrand factor OS=Homo sapiens OX=9606 GN=VWF PE=1 SV=4
gkjr00000000_1|species=Ocypus_brunnipes|mature_len=40|n_cys=7	Q98UI9	sp|Q98UI9|MUC5B_CHICK	70.588	17	5	0	10	26	834	850	40	2108	43	6.3	29.1	Mucin-5B OS=Gallus gallus OX=9031 GN=MUC5B PE=1 SV=1
gdlg00000000_1|species=Byturus_ochraceus|mature_len=45|n_cys=6	P83516	sp|P83516|TILI_RHIMP	57.143	35	14	1	1	35	29	62	45	65	78	0.007	38.0	Chymotrypsin-elastase inhibitor ixodidin OS=Rhipicephalus microplus OX=6941 PE=1 SV=2
gdlg00000000_1|species=Byturus_ochraceus|mature_len=45|n_cys=6	A1IKL3	sp|A1IKL3|TIL6_ANISI	50.000	36	18	0	2	37	46	81	45	84	80	0.047	35.4	Chymotrypsin inhibitor Ani s 6 OS=Anisakis simplex OX=6269 PE=1 SV=1
gdlg00000000_1|species=Byturus_ochraceus|mature_len=45|n_cys=6	P56682	sp|P56682|TILI_APIME	54.286	35	15	1	1	35	23	56	45	56	78	0.094	34.6	Chymotrypsin inhibitor OS=Apis mellifera OX=7460 PE=1 SV=1
gdlg00000000_1|species=Byturus_ochraceus|mature_len=45|n_cys=6	Q9HC84	sp|Q9HC84|MUC5B_HUMAN	37.500	48	26	2	2	45	351	398	45	5762	98	0.11	35.0	Mucin-5B OS=Homo sapiens OX=9606 GN=MUC5B PE=1 SV=3
gdlg00000000_1|species=Byturus_ochraceus|mature_len=45|n_cys=6	P0DM55	sp|P0DM55|TIL1_SCOJE	43.243	37	20	1	1	36	57	93	45	94	80	0.23	33.7	Venom peptide SjAPI OS=Scorpiops jendeki OX=587368 PE=2 SV=1
gdlg00000000_1|species=Byturus_ochraceus|mature_len=45|n_cys=6	Q8T0W5	sp|Q8T0W5|TIL1_PIMHY	50.000	30	15	0	7	36	56	85	45	85	67	0.30	33.3	Cysteine-rich venom protein 1 OS=Pimpla hypochondriaca OX=135724 PE=1 SV=1
gdlg00000000_1|species=Byturus_ochraceus|mature_len=45|n_cys=6	Q28833	sp|Q28833|VWF_PIG	42.424	33	18	1	4	36	351	382	45	2482	73	4.1	29.9	von Willebrand factor (Fragment) OS=Sus scrofa OX=9823 GN=VWF PE=2 SV=2
gdlg00000000_1|species=Byturus_ochraceus|mature_len=45|n_cys=6	Q7Z5P9	sp|Q7Z5P9|MUC19_HUMAN	57.692	26	6	2	13	36	1215	1237	45	8384	53	4.1	29.9	Mucin-19 OS=Homo sapiens OX=9606 GN=MUC19 PE=1 SV=3
gdlg00000000_1|species=Byturus_ochraceus|mature_len=45|n_cys=6	B2DBE9	sp|B2DBE9|GGS4_DIAAM	66.667	15	1	2	8	22	14	24	45	424	33	4.5	29.9	Geranylgeranyl pyrophosphate synthase D OS=Diaporthe amygdali OX=1214568 GN=GGS-D PE=1 SV=1
gdlg00000000_1|species=Byturus_ochraceus|mature_len=45|n_cys=6	Q80T03	sp|Q80T03|MUC6_MOUSE	45.455	33	16	1	6	36	368	400	45	2850	69	8.8	29.1	Mucin-6 OS=Mus musculus OX=10090 GN=Muc6 PE=2 SV=1
gjbk00000000_2|species=Catharsius_molossus|mature_len=61|n_cys=11	P80060	sp|P80060|LCM_LOCMI	50.820	61	29	1	2	61	32	92	61	92	98	5.57e-10	60.9	Protease inhibitors OS=Locusta migratoria OX=7004 PE=1 SV=2
gjbk00000000_2|species=Catharsius_molossus|mature_len=61|n_cys=11	P80060	sp|P80060|LCM_LOCMI	48.485	33	16	1	27	59	21	52	61	92	54	9.8	29.1	Protease inhibitors OS=Locusta migratoria OX=7004 PE=1 SV=2
gjbk00000000_2|species=Catharsius_molossus|mature_len=61|n_cys=11	O46162	sp|O46162|SGP1_SCHGR	53.448	58	26	1	2	58	32	89	61	92	93	3.16e-09	58.3	Serine protease inhibitor I/II OS=Schistocerca gregaria OX=7010 PE=1 SV=1
gjbk00000000_2|species=Catharsius_molossus|mature_len=61|n_cys=11	O46162	sp|O46162|SGP1_SCHGR	50.000	32	15	1	27	58	21	51	61	92	52	8.0	29.5	Serine protease inhibitor I/II OS=Schistocerca gregaria OX=7010 PE=1 SV=1
gjbk00000000_2|species=Catharsius_molossus|mature_len=61|n_cys=11	A0A6B9KZ59	sp|A0A6B9KZ59|PI21_PLARH	45.161	62	32	1	2	61	32	93	61	139	98	2.00e-08	56.2	U-reduvitoxin-Pr21 OS=Platymeris rhadamanthus OX=1134088 PE=1 SV=1
gjbk00000000_2|species=Catharsius_molossus|mature_len=61|n_cys=11	A0A6B9KZ59	sp|A0A6B9KZ59|PI21_PLARH	34.783	69	30	4	1	55	69	136	61	139	90	3.7	30.8	U-reduvitoxin-Pr21 OS=Platymeris rhadamanthus OX=1134088 PE=1 SV=1
gjbk00000000_2|species=Catharsius_molossus|mature_len=61|n_cys=11	A0A6B9L3M7	sp|A0A6B9L3M7|PI12A_PLARH	44.444	63	32	3	2	61	32	94	61	96	98	3.49e-05	46.0	U-reduvitoxin-Pr12a OS=Platymeris rhadamanthus OX=1134088 PE=1 SV=1
gjbk00000000_2|species=Catharsius_molossus|mature_len=61|n_cys=11	A0A6B9KZ79	sp|A0A6B9KZ79|PI11A_PLARH	46.774	62	29	3	2	59	36	97	61	97	95	3.91e-05	46.0	U-reduvitoxin-Pr11a OS=Platymeris rhadamanthus OX=1134088 PE=1 SV=1
gjbk00000000_2|species=Catharsius_molossus|mature_len=61|n_cys=11	A0A6B9KZ89	sp|A0A6B9KZ89|PI10A_PLARH	40.984	61	32	2	2	58	36	96	61	97	93	7.69e-05	45.2	U-reduvitoxin-Pr10a OS=Platymeris rhadamanthus OX=1134088 PE=1 SV=1
gjbk00000000_2|species=Catharsius_molossus|mature_len=61|n_cys=11	B3A0N9	sp|B3A0N9|MSPI2_MELSA	58.065	31	12	1	29	58	4	34	61	36	49	0.095	34.6	Serine protease inhibitor 2 OS=Melanoplus sanguinipes OX=65742 PE=1 SV=1
gjbk00000000_2|species=Catharsius_molossus|mature_len=61|n_cys=11	Q7Z5P9	sp|Q7Z5P9|MUC19_HUMAN	47.826	23	8	1	3	21	1255	1277	61	8384	31	0.52	33.7	Mucin-19 OS=Homo sapiens OX=9606 GN=MUC19 PE=1 SV=3
gjbk00000000_2|species=Catharsius_molossus|mature_len=61|n_cys=11	A0A7M6UNN1	sp|A0A7M6UNN1|PISP_NASVI	43.333	30	17	0	29	58	48	77	61	80	49	0.66	32.9	Small pacifastin protease inhibitor OS=Nasonia vitripennis OX=7425 PE=2 SV=1
gaco00000000_1|species=Priacma_serrata|mature_len=67|n_cys=6	Q9TWG0	sp|Q9TWG0|VKT1_ANESU	58.182	55	23	0	5	59	1	55	67	58	82	6.35e-12	66.0	KappaPI-actitoxin-Avd3b OS=Anemonia sulcata OX=6108 PE=1 SV=1
gaco00000000_1|species=Priacma_serrata|mature_len=67|n_cys=6	P0DN19	sp|P0DN19|VKTF_ANEVI	57.143	56	24	0	4	59	6	61	67	72	84	7.65e-12	66.4	U-actitoxin-Avd3r (Fragment) OS=Anemonia viridis OX=51769 PE=2 SV=1
gaco00000000_1|species=Priacma_serrata|mature_len=67|n_cys=6	P0DN06	sp|P0DN06|VKT1A_ANEVI	57.143	56	24	0	4	59	16	71	67	82	84	1.12e-11	66.0	U-actitoxin-Avd3f OS=Anemonia viridis OX=51769 PE=3 SV=1
gaco00000000_1|species=Priacma_serrata|mature_len=67|n_cys=6	P00992	sp|P00992|VKT3_VIPAA	50.847	59	26	2	1	59	26	81	67	93	88	5.33e-11	64.3	Kunitz-type serine protease inhibitor 3 OS=Vipera ammodytes ammodytes OX=8705 PE=1 SV=2
gaco00000000_1|species=Priacma_serrata|mature_len=67|n_cys=6	P0DN09	sp|P0DN09|VKT5_ANEVI	66.667	42	14	0	18	59	30	71	67	82	63	6.79e-11	63.8	U-actitoxin-Avd3h OS=Anemonia viridis OX=51769 PE=3 SV=1
gaco00000000_1|species=Priacma_serrata|mature_len=67|n_cys=6	O35536	sp|O35536|TFPI2_MOUSE	48.333	60	28	1	4	63	34	90	67	230	90	1.42e-10	63.4	Tissue factor pathway inhibitor 2 OS=Mus musculus OX=10090 GN=Tfpi2 PE=2 SV=1
gaco00000000_1|species=Priacma_serrata|mature_len=67|n_cys=6	O35536	sp|O35536|TFPI2_MOUSE	38.983	59	33	1	1	59	151	206	67	230	88	4.86e-05	46.4	Tissue factor pathway inhibitor 2 OS=Mus musculus OX=10090 GN=Tfpi2 PE=2 SV=1
gaco00000000_1|species=Priacma_serrata|mature_len=67|n_cys=6	Q9TWF8	sp|Q9TWF8|VKT3_ANESU	60.000	50	19	1	10	59	7	55	67	59	75	1.58e-10	61.7	KappaPI-actitoxin-Avd3d OS=Anemonia sulcata OX=6108 PE=1 SV=1
gaco00000000_1|species=Priacma_serrata|mature_len=67|n_cys=6	P0DN10	sp|P0DN10|VKT6_ANEVI	57.407	54	20	1	6	59	21	71	67	82	81	1.86e-10	62.6	U-actitoxin-Avd3i OS=Anemonia viridis OX=51769 PE=3 SV=1
gaco00000000_1|species=Priacma_serrata|mature_len=67|n_cys=6	B1B5I8	sp|B1B5I8|VKT3_STIHA	51.724	58	25	1	2	59	23	77	67	81	87	2.22e-10	62.1	KappaPI-stichotoxin-Shd2a OS=Stichodactyla haddoni OX=475174 PE=1 SV=1
gaco00000000_1|species=Priacma_serrata|mature_len=67|n_cys=6	P0DN13	sp|P0DN13|VKT9_ANEVI	54.386	57	26	0	4	60	16	72	67	82	85	2.35e-10	62.1	U-actitoxin-Avd3l OS=Anemonia viridis OX=51769 PE=3 SV=1
gaco00000000_1|species=Priacma_serrata|mature_len=67|n_cys=6	B5KL37	sp|B5KL37|VKT6_CRYNI	47.541	61	29	1	1	61	26	83	67	83	91	2.61e-10	62.1	Kunitz-type serine protease inhibitor nigrescinin-6 OS=Cryptophis nigrescens OX=292442 PE=2 SV=1
gaco00000000_1|species=Priacma_serrata|mature_len=67|n_cys=6	P0DN11	sp|P0DN11|VKT7_ANEVI	64.286	42	15	0	18	59	30	71	67	82	63	3.03e-10	61.7	U-actitoxin-Avd3j OS=Anemonia viridis OX=51769 PE=3 SV=1
gaco00000000_1|species=Priacma_serrata|mature_len=67|n_cys=6	P10280	sp|P10280|VKT52_ANESU	55.556	54	21	1	6	59	5	55	67	62	81	3.59e-10	60.9	KappaPI-actitoxin-Avd3a OS=Anemonia sulcata OX=6108 PE=1 SV=2
gaco00000000_1|species=Priacma_serrata|mature_len=67|n_cys=6	D8KY58	sp|D8KY58|VKT_BOMTE	51.724	58	25	1	2	59	26	80	67	82	87	3.91e-10	61.3	Kunitz-type serine protease inhibitor Bt-KTI OS=Bombus terrestris OX=30195 PE=3 SV=1
gaco00000000_1|species=Priacma_serrata|mature_len=67|n_cys=6	P0DN14	sp|P0DN14|VKTA_ANEVI	55.556	54	21	1	6	59	21	71	67	82	81	4.55e-10	61.3	U-actitoxin-Avd3m OS=Anemonia viridis OX=51769 PE=3 SV=1
gaco00000000_1|species=Priacma_serrata|mature_len=67|n_cys=6	Q9TWF9	sp|Q9TWF9|VKT2_ANESU	54.902	51	23	0	10	60	6	56	67	58	76	5.51e-10	60.0	KappaPI-actitoxin-Avd3c OS=Anemonia sulcata OX=6108 PE=1 SV=1
gaco00000000_1|species=Priacma_serrata|mature_len=67|n_cys=6	E5AJX3	sp|E5AJX3|VKT_VIPNI	40.909	66	36	1	1	66	26	88	67	95	99	5.76e-10	60.9	Kunitz-type serine protease inhibitor ki-VN OS=Vipera nikolskii OX=1808362 PE=2 SV=1
gaco00000000_1|species=Priacma_serrata|mature_len=67|n_cys=6	Q90W99	sp|Q90W99|VKT3_PSETT	45.902	61	30	2	1	61	26	83	67	83	91	7.28e-10	60.4	Kunitz-type serine protease inhibitor textilinin-3 OS=Pseudonaja textilis textilis OX=169397 PE=2 SV=1
gaco00000000_1|species=Priacma_serrata|mature_len=67|n_cys=6	P0DN08	sp|P0DN08|VKT53_ANEVI	64.286	42	15	0	18	59	30	71	67	82	63	8.62e-10	60.4	KappaPI-actitoxin-Avd3e OS=Anemonia viridis OX=51769 PE=3 SV=1
gaco00000000_1|species=Priacma_serrata|mature_len=67|n_cys=6	P00991	sp|P00991|VKT1_VIPAA	47.458	59	28	2	3	61	28	83	67	90	88	8.95e-10	60.4	Kunitz-type serine protease inhibitor 1 OS=Vipera ammodytes ammodytes OX=8705 PE=1 SV=2
gaco00000000_1|species=Priacma_serrata|mature_len=67|n_cys=6	Q90W98	sp|Q90W98|VKT4_PSETT	45.763	59	29	1	3	61	28	83	67	83	88	1.02e-09	60.0	Kunitz-type serine protease inhibitor textilinin-4 OS=Pseudonaja textilis textilis OX=169397 PE=2 SV=1
gaco00000000_1|species=Priacma_serrata|mature_len=67|n_cys=6	P81548	sp|P81548|VKT2_ANTAF	52.632	57	27	0	5	61	1	57	67	58	85	1.02e-09	59.2	PI-actitoxin-Axm2b OS=Anthopleura aff. xanthogrammica OX=152178 PE=1 SV=1
gaco00000000_1|species=Priacma_serrata|mature_len=67|n_cys=6	P0DN12	sp|P0DN12|VKT8_ANEVI	52.632	57	27	0	4	60	16	72	67	82	85	1.02e-09	60.0	U-actitoxin-Avd3k OS=Anemonia viridis OX=51769 PE=3 SV=1
gaco00000000_1|species=Priacma_serrata|mature_len=67|n_cys=6	Q6ITB9	sp|Q6ITB9|VKT3_PSEAU	44.262	61	31	1	1	61	26	83	67	83	91	1.08e-09	60.0	Kunitz-type serine protease inhibitor mulgin-3 OS=Pseudechis australis OX=8670 PE=2 SV=1
gaco00000000_1|species=Priacma_serrata|mature_len=67|n_cys=6	A6MFL2	sp|A6MFL2|VKT2_DEMVE	42.623	61	32	1	1	61	26	83	67	83	91	1.42e-09	59.6	Kunitz-type serine protease inhibitor vestiginin-2 OS=Demansia vestigiata OX=412038 PE=2 SV=1
gdmj00000000_1|species=Hydroscapha_redfordi|mature_len=40|n_cys=6	P81602	sp|P81602|DEFB_AEDAE	85.000	40	6	0	1	40	59	98	40	98	100	1.36e-14	71.9	Defensin-B OS=Aedes aegypti OX=7159 GN=DEFB PE=1 SV=2
gdmj00000000_1|species=Hydroscapha_redfordi|mature_len=40|n_cys=6	P91793	sp|P91793|DEFA_AEDAE	82.500	40	7	0	1	40	59	98	40	98	100	8.11e-14	69.8	Defensin-A OS=Aedes aegypti OX=7159 GN=DEFA PE=1 SV=1
gdmj00000000_1|species=Hydroscapha_redfordi|mature_len=40|n_cys=6	P81603	sp|P81603|DEFC_AEDAE	80.000	40	8	0	1	40	60	99	40	99	100	1.54e-12	66.0	Defensin-C OS=Aedes aegypti OX=7159 GN=DEFC PE=1 SV=3
gdmj00000000_1|species=Hydroscapha_redfordi|mature_len=40|n_cys=6	P31530	sp|P31530|SAPC_SARPE	75.000	40	10	0	1	40	1	40	40	40	100	1.81e-12	63.4	Sapecin-C OS=Sarcophaga peregrina OX=7386 PE=1 SV=1
gdmj00000000_1|species=Hydroscapha_redfordi|mature_len=40|n_cys=6	C0HJX7	sp|C0HJX7|DEFI_CALVI	77.500	40	9	0	1	40	1	40	40	40	100	4.84e-12	62.1	Defensin OS=Calliphora vicina OX=7373 PE=1 SV=1
gdmj00000000_1|species=Hydroscapha_redfordi|mature_len=40|n_cys=6	P18313	sp|P18313|SAPE_SARPE	77.500	40	9	0	1	40	55	94	40	94	100	1.51e-11	63.0	Sapecin OS=Sarcophaga peregrina OX=7386 PE=1 SV=1
gdmj00000000_1|species=Hydroscapha_redfordi|mature_len=40|n_cys=6	P10891	sp|P10891|DEFI_PROTE	77.500	40	9	0	1	40	55	94	40	94	100	1.57e-11	63.0	Phormicin OS=Protophormia terraenovae OX=34676 PE=1 SV=2
gdmj00000000_1|species=Hydroscapha_redfordi|mature_len=40|n_cys=6	B3EWY5	sp|B3EWY5|LUCFE_LUCCU	72.500	40	11	0	1	40	1	40	40	40	100	1.76e-11	60.9	Lucifensin OS=Lucilia cuprina OX=7375 PE=1 SV=1
gdmj00000000_1|species=Hydroscapha_redfordi|mature_len=40|n_cys=6	P86471	sp|P86471|DEFLU_LUCSE	75.000	40	10	0	1	40	53	92	40	92	100	3.66e-11	62.1	Defensin Lucifensin OS=Lucilia sericata OX=13632 PE=1 SV=2
gdmj00000000_1|species=Hydroscapha_redfordi|mature_len=40|n_cys=6	P36192	sp|P36192|DEFI_DROME	72.500	40	11	0	1	40	53	92	40	92	100	3.75e-10	59.2	Defensin OS=Drosophila melanogaster OX=7227 GN=Def PE=1 SV=1
gdmj00000000_1|species=Hydroscapha_redfordi|mature_len=40|n_cys=6	P83404	sp|P83404|DEFI_PHLDU	69.231	39	12	0	1	39	59	97	40	98	98	4.38e-10	58.7	Defensin OS=Phlebotomus duboscqi OX=37738 PE=1 SV=3
gdmj00000000_1|species=Hydroscapha_redfordi|mature_len=40|n_cys=6	Q17027	sp|Q17027|DEFI_ANOGA	70.000	40	12	0	1	40	63	102	40	102	100	4.38e-09	55.8	Defensin OS=Anopheles gambiae OX=7165 GN=Def1 PE=1 SV=1
gdmj00000000_1|species=Hydroscapha_redfordi|mature_len=40|n_cys=6	O16137	sp|O16137|DEF2_STOCA	67.500	40	13	0	1	40	58	97	40	97	100	5.12e-09	55.8	Defensin-2 OS=Stomoxys calcitrans OX=35570 GN=SMD2 PE=1 SV=1
gdmj00000000_1|species=Hydroscapha_redfordi|mature_len=40|n_cys=6	Q5BU36	sp|Q5BU36|DEF_FORAQ	68.421	38	12	0	2	39	57	94	40	95	95	1.24e-08	54.5	Defensin OS=Formica aquilonia OX=258703 PE=3 SV=1
gdmj00000000_1|species=Hydroscapha_redfordi|mature_len=40|n_cys=6	O16136	sp|O16136|DEF1_STOCA	53.846	39	18	0	2	40	41	79	40	79	98	1.53e-07	51.5	Defensin-1 OS=Stomoxys calcitrans OX=35570 GN=SMD1 PE=3 SV=1
gdmj00000000_1|species=Hydroscapha_redfordi|mature_len=40|n_cys=6	A9XFZ7	sp|A9XFZ7|DEF_COPTR	65.909	44	8	3	2	40	39	80	40	80	98	3.62e-06	47.3	Defensin coprisin OS=Copris tripartitus OX=438892 PE=1 SV=1
gdmj00000000_1|species=Hydroscapha_redfordi|mature_len=40|n_cys=6	Q27023	sp|Q27023|DEFI_TENMO	55.814	43	15	1	1	39	42	84	40	84	98	1.59e-05	45.6	Tenecin-1 OS=Tenebrio molitor OX=7067 PE=1 SV=1
gdmj00000000_1|species=Hydroscapha_redfordi|mature_len=40|n_cys=6	P80033	sp|P80033|DEFA_ZOPAT	54.762	42	15	1	2	39	2	43	40	43	95	2.94e-05	43.9	Defensin, isoforms B and C OS=Zophobas atratus OX=7074 PE=1 SV=1
gdmj00000000_1|species=Hydroscapha_redfordi|mature_len=40|n_cys=6	P83669	sp|P83669|DEFA_ANOCP	60.465	43	12	2	2	40	2	43	40	43	98	3.04e-05	43.9	Defensin-A OS=Anomala cuprea OX=121601 PE=1 SV=1
gdmj00000000_1|species=Hydroscapha_redfordi|mature_len=40|n_cys=6	Q10745	sp|Q10745|DEFI_TRYDI	59.524	42	12	2	2	39	2	42	40	43	95	4.77e-05	43.5	Defensin OS=Trypoxylus dichotomus OX=273928 PE=1 SV=1
gdmj00000000_1|species=Hydroscapha_redfordi|mature_len=40|n_cys=6	P80407	sp|P80407|DEFI_PALPR	54.545	44	15	2	1	40	1	43	40	43	100	1.08e-04	42.2	Defensin OS=Palomena prasina OX=55431 PE=1 SV=1
gdmj00000000_1|species=Hydroscapha_redfordi|mature_len=40|n_cys=6	A0A3G5BIB4	sp|A0A3G5BIB4|ASC3A_DOLGE	55.263	38	13	1	2	39	35	68	40	69	95	1.23e-04	42.6	U-Asilidin(12)-Dg3a OS=Dolopus genitalis OX=2488630 PE=1 SV=1
gdmj00000000_1|species=Hydroscapha_redfordi|mature_len=40|n_cys=6	P83668	sp|P83668|DEFB_ANOCP	58.140	43	13	2	2	40	2	43	40	43	98	1.25e-04	42.2	Defensin-B OS=Anomala cuprea OX=121601 PE=1 SV=1
gdmj00000000_1|species=Hydroscapha_redfordi|mature_len=40|n_cys=6	O96049	sp|O96049|DEFI_ORYRH	62.791	43	9	3	2	39	38	78	40	79	95	2.35e-04	41.8	Defensin OS=Oryctes rhinoceros OX=72550 PE=1 SV=1
gdmj00000000_1|species=Hydroscapha_redfordi|mature_len=40|n_cys=6	Q7M426	sp|Q7M426|DEF1_HOLDI	55.814	43	14	2	2	40	2	43	40	43	98	2.49e-04	41.4	Holotricin-1 OS=Holotrichia diomphalia OX=33394 PE=1 SV=1
gdnw00000000_1|species=Cucujus_clavipes|mature_len=33|n_cys=4	P86733	sp|P86733|KCP_HALAI	72.727	22	6	0	1	22	95	116	33	126	67	5.07e-06	46.0	BPTI/Kunitz domain-containing protein (Fragment) OS=Haliotis asinina OX=109174 PE=1 SV=1
gdnw00000000_1|species=Cucujus_clavipes|mature_len=33|n_cys=4	P86733	sp|P86733|KCP_HALAI	63.636	22	8	0	1	22	39	60	33	126	67	0.008	36.7	BPTI/Kunitz domain-containing protein (Fragment) OS=Haliotis asinina OX=109174 PE=1 SV=1
gdnw00000000_1|species=Cucujus_clavipes|mature_len=33|n_cys=4	P83606	sp|P83606|BMTI6_RHIMP	69.565	23	7	0	1	23	260	282	33	291	70	3.98e-05	43.5	Kunitz-type serine protease inhibitor 6 (Fragment) OS=Rhipicephalus microplus OX=6941 PE=1 SV=2
gdnw00000000_1|species=Cucujus_clavipes|mature_len=33|n_cys=4	P83606	sp|P83606|BMTI6_RHIMP	70.000	20	6	0	4	23	35	54	33	291	61	0.009	36.7	Kunitz-type serine protease inhibitor 6 (Fragment) OS=Rhipicephalus microplus OX=6941 PE=1 SV=2
gdnw00000000_1|species=Cucujus_clavipes|mature_len=33|n_cys=4	P83606	sp|P83606|BMTI6_RHIMP	61.111	18	7	0	1	18	164	181	33	291	55	0.23	32.5	Kunitz-type serine protease inhibitor 6 (Fragment) OS=Rhipicephalus microplus OX=6941 PE=1 SV=2
gdnw00000000_1|species=Cucujus_clavipes|mature_len=33|n_cys=4	Q06481	sp|Q06481|APLP2_HUMAN	75.000	16	4	0	1	16	335	350	33	763	48	1.51e-04	41.8	Amyloid beta precursor like protein 2 OS=Homo sapiens OX=9606 GN=APLP2 PE=1 SV=2
gdnw00000000_1|species=Cucujus_clavipes|mature_len=33|n_cys=4	P15943	sp|P15943|APLP2_RAT	75.000	16	4	0	1	16	337	352	33	765	48	1.51e-04	41.8	Amyloid beta precursor like protein 2 OS=Rattus norvegicus OX=10116 GN=Aplp2 PE=1 SV=2
gdnw00000000_1|species=Cucujus_clavipes|mature_len=33|n_cys=4	B5L5Q1	sp|B5L5Q1|VKT7_PSETT	68.000	25	8	0	1	25	56	80	33	83	76	2.41e-04	41.4	Kunitz-type serine protease inhibitor textilinin-7 OS=Pseudonaja textilis textilis OX=169397 PE=3 SV=1
gdnw00000000_1|species=Cucujus_clavipes|mature_len=33|n_cys=4	Q90W99	sp|Q90W99|VKT3_PSETT	68.000	25	8	0	1	25	56	80	33	83	76	3.67e-04	40.5	Kunitz-type serine protease inhibitor textilinin-3 OS=Pseudonaja textilis textilis OX=169397 PE=2 SV=1
gdnw00000000_1|species=Cucujus_clavipes|mature_len=33|n_cys=4	P00993	sp|P00993|IBP_CARCR	73.684	19	5	0	4	22	36	54	33	110	58	5.47e-04	40.1	Chelonianin OS=Caretta caretta OX=8467 PE=1 SV=1
gdnw00000000_1|species=Cucujus_clavipes|mature_len=33|n_cys=4	P15989	sp|P15989|CO6A3_CHICK	65.217	23	8	0	1	23	3097	3119	33	3137	70	5.79e-04	40.1	Collagen alpha-3(VI) chain OS=Gallus gallus OX=9031 GN=COL6A3 PE=2 SV=2
gdnw00000000_1|species=Cucujus_clavipes|mature_len=33|n_cys=4	Q6NUX0	sp|Q6NUX0|WFKN_DANRE	61.905	21	8	0	4	24	399	419	33	558	64	6.72e-04	40.1	WAP, Kazal, immunoglobulin, Kunitz and NTR domain-containing protein OS=Danio rerio OX=7955 GN=wfikkn PE=2 SV=1
gdnw00000000_1|species=Cucujus_clavipes|mature_len=33|n_cys=4	F8J2F5	sp|F8J2F5|VKT87_DRYCN	59.375	32	9	1	1	32	56	83	33	83	97	7.40e-04	39.7	Kunitz-type serine protease inhibitor 87 OS=Drysdalia coronoides OX=66186 PE=1 SV=1
gdnw00000000_1|species=Cucujus_clavipes|mature_len=33|n_cys=4	B5L5Q6	sp|B5L5Q6|VKT5_OXYMI	66.667	24	8	0	1	24	56	79	33	79	73	7.64e-04	39.7	Kunitz-type serine protease inhibitor microlepidin-5 OS=Oxyuranus microlepidotus OX=111177 PE=3 SV=1
gdnw00000000_1|species=Cucujus_clavipes|mature_len=33|n_cys=4	B5KL27	sp|B5KL27|VKT3_OXYMI	66.667	24	8	0	1	24	56	79	33	83	73	8.47e-04	39.7	Kunitz-type serine protease inhibitor microlepidin-3 OS=Oxyuranus microlepidotus OX=111177 PE=2 SV=1
gdnw00000000_1|species=Cucujus_clavipes|mature_len=33|n_cys=4	B5KL29	sp|B5KL29|VKT3_OXYSC	66.667	24	8	0	1	24	56	79	33	83	73	8.75e-04	39.7	Kunitz-type serine protease inhibitor scutellin-3 OS=Oxyuranus scutellatus scutellatus OX=8667 PE=2 SV=1
gdnw00000000_1|species=Cucujus_clavipes|mature_len=33|n_cys=4	B5KL32	sp|B5KL32|VKT3_NOTSC	72.727	22	6	0	1	22	56	77	33	83	67	0.001	39.2	Kunitz-type serine protease inhibitor tigerin-3 OS=Notechis scutatus scutatus OX=70142 PE=2 SV=1
gdnw00000000_1|species=Cucujus_clavipes|mature_len=33|n_cys=4	Q6ITB2	sp|Q6ITB2|VKT2_NOTSC	66.667	24	8	0	1	24	56	79	33	83	73	0.001	39.2	Kunitz-type serine protease inhibitor tigerin-2 OS=Notechis scutatus scutatus OX=70142 PE=2 SV=1
gdnw00000000_1|species=Cucujus_clavipes|mature_len=33|n_cys=4	O43291	sp|O43291|SPIT2_HUMAN	60.870	23	5	1	4	22	66	88	33	252	58	0.001	39.2	Kunitz-type protease inhibitor 2 OS=Homo sapiens OX=9606 GN=SPINT2 PE=1 SV=2
gdnw00000000_1|species=Cucujus_clavipes|mature_len=33|n_cys=4	O43291	sp|O43291|SPIT2_HUMAN	50.000	18	9	0	1	18	158	175	33	252	55	4.0	29.1	Kunitz-type protease inhibitor 2 OS=Homo sapiens OX=9606 GN=SPINT2 PE=1 SV=2
gdnw00000000_1|species=Cucujus_clavipes|mature_len=33|n_cys=4	Q8R0S6	sp|Q8R0S6|WFKN1_MOUSE	66.667	21	5	2	4	23	391	410	33	552	61	0.001	39.2	WAP, Kazal, immunoglobulin, Kunitz and NTR domain-containing protein 1 OS=Mus musculus OX=10090 GN=Wfikkn1 PE=2 SV=2
gdnw00000000_1|species=Cucujus_clavipes|mature_len=33|n_cys=4	O95925	sp|O95925|EPPI_HUMAN	81.250	16	3	0	1	16	102	117	33	133	48	0.002	38.8	Eppin OS=Homo sapiens OX=9606 GN=EPPIN PE=1 SV=1
gdnw00000000_1|species=Cucujus_clavipes|mature_len=33|n_cys=4	B5KL39	sp|B5KL39|VKT2_AUSSU	72.727	22	6	0	1	22	56	77	33	83	67	0.002	38.8	Kunitz-type serine protease inhibitor superbin-2 OS=Austrelaps superbus OX=29156 PE=2 SV=1
gdnw00000000_1|species=Cucujus_clavipes|mature_len=33|n_cys=4	Q08E66	sp|Q08E66|WFKN2_BOVIN	65.000	20	7	0	4	23	412	431	33	574	61	0.002	38.8	WAP, Kazal, immunoglobulin, Kunitz and NTR domain-containing protein 2 OS=Bos taurus OX=9913 GN=WFIKKN2 PE=2 SV=1
gdnw00000000_1|species=Cucujus_clavipes|mature_len=33|n_cys=4	D8KY58	sp|D8KY58|VKT_BOMTE	65.217	23	8	0	1	23	55	77	33	82	70	0.002	38.4	Kunitz-type serine protease inhibitor Bt-KTI OS=Bombus terrestris OX=30195 PE=3 SV=1
gdnw00000000_1|species=Cucujus_clavipes|mature_len=33|n_cys=4	B5KL38	sp|B5KL38|VKT1_AUSSU	69.565	23	7	0	1	23	56	78	33	83	70	0.002	38.4	Kunitz-type serine protease inhibitor superbin-1 OS=Austrelaps superbus OX=29156 PE=2 SV=1
gdnw00000000_1|species=Cucujus_clavipes|mature_len=33|n_cys=4	B6ZIW0	sp|B6ZIW0|KUN_HAELO	69.565	23	7	0	1	23	46	68	33	141	70	0.002	38.4	Thrombin inhibitor hemalin OS=Haemaphysalis longicornis OX=44386 PE=2 SV=1
gdnw00000000_1|species=Cucujus_clavipes|mature_len=33|n_cys=4	B6ZIW0	sp|B6ZIW0|KUN_HAELO	56.522	23	10	0	1	23	114	136	33	141	70	0.78	31.2	Thrombin inhibitor hemalin OS=Haemaphysalis longicornis OX=44386 PE=2 SV=1
gdnw00000000_1|species=Cucujus_clavipes|mature_len=33|n_cys=4	Q6ITB1	sp|Q6ITB1|VKT_PSEPO	69.565	23	7	0	1	23	56	78	33	83	70	0.002	38.4	Kunitz-type serine protease inhibitor blackelin OS=Pseudechis porphyriacus OX=8671 PE=2 SV=1
gdnw00000000_1|species=Cucujus_clavipes|mature_len=33|n_cys=4	Q6ITB0	sp|Q6ITB0|VKT1_TROCA	69.565	23	7	0	1	23	56	78	33	83	70	0.002	38.4	Kunitz-type serine protease inhibitor carinatin-1 OS=Tropidechis carinatus OX=100989 PE=2 SV=1
lepiserica_sp_5|species=Lepiserica_sp|mature_len=49|n_cys=5	P0DMW7	sp|P0DMW7|VKT3B_ACTEQ	62.222	45	17	0	1	45	12	56	49	59	92	8.91e-13	66.8	PI-actitoxin-Aeq3b OS=Actinia equina OX=6106 PE=1 SV=1
lepiserica_sp_5|species=Lepiserica_sp|mature_len=49|n_cys=5	P0DMW6	sp|P0DMW6|VKT3A_ACTEQ	60.000	45	18	0	1	45	12	56	49	59	92	3.18e-12	65.1	PI-actitoxin-Aeq3a OS=Actinia equina OX=6106 PE=1 SV=1
lepiserica_sp_5|species=Lepiserica_sp|mature_len=49|n_cys=5	C8YJ94	sp|C8YJ94|KUN2_TABYA	63.043	46	17	0	1	46	31	76	49	76	94	5.82e-12	65.1	Tabkunin 2 OS=Tabanus yao OX=485572 PE=1 SV=1
lepiserica_sp_5|species=Lepiserica_sp|mature_len=49|n_cys=5	A0A6P8HC43	sp|A0A6P8HC43|ATPI1_ACTTE	60.000	45	18	0	1	45	237	281	49	285	92	8.29e-12	65.1	Actinia tenebrosa protease inhibitors OS=Actinia tenebrosa OX=6105 PE=1 SV=1
lepiserica_sp_5|species=Lepiserica_sp|mature_len=49|n_cys=5	A0A6P8HC43	sp|A0A6P8HC43|ATPI1_ACTTE	62.222	45	17	0	1	45	97	141	49	285	92	1.11e-11	64.7	Actinia tenebrosa protease inhibitors OS=Actinia tenebrosa OX=6105 PE=1 SV=1
lepiserica_sp_5|species=Lepiserica_sp|mature_len=49|n_cys=5	A0A6P8HC43	sp|A0A6P8HC43|ATPI1_ACTTE	60.000	45	18	0	1	45	167	211	49	285	92	1.72e-10	61.3	Actinia tenebrosa protease inhibitors OS=Actinia tenebrosa OX=6105 PE=1 SV=1
lepiserica_sp_5|species=Lepiserica_sp|mature_len=49|n_cys=5	A0A6P8HC43	sp|A0A6P8HC43|ATPI1_ACTTE	41.667	48	28	0	2	49	35	82	49	285	98	1.6	31.2	Actinia tenebrosa protease inhibitors OS=Actinia tenebrosa OX=6105 PE=1 SV=1
lepiserica_sp_5|species=Lepiserica_sp|mature_len=49|n_cys=5	A8Y7N9	sp|A8Y7N9|VKTC6_DABSI	57.778	45	19	0	2	46	38	82	49	96	92	2.03e-11	63.8	Kunitz-type serine protease inhibitor C6 OS=Daboia siamensis OX=343250 PE=2 SV=1
lepiserica_sp_5|species=Lepiserica_sp|mature_len=49|n_cys=5	C1IBY4	sp|C1IBY4|KUN1_TABYA	58.696	46	19	0	1	46	31	76	49	76	94	4.45e-11	62.6	Tabkunin 1 OS=Tabanus yao OX=485572 PE=3 SV=1
lepiserica_sp_5|species=Lepiserica_sp|mature_len=49|n_cys=5	Q2ES46	sp|Q2ES46|VKT5_DABRR	53.333	45	21	0	2	46	38	82	49	96	92	8.98e-11	62.1	Kunitz-type serine protease inhibitor 5 OS=Daboia russelii OX=8707 PE=2 SV=1
lepiserica_sp_5|species=Lepiserica_sp|mature_len=49|n_cys=5	C8YJ95	sp|C8YJ95|KUN3_TABYA	56.522	46	20	0	1	46	31	76	49	76	94	1.29e-10	61.3	Tabkunin 2 OS=Tabanus yao OX=485572 PE=1 SV=1
lepiserica_sp_5|species=Lepiserica_sp|mature_len=49|n_cys=5	Q2ES47	sp|Q2ES47|VKT4_DABRR	53.333	45	21	0	2	46	38	82	49	84	92	3.08e-10	60.4	Kunitz-type serine protease inhibitor 4 OS=Daboia russelii OX=8707 PE=2 SV=1
lepiserica_sp_5|species=Lepiserica_sp|mature_len=49|n_cys=5	P0DJ50	sp|P0DJ50|VKT31_OLIMR	65.000	40	14	0	2	41	33	72	49	81	82	3.19e-10	60.0	Kunitz-type serine protease inhibitor BmKTT-2 OS=Olivierus martensii OX=34649 PE=1 SV=2
lepiserica_sp_5|species=Lepiserica_sp|mature_len=49|n_cys=5	C0HLB2	sp|C0HLB2|VKT_PSEPC	56.818	44	19	0	2	45	14	57	49	68	90	4.20e-10	59.6	Kunitz-type serine protease inhibitor PPTI OS=Pseudocerastes persicus OX=47769 PE=1 SV=1
lepiserica_sp_5|species=Lepiserica_sp|mature_len=49|n_cys=5	Q90WA1	sp|Q90WA1|VKT1_PSETT	52.174	46	22	0	1	46	37	82	49	83	94	4.44e-10	59.6	Kunitz-type serine protease inhibitor textilinin-1 OS=Pseudonaja textilis textilis OX=169397 PE=1 SV=1
lepiserica_sp_5|species=Lepiserica_sp|mature_len=49|n_cys=5	C8YJ97	sp|C8YJ97|KUN5_TABYA	56.522	46	20	0	1	46	31	76	49	76	94	6.78e-10	59.2	Tabkunin 5 OS=Tabanus yao OX=485572 PE=3 SV=1
lepiserica_sp_5|species=Lepiserica_sp|mature_len=49|n_cys=5	Q6ITB5	sp|Q6ITB5|VKT1_OXYMI	52.174	46	22	0	1	46	37	82	49	83	94	7.63e-10	59.2	Kunitz-type serine protease inhibitor microlepidin-1 OS=Oxyuranus microlepidotus OX=111177 PE=2 SV=1
lepiserica_sp_5|species=Lepiserica_sp|mature_len=49|n_cys=5	Q08E66	sp|Q08E66|WFKN2_BOVIN	55.000	40	18	0	2	41	391	430	49	574	82	9.32e-10	59.2	WAP, Kazal, immunoglobulin, Kunitz and NTR domain-containing protein 2 OS=Bos taurus OX=9913 GN=WFIKKN2 PE=2 SV=1
lepiserica_sp_5|species=Lepiserica_sp|mature_len=49|n_cys=5	P0DMJ5	sp|P0DMJ5|VKT2E_RADCR	53.333	45	21	0	1	45	32	76	49	78	92	9.42e-10	58.7	PI-stichotoxin-Hcr2e OS=Radianthus crispa OX=3122430 PE=1 SV=1
lepiserica_sp_5|species=Lepiserica_sp|mature_len=49|n_cys=5	W4VSH9	sp|W4VSH9|VKT1_TRILK	51.111	45	22	0	1	45	34	78	49	176	92	9.52e-10	59.2	Kunitz-type U19-barytoxin-Tl1a OS=Trittame loki OX=1295018 PE=2 SV=2
lepiserica_sp_5|species=Lepiserica_sp|mature_len=49|n_cys=5	W4VSH9	sp|W4VSH9|VKT1_TRILK	50.000	46	23	0	1	46	112	157	49	176	94	3.18e-08	54.5	Kunitz-type U19-barytoxin-Tl1a OS=Trittame loki OX=1295018 PE=2 SV=2
lepiserica_sp_5|species=Lepiserica_sp|mature_len=49|n_cys=5	Q6ITB6	sp|Q6ITB6|VKT2_OXYSC	52.174	46	22	0	1	46	37	82	49	83	94	1.00e-09	58.7	Kunitz-type serine protease inhibitor scutellin-2 OS=Oxyuranus scutellatus scutellatus OX=8667 PE=2 SV=1
lepiserica_sp_5|species=Lepiserica_sp|mature_len=49|n_cys=5	Q6ITB4	sp|Q6ITB4|VKT2_OXYMI	52.174	46	22	0	1	46	37	82	49	83	94	1.00e-09	58.7	Kunitz-type serine protease inhibitor microlepidin-2 OS=Oxyuranus microlepidotus OX=111177 PE=2 SV=1
lepiserica_sp_5|species=Lepiserica_sp|mature_len=49|n_cys=5	C0HK74	sp|C0HK74|3CPI_HETMG	53.333	45	21	0	1	45	10	54	49	56	92	1.03e-09	57.9	PI-stichotoxin-Hmg3c OS=Heteractis magnifica OX=38281 PE=1 SV=1
lepiserica_sp_5|species=Lepiserica_sp|mature_len=49|n_cys=5	C0HJF3	sp|C0HJF3|VKT2D_RADCR	53.333	45	21	0	1	45	10	54	49	56	92	1.22e-09	57.9	TauPI-stichotoxin-Hcr2d OS=Radianthus crispa OX=3122430 PE=1 SV=1
lepiserica_sp_5|species=Lepiserica_sp|mature_len=49|n_cys=5	B6RLX2	sp|B6RLX2|VKTCT_OPHHA	59.091	44	18	0	2	45	38	81	49	83	90	1.26e-09	58.3	Kunitz-type serine protease inhibitor TCI OS=Ophiophagus hannah OX=8665 PE=1 SV=1
lepiserica_sp_5|species=Lepiserica_sp|mature_len=49|n_cys=5	Q9TWF8	sp|Q9TWF8|VKT3_ANESU	52.174	46	22	0	1	46	11	56	49	59	94	1.44e-09	57.9	KappaPI-actitoxin-Avd3d OS=Anemonia sulcata OX=6108 PE=1 SV=1
lepiserica_sp_5|species=Lepiserica_sp|mature_len=49|n_cys=5	Q90WA0	sp|Q90WA0|VKT2_PSETT	50.000	46	23	0	1	46	37	82	49	83	94	1.52e-09	58.3	Kunitz-type serine protease inhibitor textilinin-2 OS=Pseudonaja textilis textilis OX=169397 PE=1 SV=1
lepiserica_sp_5|species=Lepiserica_sp|mature_len=49|n_cys=5	B7S4N9	sp|B7S4N9|VKT_OXYSC	54.545	44	20	0	2	45	38	81	49	88	90	1.65e-09	58.3	Kunitz-type serine protease inhibitor taicotoxin OS=Oxyuranus scutellatus scutellatus OX=8667 PE=1 SV=1
srr19974962_1|species=Sitophilus_oryzae|mature_len=36|n_cys=4	B5KL29	sp|B5KL29|VKT3_OXYSC	54.167	24	11	0	1	24	55	78	36	83	67	0.062	34.6	Kunitz-type serine protease inhibitor scutellin-3 OS=Oxyuranus scutellatus scutellatus OX=8667 PE=2 SV=1
srr19974962_1|species=Sitophilus_oryzae|mature_len=36|n_cys=4	P0DN06	sp|P0DN06|VKT1A_ANEVI	58.333	24	10	0	1	24	45	68	36	82	67	0.097	33.7	U-actitoxin-Avd3f OS=Anemonia viridis OX=51769 PE=3 SV=1
srr19974962_1|species=Sitophilus_oryzae|mature_len=36|n_cys=4	Q9TWG0	sp|Q9TWG0|VKT1_ANESU	58.333	24	10	0	1	24	29	52	36	58	67	0.10	33.7	KappaPI-actitoxin-Avd3b OS=Anemonia sulcata OX=6108 PE=1 SV=1
srr19974962_1|species=Sitophilus_oryzae|mature_len=36|n_cys=4	P0DN11	sp|P0DN11|VKT7_ANEVI	58.333	24	10	0	1	24	45	68	36	82	67	0.10	33.7	U-actitoxin-Avd3j OS=Anemonia viridis OX=51769 PE=3 SV=1
srr19974962_1|species=Sitophilus_oryzae|mature_len=36|n_cys=4	P0DN10	sp|P0DN10|VKT6_ANEVI	58.333	24	10	0	1	24	45	68	36	82	67	0.11	33.7	U-actitoxin-Avd3i OS=Anemonia viridis OX=51769 PE=3 SV=1
srr19974962_1|species=Sitophilus_oryzae|mature_len=36|n_cys=4	P0DN14	sp|P0DN14|VKTA_ANEVI	58.333	24	10	0	1	24	45	68	36	82	67	0.11	33.7	U-actitoxin-Avd3m OS=Anemonia viridis OX=51769 PE=3 SV=1
srr19974962_1|species=Sitophilus_oryzae|mature_len=36|n_cys=4	P0DN09	sp|P0DN09|VKT5_ANEVI	58.333	24	10	0	1	24	45	68	36	82	67	0.12	33.7	U-actitoxin-Avd3h OS=Anemonia viridis OX=51769 PE=3 SV=1
srr19974962_1|species=Sitophilus_oryzae|mature_len=36|n_cys=4	Q868Z9	sp|Q868Z9|PPN_DROME	62.500	24	9	0	1	24	1814	1837	36	2898	67	0.23	32.9	Papilin OS=Drosophila melanogaster OX=7227 GN=Ppn PE=1 SV=2
srr19974962_1|species=Sitophilus_oryzae|mature_len=36|n_cys=4	B5L5Q1	sp|B5L5Q1|VKT7_PSETT	54.167	24	11	0	1	24	55	78	36	83	67	0.25	32.5	Kunitz-type serine protease inhibitor textilinin-7 OS=Pseudonaja textilis textilis OX=169397 PE=3 SV=1
srr19974962_1|species=Sitophilus_oryzae|mature_len=36|n_cys=4	P81902	sp|P81902|CSTI_BOMMO	54.167	24	11	0	1	24	28	51	36	55	67	0.28	32.5	Trypsin inhibitor OS=Bombyx mori OX=7091 PE=1 SV=1
srr19974962_1|species=Sitophilus_oryzae|mature_len=36|n_cys=4	B5KL27	sp|B5KL27|VKT3_OXYMI	54.167	24	11	0	1	24	55	78	36	83	67	0.30	32.5	Kunitz-type serine protease inhibitor microlepidin-3 OS=Oxyuranus microlepidotus OX=111177 PE=2 SV=1
srr19974962_1|species=Sitophilus_oryzae|mature_len=36|n_cys=4	B5L5Q6	sp|B5L5Q6|VKT5_OXYMI	54.167	24	11	0	1	24	55	78	36	79	67	0.30	32.5	Kunitz-type serine protease inhibitor microlepidin-5 OS=Oxyuranus microlepidotus OX=111177 PE=3 SV=1
srr19974962_1|species=Sitophilus_oryzae|mature_len=36|n_cys=4	C8YJ95	sp|C8YJ95|KUN3_TABYA	56.522	23	10	0	1	23	49	71	36	76	64	0.35	32.0	Tabkunin 2 OS=Tabanus yao OX=485572 PE=1 SV=1
srr19974962_1|species=Sitophilus_oryzae|mature_len=36|n_cys=4	P00992	sp|P00992|VKT3_VIPAA	41.667	36	17	1	1	36	55	86	36	93	100	0.35	32.5	Kunitz-type serine protease inhibitor 3 OS=Vipera ammodytes ammodytes OX=8705 PE=1 SV=2
srr19974962_1|species=Sitophilus_oryzae|mature_len=36|n_cys=4	Q90W96	sp|Q90W96|VKT6_PSETT	50.000	24	12	0	1	24	55	78	36	83	67	0.48	31.6	Kunitz-type serine protease inhibitor textilinin-6 OS=Pseudonaja textilis textilis OX=169397 PE=2 SV=1
srr19974962_1|species=Sitophilus_oryzae|mature_len=36|n_cys=4	A6MFL1	sp|A6MFL1|VKT1_DEMVE	52.174	23	11	0	1	23	55	77	36	83	64	0.48	31.6	Kunitz-type serine protease inhibitor vestiginin-1 OS=Demansia vestigiata OX=412038 PE=2 SV=1
srr19974962_1|species=Sitophilus_oryzae|mature_len=36|n_cys=4	P0DN19	sp|P0DN19|VKTF_ANEVI	58.333	24	10	0	1	24	35	58	36	72	67	0.49	31.6	U-actitoxin-Avd3r (Fragment) OS=Anemonia viridis OX=51769 PE=2 SV=1
srr19974962_1|species=Sitophilus_oryzae|mature_len=36|n_cys=4	A6MFL2	sp|A6MFL2|VKT2_DEMVE	52.174	23	11	0	1	23	55	77	36	83	64	0.51	31.6	Kunitz-type serine protease inhibitor vestiginin-2 OS=Demansia vestigiata OX=412038 PE=2 SV=1
srr19974962_1|species=Sitophilus_oryzae|mature_len=36|n_cys=4	P0DN17	sp|P0DN17|VKTD_ANEVI	58.333	24	10	0	1	24	45	68	36	82	67	0.58	31.6	U-actitoxin-Avd3p OS=Anemonia viridis OX=51769 PE=3 SV=1
srr19974962_1|species=Sitophilus_oryzae|mature_len=36|n_cys=4	A6MGX9	sp|A6MGX9|VKT5_DEMVE	54.545	22	10	0	2	23	56	77	36	83	61	0.62	31.6	Kunitz-type serine protease inhibitor vestiginin-5 OS=Demansia vestigiata OX=412038 PE=2 SV=1
srr19974962_1|species=Sitophilus_oryzae|mature_len=36|n_cys=4	C1IBY4	sp|C1IBY4|KUN1_TABYA	56.522	23	10	0	1	23	49	71	36	76	64	0.71	31.2	Tabkunin 1 OS=Tabanus yao OX=485572 PE=3 SV=1
srr19974962_1|species=Sitophilus_oryzae|mature_len=36|n_cys=4	P83606	sp|P83606|BMTI6_RHIMP	56.522	23	10	0	2	24	260	282	36	291	64	0.77	31.6	Kunitz-type serine protease inhibitor 6 (Fragment) OS=Rhipicephalus microplus OX=6941 PE=1 SV=2
srr19974962_1|species=Sitophilus_oryzae|mature_len=36|n_cys=4	C8YJ94	sp|C8YJ94|KUN2_TABYA	56.522	23	10	0	1	23	49	71	36	76	64	0.90	31.2	Tabkunin 2 OS=Tabanus yao OX=485572 PE=1 SV=1
srr19974962_1|species=Sitophilus_oryzae|mature_len=36|n_cys=4	B5KL28	sp|B5KL28|VKT4_OXYMI	54.167	24	11	0	1	24	55	78	36	83	67	1.1	30.8	Kunitz-type serine protease inhibitor microlepidin-4 OS=Oxyuranus microlepidotus OX=111177 PE=2 SV=1
srr19974962_1|species=Sitophilus_oryzae|mature_len=36|n_cys=4	P81906	sp|P81906|ISPI2_GALME	52.174	23	11	0	1	23	29	51	36	52	64	1.1	30.8	Inducible serine protease inhibitor 2 (Fragment) OS=Galleria mellonella OX=7137 PE=1 SV=1
gdmq00000000_1|species=Sitophilus_zeamais|mature_len=36|n_cys=4	B5KL29	sp|B5KL29|VKT3_OXYSC	54.167	24	11	0	1	24	55	78	36	83	67	0.077	34.1	Kunitz-type serine protease inhibitor scutellin-3 OS=Oxyuranus scutellatus scutellatus OX=8667 PE=2 SV=1
gdmq00000000_1|species=Sitophilus_zeamais|mature_len=36|n_cys=4	P0DN06	sp|P0DN06|VKT1A_ANEVI	58.333	24	10	0	1	24	45	68	36	82	67	0.11	33.7	U-actitoxin-Avd3f OS=Anemonia viridis OX=51769 PE=3 SV=1
gdmq00000000_1|species=Sitophilus_zeamais|mature_len=36|n_cys=4	Q9TWG0	sp|Q9TWG0|VKT1_ANESU	58.333	24	10	0	1	24	29	52	36	58	67	0.11	33.7	KappaPI-actitoxin-Avd3b OS=Anemonia sulcata OX=6108 PE=1 SV=1
gdmq00000000_1|species=Sitophilus_zeamais|mature_len=36|n_cys=4	P0DN10	sp|P0DN10|VKT6_ANEVI	58.333	24	10	0	1	24	45	68	36	82	67	0.12	33.7	U-actitoxin-Avd3i OS=Anemonia viridis OX=51769 PE=3 SV=1
gdmq00000000_1|species=Sitophilus_zeamais|mature_len=36|n_cys=4	P0DN14	sp|P0DN14|VKTA_ANEVI	58.333	24	10	0	1	24	45	68	36	82	67	0.12	33.7	U-actitoxin-Avd3m OS=Anemonia viridis OX=51769 PE=3 SV=1
gdmq00000000_1|species=Sitophilus_zeamais|mature_len=36|n_cys=4	P0DN11	sp|P0DN11|VKT7_ANEVI	58.333	24	10	0	1	24	45	68	36	82	67	0.12	33.7	U-actitoxin-Avd3j OS=Anemonia viridis OX=51769 PE=3 SV=1
gdmq00000000_1|species=Sitophilus_zeamais|mature_len=36|n_cys=4	P0DN09	sp|P0DN09|VKT5_ANEVI	58.333	24	10	0	1	24	45	68	36	82	67	0.13	33.3	U-actitoxin-Avd3h OS=Anemonia viridis OX=51769 PE=3 SV=1
gdmq00000000_1|species=Sitophilus_zeamais|mature_len=36|n_cys=4	Q02445	sp|Q02445|TFPI1_RAT	48.485	33	13	1	1	33	77	105	36	302	92	0.20	33.3	Tissue factor pathway inhibitor OS=Rattus norvegicus OX=10116 GN=Tfpi PE=2 SV=1
gdmq00000000_1|species=Sitophilus_zeamais|mature_len=36|n_cys=4	Q02445	sp|Q02445|TFPI1_RAT	56.522	23	10	0	1	23	148	170	36	302	64	4.1	29.1	Tissue factor pathway inhibitor OS=Rattus norvegicus OX=10116 GN=Tfpi PE=2 SV=1
gdmq00000000_1|species=Sitophilus_zeamais|mature_len=36|n_cys=4	Q868Z9	sp|Q868Z9|PPN_DROME	62.500	24	9	0	1	24	1814	1837	36	2898	67	0.23	32.9	Papilin OS=Drosophila melanogaster OX=7227 GN=Ppn PE=1 SV=2
gdmq00000000_1|species=Sitophilus_zeamais|mature_len=36|n_cys=4	B5L5Q1	sp|B5L5Q1|VKT7_PSETT	54.167	24	11	0	1	24	55	78	36	83	67	0.29	32.5	Kunitz-type serine protease inhibitor textilinin-7 OS=Pseudonaja textilis textilis OX=169397 PE=3 SV=1
gdmq00000000_1|species=Sitophilus_zeamais|mature_len=36|n_cys=4	P81902	sp|P81902|CSTI_BOMMO	54.167	24	11	0	1	24	28	51	36	55	67	0.31	32.0	Trypsin inhibitor OS=Bombyx mori OX=7091 PE=1 SV=1
gdmq00000000_1|species=Sitophilus_zeamais|mature_len=36|n_cys=4	B5L5Q6	sp|B5L5Q6|VKT5_OXYMI	54.167	24	11	0	1	24	55	78	36	79	67	0.37	32.0	Kunitz-type serine protease inhibitor microlepidin-5 OS=Oxyuranus microlepidotus OX=111177 PE=3 SV=1
gdmq00000000_1|species=Sitophilus_zeamais|mature_len=36|n_cys=4	B5KL27	sp|B5KL27|VKT3_OXYMI	54.167	24	11	0	1	24	55	78	36	83	67	0.37	32.0	Kunitz-type serine protease inhibitor microlepidin-3 OS=Oxyuranus microlepidotus OX=111177 PE=2 SV=1
gdmq00000000_1|species=Sitophilus_zeamais|mature_len=36|n_cys=4	C8YJ95	sp|C8YJ95|KUN3_TABYA	56.522	23	10	0	1	23	49	71	36	76	64	0.39	32.0	Tabkunin 2 OS=Tabanus yao OX=485572 PE=1 SV=1
gdmq00000000_1|species=Sitophilus_zeamais|mature_len=36|n_cys=4	A6MFL1	sp|A6MFL1|VKT1_DEMVE	52.174	23	11	0	1	23	55	77	36	83	64	0.52	31.6	Kunitz-type serine protease inhibitor vestiginin-1 OS=Demansia vestigiata OX=412038 PE=2 SV=1
gdmq00000000_1|species=Sitophilus_zeamais|mature_len=36|n_cys=4	P0DN19	sp|P0DN19|VKTF_ANEVI	58.333	24	10	0	1	24	35	58	36	72	67	0.52	31.6	U-actitoxin-Avd3r (Fragment) OS=Anemonia viridis OX=51769 PE=2 SV=1
gdmq00000000_1|species=Sitophilus_zeamais|mature_len=36|n_cys=4	A6MFL2	sp|A6MFL2|VKT2_DEMVE	52.174	23	11	0	1	23	55	77	36	83	64	0.55	31.6	Kunitz-type serine protease inhibitor vestiginin-2 OS=Demansia vestigiata OX=412038 PE=2 SV=1
gdmq00000000_1|species=Sitophilus_zeamais|mature_len=36|n_cys=4	Q90W96	sp|Q90W96|VKT6_PSETT	50.000	24	12	0	1	24	55	78	36	83	67	0.58	31.6	Kunitz-type serine protease inhibitor textilinin-6 OS=Pseudonaja textilis textilis OX=169397 PE=2 SV=1
gdmq00000000_1|species=Sitophilus_zeamais|mature_len=36|n_cys=4	P0DN17	sp|P0DN17|VKTD_ANEVI	58.333	24	10	0	1	24	45	68	36	82	67	0.61	31.6	U-actitoxin-Avd3p OS=Anemonia viridis OX=51769 PE=3 SV=1
gdmq00000000_1|species=Sitophilus_zeamais|mature_len=36|n_cys=4	A6MGX9	sp|A6MGX9|VKT5_DEMVE	54.545	22	10	0	2	23	56	77	36	83	61	0.66	31.6	Kunitz-type serine protease inhibitor vestiginin-5 OS=Demansia vestigiata OX=412038 PE=2 SV=1
gdmq00000000_1|species=Sitophilus_zeamais|mature_len=36|n_cys=4	C1IBY4	sp|C1IBY4|KUN1_TABYA	56.522	23	10	0	1	23	49	71	36	76	64	0.81	31.2	Tabkunin 1 OS=Tabanus yao OX=485572 PE=3 SV=1
gdmq00000000_1|species=Sitophilus_zeamais|mature_len=36|n_cys=4	P83606	sp|P83606|BMTI6_RHIMP	56.522	23	10	0	2	24	260	282	36	291	64	0.86	31.2	Kunitz-type serine protease inhibitor 6 (Fragment) OS=Rhipicephalus microplus OX=6941 PE=1 SV=2
gdmq00000000_1|species=Sitophilus_zeamais|mature_len=36|n_cys=4	C8YJ94	sp|C8YJ94|KUN2_TABYA	56.522	23	10	0	1	23	49	71	36	76	64	0.98	30.8	Tabkunin 2 OS=Tabanus yao OX=485572 PE=1 SV=1
gdmq00000000_1|species=Sitophilus_zeamais|mature_len=36|n_cys=4	P00992	sp|P00992|VKT3_VIPAA	38.889	36	18	1	1	36	55	86	36	93	100	1.0	30.8	Kunitz-type serine protease inhibitor 3 OS=Vipera ammodytes ammodytes OX=8705 PE=1 SV=2
gdmq00000000_1|species=Sitophilus_zeamais|mature_len=36|n_cys=4	P81906	sp|P81906|ISPI2_GALME	52.174	23	11	0	1	23	29	51	36	52	64	1.0	30.8	Inducible serine protease inhibitor 2 (Fragment) OS=Galleria mellonella OX=7137 PE=1 SV=1
gjbk00000000_1|species=Catharsius_molossus|mature_len=42|n_cys=7	A0A6B9KZ59	sp|A0A6B9KZ59|PI21_PLARH	53.659	41	18	1	1	40	51	91	42	139	95	3.43e-04	41.8	U-reduvitoxin-Pr21 OS=Platymeris rhadamanthus OX=1134088 PE=1 SV=1
gjbk00000000_1|species=Catharsius_molossus|mature_len=42|n_cys=7	P80060	sp|P80060|LCM_LOCMI	59.375	32	13	0	10	41	60	91	42	92	76	8.26e-04	40.5	Protease inhibitors OS=Locusta migratoria OX=7004 PE=1 SV=2
gjbk00000000_1|species=Catharsius_molossus|mature_len=42|n_cys=7	O46162	sp|O46162|SGP1_SCHGR	61.290	31	12	0	9	39	59	89	42	92	74	0.002	39.7	Serine protease inhibitor I/II OS=Schistocerca gregaria OX=7010 PE=1 SV=1
gjbk00000000_1|species=Catharsius_molossus|mature_len=42|n_cys=7	A0A6B9L3M7	sp|A0A6B9L3M7|PI12A_PLARH	56.250	32	14	0	10	41	62	93	42	96	76	0.026	36.3	U-reduvitoxin-Pr12a OS=Platymeris rhadamanthus OX=1134088 PE=1 SV=1
gjbk00000000_1|species=Catharsius_molossus|mature_len=42|n_cys=7	B3A0N9	sp|B3A0N9|MSPI2_MELSA	61.290	31	11	1	10	39	4	34	42	36	71	0.030	35.0	Serine protease inhibitor 2 OS=Melanoplus sanguinipes OX=65742 PE=1 SV=1
gjbk00000000_1|species=Catharsius_molossus|mature_len=42|n_cys=7	A0A7M6UNN1	sp|A0A7M6UNN1|PISP_NASVI	43.333	30	17	0	10	39	48	77	42	80	71	0.067	35.0	Small pacifastin protease inhibitor OS=Nasonia vitripennis OX=7425 PE=2 SV=1
gjbk00000000_1|species=Catharsius_molossus|mature_len=42|n_cys=7	A0A6B9KZ89	sp|A0A6B9KZ89|PI10A_PLARH	43.590	39	20	1	4	40	59	97	42	97	88	0.22	33.3	U-reduvitoxin-Pr10a OS=Platymeris rhadamanthus OX=1134088 PE=1 SV=1
gjbk00000000_1|species=Catharsius_molossus|mature_len=42|n_cys=7	A0A6B9KZ79	sp|A0A6B9KZ79|PI11A_PLARH	44.186	43	21	2	1	40	55	97	42	97	95	0.60	32.0	U-reduvitoxin-Pr11a OS=Platymeris rhadamanthus OX=1134088 PE=1 SV=1
gjbk00000000_1|species=Catharsius_molossus|mature_len=42|n_cys=7	O43085	sp|O43085|DSC1_SCHPO	76.923	13	2	1	14	25	625	637	42	695	29	0.93	31.6	DSC E3 ubiquitin ligase complex subunit 1 OS=Schizosaccharomyces pombe (strain 972 / ATCC 24843) OX=284812 GN=dsc1 PE=1 SV=2
ocypus_brunnipes_1|species=Ocypus_brunnipes|mature_len=40|n_cys=7	A0A6B9KZ59	sp|A0A6B9KZ59|PI21_PLARH	70.968	31	9	0	10	40	61	91	40	139	78	1.11e-05	46.0	U-reduvitoxin-Pr21 OS=Platymeris rhadamanthus OX=1134088 PE=1 SV=1
ocypus_brunnipes_1|species=Ocypus_brunnipes|mature_len=40|n_cys=7	P80060	sp|P80060|LCM_LOCMI	67.647	34	11	0	6	39	56	89	40	92	85	1.31e-05	45.6	Protease inhibitors OS=Locusta migratoria OX=7004 PE=1 SV=2
ocypus_brunnipes_1|species=Ocypus_brunnipes|mature_len=40|n_cys=7	O46162	sp|O46162|SGP1_SCHGR	67.647	34	11	0	6	39	56	89	40	92	85	1.86e-05	45.2	Serine protease inhibitor I/II OS=Schistocerca gregaria OX=7010 PE=1 SV=1
ocypus_brunnipes_1|species=Ocypus_brunnipes|mature_len=40|n_cys=7	O46162	sp|O46162|SGP1_SCHGR	54.545	33	14	1	7	39	20	51	40	92	83	5.1	29.1	Serine protease inhibitor I/II OS=Schistocerca gregaria OX=7010 PE=1 SV=1
ocypus_brunnipes_1|species=Ocypus_brunnipes|mature_len=40|n_cys=7	A0A6B9KZ79	sp|A0A6B9KZ79|PI11A_PLARH	64.103	39	12	1	4	40	59	97	40	97	93	2.02e-05	45.2	U-reduvitoxin-Pr11a OS=Platymeris rhadamanthus OX=1134088 PE=1 SV=1
ocypus_brunnipes_1|species=Ocypus_brunnipes|mature_len=40|n_cys=7	Q9HC84	sp|Q9HC84|MUC5B_HUMAN	73.684	19	5	0	7	25	861	879	40	5762	48	9.21e-05	43.5	Mucin-5B OS=Homo sapiens OX=9606 GN=MUC5B PE=1 SV=3
ocypus_brunnipes_1|species=Ocypus_brunnipes|mature_len=40|n_cys=7	A0A6B9KZ89	sp|A0A6B9KZ89|PI10A_PLARH	56.410	39	15	1	4	40	59	97	40	97	93	2.95e-04	41.8	U-reduvitoxin-Pr10a OS=Platymeris rhadamanthus OX=1134088 PE=1 SV=1
ocypus_brunnipes_1|species=Ocypus_brunnipes|mature_len=40|n_cys=7	A0A6B9L3M7	sp|A0A6B9L3M7|PI12A_PLARH	61.290	31	12	0	10	40	62	92	40	96	78	0.009	37.5	U-reduvitoxin-Pr12a OS=Platymeris rhadamanthus OX=1134088 PE=1 SV=1
ocypus_brunnipes_1|species=Ocypus_brunnipes|mature_len=40|n_cys=7	B3A0N9	sp|B3A0N9|MSPI2_MELSA	58.824	34	13	1	7	39	1	34	40	36	83	0.044	34.6	Serine protease inhibitor 2 OS=Melanoplus sanguinipes OX=65742 PE=1 SV=1
ocypus_brunnipes_1|species=Ocypus_brunnipes|mature_len=40|n_cys=7	Q28295	sp|Q28295|VWF_CANLF	78.571	14	3	0	12	25	838	851	40	2813	35	0.20	33.7	von Willebrand factor OS=Canis lupus familiaris OX=9615 GN=VWF PE=1 SV=2
ocypus_brunnipes_1|species=Ocypus_brunnipes|mature_len=40|n_cys=7	Q28833	sp|Q28833|VWF_PIG	78.571	14	3	0	12	25	512	525	40	2482	35	0.24	33.3	von Willebrand factor (Fragment) OS=Sus scrofa OX=9823 GN=VWF PE=2 SV=2
ocypus_brunnipes_1|species=Ocypus_brunnipes|mature_len=40|n_cys=7	A0A7M6UNN1	sp|A0A7M6UNN1|PISP_NASVI	46.667	30	16	0	10	39	48	77	40	80	75	0.31	32.9	Small pacifastin protease inhibitor OS=Nasonia vitripennis OX=7425 PE=2 SV=1
ocypus_brunnipes_1|species=Ocypus_brunnipes|mature_len=40|n_cys=7	Q8T0W2	sp|Q8T0W2|CVP4_PIMHY	47.368	38	18	1	4	39	144	181	40	203	90	1.1	31.2	Pacifastin-like protease inhibitor cvp4 OS=Pimpla hypochondriaca OX=135724 PE=1 SV=1
ocypus_brunnipes_1|species=Ocypus_brunnipes|mature_len=40|n_cys=7	P37173	sp|P37173|TGFR2_HUMAN	61.111	18	3	1	11	28	128	141	40	567	45	4.0	29.5	TGF-beta receptor type-2 OS=Homo sapiens OX=9606 GN=TGFBR2 PE=1 SV=2
ocypus_brunnipes_1|species=Ocypus_brunnipes|mature_len=40|n_cys=7	P04275	sp|P04275|VWF_HUMAN	71.429	14	4	0	12	25	838	851	40	2813	35	5.8	29.1	von Willebrand factor OS=Homo sapiens OX=9606 GN=VWF PE=1 SV=4
ocypus_brunnipes_1|species=Ocypus_brunnipes|mature_len=40|n_cys=7	Q98UI9	sp|Q98UI9|MUC5B_CHICK	70.588	17	5	0	10	26	834	850	40	2108	43	6.3	29.1	Mucin-5B OS=Gallus gallus OX=9031 GN=MUC5B PE=1 SV=1
serica_brunnea_1|species=Serica_brunnea|mature_len=61|n_cys=6	C8YJ94	sp|C8YJ94|KUN2_TABYA	60.000	55	22	0	4	58	22	76	61	76	90	4.18e-16	78.3	Tabkunin 2 OS=Tabanus yao OX=485572 PE=1 SV=1
serica_brunnea_1|species=Serica_brunnea|mature_len=61|n_cys=6	C1IBY4	sp|C1IBY4|KUN1_TABYA	56.364	55	24	0	4	58	22	76	61	76	90	3.33e-15	75.7	Tabkunin 1 OS=Tabanus yao OX=485572 PE=3 SV=1
serica_brunnea_1|species=Serica_brunnea|mature_len=61|n_cys=6	C8YJ95	sp|C8YJ95|KUN3_TABYA	54.545	55	25	0	4	58	22	76	61	76	90	1.17e-14	74.0	Tabkunin 2 OS=Tabanus yao OX=485572 PE=1 SV=1
serica_brunnea_1|species=Serica_brunnea|mature_len=61|n_cys=6	P0DMW7	sp|P0DMW7|VKT3B_ACTEQ	57.143	56	24	0	2	57	1	56	61	59	92	2.93e-14	71.9	PI-actitoxin-Aeq3b OS=Actinia equina OX=6106 PE=1 SV=1
serica_brunnea_1|species=Serica_brunnea|mature_len=61|n_cys=6	A0A6P8HC43	sp|A0A6P8HC43|ATPI1_ACTTE	57.143	56	24	0	2	57	156	211	61	285	92	5.18e-14	73.2	Actinia tenebrosa protease inhibitors OS=Actinia tenebrosa OX=6105 PE=1 SV=1
serica_brunnea_1|species=Serica_brunnea|mature_len=61|n_cys=6	A0A6P8HC43	sp|A0A6P8HC43|ATPI1_ACTTE	55.357	56	25	0	2	57	226	281	61	285	92	3.06e-13	71.0	Actinia tenebrosa protease inhibitors OS=Actinia tenebrosa OX=6105 PE=1 SV=1
serica_brunnea_1|species=Serica_brunnea|mature_len=61|n_cys=6	A0A6P8HC43	sp|A0A6P8HC43|ATPI1_ACTTE	53.571	56	26	0	2	57	86	141	61	285	92	1.24e-12	68.9	Actinia tenebrosa protease inhibitors OS=Actinia tenebrosa OX=6105 PE=1 SV=1
serica_brunnea_1|species=Serica_brunnea|mature_len=61|n_cys=6	A0A6P8HC43	sp|A0A6P8HC43|ATPI1_ACTTE	40.000	55	33	0	7	61	28	82	61	285	90	0.14	35.4	Actinia tenebrosa protease inhibitors OS=Actinia tenebrosa OX=6105 PE=1 SV=1
serica_brunnea_1|species=Serica_brunnea|mature_len=61|n_cys=6	C8YJ97	sp|C8YJ97|KUN5_TABYA	54.545	55	25	0	4	58	22	76	61	76	90	7.55e-14	71.9	Tabkunin 5 OS=Tabanus yao OX=485572 PE=3 SV=1
serica_brunnea_1|species=Serica_brunnea|mature_len=61|n_cys=6	P0DMW6	sp|P0DMW6|VKT3A_ACTEQ	55.357	56	25	0	2	57	1	56	61	59	92	7.82e-14	70.6	PI-actitoxin-Aeq3a OS=Actinia equina OX=6106 PE=1 SV=1
serica_brunnea_1|species=Serica_brunnea|mature_len=61|n_cys=6	C8YJ96	sp|C8YJ96|KUN4_TABYA	54.545	55	25	0	4	58	22	76	61	76	90	2.22e-13	70.2	Tabkunin 4 OS=Tabanus yao OX=485572 PE=3 SV=1
serica_brunnea_1|species=Serica_brunnea|mature_len=61|n_cys=6	B7S4N9	sp|B7S4N9|VKT_OXYSC	53.846	52	24	0	6	57	30	81	61	88	85	5.34e-13	69.8	Kunitz-type serine protease inhibitor taicotoxin OS=Oxyuranus scutellatus scutellatus OX=8667 PE=1 SV=1
serica_brunnea_1|species=Serica_brunnea|mature_len=61|n_cys=6	Q9TWF8	sp|Q9TWF8|VKT3_ANESU	55.769	52	23	0	7	58	5	56	61	59	85	2.97e-12	66.4	KappaPI-actitoxin-Avd3d OS=Anemonia sulcata OX=6108 PE=1 SV=1
serica_brunnea_1|species=Serica_brunnea|mature_len=61|n_cys=6	P0DMJ5	sp|P0DMJ5|VKT2E_RADCR	51.786	56	27	0	2	57	21	76	61	78	92	4.50e-12	66.8	PI-stichotoxin-Hcr2e OS=Radianthus crispa OX=3122430 PE=1 SV=1
serica_brunnea_1|species=Serica_brunnea|mature_len=61|n_cys=6	Q6ITB5	sp|Q6ITB5|VKT1_OXYMI	50.943	53	26	0	6	58	30	82	61	83	87	6.21e-12	66.4	Kunitz-type serine protease inhibitor microlepidin-1 OS=Oxyuranus microlepidotus OX=111177 PE=2 SV=1
serica_brunnea_1|species=Serica_brunnea|mature_len=61|n_cys=6	P10280	sp|P10280|VKT52_ANESU	55.769	52	23	0	7	58	5	56	61	62	85	7.34e-12	65.5	KappaPI-actitoxin-Avd3a OS=Anemonia sulcata OX=6108 PE=1 SV=2
serica_brunnea_1|species=Serica_brunnea|mature_len=61|n_cys=6	P0DN08	sp|P0DN08|VKT53_ANEVI	55.769	52	23	0	7	58	21	72	61	82	85	8.68e-12	66.0	KappaPI-actitoxin-Avd3e OS=Anemonia viridis OX=51769 PE=3 SV=1
serica_brunnea_1|species=Serica_brunnea|mature_len=61|n_cys=6	P0DN07	sp|P0DN07|VKT4_ANEVI	55.769	52	23	0	7	58	21	72	61	82	85	1.00e-11	65.5	U-actitoxin-Avd3g OS=Anemonia viridis OX=51769 PE=3 SV=1
serica_brunnea_1|species=Serica_brunnea|mature_len=61|n_cys=6	Q6ITB6	sp|Q6ITB6|VKT2_OXYSC	50.943	53	26	0	6	58	30	82	61	83	87	1.04e-11	65.5	Kunitz-type serine protease inhibitor scutellin-2 OS=Oxyuranus scutellatus scutellatus OX=8667 PE=2 SV=1
serica_brunnea_1|species=Serica_brunnea|mature_len=61|n_cys=6	Q6ITB4	sp|Q6ITB4|VKT2_OXYMI	50.943	53	26	0	6	58	30	82	61	83	87	1.04e-11	65.5	Kunitz-type serine protease inhibitor microlepidin-2 OS=Oxyuranus microlepidotus OX=111177 PE=2 SV=1
serica_brunnea_1|species=Serica_brunnea|mature_len=61|n_cys=6	P0DJ50	sp|P0DJ50|VKT31_OLIMR	53.448	58	26	1	2	58	20	77	61	81	93	1.14e-11	65.5	Kunitz-type serine protease inhibitor BmKTT-2 OS=Olivierus martensii OX=34649 PE=1 SV=2
serica_brunnea_1|species=Serica_brunnea|mature_len=61|n_cys=6	Q9TWG0	sp|Q9TWG0|VKT1_ANESU	55.769	52	23	0	7	58	5	56	61	58	85	1.33e-11	64.3	KappaPI-actitoxin-Avd3b OS=Anemonia sulcata OX=6108 PE=1 SV=1
serica_brunnea_1|species=Serica_brunnea|mature_len=61|n_cys=6	Q90WA1	sp|Q90WA1|VKT1_PSETT	50.943	53	26	0	6	58	30	82	61	83	87	1.61e-11	65.1	Kunitz-type serine protease inhibitor textilinin-1 OS=Pseudonaja textilis textilis OX=169397 PE=1 SV=1
serica_brunnea_1|species=Serica_brunnea|mature_len=61|n_cys=6	P86862	sp|P86862|VKT1_ANTEL	57.143	49	21	0	5	53	3	51	61	65	80	1.89e-11	64.3	KappaPI-actitoxin-Ael3a OS=Anthopleura elegantissima OX=6110 PE=1 SV=1
serica_brunnea_1|species=Serica_brunnea|mature_len=61|n_cys=6	P0DN06	sp|P0DN06|VKT1A_ANEVI	55.769	52	23	0	7	58	21	72	61	82	85	1.93e-11	64.7	U-actitoxin-Avd3f OS=Anemonia viridis OX=51769 PE=3 SV=1
serica_brunnea_1|species=Serica_brunnea|mature_len=61|n_cys=6	C0HK74	sp|C0HK74|3CPI_HETMG	52.830	53	25	0	5	57	2	54	61	56	87	2.36e-11	63.4	PI-stichotoxin-Hmg3c OS=Heteractis magnifica OX=38281 PE=1 SV=1
serica_brunnea_1|species=Serica_brunnea|mature_len=61|n_cys=6	Q6ITB9	sp|Q6ITB9|VKT3_PSEAU	50.943	53	26	0	6	58	30	82	61	83	87	2.58e-11	64.7	Kunitz-type serine protease inhibitor mulgin-3 OS=Pseudechis australis OX=8670 PE=2 SV=1
serica_brunnea_1|species=Serica_brunnea|mature_len=61|n_cys=6	Q90WA0	sp|Q90WA0|VKT2_PSETT	49.057	53	27	0	6	58	30	82	61	83	87	2.72e-11	64.3	Kunitz-type serine protease inhibitor textilinin-2 OS=Pseudonaja textilis textilis OX=169397 PE=1 SV=1
sitophilus_zeamais_2|species=Sitophilus_zeamais|mature_len=36|n_cys=4	B5KL29	sp|B5KL29|VKT3_OXYSC	54.167	24	11	0	1	24	55	78	36	83	67	0.062	34.6	Kunitz-type serine protease inhibitor scutellin-3 OS=Oxyuranus scutellatus scutellatus OX=8667 PE=2 SV=1
sitophilus_zeamais_2|species=Sitophilus_zeamais|mature_len=36|n_cys=4	P0DN06	sp|P0DN06|VKT1A_ANEVI	58.333	24	10	0	1	24	45	68	36	82	67	0.097	33.7	U-actitoxin-Avd3f OS=Anemonia viridis OX=51769 PE=3 SV=1
sitophilus_zeamais_2|species=Sitophilus_zeamais|mature_len=36|n_cys=4	Q9TWG0	sp|Q9TWG0|VKT1_ANESU	58.333	24	10	0	1	24	29	52	36	58	67	0.10	33.7	KappaPI-actitoxin-Avd3b OS=Anemonia sulcata OX=6108 PE=1 SV=1
sitophilus_zeamais_2|species=Sitophilus_zeamais|mature_len=36|n_cys=4	P0DN11	sp|P0DN11|VKT7_ANEVI	58.333	24	10	0	1	24	45	68	36	82	67	0.10	33.7	U-actitoxin-Avd3j OS=Anemonia viridis OX=51769 PE=3 SV=1
sitophilus_zeamais_2|species=Sitophilus_zeamais|mature_len=36|n_cys=4	P0DN10	sp|P0DN10|VKT6_ANEVI	58.333	24	10	0	1	24	45	68	36	82	67	0.11	33.7	U-actitoxin-Avd3i OS=Anemonia viridis OX=51769 PE=3 SV=1
sitophilus_zeamais_2|species=Sitophilus_zeamais|mature_len=36|n_cys=4	P0DN14	sp|P0DN14|VKTA_ANEVI	58.333	24	10	0	1	24	45	68	36	82	67	0.11	33.7	U-actitoxin-Avd3m OS=Anemonia viridis OX=51769 PE=3 SV=1
sitophilus_zeamais_2|species=Sitophilus_zeamais|mature_len=36|n_cys=4	P0DN09	sp|P0DN09|VKT5_ANEVI	58.333	24	10	0	1	24	45	68	36	82	67	0.12	33.7	U-actitoxin-Avd3h OS=Anemonia viridis OX=51769 PE=3 SV=1
sitophilus_zeamais_2|species=Sitophilus_zeamais|mature_len=36|n_cys=4	Q868Z9	sp|Q868Z9|PPN_DROME	62.500	24	9	0	1	24	1814	1837	36	2898	67	0.23	32.9	Papilin OS=Drosophila melanogaster OX=7227 GN=Ppn PE=1 SV=2
sitophilus_zeamais_2|species=Sitophilus_zeamais|mature_len=36|n_cys=4	B5L5Q1	sp|B5L5Q1|VKT7_PSETT	54.167	24	11	0	1	24	55	78	36	83	67	0.25	32.5	Kunitz-type serine protease inhibitor textilinin-7 OS=Pseudonaja textilis textilis OX=169397 PE=3 SV=1
sitophilus_zeamais_2|species=Sitophilus_zeamais|mature_len=36|n_cys=4	P81902	sp|P81902|CSTI_BOMMO	54.167	24	11	0	1	24	28	51	36	55	67	0.28	32.5	Trypsin inhibitor OS=Bombyx mori OX=7091 PE=1 SV=1
sitophilus_zeamais_2|species=Sitophilus_zeamais|mature_len=36|n_cys=4	B5KL27	sp|B5KL27|VKT3_OXYMI	54.167	24	11	0	1	24	55	78	36	83	67	0.30	32.5	Kunitz-type serine protease inhibitor microlepidin-3 OS=Oxyuranus microlepidotus OX=111177 PE=2 SV=1
sitophilus_zeamais_2|species=Sitophilus_zeamais|mature_len=36|n_cys=4	B5L5Q6	sp|B5L5Q6|VKT5_OXYMI	54.167	24	11	0	1	24	55	78	36	79	67	0.30	32.5	Kunitz-type serine protease inhibitor microlepidin-5 OS=Oxyuranus microlepidotus OX=111177 PE=3 SV=1
sitophilus_zeamais_2|species=Sitophilus_zeamais|mature_len=36|n_cys=4	C8YJ95	sp|C8YJ95|KUN3_TABYA	56.522	23	10	0	1	23	49	71	36	76	64	0.35	32.0	Tabkunin 2 OS=Tabanus yao OX=485572 PE=1 SV=1
sitophilus_zeamais_2|species=Sitophilus_zeamais|mature_len=36|n_cys=4	P00992	sp|P00992|VKT3_VIPAA	41.667	36	17	1	1	36	55	86	36	93	100	0.35	32.5	Kunitz-type serine protease inhibitor 3 OS=Vipera ammodytes ammodytes OX=8705 PE=1 SV=2
sitophilus_zeamais_2|species=Sitophilus_zeamais|mature_len=36|n_cys=4	Q90W96	sp|Q90W96|VKT6_PSETT	50.000	24	12	0	1	24	55	78	36	83	67	0.48	31.6	Kunitz-type serine protease inhibitor textilinin-6 OS=Pseudonaja textilis textilis OX=169397 PE=2 SV=1
sitophilus_zeamais_2|species=Sitophilus_zeamais|mature_len=36|n_cys=4	A6MFL1	sp|A6MFL1|VKT1_DEMVE	52.174	23	11	0	1	23	55	77	36	83	64	0.48	31.6	Kunitz-type serine protease inhibitor vestiginin-1 OS=Demansia vestigiata OX=412038 PE=2 SV=1
sitophilus_zeamais_2|species=Sitophilus_zeamais|mature_len=36|n_cys=4	P0DN19	sp|P0DN19|VKTF_ANEVI	58.333	24	10	0	1	24	35	58	36	72	67	0.49	31.6	U-actitoxin-Avd3r (Fragment) OS=Anemonia viridis OX=51769 PE=2 SV=1
sitophilus_zeamais_2|species=Sitophilus_zeamais|mature_len=36|n_cys=4	A6MFL2	sp|A6MFL2|VKT2_DEMVE	52.174	23	11	0	1	23	55	77	36	83	64	0.51	31.6	Kunitz-type serine protease inhibitor vestiginin-2 OS=Demansia vestigiata OX=412038 PE=2 SV=1
sitophilus_zeamais_2|species=Sitophilus_zeamais|mature_len=36|n_cys=4	P0DN17	sp|P0DN17|VKTD_ANEVI	58.333	24	10	0	1	24	45	68	36	82	67	0.58	31.6	U-actitoxin-Avd3p OS=Anemonia viridis OX=51769 PE=3 SV=1
sitophilus_zeamais_2|species=Sitophilus_zeamais|mature_len=36|n_cys=4	A6MGX9	sp|A6MGX9|VKT5_DEMVE	54.545	22	10	0	2	23	56	77	36	83	61	0.62	31.6	Kunitz-type serine protease inhibitor vestiginin-5 OS=Demansia vestigiata OX=412038 PE=2 SV=1
sitophilus_zeamais_2|species=Sitophilus_zeamais|mature_len=36|n_cys=4	C1IBY4	sp|C1IBY4|KUN1_TABYA	56.522	23	10	0	1	23	49	71	36	76	64	0.71	31.2	Tabkunin 1 OS=Tabanus yao OX=485572 PE=3 SV=1
sitophilus_zeamais_2|species=Sitophilus_zeamais|mature_len=36|n_cys=4	P83606	sp|P83606|BMTI6_RHIMP	56.522	23	10	0	2	24	260	282	36	291	64	0.77	31.6	Kunitz-type serine protease inhibitor 6 (Fragment) OS=Rhipicephalus microplus OX=6941 PE=1 SV=2
sitophilus_zeamais_2|species=Sitophilus_zeamais|mature_len=36|n_cys=4	C8YJ94	sp|C8YJ94|KUN2_TABYA	56.522	23	10	0	1	23	49	71	36	76	64	0.90	31.2	Tabkunin 2 OS=Tabanus yao OX=485572 PE=1 SV=1
sitophilus_zeamais_2|species=Sitophilus_zeamais|mature_len=36|n_cys=4	B5KL28	sp|B5KL28|VKT4_OXYMI	54.167	24	11	0	1	24	55	78	36	83	67	1.1	30.8	Kunitz-type serine protease inhibitor microlepidin-4 OS=Oxyuranus microlepidotus OX=111177 PE=2 SV=1
sitophilus_zeamais_2|species=Sitophilus_zeamais|mature_len=36|n_cys=4	P81906	sp|P81906|ISPI2_GALME	52.174	23	11	0	1	23	29	51	36	52	64	1.1	30.8	Inducible serine protease inhibitor 2 (Fragment) OS=Galleria mellonella OX=7137 PE=1 SV=1
allokotarsa_sp_2|species=Allokotarsa_sp|mature_len=68|n_cys=6	Q8WPI2	sp|Q8WPI2|KUNIH_RHIMP	45.161	62	28	3	4	63	15	72	68	142	88	7.44e-08	54.9	Boophilin-H2 OS=Rhipicephalus microplus OX=6941 PE=1 SV=1
allokotarsa_sp_2|species=Allokotarsa_sp|mature_len=68|n_cys=6	Q8WPI2	sp|Q8WPI2|KUNIH_RHIMP	30.769	52	33	1	11	62	91	139	68	142	76	0.61	33.3	Boophilin-H2 OS=Rhipicephalus microplus OX=6941 PE=1 SV=1
allokotarsa_sp_2|species=Allokotarsa_sp|mature_len=68|n_cys=6	Q8WPI3	sp|Q8WPI3|KUNIG_RHIMP	43.548	62	29	3	4	63	15	72	68	142	88	1.34e-07	54.1	Boophilin-G2 OS=Rhipicephalus microplus OX=6941 PE=1 SV=1
allokotarsa_sp_2|species=Allokotarsa_sp|mature_len=68|n_cys=6	Q8WPI3	sp|Q8WPI3|KUNIG_RHIMP	30.769	52	33	1	11	62	91	139	68	142	76	0.79	32.9	Boophilin-G2 OS=Rhipicephalus microplus OX=6941 PE=1 SV=1
allokotarsa_sp_2|species=Allokotarsa_sp|mature_len=68|n_cys=6	Q2ES47	sp|Q2ES47|VKT4_DABRR	40.323	62	33	2	3	64	26	83	68	84	91	4.91e-07	52.0	Kunitz-type serine protease inhibitor 4 OS=Daboia russelii OX=8707 PE=2 SV=1
allokotarsa_sp_2|species=Allokotarsa_sp|mature_len=68|n_cys=6	P11424	sp|P11424|IMAP_DROFU	36.000	50	32	0	13	62	13	62	68	63	74	6.18e-07	51.5	Male accessory gland serine protease inhibitor OS=Drosophila funebris OX=7221 GN=PapD PE=1 SV=1
allokotarsa_sp_2|species=Allokotarsa_sp|mature_len=68|n_cys=6	Q5ZPJ7	sp|Q5ZPJ7|VKT_NAJAT	40.678	59	31	1	6	64	27	81	68	81	87	1.28e-06	50.7	Kunitz-type serine protease inhibitor NACI OS=Naja atra OX=8656 PE=1 SV=1
allokotarsa_sp_2|species=Allokotarsa_sp|mature_len=68|n_cys=6	Q7LZS8	sp|Q7LZS8|VKTRE_DENAN	41.379	58	30	1	7	64	6	59	68	59	85	1.96e-06	49.8	Kunitz-type serine protease inhibitor long epsilon-dendrotoxin Arg55 OS=Dendroaspis angusticeps OX=8618 PE=1 SV=1
allokotarsa_sp_2|species=Allokotarsa_sp|mature_len=68|n_cys=6	P0DMJ6	sp|P0DMJ6|VKT12_DENAN	41.379	58	30	1	7	64	6	59	68	59	85	1.96e-06	49.8	Kunitz-type serine protease inhibitor dendrotoxin DaE1 OS=Dendroaspis angusticeps OX=8618 PE=1 SV=1
allokotarsa_sp_2|species=Allokotarsa_sp|mature_len=68|n_cys=6	C1IC52	sp|C1IC52|VKT2_WALAE	45.763	59	28	2	6	64	27	81	68	81	87	1.98e-06	50.3	Kunitz-type serine protease inhibitor spermatin OS=Walterinnesia aegyptia OX=64182 PE=1 SV=1
allokotarsa_sp_2|species=Allokotarsa_sp|mature_len=68|n_cys=6	Q6T6S5	sp|Q6T6S5|VKT2_BITGA	44.643	56	27	2	7	62	30	81	68	90	82	1.99e-06	50.3	Kunitz-type serine protease inhibitor bitisilin-2 OS=Bitis gabonica OX=8694 PE=1 SV=1
allokotarsa_sp_2|species=Allokotarsa_sp|mature_len=68|n_cys=6	P00993	sp|P00993|IBP_CARCR	44.643	56	27	1	7	62	7	58	68	110	82	2.18e-06	50.3	Chelonianin OS=Caretta caretta OX=8467 PE=1 SV=1
allokotarsa_sp_2|species=Allokotarsa_sp|mature_len=68|n_cys=6	Q2ES46	sp|Q2ES46|VKT5_DABRR	40.678	59	31	2	6	64	29	83	68	96	87	2.73e-06	49.8	Kunitz-type serine protease inhibitor 5 OS=Daboia russelii OX=8707 PE=2 SV=1
allokotarsa_sp_2|species=Allokotarsa_sp|mature_len=68|n_cys=6	C0HMC7	sp|C0HMC7|KUN_HAEDO	45.902	61	27	3	4	62	15	71	68	141	87	5.28e-06	49.4	Doenitin-1 OS=Haemaphysalis doenitzi OX=1048531 PE=2 SV=1
allokotarsa_sp_2|species=Allokotarsa_sp|mature_len=68|n_cys=6	Q7LZE3	sp|Q7LZE3|VKTHE_DENAN	41.379	58	30	1	7	64	6	59	68	59	85	5.51e-06	48.6	Kunitz-type serine protease inhibitor long epsilon-dendrotoxin His55 OS=Dendroaspis angusticeps OX=8618 PE=1 SV=2
allokotarsa_sp_2|species=Allokotarsa_sp|mature_len=68|n_cys=6	P00984	sp|P00984|VKTE_DENPO	41.379	58	30	1	7	64	6	59	68	59	85	5.51e-06	48.6	Kunitz-type serine protease inhibitor dendrotoxin E OS=Dendroaspis polylepis polylepis OX=8620 PE=1 SV=1
allokotarsa_sp_2|species=Allokotarsa_sp|mature_len=68|n_cys=6	A8Y7N9	sp|A8Y7N9|VKTC6_DABSI	40.351	57	30	2	7	63	30	82	68	96	84	6.46e-06	48.6	Kunitz-type serine protease inhibitor C6 OS=Daboia siamensis OX=343250 PE=2 SV=1
allokotarsa_sp_2|species=Allokotarsa_sp|mature_len=68|n_cys=6	B7S4N9	sp|B7S4N9|VKT_OXYSC	38.095	63	35	1	3	65	26	84	68	88	93	9.67e-06	48.1	Kunitz-type serine protease inhibitor taicotoxin OS=Oxyuranus scutellatus scutellatus OX=8667 PE=1 SV=1
allokotarsa_sp_2|species=Allokotarsa_sp|mature_len=68|n_cys=6	P00986	sp|P00986|VKT2_NAJNI	42.373	59	30	2	6	64	3	57	68	57	87	9.69e-06	47.7	Kunitz-type serine protease inhibitor 2 OS=Naja nivea OX=8655 PE=1 SV=1
allokotarsa_sp_2|species=Allokotarsa_sp|mature_len=68|n_cys=6	P00985	sp|P00985|VKT2_HEMHA	41.379	58	30	2	7	64	4	57	68	57	85	1.02e-05	47.3	Kunitz-type serine protease inhibitor 2 OS=Hemachatus haemachatus OX=8626 PE=1 SV=1
allokotarsa_sp_2|species=Allokotarsa_sp|mature_len=68|n_cys=6	A6MFL1	sp|A6MFL1|VKT1_DEMVE	32.759	58	35	1	7	64	30	83	68	83	85	1.06e-05	48.1	Kunitz-type serine protease inhibitor vestiginin-1 OS=Demansia vestigiata OX=412038 PE=2 SV=1
allokotarsa_sp_2|species=Allokotarsa_sp|mature_len=68|n_cys=6	P25660	sp|P25660|VKT9_BUNFA	41.379	58	30	1	7	64	6	59	68	65	85	1.12e-05	47.7	Kunitz-type serine protease inhibitor IX OS=Bungarus fasciatus OX=8613 PE=1 SV=1
allokotarsa_sp_2|species=Allokotarsa_sp|mature_len=68|n_cys=6	E7FL11	sp|E7FL11|VKT1_PSERS	33.871	62	37	1	3	64	26	83	68	83	91	1.16e-05	47.7	Kunitz serine protease inhibitor Pr-mulgin 1 OS=Pseudechis rossignolii OX=1489342 PE=1 SV=1
allokotarsa_sp_2|species=Allokotarsa_sp|mature_len=68|n_cys=6	P29216	sp|P29216|A4_MACMU	38.776	49	30	0	20	68	11	59	68	76	72	1.36e-05	47.7	Amyloid-beta precursor protein (Fragment) OS=Macaca mulatta OX=9544 GN=APP PE=2 SV=1
allokotarsa_sp_2|species=Allokotarsa_sp|mature_len=68|n_cys=6	C1IC51	sp|C1IC51|VKT3_WALAE	44.068	59	29	2	6	64	27	81	68	81	87	1.64e-05	47.3	Protease inhibitor 3 OS=Walterinnesia aegyptia OX=64182 PE=3 SV=1
allokotarsa_sp_2|species=Allokotarsa_sp|mature_len=68|n_cys=6	A6MGY1	sp|A6MGY1|VKT7_DEMVE	39.655	58	31	1	7	64	30	83	68	83	85	1.90e-05	47.3	Kunitz-type serine protease inhibitor vestiginin-7 OS=Demansia vestigiata OX=412038 PE=1 SV=1
allokotarsa_sp_2|species=Allokotarsa_sp|mature_len=68|n_cys=6	F8J2F6	sp|F8J2F6|VKT18_DRYCN	33.871	62	37	1	3	64	26	83	68	83	91	2.46e-05	46.9	Kunitz-type serine protease inhibitor 18 OS=Drysdalia coronoides OX=66186 PE=1 SV=1
sitophilus_oryzae_2|species=Sitophilus_oryzae|mature_len=36|n_cys=4	B5KL29	sp|B5KL29|VKT3_OXYSC	53.846	26	12	0	1	26	55	80	36	83	72	0.048	34.6	Kunitz-type serine protease inhibitor scutellin-3 OS=Oxyuranus scutellatus scutellatus OX=8667 PE=2 SV=1
sitophilus_oryzae_2|species=Sitophilus_oryzae|mature_len=36|n_cys=4	P0DN06	sp|P0DN06|VKT1A_ANEVI	58.333	24	10	0	1	24	45	68	36	82	67	0.095	33.7	U-actitoxin-Avd3f OS=Anemonia viridis OX=51769 PE=3 SV=1
sitophilus_oryzae_2|species=Sitophilus_oryzae|mature_len=36|n_cys=4	Q9TWG0	sp|Q9TWG0|VKT1_ANESU	58.333	24	10	0	1	24	29	52	36	58	67	0.10	33.7	KappaPI-actitoxin-Avd3b OS=Anemonia sulcata OX=6108 PE=1 SV=1
sitophilus_oryzae_2|species=Sitophilus_oryzae|mature_len=36|n_cys=4	P0DN10	sp|P0DN10|VKT6_ANEVI	58.333	24	10	0	1	24	45	68	36	82	67	0.11	33.7	U-actitoxin-Avd3i OS=Anemonia viridis OX=51769 PE=3 SV=1
sitophilus_oryzae_2|species=Sitophilus_oryzae|mature_len=36|n_cys=4	P0DN14	sp|P0DN14|VKTA_ANEVI	58.333	24	10	0	1	24	45	68	36	82	67	0.12	33.7	U-actitoxin-Avd3m OS=Anemonia viridis OX=51769 PE=3 SV=1
sitophilus_oryzae_2|species=Sitophilus_oryzae|mature_len=36|n_cys=4	P0DN11	sp|P0DN11|VKT7_ANEVI	58.333	24	10	0	1	24	45	68	36	82	67	0.12	33.7	U-actitoxin-Avd3j OS=Anemonia viridis OX=51769 PE=3 SV=1
sitophilus_oryzae_2|species=Sitophilus_oryzae|mature_len=36|n_cys=4	P0DN09	sp|P0DN09|VKT5_ANEVI	58.333	24	10	0	1	24	45	68	36	82	67	0.12	33.7	U-actitoxin-Avd3h OS=Anemonia viridis OX=51769 PE=3 SV=1
sitophilus_oryzae_2|species=Sitophilus_oryzae|mature_len=36|n_cys=4	P81902	sp|P81902|CSTI_BOMMO	53.846	26	12	0	1	26	28	53	36	55	72	0.17	32.9	Trypsin inhibitor OS=Bombyx mori OX=7091 PE=1 SV=1
sitophilus_oryzae_2|species=Sitophilus_oryzae|mature_len=36|n_cys=4	W4VSH9	sp|W4VSH9|VKT1_TRILK	63.158	19	7	0	6	24	135	153	36	176	53	0.18	33.3	Kunitz-type U19-barytoxin-Tl1a OS=Trittame loki OX=1295018 PE=2 SV=2
sitophilus_oryzae_2|species=Sitophilus_oryzae|mature_len=36|n_cys=4	Q868Z9	sp|Q868Z9|PPN_DROME	62.500	24	9	0	1	24	1814	1837	36	2898	67	0.20	33.3	Papilin OS=Drosophila melanogaster OX=7227 GN=Ppn PE=1 SV=2
sitophilus_oryzae_2|species=Sitophilus_oryzae|mature_len=36|n_cys=4	B5KL27	sp|B5KL27|VKT3_OXYMI	53.846	26	12	0	1	26	55	80	36	83	72	0.23	32.9	Kunitz-type serine protease inhibitor microlepidin-3 OS=Oxyuranus microlepidotus OX=111177 PE=2 SV=1
sitophilus_oryzae_2|species=Sitophilus_oryzae|mature_len=36|n_cys=4	B5L5Q1	sp|B5L5Q1|VKT7_PSETT	54.167	24	11	0	1	24	55	78	36	83	67	0.27	32.5	Kunitz-type serine protease inhibitor textilinin-7 OS=Pseudonaja textilis textilis OX=169397 PE=3 SV=1
sitophilus_oryzae_2|species=Sitophilus_oryzae|mature_len=36|n_cys=4	B5L5Q6	sp|B5L5Q6|VKT5_OXYMI	54.167	24	11	0	1	24	55	78	36	79	67	0.31	32.5	Kunitz-type serine protease inhibitor microlepidin-5 OS=Oxyuranus microlepidotus OX=111177 PE=3 SV=1
sitophilus_oryzae_2|species=Sitophilus_oryzae|mature_len=36|n_cys=4	C8YJ95	sp|C8YJ95|KUN3_TABYA	56.522	23	10	0	1	23	49	71	36	76	64	0.34	32.0	Tabkunin 2 OS=Tabanus yao OX=485572 PE=1 SV=1
sitophilus_oryzae_2|species=Sitophilus_oryzae|mature_len=36|n_cys=4	P00992	sp|P00992|VKT3_VIPAA	41.667	36	17	1	1	36	55	86	36	93	100	0.37	32.0	Kunitz-type serine protease inhibitor 3 OS=Vipera ammodytes ammodytes OX=8705 PE=1 SV=2
sitophilus_oryzae_2|species=Sitophilus_oryzae|mature_len=36|n_cys=4	A6MFL1	sp|A6MFL1|VKT1_DEMVE	52.174	23	11	0	1	23	55	77	36	83	64	0.48	31.6	Kunitz-type serine protease inhibitor vestiginin-1 OS=Demansia vestigiata OX=412038 PE=2 SV=1
sitophilus_oryzae_2|species=Sitophilus_oryzae|mature_len=36|n_cys=4	Q90W96	sp|Q90W96|VKT6_PSETT	50.000	24	12	0	1	24	55	78	36	83	67	0.51	31.6	Kunitz-type serine protease inhibitor textilinin-6 OS=Pseudonaja textilis textilis OX=169397 PE=2 SV=1
sitophilus_oryzae_2|species=Sitophilus_oryzae|mature_len=36|n_cys=4	P0DN19	sp|P0DN19|VKTF_ANEVI	58.333	24	10	0	1	24	35	58	36	72	67	0.52	31.6	U-actitoxin-Avd3r (Fragment) OS=Anemonia viridis OX=51769 PE=2 SV=1
sitophilus_oryzae_2|species=Sitophilus_oryzae|mature_len=36|n_cys=4	A6MFL2	sp|A6MFL2|VKT2_DEMVE	52.174	23	11	0	1	23	55	77	36	83	64	0.53	31.6	Kunitz-type serine protease inhibitor vestiginin-2 OS=Demansia vestigiata OX=412038 PE=2 SV=1
sitophilus_oryzae_2|species=Sitophilus_oryzae|mature_len=36|n_cys=4	P0DN17	sp|P0DN17|VKTD_ANEVI	58.333	24	10	0	1	24	45	68	36	82	67	0.59	31.6	U-actitoxin-Avd3p OS=Anemonia viridis OX=51769 PE=3 SV=1
sitophilus_oryzae_2|species=Sitophilus_oryzae|mature_len=36|n_cys=4	A6MGX9	sp|A6MGX9|VKT5_DEMVE	54.545	22	10	0	2	23	56	77	36	83	61	0.63	31.6	Kunitz-type serine protease inhibitor vestiginin-5 OS=Demansia vestigiata OX=412038 PE=2 SV=1
sitophilus_oryzae_2|species=Sitophilus_oryzae|mature_len=36|n_cys=4	C1IBY4	sp|C1IBY4|KUN1_TABYA	56.522	23	10	0	1	23	49	71	36	76	64	0.74	31.2	Tabkunin 1 OS=Tabanus yao OX=485572 PE=3 SV=1
sitophilus_oryzae_2|species=Sitophilus_oryzae|mature_len=36|n_cys=4	P83606	sp|P83606|BMTI6_RHIMP	56.522	23	10	0	2	24	260	282	36	291	64	0.77	31.6	Kunitz-type serine protease inhibitor 6 (Fragment) OS=Rhipicephalus microplus OX=6941 PE=1 SV=2
sitophilus_oryzae_2|species=Sitophilus_oryzae|mature_len=36|n_cys=4	B5KL28	sp|B5KL28|VKT4_OXYMI	53.846	26	12	0	1	26	55	80	36	83	72	0.81	31.2	Kunitz-type serine protease inhibitor microlepidin-4 OS=Oxyuranus microlepidotus OX=111177 PE=2 SV=1
sitophilus_oryzae_2|species=Sitophilus_oryzae|mature_len=36|n_cys=4	C8YJ94	sp|C8YJ94|KUN2_TABYA	56.522	23	10	0	1	23	49	71	36	76	64	0.89	31.2	Tabkunin 2 OS=Tabanus yao OX=485572 PE=1 SV=1
dichotomius_satanas_4|species=Dichotomius_satanas|mature_len=29|n_cys=1	Q02100	sp|Q02100|SKO1_YEAST	71.429	14	4	0	5	18	603	616	29	647	48	0.96	30.3	CRE-binding bZIP protein SKO1 OS=Saccharomyces cerevisiae (strain ATCC 204508 / S288c) OX=559292 GN=SKO1 PE=1 SV=1
dichotomius_satanas_4|species=Dichotomius_satanas|mature_len=29|n_cys=1	Q04108	sp|Q04108|PR04_SOLLC	73.333	15	4	0	3	17	49	63	29	159	52	1.4	29.9	Pathogenesis-related leaf protein 4 OS=Solanum lycopersicum OX=4081 PE=2 SV=1
dichotomius_satanas_4|species=Dichotomius_satanas|mature_len=29|n_cys=1	P04284	sp|P04284|PR06_SOLLC	73.333	15	4	0	3	17	49	63	29	159	52	1.5	29.9	Pathogenesis-related leaf protein 6 OS=Solanum lycopersicum OX=4081 GN=PR1B1 PE=1 SV=2
dichotomius_satanas_4|species=Dichotomius_satanas|mature_len=29|n_cys=1	A0A218QX58	sp|A0A218QX58|CRVP_TITSE	54.545	22	10	0	3	24	89	110	29	402	76	2.7	29.1	Cysteine-rich venom protein OS=Tityus serrulatus OX=6887 PE=1 SV=1
alurnus_ornatus_3|species=Alurnus_ornatus|mature_len=61|n_cys=6	P0DKT1	sp|P0DKT1|TU92_POLAB	36.538	52	28	1	1	52	24	70	61	70	85	0.011	38.4	Turripeptide Pal9.2 OS=Polystira albida OX=394106 PE=2 SV=1
alurnus_ornatus_3|species=Alurnus_ornatus|mature_len=61|n_cys=6	C8YJB3	sp|C8YJB3|VASO2_TABYA	35.849	53	31	2	3	52	23	75	61	76	82	0.016	38.0	Vasotab-TY2 OS=Tabanus yao OX=485572 PE=1 SV=1
alurnus_ornatus_3|species=Alurnus_ornatus|mature_len=61|n_cys=6	C1IBZ2	sp|C1IBZ2|VASO1_TABYA	35.849	53	31	2	3	52	23	75	61	76	82	0.018	37.5	Vasotab-TY1 OS=Tabanus yao OX=485572 PE=3 SV=1
alurnus_ornatus_3|species=Alurnus_ornatus|mature_len=61|n_cys=6	C8YJB4	sp|C8YJB4|VASO3_TABYA	35.849	53	31	2	3	52	23	75	61	76	82	0.020	37.5	Vasotab-TY3 OS=Tabanus yao OX=485572 PE=1 SV=1
alurnus_ornatus_3|species=Alurnus_ornatus|mature_len=61|n_cys=6	P84843	sp|P84843|VASOT_HYBBI	37.736	53	30	2	3	52	23	75	61	76	82	0.022	37.5	Vasotab OS=Hybomitra bimaculata OX=226809 PE=1 SV=1
alurnus_ornatus_3|species=Alurnus_ornatus|mature_len=61|n_cys=6	A0A3G5BID2	sp|A0A3G5BID2|KAZL2_DOLGE	45.946	37	18	1	2	38	28	62	61	202	61	0.094	35.8	U-Kazal-Dg21.2 OS=Dolopus genitalis OX=2488630 PE=1 SV=1
alurnus_ornatus_3|species=Alurnus_ornatus|mature_len=61|n_cys=6	P0DKT3	sp|P0DKT3|TU93_GEMSP	34.615	52	29	1	1	52	24	70	61	70	85	0.14	35.0	Turripeptide Gsp9.3 OS=Gemmula speciosa OX=439592 PE=2 SV=1
alurnus_ornatus_3|species=Alurnus_ornatus|mature_len=61|n_cys=6	P0DKT2	sp|P0DKT2|TU92_GEMSO	34.615	52	29	1	1	52	24	70	61	70	85	0.14	35.0	Turripeptide Gsg9.2 OS=Gemmula sogodensis OX=439591 PE=2 SV=1
alurnus_ornatus_3|species=Alurnus_ornatus|mature_len=61|n_cys=6	P0DKM7	sp|P0DKM7|TU91_IOTOL	34.615	52	29	1	1	52	24	70	61	70	85	0.23	34.1	Turripeptide Lol9.1 OS=Iotyrris olangoensis OX=2420066 PE=2 SV=1
alurnus_ornatus_3|species=Alurnus_ornatus|mature_len=61|n_cys=6	P23499	sp|P23499|SPRL1_COTJA	46.875	32	5	2	10	34	479	505	61	676	41	0.62	33.3	SPARC-like protein 1 OS=Coturnix japonica OX=93934 GN=SPARCL1 PE=2 SV=1
alurnus_ornatus_3|species=Alurnus_ornatus|mature_len=61|n_cys=6	B4QW11	sp|B4QW11|ESM1_DROSI	41.667	48	25	2	1	48	27	71	61	156	79	0.71	32.9	Enhancer of split M1 protein OS=Drosophila simulans OX=7240 GN=Kaz-m1 PE=3 SV=1
alurnus_ornatus_3|species=Alurnus_ornatus|mature_len=61|n_cys=6	O97176	sp|O97176|ESM1_DROME	41.667	48	25	2	1	48	27	71	61	156	79	0.72	32.9	Enhancer of split M1 protein OS=Drosophila melanogaster OX=7227 GN=Kaz-m1 PE=2 SV=1
alurnus_ornatus_3|species=Alurnus_ornatus|mature_len=61|n_cys=6	P09656	sp|P09656|ISK1L_RAT	38.776	49	25	1	4	52	36	79	61	79	80	1.3	32.0	Serine protease inhibitor Kazal-type 1-like OS=Rattus norvegicus OX=10116 GN=Spink1l PE=1 SV=2
alurnus_ornatus_3|species=Alurnus_ornatus|mature_len=61|n_cys=6	Q5R5M5	sp|Q5R5M5|ENPP3_PONAB	40.351	57	10	7	3	55	119	155	61	873	87	2.9	31.2	Ectonucleotide pyrophosphatase/phosphodiesterase family member 3 OS=Pongo abelii OX=9601 GN=ENPP3 PE=2 SV=1
alurnus_ornatus_3|species=Alurnus_ornatus|mature_len=61|n_cys=6	O14638	sp|O14638|ENPP3_HUMAN	40.351	57	10	7	3	55	119	155	61	875	87	2.9	31.2	Ectonucleotide pyrophosphatase/phosphodiesterase family member 3 OS=Homo sapiens OX=9606 GN=ENPP3 PE=1 SV=2
alurnus_ornatus_3|species=Alurnus_ornatus|mature_len=61|n_cys=6	P85000	sp|P85000|ISK1L_CHICK	40.816	49	24	1	4	52	12	55	61	55	80	3.8	30.3	Trypsin inhibitor ClTI-1 OS=Gallus gallus OX=9031 PE=1 SV=1
alurnus_ornatus_3|species=Alurnus_ornatus|mature_len=61|n_cys=6	Q64511	sp|Q64511|TOP2B_MOUSE	48.387	31	3	4	25	44	395	423	61	1612	33	3.9	30.8	DNA topoisomerase 2-beta OS=Mus musculus OX=10090 GN=Top2b PE=1 SV=2
alurnus_ornatus_3|species=Alurnus_ornatus|mature_len=61|n_cys=6	Q64399	sp|Q64399|TOP2B_CRILO	48.387	31	3	4	25	44	395	423	61	1612	33	3.9	30.8	DNA topoisomerase 2-beta OS=Cricetulus longicaudatus OX=10030 GN=TOP2B PE=2 SV=1
alurnus_ornatus_3|species=Alurnus_ornatus|mature_len=61|n_cys=6	Q02880	sp|Q02880|TOP2B_HUMAN	48.387	31	3	4	25	44	407	435	61	1626	33	3.9	30.8	DNA topoisomerase 2-beta OS=Homo sapiens OX=9606 GN=TOP2B PE=1 SV=3
alurnus_ornatus_3|species=Alurnus_ornatus|mature_len=61|n_cys=6	O42131	sp|O42131|TOP2B_CHICK	48.387	31	3	4	25	44	412	440	61	1627	33	3.9	30.8	DNA topoisomerase 2-beta OS=Gallus gallus OX=9031 GN=TOP2B PE=2 SV=1
alurnus_ornatus_3|species=Alurnus_ornatus|mature_len=61|n_cys=6	Q19V59	sp|Q19V59|NDHH_CHLAT	47.826	23	6	3	34	52	237	257	61	393	31	8.8	29.5	NAD(P)H-quinone oxidoreductase subunit H, chloroplastic OS=Chlorokybus atmophyticus OX=3144 GN=ndhH PE=3 SV=2
psylliodes_chrysocephalus_2|species=Psylliodes_chrysocephalus|mature_len=65|n_cys=7	Q9TWG0	sp|Q9TWG0|VKT1_ANESU	53.571	56	24	2	1	56	3	56	65	58	86	1.81e-08	55.8	KappaPI-actitoxin-Avd3b OS=Anemonia sulcata OX=6108 PE=1 SV=1
psylliodes_chrysocephalus_2|species=Psylliodes_chrysocephalus|mature_len=65|n_cys=7	P0DN06	sp|P0DN06|VKT1A_ANEVI	53.571	56	24	2	1	56	19	72	65	82	86	2.54e-08	55.8	U-actitoxin-Avd3f OS=Anemonia viridis OX=51769 PE=3 SV=1
psylliodes_chrysocephalus_2|species=Psylliodes_chrysocephalus|mature_len=65|n_cys=7	Q8T3S7	sp|Q8T3S7|VKT1_ARAVE	55.769	52	19	2	3	53	117	165	65	170	78	3.45e-08	55.8	Kunitz-type U1-aranetoxin-Av1a OS=Araneus ventricosus OX=182803 PE=1 SV=2
psylliodes_chrysocephalus_2|species=Psylliodes_chrysocephalus|mature_len=65|n_cys=7	P0DN09	sp|P0DN09|VKT5_ANEVI	53.333	45	21	0	12	56	28	72	65	82	69	1.19e-07	53.7	U-actitoxin-Avd3h OS=Anemonia viridis OX=51769 PE=3 SV=1
psylliodes_chrysocephalus_2|species=Psylliodes_chrysocephalus|mature_len=65|n_cys=7	P0DN12	sp|P0DN12|VKT8_ANEVI	51.786	56	25	2	1	56	19	72	65	82	86	1.52e-07	53.7	U-actitoxin-Avd3k OS=Anemonia viridis OX=51769 PE=3 SV=1
psylliodes_chrysocephalus_2|species=Psylliodes_chrysocephalus|mature_len=65|n_cys=7	P00974	sp|P00974|BPT1_BOVIN	48.214	56	25	2	3	57	40	92	65	100	85	1.71e-07	53.7	Pancreatic trypsin inhibitor OS=Bos taurus OX=9913 PE=1 SV=2
psylliodes_chrysocephalus_2|species=Psylliodes_chrysocephalus|mature_len=65|n_cys=7	P0DN19	sp|P0DN19|VKTF_ANEVI	50.000	56	26	2	1	56	9	62	65	72	86	1.78e-07	53.2	U-actitoxin-Avd3r (Fragment) OS=Anemonia viridis OX=51769 PE=2 SV=1
psylliodes_chrysocephalus_2|species=Psylliodes_chrysocephalus|mature_len=65|n_cys=7	Q9TWF9	sp|Q9TWF9|VKT2_ANESU	50.000	56	26	2	1	56	3	56	65	58	86	2.01e-07	52.4	KappaPI-actitoxin-Avd3c OS=Anemonia sulcata OX=6108 PE=1 SV=1
psylliodes_chrysocephalus_2|species=Psylliodes_chrysocephalus|mature_len=65|n_cys=7	P00975	sp|P00975|IBPS_BOVIN	48.214	56	25	2	3	57	7	59	65	60	85	2.41e-07	52.4	Serum basic protease inhibitor OS=Bos taurus OX=9913 PE=1 SV=1
psylliodes_chrysocephalus_2|species=Psylliodes_chrysocephalus|mature_len=65|n_cys=7	P0DN10	sp|P0DN10|VKT6_ANEVI	53.333	45	21	0	12	56	28	72	65	82	69	2.50e-07	52.8	U-actitoxin-Avd3i OS=Anemonia viridis OX=51769 PE=3 SV=1
psylliodes_chrysocephalus_2|species=Psylliodes_chrysocephalus|mature_len=65|n_cys=7	P0DN14	sp|P0DN14|VKTA_ANEVI	51.111	45	22	0	12	56	28	72	65	82	69	5.74e-07	51.5	U-actitoxin-Avd3m OS=Anemonia viridis OX=51769 PE=3 SV=1
psylliodes_chrysocephalus_2|species=Psylliodes_chrysocephalus|mature_len=65|n_cys=7	P0DN11	sp|P0DN11|VKT7_ANEVI	53.333	45	21	0	12	56	28	72	65	82	69	6.74e-07	51.5	U-actitoxin-Avd3j OS=Anemonia viridis OX=51769 PE=3 SV=1
psylliodes_chrysocephalus_2|species=Psylliodes_chrysocephalus|mature_len=65|n_cys=7	P10280	sp|P10280|VKT52_ANESU	51.111	45	22	0	12	56	12	56	65	62	69	1.03e-06	50.7	KappaPI-actitoxin-Avd3a OS=Anemonia sulcata OX=6108 PE=1 SV=2
psylliodes_chrysocephalus_2|species=Psylliodes_chrysocephalus|mature_len=65|n_cys=7	P0DN13	sp|P0DN13|VKT9_ANEVI	48.214	56	27	2	1	56	19	72	65	82	86	1.29e-06	50.7	U-actitoxin-Avd3l OS=Anemonia viridis OX=51769 PE=3 SV=1
psylliodes_chrysocephalus_2|species=Psylliodes_chrysocephalus|mature_len=65|n_cys=7	P0DN20	sp|P0DN20|VKTG_ANEVI	50.000	56	26	2	1	56	17	70	65	80	86	1.53e-06	50.3	U-actitoxin-Avd3s (Fragment) OS=Anemonia viridis OX=51769 PE=2 SV=1
psylliodes_chrysocephalus_2|species=Psylliodes_chrysocephalus|mature_len=65|n_cys=7	P0DN08	sp|P0DN08|VKT53_ANEVI	51.111	45	22	0	12	56	28	72	65	82	69	1.59e-06	50.3	KappaPI-actitoxin-Avd3e OS=Anemonia viridis OX=51769 PE=3 SV=1
psylliodes_chrysocephalus_2|species=Psylliodes_chrysocephalus|mature_len=65|n_cys=7	W4VSH9	sp|W4VSH9|VKT1_TRILK	52.500	40	19	0	12	51	113	152	65	176	62	2.74e-06	49.8	Kunitz-type U19-barytoxin-Tl1a OS=Trittame loki OX=1295018 PE=2 SV=2
psylliodes_chrysocephalus_2|species=Psylliodes_chrysocephalus|mature_len=65|n_cys=7	Q9TWF8	sp|Q9TWF8|VKT3_ANESU	51.163	43	21	0	14	56	14	56	65	59	66	2.97e-06	49.0	KappaPI-actitoxin-Avd3d OS=Anemonia sulcata OX=6108 PE=1 SV=1
psylliodes_chrysocephalus_2|species=Psylliodes_chrysocephalus|mature_len=65|n_cys=7	P04815	sp|P04815|BPT2_BOVIN	44.643	56	27	2	3	57	40	92	65	100	85	4.30e-06	49.0	Spleen trypsin inhibitor I OS=Bos taurus OX=9913 PE=1 SV=2
psylliodes_chrysocephalus_2|species=Psylliodes_chrysocephalus|mature_len=65|n_cys=7	P00993	sp|P00993|IBP_CARCR	45.833	48	23	1	4	51	10	54	65	110	74	5.06e-06	49.0	Chelonianin OS=Caretta caretta OX=8467 PE=1 SV=1
psylliodes_chrysocephalus_2|species=Psylliodes_chrysocephalus|mature_len=65|n_cys=7	P0DN17	sp|P0DN17|VKTD_ANEVI	51.111	45	22	0	12	56	28	72	65	82	69	5.75e-06	48.6	U-actitoxin-Avd3p OS=Anemonia viridis OX=51769 PE=3 SV=1
psylliodes_chrysocephalus_2|species=Psylliodes_chrysocephalus|mature_len=65|n_cys=7	Q28864	sp|Q28864|TFPI1_MACMU	47.727	44	23	0	11	54	60	103	65	304	68	1.14e-05	48.1	Tissue factor pathway inhibitor OS=Macaca mulatta OX=9544 GN=TFPI PE=2 SV=1
psylliodes_chrysocephalus_2|species=Psylliodes_chrysocephalus|mature_len=65|n_cys=7	Q28864	sp|Q28864|TFPI1_MACMU	44.444	45	24	1	9	53	130	173	65	304	69	7.91e-04	42.6	Tissue factor pathway inhibitor OS=Macaca mulatta OX=9544 GN=TFPI PE=2 SV=1
psylliodes_chrysocephalus_2|species=Psylliodes_chrysocephalus|mature_len=65|n_cys=7	B5L5Q8	sp|B5L5Q8|VKT5_PSEAU	40.385	52	29	2	3	54	31	80	65	83	80	1.20e-05	47.7	Kunitz-type serine protease inhibitor mulgin-5 OS=Pseudechis australis OX=8670 PE=3 SV=1
psylliodes_chrysocephalus_2|species=Psylliodes_chrysocephalus|mature_len=65|n_cys=7	P00976	sp|P00976|IBPC_BOVIN	46.512	43	23	0	12	54	15	57	65	67	66	1.25e-05	47.3	Colostrum trypsin inhibitor OS=Bos taurus OX=9913 PE=1 SV=2
psylliodes_chrysocephalus_2|species=Psylliodes_chrysocephalus|mature_len=65|n_cys=7	E7FL12	sp|E7FL12|VKT2_PSERS	40.385	52	29	2	3	54	31	80	65	83	80	1.35e-05	47.3	Kunitz serine protease inhibitor Pr-mulgin 2 OS=Pseudechis rossignolii OX=1489342 PE=2 SV=1
allokotarsa_sp_3|species=Allokotarsa_sp|mature_len=64|n_cys=6	C0HMC7	sp|C0HMC7|KUN_HAEDO	53.704	54	25	0	9	62	20	73	64	141	84	7.48e-13	69.8	Doenitin-1 OS=Haemaphysalis doenitzi OX=1048531 PE=2 SV=1
allokotarsa_sp_3|species=Allokotarsa_sp|mature_len=64|n_cys=6	C0HMC7	sp|C0HMC7|KUN_HAEDO	36.538	52	33	0	10	61	89	140	64	141	81	3.92e-05	46.4	Doenitin-1 OS=Haemaphysalis doenitzi OX=1048531 PE=2 SV=1
allokotarsa_sp_3|species=Allokotarsa_sp|mature_len=64|n_cys=6	P0DMW6	sp|P0DMW6|VKT3A_ACTEQ	50.877	57	28	0	6	62	2	58	64	59	89	1.90e-12	67.2	PI-actitoxin-Aeq3a OS=Actinia equina OX=6106 PE=1 SV=1
allokotarsa_sp_3|species=Allokotarsa_sp|mature_len=64|n_cys=6	A0A6P8HC43	sp|A0A6P8HC43|ATPI1_ACTTE	48.387	62	32	0	1	62	222	283	64	285	97	2.26e-12	68.5	Actinia tenebrosa protease inhibitors OS=Actinia tenebrosa OX=6105 PE=1 SV=1
allokotarsa_sp_3|species=Allokotarsa_sp|mature_len=64|n_cys=6	A0A6P8HC43	sp|A0A6P8HC43|ATPI1_ACTTE	46.667	60	32	0	1	60	82	141	64	285	94	1.25e-10	63.4	Actinia tenebrosa protease inhibitors OS=Actinia tenebrosa OX=6105 PE=1 SV=1
allokotarsa_sp_3|species=Allokotarsa_sp|mature_len=64|n_cys=6	A0A6P8HC43	sp|A0A6P8HC43|ATPI1_ACTTE	46.667	60	32	0	1	60	152	211	64	285	94	4.57e-10	61.7	Actinia tenebrosa protease inhibitors OS=Actinia tenebrosa OX=6105 PE=1 SV=1
allokotarsa_sp_3|species=Allokotarsa_sp|mature_len=64|n_cys=6	A0A6P8HC43	sp|A0A6P8HC43|ATPI1_ACTTE	44.444	36	20	0	10	45	28	63	64	285	56	0.21	35.0	Actinia tenebrosa protease inhibitors OS=Actinia tenebrosa OX=6105 PE=1 SV=1
allokotarsa_sp_3|species=Allokotarsa_sp|mature_len=64|n_cys=6	P0DMW7	sp|P0DMW7|VKT3B_ACTEQ	50.847	59	28	1	4	62	1	58	64	59	92	4.19e-12	66.0	PI-actitoxin-Aeq3b OS=Actinia equina OX=6106 PE=1 SV=1
allokotarsa_sp_3|species=Allokotarsa_sp|mature_len=64|n_cys=6	B6ZIW0	sp|B6ZIW0|KUN_HAELO	51.923	52	25	0	9	60	20	71	64	141	81	7.38e-12	66.8	Thrombin inhibitor hemalin OS=Haemaphysalis longicornis OX=44386 PE=2 SV=1
allokotarsa_sp_3|species=Allokotarsa_sp|mature_len=64|n_cys=6	B6ZIW0	sp|B6ZIW0|KUN_HAELO	38.462	52	32	0	10	61	89	140	64	141	81	4.38e-07	52.4	Thrombin inhibitor hemalin OS=Haemaphysalis longicornis OX=44386 PE=2 SV=1
allokotarsa_sp_3|species=Allokotarsa_sp|mature_len=64|n_cys=6	Q9GP15	sp|Q9GP15|IRCPI_IXORI	53.846	52	24	0	10	61	31	82	64	86	81	2.62e-11	64.7	Kunitz-type anticoagulant protein Ir-CPI OS=Ixodes ricinus OX=34613 GN=CPI PE=2 SV=1
allokotarsa_sp_3|species=Allokotarsa_sp|mature_len=64|n_cys=6	P19761	sp|P19761|TFPI1_RABIT	48.077	52	27	0	9	60	49	100	64	300	81	5.79e-11	64.3	Tissue factor pathway inhibitor OS=Oryctolagus cuniculus OX=9986 GN=TFPI PE=2 SV=2
allokotarsa_sp_3|species=Allokotarsa_sp|mature_len=64|n_cys=6	P19761	sp|P19761|TFPI1_RABIT	46.296	54	29	0	9	62	120	173	64	300	84	1.97e-08	56.6	Tissue factor pathway inhibitor OS=Oryctolagus cuniculus OX=9986 GN=TFPI PE=2 SV=2
allokotarsa_sp_3|species=Allokotarsa_sp|mature_len=64|n_cys=6	P19761	sp|P19761|TFPI1_RABIT	46.154	52	28	0	10	61	213	264	64	300	81	1.64e-07	53.7	Tissue factor pathway inhibitor OS=Oryctolagus cuniculus OX=9986 GN=TFPI PE=2 SV=2
allokotarsa_sp_3|species=Allokotarsa_sp|mature_len=64|n_cys=6	P0DMX0	sp|P0DMX0|VKT3_ANTAF	47.368	57	30	0	4	60	1	57	64	61	89	1.33e-10	62.1	PI-actitoxin-Axm2b OS=Anthopleura aff. xanthogrammica OX=152178 PE=1 SV=1
allokotarsa_sp_3|species=Allokotarsa_sp|mature_len=64|n_cys=6	P86862	sp|P86862|VKT1_ANTEL	52.083	48	23	0	9	56	4	51	64	65	75	1.35e-10	62.1	KappaPI-actitoxin-Ael3a OS=Anthopleura elegantissima OX=6110 PE=1 SV=1
allokotarsa_sp_3|species=Allokotarsa_sp|mature_len=64|n_cys=6	Q7YRQ8	sp|Q7YRQ8|TFPI2_BOVIN	43.548	62	35	0	2	63	28	89	64	234	97	1.61e-10	63.0	Tissue factor pathway inhibitor 2 OS=Bos taurus OX=9913 GN=TFPI2 PE=2 SV=1
allokotarsa_sp_3|species=Allokotarsa_sp|mature_len=64|n_cys=6	Q7YRQ8	sp|Q7YRQ8|TFPI2_BOVIN	42.373	59	34	0	2	60	147	205	64	234	92	1.07e-07	54.5	Tissue factor pathway inhibitor 2 OS=Bos taurus OX=9913 GN=TFPI2 PE=2 SV=1
allokotarsa_sp_3|species=Allokotarsa_sp|mature_len=64|n_cys=6	Q7YRQ8	sp|Q7YRQ8|TFPI2_BOVIN	34.615	52	34	0	9	60	95	146	64	234	81	0.021	38.0	Tissue factor pathway inhibitor 2 OS=Bos taurus OX=9913 GN=TFPI2 PE=2 SV=1
allokotarsa_sp_3|species=Allokotarsa_sp|mature_len=64|n_cys=6	B7S4N9	sp|B7S4N9|VKT_OXYSC	49.091	55	28	0	9	63	30	84	64	88	86	2.35e-10	62.1	Kunitz-type serine protease inhibitor taicotoxin OS=Oxyuranus scutellatus scutellatus OX=8667 PE=1 SV=1
allokotarsa_sp_3|species=Allokotarsa_sp|mature_len=64|n_cys=6	B6RLX2	sp|B6RLX2|VKTCT_OPHHA	50.000	52	26	0	9	60	30	81	64	83	81	2.64e-10	61.7	Kunitz-type serine protease inhibitor TCI OS=Ophiophagus hannah OX=8665 PE=1 SV=1
allokotarsa_sp_3|species=Allokotarsa_sp|mature_len=64|n_cys=6	C0HLB2	sp|C0HLB2|VKT_PSEPC	50.000	52	26	0	9	60	6	57	64	68	81	2.66e-10	61.3	Kunitz-type serine protease inhibitor PPTI OS=Pseudocerastes persicus OX=47769 PE=1 SV=1
allokotarsa_sp_3|species=Allokotarsa_sp|mature_len=64|n_cys=6	F6ULY1	sp|F6ULY1|WFC6B_MOUSE	49.153	59	30	0	4	62	82	140	64	148	92	2.99e-10	62.1	WAP four-disulfide core domain protein 6B OS=Mus musculus OX=10090 GN=Wfdc6b PE=2 SV=1
allokotarsa_sp_3|species=Allokotarsa_sp|mature_len=64|n_cys=6	Q8WPI3	sp|Q8WPI3|KUNIG_RHIMP	48.077	52	27	0	9	60	20	71	64	142	81	3.72e-10	61.7	Boophilin-G2 OS=Rhipicephalus microplus OX=6941 PE=1 SV=1
allokotarsa_sp_3|species=Allokotarsa_sp|mature_len=64|n_cys=6	Q8WPI3	sp|Q8WPI3|KUNIG_RHIMP	38.889	54	33	0	10	63	89	142	64	142	84	2.08e-07	53.2	Boophilin-G2 OS=Rhipicephalus microplus OX=6941 PE=1 SV=1
allokotarsa_sp_3|species=Allokotarsa_sp|mature_len=64|n_cys=6	Q2ES47	sp|Q2ES47|VKT4_DABRR	46.154	52	28	0	9	60	30	81	64	84	81	4.23e-10	61.3	Kunitz-type serine protease inhibitor 4 OS=Daboia russelii OX=8707 PE=2 SV=1
allokotarsa_sp_3|species=Allokotarsa_sp|mature_len=64|n_cys=6	P00985	sp|P00985|VKT2_HEMHA	46.154	52	28	0	9	60	4	55	64	57	81	6.35e-10	59.6	Kunitz-type serine protease inhibitor 2 OS=Hemachatus haemachatus OX=8626 PE=1 SV=1
allokotarsa_sp_3|species=Allokotarsa_sp|mature_len=64|n_cys=6	Q8WPI2	sp|Q8WPI2|KUNIH_RHIMP	46.154	52	28	0	9	60	20	71	64	142	81	7.10e-10	60.9	Boophilin-H2 OS=Rhipicephalus microplus OX=6941 PE=1 SV=1
allokotarsa_sp_3|species=Allokotarsa_sp|mature_len=64|n_cys=6	Q8WPI2	sp|Q8WPI2|KUNIH_RHIMP	38.889	54	33	0	10	63	89	142	64	142	84	2.92e-07	52.8	Boophilin-H2 OS=Rhipicephalus microplus OX=6941 PE=1 SV=1
allokotarsa_sp_3|species=Allokotarsa_sp|mature_len=64|n_cys=6	Q90W99	sp|Q90W99|VKT3_PSETT	44.444	63	32	1	1	60	19	81	64	83	94	8.69e-10	60.0	Kunitz-type serine protease inhibitor textilinin-3 OS=Pseudonaja textilis textilis OX=169397 PE=2 SV=1
allokotarsa_sp_3|species=Allokotarsa_sp|mature_len=64|n_cys=6	P24541	sp|P24541|VKT_ERIMA	48.077	52	27	0	9	60	1	52	64	62	81	9.47e-10	59.6	Kunitz-type serine protease inhibitor OS=Eristicophis macmahoni OX=110227 PE=1 SV=1
allokotarsa_sp_3|species=Allokotarsa_sp|mature_len=64|n_cys=6	A8Y7N7	sp|A8Y7N7|VKTC4_DABSI	50.000	56	28	0	9	64	30	85	64	90	88	1.06e-09	60.0	Kunitz-type serine protease inhibitor C4 OS=Daboia siamensis OX=343250 PE=2 SV=1
allokotarsa_sp_3|species=Allokotarsa_sp|mature_len=64|n_cys=6	F5GTK6	sp|F5GTK6|VKGUA_SIMGU	50.000	52	26	0	9	60	23	74	64	106	81	1.23e-09	60.0	Guianensin OS=Simulium guianense OX=445764 PE=1 SV=1
allokotarsa_sp_3|species=Allokotarsa_sp|mature_len=64|n_cys=6	C1IC52	sp|C1IC52|VKT2_WALAE	46.154	52	28	0	9	60	28	79	64	81	81	1.38e-09	59.6	Kunitz-type serine protease inhibitor spermatin OS=Walterinnesia aegyptia OX=64182 PE=1 SV=1
allokotarsa_sp_3|species=Allokotarsa_sp|mature_len=64|n_cys=6	A8Y7N5	sp|A8Y7N5|VKTC2_DABSI	40.000	60	36	0	1	60	22	81	64	84	94	1.57e-09	59.6	Kunitz-type serine protease inhibitor C2 OS=Daboia siamensis OX=343250 PE=3 SV=1
allokotarsa_sp_3|species=Allokotarsa_sp|mature_len=64|n_cys=6	A8Y7N6	sp|A8Y7N6|VKTC3_DABSI	51.852	54	26	0	9	62	30	83	64	84	84	1.77e-09	59.2	Kunitz-type serine protease inhibitor C3 OS=Daboia siamensis OX=343250 PE=2 SV=1
byturus_ochraceus_1|species=Byturus_ochraceus|mature_len=45|n_cys=6	P83516	sp|P83516|TILI_RHIMP	57.143	35	14	1	1	35	29	62	45	65	78	0.007	38.0	Chymotrypsin-elastase inhibitor ixodidin OS=Rhipicephalus microplus OX=6941 PE=1 SV=2
byturus_ochraceus_1|species=Byturus_ochraceus|mature_len=45|n_cys=6	A1IKL3	sp|A1IKL3|TIL6_ANISI	50.000	36	18	0	2	37	46	81	45	84	80	0.047	35.4	Chymotrypsin inhibitor Ani s 6 OS=Anisakis simplex OX=6269 PE=1 SV=1
byturus_ochraceus_1|species=Byturus_ochraceus|mature_len=45|n_cys=6	P56682	sp|P56682|TILI_APIME	54.286	35	15	1	1	35	23	56	45	56	78	0.094	34.6	Chymotrypsin inhibitor OS=Apis mellifera OX=7460 PE=1 SV=1
byturus_ochraceus_1|species=Byturus_ochraceus|mature_len=45|n_cys=6	Q9HC84	sp|Q9HC84|MUC5B_HUMAN	37.500	48	26	2	2	45	351	398	45	5762	98	0.11	35.0	Mucin-5B OS=Homo sapiens OX=9606 GN=MUC5B PE=1 SV=3
byturus_ochraceus_1|species=Byturus_ochraceus|mature_len=45|n_cys=6	P0DM55	sp|P0DM55|TIL1_SCOJE	43.243	37	20	1	1	36	57	93	45	94	80	0.23	33.7	Venom peptide SjAPI OS=Scorpiops jendeki OX=587368 PE=2 SV=1
byturus_ochraceus_1|species=Byturus_ochraceus|mature_len=45|n_cys=6	Q8T0W5	sp|Q8T0W5|TIL1_PIMHY	50.000	30	15	0	7	36	56	85	45	85	67	0.30	33.3	Cysteine-rich venom protein 1 OS=Pimpla hypochondriaca OX=135724 PE=1 SV=1
byturus_ochraceus_1|species=Byturus_ochraceus|mature_len=45|n_cys=6	Q28833	sp|Q28833|VWF_PIG	42.424	33	18	1	4	36	351	382	45	2482	73	4.1	29.9	von Willebrand factor (Fragment) OS=Sus scrofa OX=9823 GN=VWF PE=2 SV=2
byturus_ochraceus_1|species=Byturus_ochraceus|mature_len=45|n_cys=6	Q7Z5P9	sp|Q7Z5P9|MUC19_HUMAN	57.692	26	6	2	13	36	1215	1237	45	8384	53	4.1	29.9	Mucin-19 OS=Homo sapiens OX=9606 GN=MUC19 PE=1 SV=3
byturus_ochraceus_1|species=Byturus_ochraceus|mature_len=45|n_cys=6	B2DBE9	sp|B2DBE9|GGS4_DIAAM	66.667	15	1	2	8	22	14	24	45	424	33	4.5	29.9	Geranylgeranyl pyrophosphate synthase D OS=Diaporthe amygdali OX=1214568 GN=GGS-D PE=1 SV=1
byturus_ochraceus_1|species=Byturus_ochraceus|mature_len=45|n_cys=6	Q80T03	sp|Q80T03|MUC6_MOUSE	45.455	33	16	1	6	36	368	400	45	2850	69	8.8	29.1	Mucin-6 OS=Mus musculus OX=10090 GN=Muc6 PE=2 SV=1
catharsius_molossus_2|species=Catharsius_molossus|mature_len=61|n_cys=11	P80060	sp|P80060|LCM_LOCMI	50.820	61	29	1	2	61	32	92	61	92	98	5.57e-10	60.9	Protease inhibitors OS=Locusta migratoria OX=7004 PE=1 SV=2
catharsius_molossus_2|species=Catharsius_molossus|mature_len=61|n_cys=11	P80060	sp|P80060|LCM_LOCMI	48.485	33	16	1	27	59	21	52	61	92	54	9.8	29.1	Protease inhibitors OS=Locusta migratoria OX=7004 PE=1 SV=2
catharsius_molossus_2|species=Catharsius_molossus|mature_len=61|n_cys=11	O46162	sp|O46162|SGP1_SCHGR	53.448	58	26	1	2	58	32	89	61	92	93	3.16e-09	58.3	Serine protease inhibitor I/II OS=Schistocerca gregaria OX=7010 PE=1 SV=1
catharsius_molossus_2|species=Catharsius_molossus|mature_len=61|n_cys=11	O46162	sp|O46162|SGP1_SCHGR	50.000	32	15	1	27	58	21	51	61	92	52	8.0	29.5	Serine protease inhibitor I/II OS=Schistocerca gregaria OX=7010 PE=1 SV=1
catharsius_molossus_2|species=Catharsius_molossus|mature_len=61|n_cys=11	A0A6B9KZ59	sp|A0A6B9KZ59|PI21_PLARH	45.161	62	32	1	2	61	32	93	61	139	98	2.00e-08	56.2	U-reduvitoxin-Pr21 OS=Platymeris rhadamanthus OX=1134088 PE=1 SV=1
catharsius_molossus_2|species=Catharsius_molossus|mature_len=61|n_cys=11	A0A6B9KZ59	sp|A0A6B9KZ59|PI21_PLARH	34.783	69	30	4	1	55	69	136	61	139	90	3.7	30.8	U-reduvitoxin-Pr21 OS=Platymeris rhadamanthus OX=1134088 PE=1 SV=1
catharsius_molossus_2|species=Catharsius_molossus|mature_len=61|n_cys=11	A0A6B9L3M7	sp|A0A6B9L3M7|PI12A_PLARH	44.444	63	32	3	2	61	32	94	61	96	98	3.49e-05	46.0	U-reduvitoxin-Pr12a OS=Platymeris rhadamanthus OX=1134088 PE=1 SV=1
catharsius_molossus_2|species=Catharsius_molossus|mature_len=61|n_cys=11	A0A6B9KZ79	sp|A0A6B9KZ79|PI11A_PLARH	46.774	62	29	3	2	59	36	97	61	97	95	3.91e-05	46.0	U-reduvitoxin-Pr11a OS=Platymeris rhadamanthus OX=1134088 PE=1 SV=1
catharsius_molossus_2|species=Catharsius_molossus|mature_len=61|n_cys=11	A0A6B9KZ89	sp|A0A6B9KZ89|PI10A_PLARH	40.984	61	32	2	2	58	36	96	61	97	93	7.69e-05	45.2	U-reduvitoxin-Pr10a OS=Platymeris rhadamanthus OX=1134088 PE=1 SV=1
catharsius_molossus_2|species=Catharsius_molossus|mature_len=61|n_cys=11	B3A0N9	sp|B3A0N9|MSPI2_MELSA	58.065	31	12	1	29	58	4	34	61	36	49	0.095	34.6	Serine protease inhibitor 2 OS=Melanoplus sanguinipes OX=65742 PE=1 SV=1
catharsius_molossus_2|species=Catharsius_molossus|mature_len=61|n_cys=11	Q7Z5P9	sp|Q7Z5P9|MUC19_HUMAN	47.826	23	8	1	3	21	1255	1277	61	8384	31	0.52	33.7	Mucin-19 OS=Homo sapiens OX=9606 GN=MUC19 PE=1 SV=3
catharsius_molossus_2|species=Catharsius_molossus|mature_len=61|n_cys=11	A0A7M6UNN1	sp|A0A7M6UNN1|PISP_NASVI	43.333	30	17	0	29	58	48	77	61	80	49	0.66	32.9	Small pacifastin protease inhibitor OS=Nasonia vitripennis OX=7425 PE=2 SV=1
lepiserica_sp_4|species=Lepiserica_sp|mature_len=64|n_cys=6	C0HMC7	sp|C0HMC7|KUN_HAEDO	53.846	52	24	0	9	60	20	71	64	141	81	2.07e-12	68.5	Doenitin-1 OS=Haemaphysalis doenitzi OX=1048531 PE=2 SV=1
lepiserica_sp_4|species=Lepiserica_sp|mature_len=64|n_cys=6	C0HMC7	sp|C0HMC7|KUN_HAEDO	32.692	52	35	0	10	61	89	140	64	141	81	4.82e-04	43.1	Doenitin-1 OS=Haemaphysalis doenitzi OX=1048531 PE=2 SV=1
lepiserica_sp_4|species=Lepiserica_sp|mature_len=64|n_cys=6	P0DMW6	sp|P0DMW6|VKT3A_ACTEQ	50.000	54	27	0	9	62	5	58	64	59	84	2.01e-11	64.3	PI-actitoxin-Aeq3a OS=Actinia equina OX=6106 PE=1 SV=1
lepiserica_sp_4|species=Lepiserica_sp|mature_len=64|n_cys=6	B6ZIW0	sp|B6ZIW0|KUN_HAELO	50.000	52	26	0	9	60	20	71	64	141	81	2.28e-11	65.5	Thrombin inhibitor hemalin OS=Haemaphysalis longicornis OX=44386 PE=2 SV=1
lepiserica_sp_4|species=Lepiserica_sp|mature_len=64|n_cys=6	B6ZIW0	sp|B6ZIW0|KUN_HAELO	34.615	52	34	0	10	61	89	140	64	141	81	5.20e-06	49.0	Thrombin inhibitor hemalin OS=Haemaphysalis longicornis OX=44386 PE=2 SV=1
lepiserica_sp_4|species=Lepiserica_sp|mature_len=64|n_cys=6	Q7YRQ8	sp|Q7YRQ8|TFPI2_BOVIN	46.774	62	33	0	2	63	28	89	64	234	97	3.19e-11	65.1	Tissue factor pathway inhibitor 2 OS=Bos taurus OX=9913 GN=TFPI2 PE=2 SV=1
lepiserica_sp_4|species=Lepiserica_sp|mature_len=64|n_cys=6	Q7YRQ8	sp|Q7YRQ8|TFPI2_BOVIN	38.983	59	36	0	2	60	147	205	64	234	92	7.46e-06	48.6	Tissue factor pathway inhibitor 2 OS=Bos taurus OX=9913 GN=TFPI2 PE=2 SV=1
lepiserica_sp_4|species=Lepiserica_sp|mature_len=64|n_cys=6	A0A6P8HC43	sp|A0A6P8HC43|ATPI1_ACTTE	45.161	62	34	0	1	62	222	283	64	285	97	4.03e-11	64.7	Actinia tenebrosa protease inhibitors OS=Actinia tenebrosa OX=6105 PE=1 SV=1
lepiserica_sp_4|species=Lepiserica_sp|mature_len=64|n_cys=6	A0A6P8HC43	sp|A0A6P8HC43|ATPI1_ACTTE	43.333	60	34	0	1	60	82	141	64	285	94	3.39e-09	59.2	Actinia tenebrosa protease inhibitors OS=Actinia tenebrosa OX=6105 PE=1 SV=1
lepiserica_sp_4|species=Lepiserica_sp|mature_len=64|n_cys=6	A0A6P8HC43	sp|A0A6P8HC43|ATPI1_ACTTE	45.000	60	33	0	1	60	152	211	64	285	94	4.31e-09	58.7	Actinia tenebrosa protease inhibitors OS=Actinia tenebrosa OX=6105 PE=1 SV=1
lepiserica_sp_4|species=Lepiserica_sp|mature_len=64|n_cys=6	A0A6P8HC43	sp|A0A6P8HC43|ATPI1_ACTTE	47.222	36	19	0	10	45	28	63	64	285	56	0.021	38.0	Actinia tenebrosa protease inhibitors OS=Actinia tenebrosa OX=6105 PE=1 SV=1
lepiserica_sp_4|species=Lepiserica_sp|mature_len=64|n_cys=6	P0DMW7	sp|P0DMW7|VKT3B_ACTEQ	47.458	59	30	1	4	62	1	58	64	59	92	4.17e-11	63.4	PI-actitoxin-Aeq3b OS=Actinia equina OX=6106 PE=1 SV=1
lepiserica_sp_4|species=Lepiserica_sp|mature_len=64|n_cys=6	P19761	sp|P19761|TFPI1_RABIT	44.231	52	29	0	9	60	49	100	64	300	81	9.80e-11	63.8	Tissue factor pathway inhibitor OS=Oryctolagus cuniculus OX=9986 GN=TFPI PE=2 SV=2
lepiserica_sp_4|species=Lepiserica_sp|mature_len=64|n_cys=6	P19761	sp|P19761|TFPI1_RABIT	45.652	46	25	0	17	62	128	173	64	300	72	3.04e-07	53.2	Tissue factor pathway inhibitor OS=Oryctolagus cuniculus OX=9986 GN=TFPI PE=2 SV=2
lepiserica_sp_4|species=Lepiserica_sp|mature_len=64|n_cys=6	P19761	sp|P19761|TFPI1_RABIT	39.623	53	32	0	10	62	213	265	64	300	83	1.81e-05	47.7	Tissue factor pathway inhibitor OS=Oryctolagus cuniculus OX=9986 GN=TFPI PE=2 SV=2
lepiserica_sp_4|species=Lepiserica_sp|mature_len=64|n_cys=6	F5GTK6	sp|F5GTK6|VKGUA_SIMGU	51.852	54	26	0	7	60	21	74	64	106	84	1.68e-10	62.6	Guianensin OS=Simulium guianense OX=445764 PE=1 SV=1
lepiserica_sp_4|species=Lepiserica_sp|mature_len=64|n_cys=6	Q9GP15	sp|Q9GP15|IRCPI_IXORI	49.091	55	28	0	10	64	31	85	64	86	86	3.79e-10	61.3	Kunitz-type anticoagulant protein Ir-CPI OS=Ixodes ricinus OX=34613 GN=CPI PE=2 SV=1
lepiserica_sp_4|species=Lepiserica_sp|mature_len=64|n_cys=6	Q03610	sp|Q03610|YN81_CAEEL	48.214	56	29	0	7	62	528	583	64	1561	88	3.96e-10	62.1	Uncharacterized protein ZC84.1 OS=Caenorhabditis elegans OX=6239 GN=ZC84.1 PE=3 SV=6
lepiserica_sp_4|species=Lepiserica_sp|mature_len=64|n_cys=6	Q03610	sp|Q03610|YN81_CAEEL	40.000	60	34	2	5	62	738	797	64	1561	91	4.25e-06	49.8	Uncharacterized protein ZC84.1 OS=Caenorhabditis elegans OX=6239 GN=ZC84.1 PE=3 SV=6
lepiserica_sp_4|species=Lepiserica_sp|mature_len=64|n_cys=6	Q03610	sp|Q03610|YN81_CAEEL	41.667	36	21	0	25	60	449	484	64	1561	56	0.098	35.8	Uncharacterized protein ZC84.1 OS=Caenorhabditis elegans OX=6239 GN=ZC84.1 PE=3 SV=6
lepiserica_sp_4|species=Lepiserica_sp|mature_len=64|n_cys=6	Q03610	sp|Q03610|YN81_CAEEL	38.889	36	22	0	25	60	652	687	64	1561	56	0.51	33.7	Uncharacterized protein ZC84.1 OS=Caenorhabditis elegans OX=6239 GN=ZC84.1 PE=3 SV=6
lepiserica_sp_4|species=Lepiserica_sp|mature_len=64|n_cys=6	B5M0W4	sp|B5M0W4|SV66_SIMVI	45.000	60	33	0	5	64	19	78	64	102	94	5.99e-10	60.9	Simukunin OS=Simulium vittatum OX=7192 PE=1 SV=1
lepiserica_sp_4|species=Lepiserica_sp|mature_len=64|n_cys=6	C0HLB2	sp|C0HLB2|VKT_PSEPC	50.000	52	26	0	9	60	6	57	64	68	81	7.88e-10	60.0	Kunitz-type serine protease inhibitor PPTI OS=Pseudocerastes persicus OX=47769 PE=1 SV=1
lepiserica_sp_4|species=Lepiserica_sp|mature_len=64|n_cys=6	B7S4N9	sp|B7S4N9|VKT_OXYSC	43.636	55	31	0	9	63	30	84	64	88	86	9.94e-10	60.0	Kunitz-type serine protease inhibitor taicotoxin OS=Oxyuranus scutellatus scutellatus OX=8667 PE=1 SV=1
lepiserica_sp_4|species=Lepiserica_sp|mature_len=64|n_cys=6	D8KY58	sp|D8KY58|VKT_BOMTE	49.020	51	26	0	10	60	30	80	64	82	80	1.02e-09	60.0	Kunitz-type serine protease inhibitor Bt-KTI OS=Bombus terrestris OX=30195 PE=3 SV=1
lepiserica_sp_4|species=Lepiserica_sp|mature_len=64|n_cys=6	P86862	sp|P86862|VKT1_ANTEL	50.000	48	24	0	9	56	4	51	64	65	75	1.18e-09	59.2	KappaPI-actitoxin-Ael3a OS=Anthopleura elegantissima OX=6110 PE=1 SV=1
lepiserica_sp_4|species=Lepiserica_sp|mature_len=64|n_cys=6	A6MFL3	sp|A6MFL3|VKT3_DEMVE	48.077	52	27	0	9	60	30	81	64	83	81	1.68e-09	59.2	Kunitz-type serine protease inhibitor vestiginin-3 OS=Demansia vestigiata OX=412038 PE=1 SV=1
lepiserica_sp_4|species=Lepiserica_sp|mature_len=64|n_cys=6	A6MGY1	sp|A6MGY1|VKT7_DEMVE	48.077	52	27	0	9	60	30	81	64	83	81	1.80e-09	59.2	Kunitz-type serine protease inhibitor vestiginin-7 OS=Demansia vestigiata OX=412038 PE=1 SV=1
lepiserica_sp_4|species=Lepiserica_sp|mature_len=64|n_cys=6	F6ULY1	sp|F6ULY1|WFC6B_MOUSE	45.763	59	32	0	4	62	82	140	64	148	92	1.91e-09	59.6	WAP four-disulfide core domain protein 6B OS=Mus musculus OX=10090 GN=Wfdc6b PE=2 SV=1
lepiserica_sp_4|species=Lepiserica_sp|mature_len=64|n_cys=6	Q2ES47	sp|Q2ES47|VKT4_DABRR	40.000	60	36	0	1	60	22	81	64	84	94	1.92e-09	59.2	Kunitz-type serine protease inhibitor 4 OS=Daboia russelii OX=8707 PE=2 SV=1
lepiserica_sp_4|species=Lepiserica_sp|mature_len=64|n_cys=6	Q8WPI3	sp|Q8WPI3|KUNIG_RHIMP	46.154	52	28	0	9	60	20	71	64	142	81	2.05e-09	59.6	Boophilin-G2 OS=Rhipicephalus microplus OX=6941 PE=1 SV=1
lepiserica_sp_4|species=Lepiserica_sp|mature_len=64|n_cys=6	Q8WPI3	sp|Q8WPI3|KUNIG_RHIMP	35.185	54	35	0	10	63	89	142	64	142	84	3.03e-05	46.9	Boophilin-G2 OS=Rhipicephalus microplus OX=6941 PE=1 SV=1
lepiserica_sp_4|species=Lepiserica_sp|mature_len=64|n_cys=6	Q2ES46	sp|Q2ES46|VKT5_DABRR	40.000	60	36	0	1	60	22	81	64	96	94	2.33e-09	59.2	Kunitz-type serine protease inhibitor 5 OS=Daboia russelii OX=8707 PE=2 SV=1
lepiserica_sp_4|species=Lepiserica_sp|mature_len=64|n_cys=6	Q9TWF8	sp|Q9TWF8|VKT3_ANESU	49.020	51	26	0	10	60	5	55	64	59	80	2.44e-09	58.3	KappaPI-actitoxin-Avd3d OS=Anemonia sulcata OX=6108 PE=1 SV=1
lepiserica_sp_4|species=Lepiserica_sp|mature_len=64|n_cys=6	P24541	sp|P24541|VKT_ERIMA	48.077	52	27	0	9	60	1	52	64	62	81	2.76e-09	58.3	Kunitz-type serine protease inhibitor OS=Eristicophis macmahoni OX=110227 PE=1 SV=1
lepiserica_sp_4|species=Lepiserica_sp|mature_len=64|n_cys=6	P48307	sp|P48307|TFPI2_HUMAN	46.774	62	32	1	2	63	29	89	64	235	97	2.88e-09	59.2	Tissue factor pathway inhibitor 2 OS=Homo sapiens OX=9606 GN=TFPI2 PE=1 SV=1
lepiserica_sp_4|species=Lepiserica_sp|mature_len=64|n_cys=6	P48307	sp|P48307|TFPI2_HUMAN	43.750	48	27	0	9	56	157	204	64	235	75	2.19e-05	47.3	Tissue factor pathway inhibitor 2 OS=Homo sapiens OX=9606 GN=TFPI2 PE=1 SV=1
lepiserica_sp_4|species=Lepiserica_sp|mature_len=64|n_cys=6	C1IC52	sp|C1IC52|VKT2_WALAE	44.231	52	29	0	9	60	28	79	64	81	81	3.48e-09	58.3	Kunitz-type serine protease inhibitor spermatin OS=Walterinnesia aegyptia OX=64182 PE=1 SV=1
microcara_testacea_1|species=Microcara_testacea|mature_len=53|n_cys=5	P19761	sp|P19761|TFPI1_RABIT	52.273	44	21	0	7	50	59	102	53	300	83	3.60e-08	54.9	Tissue factor pathway inhibitor OS=Oryctolagus cuniculus OX=9986 GN=TFPI PE=2 SV=2
microcara_testacea_1|species=Microcara_testacea|mature_len=53|n_cys=5	P19761	sp|P19761|TFPI1_RABIT	36.170	47	30	0	2	48	125	171	53	300	89	0.006	39.2	Tissue factor pathway inhibitor OS=Oryctolagus cuniculus OX=9986 GN=TFPI PE=2 SV=2
microcara_testacea_1|species=Microcara_testacea|mature_len=53|n_cys=5	P0DQR1	sp|P0DQR1|VKT3_PALCA	50.000	42	21	0	7	48	10	51	53	51	79	1.32e-07	52.0	Kunitz-like toxin PcKuz3 OS=Palythoa caribaeorum OX=134933 PE=3 SV=1
microcara_testacea_1|species=Microcara_testacea|mature_len=53|n_cys=5	Q28864	sp|Q28864|TFPI1_MACMU	42.857	49	28	0	2	50	58	106	53	304	92	1.96e-07	52.8	Tissue factor pathway inhibitor OS=Macaca mulatta OX=9544 GN=TFPI PE=2 SV=1
microcara_testacea_1|species=Microcara_testacea|mature_len=53|n_cys=5	Q28864	sp|Q28864|TFPI1_MACMU	36.170	47	30	0	2	48	129	175	53	304	89	0.004	39.7	Tissue factor pathway inhibitor OS=Macaca mulatta OX=9544 GN=TFPI PE=2 SV=1
microcara_testacea_1|species=Microcara_testacea|mature_len=53|n_cys=5	P00985	sp|P00985|VKT2_HEMHA	47.826	46	24	0	3	48	10	55	53	57	87	1.18e-06	49.4	Kunitz-type serine protease inhibitor 2 OS=Hemachatus haemachatus OX=8626 PE=1 SV=1
microcara_testacea_1|species=Microcara_testacea|mature_len=53|n_cys=5	O54819	sp|O54819|TFPI1_MOUSE	54.762	42	19	0	7	48	59	100	53	306	79	1.74e-06	49.8	Tissue factor pathway inhibitor OS=Mus musculus OX=10090 GN=Tfpi PE=2 SV=1
microcara_testacea_1|species=Microcara_testacea|mature_len=53|n_cys=5	O54819	sp|O54819|TFPI1_MOUSE	36.170	47	30	0	2	48	125	171	53	306	89	0.001	41.4	Tissue factor pathway inhibitor OS=Mus musculus OX=10090 GN=Tfpi PE=2 SV=1
microcara_testacea_1|species=Microcara_testacea|mature_len=53|n_cys=5	P10646	sp|P10646|TFPI1_HUMAN	45.455	44	24	0	7	50	63	106	53	304	83	2.09e-06	49.8	Tissue factor pathway inhibitor OS=Homo sapiens OX=9606 GN=TFPI PE=1 SV=1
microcara_testacea_1|species=Microcara_testacea|mature_len=53|n_cys=5	P10646	sp|P10646|TFPI1_HUMAN	36.170	47	30	0	2	48	129	175	53	304	89	0.006	39.2	Tissue factor pathway inhibitor OS=Homo sapiens OX=9606 GN=TFPI PE=1 SV=1
microcara_testacea_1|species=Microcara_testacea|mature_len=53|n_cys=5	P10831	sp|P10831|ISC1_BOMMO	52.273	44	21	0	7	50	19	62	53	62	83	5.18e-06	47.7	Chymotrypsin inhibitor SCI-I OS=Bombyx mori OX=7091 PE=1 SV=1
microcara_testacea_1|species=Microcara_testacea|mature_len=53|n_cys=5	P00986	sp|P00986|VKT2_NAJNI	45.652	46	25	0	3	48	10	55	53	57	87	8.62e-06	46.9	Kunitz-type serine protease inhibitor 2 OS=Naja nivea OX=8655 PE=1 SV=1
microcara_testacea_1|species=Microcara_testacea|mature_len=53|n_cys=5	C0HMC7	sp|C0HMC7|KUN_HAEDO	40.426	47	28	0	3	49	26	72	53	141	89	1.39e-05	46.9	Doenitin-1 OS=Haemaphysalis doenitzi OX=1048531 PE=2 SV=1
microcara_testacea_1|species=Microcara_testacea|mature_len=53|n_cys=5	C0HMC7	sp|C0HMC7|KUN_HAEDO	34.091	44	29	0	1	44	92	135	53	141	83	0.37	33.3	Doenitin-1 OS=Haemaphysalis doenitzi OX=1048531 PE=2 SV=1
microcara_testacea_1|species=Microcara_testacea|mature_len=53|n_cys=5	Q02445	sp|Q02445|TFPI1_RAT	47.826	46	24	0	3	48	58	103	53	302	87	2.29e-05	46.4	Tissue factor pathway inhibitor OS=Rattus norvegicus OX=10116 GN=Tfpi PE=2 SV=1
microcara_testacea_1|species=Microcara_testacea|mature_len=53|n_cys=5	P0DMX0	sp|P0DMX0|VKT3_ANTAF	47.619	42	22	0	7	48	16	57	53	61	79	2.46e-05	45.6	PI-actitoxin-Axm2b OS=Anthopleura aff. xanthogrammica OX=152178 PE=1 SV=1
microcara_testacea_1|species=Microcara_testacea|mature_len=53|n_cys=5	P10832	sp|P10832|ISC2_BOMMO	52.273	44	21	0	7	50	19	62	53	62	83	2.85e-05	45.6	Chymotrypsin inhibitor SCI-II OS=Bombyx mori OX=7091 PE=1 SV=1
microcara_testacea_1|species=Microcara_testacea|mature_len=53|n_cys=5	P16044	sp|P16044|IBPI_TACTR	44.444	45	25	0	7	51	17	61	53	61	85	3.05e-05	45.6	Proteinase inhibitor OS=Tachypleus tridentatus OX=6853 PE=1 SV=1
microcara_testacea_1|species=Microcara_testacea|mature_len=53|n_cys=5	P24541	sp|P24541|VKT_ERIMA	40.426	47	28	0	2	48	6	52	53	62	89	3.57e-05	45.2	Kunitz-type serine protease inhibitor OS=Eristicophis macmahoni OX=110227 PE=1 SV=1
microcara_testacea_1|species=Microcara_testacea|mature_len=53|n_cys=5	P00978	sp|P00978|AMBP_BOVIN	42.222	45	26	0	4	48	237	281	53	352	85	4.12e-05	45.6	Protein AMBP OS=Bos taurus OX=9913 GN=AMBP PE=1 SV=2
microcara_testacea_1|species=Microcara_testacea|mature_len=53|n_cys=5	B6ZIW0	sp|B6ZIW0|KUN_HAELO	38.298	47	29	0	3	49	26	72	53	141	89	4.29e-05	45.6	Thrombin inhibitor hemalin OS=Haemaphysalis longicornis OX=44386 PE=2 SV=1
microcara_testacea_1|species=Microcara_testacea|mature_len=53|n_cys=5	B6ZIW0	sp|B6ZIW0|KUN_HAELO	41.176	51	29	1	1	51	92	141	53	141	96	0.003	39.7	Thrombin inhibitor hemalin OS=Haemaphysalis longicornis OX=44386 PE=2 SV=1
microcara_testacea_1|species=Microcara_testacea|mature_len=53|n_cys=5	P81162	sp|P81162|CRPTI_RHIMP	38.298	47	29	0	3	49	13	59	53	69	89	5.38e-05	44.8	Protease inhibitor carrapatin OS=Rhipicephalus microplus OX=6941 PE=1 SV=1
microcara_testacea_1|species=Microcara_testacea|mature_len=53|n_cys=5	B6RLX2	sp|B6RLX2|VKTCT_OPHHA	43.182	44	25	0	5	48	38	81	53	83	83	5.51e-05	44.8	Kunitz-type serine protease inhibitor TCI OS=Ophiophagus hannah OX=8665 PE=1 SV=1
microcara_testacea_1|species=Microcara_testacea|mature_len=53|n_cys=5	Q9DA01	sp|Q9DA01|EPPI_MOUSE	37.500	48	30	0	3	50	82	129	53	134	91	5.68e-05	45.2	Eppin OS=Mus musculus OX=10090 GN=Eppin PE=1 SV=1
microcara_testacea_1|species=Microcara_testacea|mature_len=53|n_cys=5	C0HLB2	sp|C0HLB2|VKT_PSEPC	40.426	47	28	0	2	48	11	57	53	68	89	5.89e-05	44.8	Kunitz-type serine protease inhibitor PPTI OS=Pseudocerastes persicus OX=47769 PE=1 SV=1
microcara_testacea_1|species=Microcara_testacea|mature_len=53|n_cys=5	W4VSH9	sp|W4VSH9|VKT1_TRILK	40.476	42	25	0	7	48	37	78	53	176	79	6.01e-05	45.2	Kunitz-type U19-barytoxin-Tl1a OS=Trittame loki OX=1295018 PE=2 SV=2
microcara_testacea_1|species=Microcara_testacea|mature_len=53|n_cys=5	W4VSH9	sp|W4VSH9|VKT1_TRILK	41.860	43	25	0	7	49	115	157	53	176	81	0.014	38.0	Kunitz-type U19-barytoxin-Tl1a OS=Trittame loki OX=1295018 PE=2 SV=2
microcara_testacea_1|species=Microcara_testacea|mature_len=53|n_cys=5	Q29100	sp|Q29100|UPTI_PIG	40.476	42	25	0	7	48	47	88	53	122	79	1.02e-04	44.3	Uterine plasmin/trypsin inhibitor OS=Sus scrofa OX=9823 PE=1 SV=1
microcara_testacea_1|species=Microcara_testacea|mature_len=53|n_cys=5	Q2ES48	sp|Q2ES48|VKT3_DABRR	39.130	46	28	0	3	48	36	81	53	84	87	1.11e-04	43.9	Kunitz-type serine protease inhibitor 3 OS=Daboia russelii OX=8707 PE=2 SV=1
microcara_testacea_1|species=Microcara_testacea|mature_len=53|n_cys=5	Q8WPI3	sp|Q8WPI3|KUNIG_RHIMP	42.553	47	27	0	3	49	26	72	53	142	89	1.19e-04	44.3	Boophilin-G2 OS=Rhipicephalus microplus OX=6941 PE=1 SV=1
microcara_testacea_1|species=Microcara_testacea|mature_len=53|n_cys=5	Q8WPI3	sp|Q8WPI3|KUNIG_RHIMP	28.571	42	30	0	7	48	98	139	53	142	79	2.5	30.8	Boophilin-G2 OS=Rhipicephalus microplus OX=6941 PE=1 SV=1
microcara_testacea_1|species=Microcara_testacea|mature_len=53|n_cys=5	A8Y7N7	sp|A8Y7N7|VKTC4_DABSI	39.130	46	28	0	3	48	36	81	53	90	87	1.29e-04	43.9	Kunitz-type serine protease inhibitor C4 OS=Daboia siamensis OX=343250 PE=2 SV=1
eophileurus_sp_2|species=Eophileurus_sp|mature_len=33|n_cys=6	P0DM55	sp|P0DM55|TIL1_SCOJE	53.125	32	12	1	5	33	61	92	33	94	88	0.074	34.1	Venom peptide SjAPI OS=Scorpiops jendeki OX=587368 PE=2 SV=1
eophileurus_sp_2|species=Eophileurus_sp|mature_len=33|n_cys=6	K7WRE1	sp|K7WRE1|TIL_BOMTE	55.172	29	12	1	6	33	47	75	33	75	85	0.13	33.3	Chymotrypsin inhibitor OS=Bombus terrestris OX=30195 PE=2 SV=1
eophileurus_sp_2|species=Eophileurus_sp|mature_len=33|n_cys=6	U5T7E4	sp|U5T7E4|TILVI_BOMIG	55.172	29	12	1	6	33	47	75	33	75	85	0.13	33.3	Venom serine protease inhibitor BiVSPI OS=Bombus ignitus OX=130704 PE=1 SV=1
eophileurus_sp_2|species=Eophileurus_sp|mature_len=33|n_cys=6	Q9YH85	sp|Q9YH85|TECTA_CHICK	48.276	29	15	0	5	33	1370	1398	33	2120	88	0.14	33.3	Alpha-tectorin OS=Gallus gallus OX=9031 GN=TECTA PE=1 SV=1
eophileurus_sp_2|species=Eophileurus_sp|mature_len=33|n_cys=6	O46202	sp|O46202|A62F_DROME	48.571	35	16	1	1	33	54	88	33	115	100	0.46	31.6	Accessory gland protein Acp62F OS=Drosophila melanogaster OX=7227 GN=Acp62F PE=1 SV=1
eophileurus_sp_2|species=Eophileurus_sp|mature_len=33|n_cys=6	P56682	sp|P56682|TILI_APIME	48.276	29	14	1	6	33	28	56	33	56	85	0.51	31.2	Chymotrypsin inhibitor OS=Apis mellifera OX=7460 PE=1 SV=1
eophileurus_sp_2|species=Eophileurus_sp|mature_len=33|n_cys=6	C0ZG86	sp|C0ZG86|SYI_BREBN	83.333	12	2	0	17	28	173	184	33	925	36	0.54	31.6	Isoleucine--tRNA ligase OS=Brevibacillus brevis (strain 47 / JCM 6285 / NBRC 100599) OX=358681 GN=ileS PE=3 SV=1
eophileurus_sp_2|species=Eophileurus_sp|mature_len=33|n_cys=6	O88799	sp|O88799|ZAN_MOUSE	44.828	29	16	0	5	33	2490	2518	33	5376	88	0.60	31.6	Zonadhesin OS=Mus musculus OX=10090 GN=Zan PE=1 SV=1
eophileurus_sp_2|species=Eophileurus_sp|mature_len=33|n_cys=6	O88799	sp|O88799|ZAN_MOUSE	45.833	24	13	0	10	33	3452	3475	33	5376	73	2.6	29.5	Zonadhesin OS=Mus musculus OX=10090 GN=Zan PE=1 SV=1
eophileurus_sp_2|species=Eophileurus_sp|mature_len=33|n_cys=6	O88799	sp|O88799|ZAN_MOUSE	45.833	24	13	0	10	33	4064	4087	33	5376	73	4.3	29.1	Zonadhesin OS=Mus musculus OX=10090 GN=Zan PE=1 SV=1
eophileurus_sp_2|species=Eophileurus_sp|mature_len=33|n_cys=6	O88799	sp|O88799|ZAN_MOUSE	45.833	24	13	0	10	33	3928	3951	33	5376	73	4.3	29.1	Zonadhesin OS=Mus musculus OX=10090 GN=Zan PE=1 SV=1
eophileurus_sp_2|species=Eophileurus_sp|mature_len=33|n_cys=6	O88799	sp|O88799|ZAN_MOUSE	45.833	24	13	0	10	33	4184	4207	33	5376	73	6.3	28.6	Zonadhesin OS=Mus musculus OX=10090 GN=Zan PE=1 SV=1
eophileurus_sp_2|species=Eophileurus_sp|mature_len=33|n_cys=6	O88799	sp|O88799|ZAN_MOUSE	45.833	24	13	0	10	33	3095	3118	33	5376	73	6.4	28.6	Zonadhesin OS=Mus musculus OX=10090 GN=Zan PE=1 SV=1
eophileurus_sp_2|species=Eophileurus_sp|mature_len=33|n_cys=6	Q28983	sp|Q28983|ZAN_PIG	44.828	29	16	0	5	33	711	739	33	2476	88	0.82	31.2	Zonadhesin OS=Sus scrofa OX=9823 GN=ZAN PE=1 SV=1
eophileurus_sp_2|species=Eophileurus_sp|mature_len=33|n_cys=6	Q80YA8	sp|Q80YA8|CRUM2_MOUSE	53.571	28	4	3	9	33	1114	1135	33	1282	76	0.82	31.2	Protein crumbs homolog 2 OS=Mus musculus OX=10090 GN=Crb2 PE=1 SV=3
eophileurus_sp_2|species=Eophileurus_sp|mature_len=33|n_cys=6	O08523	sp|O08523|TECTA_MOUSE	41.379	29	17	0	5	33	1397	1425	33	2155	88	1.0	30.8	Alpha-tectorin OS=Mus musculus OX=10090 GN=Tecta PE=1 SV=2
eophileurus_sp_2|species=Eophileurus_sp|mature_len=33|n_cys=6	O75443	sp|O75443|TECTA_HUMAN	41.379	29	17	0	5	33	1397	1425	33	2155	88	1.5	30.3	Alpha-tectorin OS=Homo sapiens OX=9606 GN=TECTA PE=1 SV=3
eophileurus_sp_2|species=Eophileurus_sp|mature_len=33|n_cys=6	Q9Y493	sp|Q9Y493|ZAN_HUMAN	37.931	29	18	0	5	33	1065	1093	33	2812	88	4.1	29.1	Zonadhesin OS=Homo sapiens OX=9606 GN=ZAN PE=1 SV=5
eophileurus_sp_2|species=Eophileurus_sp|mature_len=33|n_cys=6	B2XWN9	sp|B2XWN9|RPOC2_FAGEA	87.500	8	1	0	21	28	257	264	33	1365	24	4.9	28.6	DNA-directed RNA polymerase subunit beta'' OS=Fagopyrum esculentum subsp. ancestrale OX=180217 GN=rpoC2 PE=3 SV=1
eophileurus_sp_2|species=Eophileurus_sp|mature_len=33|n_cys=6	Q2PC93	sp|Q2PC93|SSPO_CHICK	52.381	21	10	0	13	33	940	960	33	5255	64	5.7	28.6	SCO-spondin OS=Gallus gallus OX=9031 GN=SSPO PE=2 SV=1
eophileurus_sp_2|species=Eophileurus_sp|mature_len=33|n_cys=6	Q8HZI9	sp|Q8HZI9|LAMC2_HORSE	64.286	14	3	1	9	20	585	598	33	1190	36	6.1	28.6	Laminin subunit gamma-2 OS=Equus caballus OX=9796 GN=LAMC2 PE=2 SV=1
cucujus_clavipes_1|species=Cucujus_clavipes|mature_len=33|n_cys=4	P86733	sp|P86733|KCP_HALAI	72.727	22	6	0	1	22	95	116	33	126	67	5.07e-06	46.0	BPTI/Kunitz domain-containing protein (Fragment) OS=Haliotis asinina OX=109174 PE=1 SV=1
cucujus_clavipes_1|species=Cucujus_clavipes|mature_len=33|n_cys=4	P86733	sp|P86733|KCP_HALAI	63.636	22	8	0	1	22	39	60	33	126	67	0.008	36.7	BPTI/Kunitz domain-containing protein (Fragment) OS=Haliotis asinina OX=109174 PE=1 SV=1
cucujus_clavipes_1|species=Cucujus_clavipes|mature_len=33|n_cys=4	P83606	sp|P83606|BMTI6_RHIMP	69.565	23	7	0	1	23	260	282	33	291	70	3.98e-05	43.5	Kunitz-type serine protease inhibitor 6 (Fragment) OS=Rhipicephalus microplus OX=6941 PE=1 SV=2
cucujus_clavipes_1|species=Cucujus_clavipes|mature_len=33|n_cys=4	P83606	sp|P83606|BMTI6_RHIMP	70.000	20	6	0	4	23	35	54	33	291	61	0.009	36.7	Kunitz-type serine protease inhibitor 6 (Fragment) OS=Rhipicephalus microplus OX=6941 PE=1 SV=2
cucujus_clavipes_1|species=Cucujus_clavipes|mature_len=33|n_cys=4	P83606	sp|P83606|BMTI6_RHIMP	61.111	18	7	0	1	18	164	181	33	291	55	0.23	32.5	Kunitz-type serine protease inhibitor 6 (Fragment) OS=Rhipicephalus microplus OX=6941 PE=1 SV=2
cucujus_clavipes_1|species=Cucujus_clavipes|mature_len=33|n_cys=4	Q06481	sp|Q06481|APLP2_HUMAN	75.000	16	4	0	1	16	335	350	33	763	48	1.51e-04	41.8	Amyloid beta precursor like protein 2 OS=Homo sapiens OX=9606 GN=APLP2 PE=1 SV=2
cucujus_clavipes_1|species=Cucujus_clavipes|mature_len=33|n_cys=4	P15943	sp|P15943|APLP2_RAT	75.000	16	4	0	1	16	337	352	33	765	48	1.51e-04	41.8	Amyloid beta precursor like protein 2 OS=Rattus norvegicus OX=10116 GN=Aplp2 PE=1 SV=2
cucujus_clavipes_1|species=Cucujus_clavipes|mature_len=33|n_cys=4	B5L5Q1	sp|B5L5Q1|VKT7_PSETT	68.000	25	8	0	1	25	56	80	33	83	76	2.41e-04	41.4	Kunitz-type serine protease inhibitor textilinin-7 OS=Pseudonaja textilis textilis OX=169397 PE=3 SV=1
cucujus_clavipes_1|species=Cucujus_clavipes|mature_len=33|n_cys=4	Q90W99	sp|Q90W99|VKT3_PSETT	68.000	25	8	0	1	25	56	80	33	83	76	3.67e-04	40.5	Kunitz-type serine protease inhibitor textilinin-3 OS=Pseudonaja textilis textilis OX=169397 PE=2 SV=1
cucujus_clavipes_1|species=Cucujus_clavipes|mature_len=33|n_cys=4	P00993	sp|P00993|IBP_CARCR	73.684	19	5	0	4	22	36	54	33	110	58	5.47e-04	40.1	Chelonianin OS=Caretta caretta OX=8467 PE=1 SV=1
cucujus_clavipes_1|species=Cucujus_clavipes|mature_len=33|n_cys=4	P15989	sp|P15989|CO6A3_CHICK	65.217	23	8	0	1	23	3097	3119	33	3137	70	5.79e-04	40.1	Collagen alpha-3(VI) chain OS=Gallus gallus OX=9031 GN=COL6A3 PE=2 SV=2
cucujus_clavipes_1|species=Cucujus_clavipes|mature_len=33|n_cys=4	Q6NUX0	sp|Q6NUX0|WFKN_DANRE	61.905	21	8	0	4	24	399	419	33	558	64	6.72e-04	40.1	WAP, Kazal, immunoglobulin, Kunitz and NTR domain-containing protein OS=Danio rerio OX=7955 GN=wfikkn PE=2 SV=1
cucujus_clavipes_1|species=Cucujus_clavipes|mature_len=33|n_cys=4	F8J2F5	sp|F8J2F5|VKT87_DRYCN	59.375	32	9	1	1	32	56	83	33	83	97	7.40e-04	39.7	Kunitz-type serine protease inhibitor 87 OS=Drysdalia coronoides OX=66186 PE=1 SV=1
cucujus_clavipes_1|species=Cucujus_clavipes|mature_len=33|n_cys=4	B5L5Q6	sp|B5L5Q6|VKT5_OXYMI	66.667	24	8	0	1	24	56	79	33	79	73	7.64e-04	39.7	Kunitz-type serine protease inhibitor microlepidin-5 OS=Oxyuranus microlepidotus OX=111177 PE=3 SV=1
cucujus_clavipes_1|species=Cucujus_clavipes|mature_len=33|n_cys=4	B5KL27	sp|B5KL27|VKT3_OXYMI	66.667	24	8	0	1	24	56	79	33	83	73	8.47e-04	39.7	Kunitz-type serine protease inhibitor microlepidin-3 OS=Oxyuranus microlepidotus OX=111177 PE=2 SV=1
cucujus_clavipes_1|species=Cucujus_clavipes|mature_len=33|n_cys=4	B5KL29	sp|B5KL29|VKT3_OXYSC	66.667	24	8	0	1	24	56	79	33	83	73	8.75e-04	39.7	Kunitz-type serine protease inhibitor scutellin-3 OS=Oxyuranus scutellatus scutellatus OX=8667 PE=2 SV=1
cucujus_clavipes_1|species=Cucujus_clavipes|mature_len=33|n_cys=4	B5KL32	sp|B5KL32|VKT3_NOTSC	72.727	22	6	0	1	22	56	77	33	83	67	0.001	39.2	Kunitz-type serine protease inhibitor tigerin-3 OS=Notechis scutatus scutatus OX=70142 PE=2 SV=1
cucujus_clavipes_1|species=Cucujus_clavipes|mature_len=33|n_cys=4	Q6ITB2	sp|Q6ITB2|VKT2_NOTSC	66.667	24	8	0	1	24	56	79	33	83	73	0.001	39.2	Kunitz-type serine protease inhibitor tigerin-2 OS=Notechis scutatus scutatus OX=70142 PE=2 SV=1
cucujus_clavipes_1|species=Cucujus_clavipes|mature_len=33|n_cys=4	O43291	sp|O43291|SPIT2_HUMAN	60.870	23	5	1	4	22	66	88	33	252	58	0.001	39.2	Kunitz-type protease inhibitor 2 OS=Homo sapiens OX=9606 GN=SPINT2 PE=1 SV=2
cucujus_clavipes_1|species=Cucujus_clavipes|mature_len=33|n_cys=4	O43291	sp|O43291|SPIT2_HUMAN	50.000	18	9	0	1	18	158	175	33	252	55	4.0	29.1	Kunitz-type protease inhibitor 2 OS=Homo sapiens OX=9606 GN=SPINT2 PE=1 SV=2
cucujus_clavipes_1|species=Cucujus_clavipes|mature_len=33|n_cys=4	Q8R0S6	sp|Q8R0S6|WFKN1_MOUSE	66.667	21	5	2	4	23	391	410	33	552	61	0.001	39.2	WAP, Kazal, immunoglobulin, Kunitz and NTR domain-containing protein 1 OS=Mus musculus OX=10090 GN=Wfikkn1 PE=2 SV=2
cucujus_clavipes_1|species=Cucujus_clavipes|mature_len=33|n_cys=4	O95925	sp|O95925|EPPI_HUMAN	81.250	16	3	0	1	16	102	117	33	133	48	0.002	38.8	Eppin OS=Homo sapiens OX=9606 GN=EPPIN PE=1 SV=1
cucujus_clavipes_1|species=Cucujus_clavipes|mature_len=33|n_cys=4	B5KL39	sp|B5KL39|VKT2_AUSSU	72.727	22	6	0	1	22	56	77	33	83	67	0.002	38.8	Kunitz-type serine protease inhibitor superbin-2 OS=Austrelaps superbus OX=29156 PE=2 SV=1
cucujus_clavipes_1|species=Cucujus_clavipes|mature_len=33|n_cys=4	Q08E66	sp|Q08E66|WFKN2_BOVIN	65.000	20	7	0	4	23	412	431	33	574	61	0.002	38.8	WAP, Kazal, immunoglobulin, Kunitz and NTR domain-containing protein 2 OS=Bos taurus OX=9913 GN=WFIKKN2 PE=2 SV=1
cucujus_clavipes_1|species=Cucujus_clavipes|mature_len=33|n_cys=4	D8KY58	sp|D8KY58|VKT_BOMTE	65.217	23	8	0	1	23	55	77	33	82	70	0.002	38.4	Kunitz-type serine protease inhibitor Bt-KTI OS=Bombus terrestris OX=30195 PE=3 SV=1
cucujus_clavipes_1|species=Cucujus_clavipes|mature_len=33|n_cys=4	B5KL38	sp|B5KL38|VKT1_AUSSU	69.565	23	7	0	1	23	56	78	33	83	70	0.002	38.4	Kunitz-type serine protease inhibitor superbin-1 OS=Austrelaps superbus OX=29156 PE=2 SV=1
cucujus_clavipes_1|species=Cucujus_clavipes|mature_len=33|n_cys=4	B6ZIW0	sp|B6ZIW0|KUN_HAELO	69.565	23	7	0	1	23	46	68	33	141	70	0.002	38.4	Thrombin inhibitor hemalin OS=Haemaphysalis longicornis OX=44386 PE=2 SV=1
cucujus_clavipes_1|species=Cucujus_clavipes|mature_len=33|n_cys=4	B6ZIW0	sp|B6ZIW0|KUN_HAELO	56.522	23	10	0	1	23	114	136	33	141	70	0.78	31.2	Thrombin inhibitor hemalin OS=Haemaphysalis longicornis OX=44386 PE=2 SV=1
cucujus_clavipes_1|species=Cucujus_clavipes|mature_len=33|n_cys=4	Q6ITB1	sp|Q6ITB1|VKT_PSEPO	69.565	23	7	0	1	23	56	78	33	83	70	0.002	38.4	Kunitz-type serine protease inhibitor blackelin OS=Pseudechis porphyriacus OX=8671 PE=2 SV=1
cucujus_clavipes_1|species=Cucujus_clavipes|mature_len=33|n_cys=4	Q6ITB0	sp|Q6ITB0|VKT1_TROCA	69.565	23	7	0	1	23	56	78	33	83	70	0.002	38.4	Kunitz-type serine protease inhibitor carinatin-1 OS=Tropidechis carinatus OX=100989 PE=2 SV=1
anomala_sp_2|species=Anomala_sp|mature_len=59|n_cys=6	C8YJB3	sp|C8YJB3|VASO2_TABYA	41.509	53	27	2	2	50	23	75	59	76	83	0.002	40.5	Vasotab-TY2 OS=Tabanus yao OX=485572 PE=1 SV=1
anomala_sp_2|species=Anomala_sp|mature_len=59|n_cys=6	P0DKT1	sp|P0DKT1|TU92_POLAB	44.000	50	24	2	1	50	25	70	59	70	85	0.003	39.7	Turripeptide Pal9.2 OS=Polystira albida OX=394106 PE=2 SV=1
anomala_sp_2|species=Anomala_sp|mature_len=59|n_cys=6	C8YJB4	sp|C8YJB4|VASO3_TABYA	42.593	54	25	3	2	50	23	75	59	76	83	0.004	39.7	Vasotab-TY3 OS=Tabanus yao OX=485572 PE=1 SV=1
anomala_sp_2|species=Anomala_sp|mature_len=59|n_cys=6	P16895	sp|P16895|IELA_ANESU	40.816	49	25	1	2	50	4	48	59	48	83	0.005	38.8	PI-actitoxin-Avd5a OS=Anemonia sulcata OX=6108 PE=1 SV=1
anomala_sp_2|species=Anomala_sp|mature_len=59|n_cys=6	P84843	sp|P84843|VASOT_HYBBI	42.593	54	25	3	2	50	23	75	59	76	83	0.014	38.0	Vasotab OS=Hybomitra bimaculata OX=226809 PE=1 SV=1
anomala_sp_2|species=Anomala_sp|mature_len=59|n_cys=6	C1IBZ2	sp|C1IBZ2|VASO1_TABYA	40.741	54	26	3	2	50	23	75	59	76	83	0.016	37.5	Vasotab-TY1 OS=Tabanus yao OX=485572 PE=3 SV=1
anomala_sp_2|species=Anomala_sp|mature_len=59|n_cys=6	A0A3G5BID2	sp|A0A3G5BID2|KAZL2_DOLGE	50.000	36	17	1	1	36	28	62	59	202	61	0.019	38.0	U-Kazal-Dg21.2 OS=Dolopus genitalis OX=2488630 PE=1 SV=1
anomala_sp_2|species=Anomala_sp|mature_len=59|n_cys=6	P0DKT2	sp|P0DKT2|TU92_GEMSO	36.000	50	28	1	1	50	25	70	59	70	85	0.054	35.8	Turripeptide Gsg9.2 OS=Gemmula sogodensis OX=439591 PE=2 SV=1
anomala_sp_2|species=Anomala_sp|mature_len=59|n_cys=6	P0DKT3	sp|P0DKT3|TU93_GEMSP	36.000	50	28	1	1	50	25	70	59	70	85	0.089	35.4	Turripeptide Gsp9.3 OS=Gemmula speciosa OX=439592 PE=2 SV=1
anomala_sp_2|species=Anomala_sp|mature_len=59|n_cys=6	P34953	sp|P34953|ISK2_MACFA	37.778	45	24	1	6	50	41	81	59	81	76	0.14	35.0	Serine protease inhibitor Kazal-type 2 OS=Macaca fascicularis OX=9541 GN=SPINK2 PE=2 SV=1
anomala_sp_2|species=Anomala_sp|mature_len=59|n_cys=6	P0DKM7	sp|P0DKM7|TU91_IOTOL	36.000	50	28	2	1	50	25	70	59	70	85	0.24	34.1	Turripeptide Lol9.1 OS=Iotyrris olangoensis OX=2420066 PE=2 SV=1
anomala_sp_2|species=Anomala_sp|mature_len=59|n_cys=6	Q6PQG3	sp|Q6PQG3|EPI10_PHYIN	37.500	48	25	2	6	52	167	210	59	224	80	0.28	34.1	Extracellular protease inhibitor 10 OS=Phytophthora infestans OX=4787 GN=EPI10 PE=1 SV=1
anomala_sp_2|species=Anomala_sp|mature_len=59|n_cys=6	P85000	sp|P85000|ISK1L_CHICK	45.652	46	21	2	5	50	14	55	59	55	78	0.31	33.3	Trypsin inhibitor ClTI-1 OS=Gallus gallus OX=9031 PE=1 SV=1
anomala_sp_2|species=Anomala_sp|mature_len=59|n_cys=6	P05605	sp|P05605|IOVO_SYRRE	41.304	46	23	1	5	50	15	56	59	56	78	0.90	32.0	Ovomucoid (Fragment) OS=Syrmaticus reevesii OX=9066 PE=1 SV=1
anomala_sp_2|species=Anomala_sp|mature_len=59|n_cys=6	Q9UIK5	sp|Q9UIK5|TEFF2_HUMAN	36.000	50	28	1	6	55	95	140	59	374	85	0.91	32.5	Tomoregulin-2 OS=Homo sapiens OX=9606 GN=TMEFF2 PE=1 SV=1
anomala_sp_2|species=Anomala_sp|mature_len=59|n_cys=6	P05596	sp|P05596|IOVO_PTEER	41.304	46	23	1	5	50	15	56	59	56	78	1.0	32.0	Ovomucoid (Fragment) OS=Pternistis erckelii OX=9022 PE=1 SV=1
anomala_sp_2|species=Anomala_sp|mature_len=59|n_cys=6	P05594	sp|P05594|IOVO_PTEAF	41.304	46	23	1	5	50	12	53	59	53	78	1.1	31.6	Ovomucoid (Fragment) OS=Pternistis afer OX=9020 PE=1 SV=1
anomala_sp_2|species=Anomala_sp|mature_len=59|n_cys=6	P05600	sp|P05600|IOVO_COTDE	41.304	46	23	1	5	50	11	52	59	52	78	1.8	31.2	Ovomucoid (Fragment) OS=Coturnix delegorguei OX=9093 PE=1 SV=1
anomala_sp_2|species=Anomala_sp|mature_len=59|n_cys=6	P68392	sp|P68392|IOVO_NETRU	39.130	46	24	1	5	50	13	54	59	54	78	2.1	30.8	Ovomucoid (Fragment) OS=Netta rufina OX=30387 PE=1 SV=1
anomala_sp_2|species=Anomala_sp|mature_len=59|n_cys=6	P68391	sp|P68391|IOVO_AYTAM	39.130	46	24	1	5	50	13	54	59	54	78	2.1	30.8	Ovomucoid (Fragment) OS=Aythya americana OX=30385 PE=1 SV=1
anomala_sp_2|species=Anomala_sp|mature_len=59|n_cys=6	P05601	sp|P05601|IOVO_ARBTO	39.583	48	25	1	3	50	10	53	59	53	81	2.1	30.8	Ovomucoid (Fragment) OS=Arborophila torqueola OX=9105 PE=1 SV=1
anomala_sp_2|species=Anomala_sp|mature_len=59|n_cys=6	P68156	sp|P68156|IOVO_SARME	39.130	46	24	1	5	50	13	54	59	54	78	2.2	30.8	Ovomucoid (Fragment) OS=Sarkidiornis melanotos OX=8887 PE=1 SV=1
anomala_sp_2|species=Anomala_sp|mature_len=59|n_cys=6	P68157	sp|P68157|IOVO_RADRA	39.130	46	24	1	5	50	13	54	59	54	78	2.2	30.8	Ovomucoid (Fragment) OS=Radjah radjah OX=3151041 PE=1 SV=1
anomala_sp_2|species=Anomala_sp|mature_len=59|n_cys=6	P68155	sp|P68155|IOVO_NEOJU	39.130	46	24	1	5	50	13	54	59	54	78	2.2	30.8	Ovomucoid (Fragment) OS=Neochen jubata OX=8882 PE=1 SV=1
anomala_sp_2|species=Anomala_sp|mature_len=59|n_cys=6	P68153	sp|P68153|IOVO_LOPSP	39.130	46	24	1	5	50	13	54	59	54	78	2.2	30.8	Ovomucoid (Fragment) OS=Lophonetta specularioides OX=75873 PE=1 SV=1
maechidius_sp_1|species=Maechidius_sp|mature_len=30|n_cys=4	Q08E66	sp|Q08E66|WFKN2_BOVIN	57.692	26	11	0	1	26	409	434	30	574	87	2.12e-06	46.9	WAP, Kazal, immunoglobulin, Kunitz and NTR domain-containing protein 2 OS=Bos taurus OX=9913 GN=WFIKKN2 PE=2 SV=1
maechidius_sp_1|species=Maechidius_sp|mature_len=30|n_cys=4	Q9WU03	sp|Q9WU03|SPIT2_MOUSE	58.621	29	12	0	1	29	63	91	30	252	97	3.18e-06	46.4	Kunitz-type protease inhibitor 2 OS=Mus musculus OX=10090 GN=Spint2 PE=1 SV=1
maechidius_sp_1|species=Maechidius_sp|mature_len=30|n_cys=4	Q9WU03	sp|Q9WU03|SPIT2_MOUSE	51.613	31	9	3	1	28	158	185	30	252	93	0.27	32.0	Kunitz-type protease inhibitor 2 OS=Mus musculus OX=10090 GN=Spint2 PE=1 SV=1
maechidius_sp_1|species=Maechidius_sp|mature_len=30|n_cys=4	Q8TEU8	sp|Q8TEU8|WFKN2_HUMAN	57.692	26	11	0	1	26	411	436	30	576	87	8.61e-06	45.2	WAP, Kazal, immunoglobulin, Kunitz and NTR domain-containing protein 2 OS=Homo sapiens OX=9606 GN=WFIKKN2 PE=1 SV=1
maechidius_sp_1|species=Maechidius_sp|mature_len=30|n_cys=4	Q7TQN3	sp|Q7TQN3|WFKN2_MOUSE	57.692	26	11	0	1	26	406	431	30	571	87	1.18e-05	44.8	WAP, Kazal, immunoglobulin, Kunitz and NTR domain-containing protein 2 OS=Mus musculus OX=10090 GN=Wfikkn2 PE=1 SV=2
maechidius_sp_1|species=Maechidius_sp|mature_len=30|n_cys=4	P83606	sp|P83606|BMTI6_RHIMP	66.667	30	10	0	1	30	260	289	30	291	100	1.84e-05	44.3	Kunitz-type serine protease inhibitor 6 (Fragment) OS=Rhipicephalus microplus OX=6941 PE=1 SV=2
maechidius_sp_1|species=Maechidius_sp|mature_len=30|n_cys=4	P83606	sp|P83606|BMTI6_RHIMP	65.385	26	9	0	1	26	32	57	30	291	87	0.001	39.2	Kunitz-type serine protease inhibitor 6 (Fragment) OS=Rhipicephalus microplus OX=6941 PE=1 SV=2
maechidius_sp_1|species=Maechidius_sp|mature_len=30|n_cys=4	P83606	sp|P83606|BMTI6_RHIMP	65.385	26	9	0	1	26	164	189	30	291	87	0.002	38.0	Kunitz-type serine protease inhibitor 6 (Fragment) OS=Rhipicephalus microplus OX=6941 PE=1 SV=2
maechidius_sp_1|species=Maechidius_sp|mature_len=30|n_cys=4	P00992	sp|P00992|VKT3_VIPAA	72.727	22	6	0	1	22	56	77	30	93	73	1.97e-05	43.9	Kunitz-type serine protease inhibitor 3 OS=Vipera ammodytes ammodytes OX=8705 PE=1 SV=2
maechidius_sp_1|species=Maechidius_sp|mature_len=30|n_cys=4	I2G9B4	sp|I2G9B4|VKT_MACLN	68.182	22	7	0	1	22	56	77	30	95	73	2.22e-05	43.9	Kunitz-type serine protease inhibitor PIVL OS=Macrovipera lebetina transmediterranea OX=384075 PE=1 SV=1
maechidius_sp_1|species=Maechidius_sp|mature_len=30|n_cys=4	Q8T0W4	sp|Q8T0W4|VKT2_PIMHY	73.077	26	7	0	1	26	51	76	30	77	87	4.88e-05	42.6	Kunitz-type serine protease inhibitor cvp2 OS=Pimpla hypochondriaca OX=135724 PE=1 SV=1
maechidius_sp_1|species=Maechidius_sp|mature_len=30|n_cys=4	P07481	sp|P07481|ISC3_BOMMO	69.231	26	8	0	1	26	36	61	30	63	87	8.86e-05	41.8	Chymotrypsin inhibitor SCI-III OS=Bombyx mori OX=7091 PE=1 SV=1
maechidius_sp_1|species=Maechidius_sp|mature_len=30|n_cys=4	Q2ES48	sp|Q2ES48|VKT3_DABRR	64.286	28	10	0	1	28	56	83	30	84	93	1.24e-04	41.8	Kunitz-type serine protease inhibitor 3 OS=Daboia russelii OX=8707 PE=2 SV=1
maechidius_sp_1|species=Maechidius_sp|mature_len=30|n_cys=4	P81902	sp|P81902|CSTI_BOMMO	73.077	26	7	0	1	26	29	54	30	55	87	1.30e-04	41.4	Trypsin inhibitor OS=Bombyx mori OX=7091 PE=1 SV=1
maechidius_sp_1|species=Maechidius_sp|mature_len=30|n_cys=4	A8Y7N6	sp|A8Y7N6|VKTC3_DABSI	64.286	28	10	0	1	28	56	83	30	84	93	1.38e-04	41.4	Kunitz-type serine protease inhibitor C3 OS=Daboia siamensis OX=343250 PE=2 SV=1
maechidius_sp_1|species=Maechidius_sp|mature_len=30|n_cys=4	B5KL32	sp|B5KL32|VKT3_NOTSC	64.286	28	10	0	1	28	56	83	30	83	93	1.92e-04	40.9	Kunitz-type serine protease inhibitor tigerin-3 OS=Notechis scutatus scutatus OX=70142 PE=2 SV=1
maechidius_sp_1|species=Maechidius_sp|mature_len=30|n_cys=4	Q96NZ8	sp|Q96NZ8|WFKN1_HUMAN	84.615	13	2	0	4	16	387	399	30	548	43	2.37e-04	40.9	WAP, Kazal, immunoglobulin, Kunitz and NTR domain-containing protein 1 OS=Homo sapiens OX=9606 GN=WFIKKN1 PE=1 SV=1
maechidius_sp_1|species=Maechidius_sp|mature_len=30|n_cys=4	A8Y7N7	sp|A8Y7N7|VKTC4_DABSI	60.714	28	11	0	1	28	56	83	30	90	93	3.09e-04	40.5	Kunitz-type serine protease inhibitor C4 OS=Daboia siamensis OX=343250 PE=2 SV=1
maechidius_sp_1|species=Maechidius_sp|mature_len=30|n_cys=4	P10831	sp|P10831|ISC1_BOMMO	69.231	26	8	0	1	26	35	60	30	62	87	3.41e-04	40.1	Chymotrypsin inhibitor SCI-I OS=Bombyx mori OX=7091 PE=1 SV=1
maechidius_sp_1|species=Maechidius_sp|mature_len=30|n_cys=4	B5KL38	sp|B5KL38|VKT1_AUSSU	64.286	28	10	0	1	28	56	83	30	83	93	3.86e-04	40.1	Kunitz-type serine protease inhibitor superbin-1 OS=Austrelaps superbus OX=29156 PE=2 SV=1
maechidius_sp_1|species=Maechidius_sp|mature_len=30|n_cys=4	Q6ITB2	sp|Q6ITB2|VKT2_NOTSC	64.286	28	10	0	1	28	56	83	30	83	93	4.47e-04	40.1	Kunitz-type serine protease inhibitor tigerin-2 OS=Notechis scutatus scutatus OX=70142 PE=2 SV=1
maechidius_sp_1|species=Maechidius_sp|mature_len=30|n_cys=4	E7FL12	sp|E7FL12|VKT2_PSERS	64.286	28	10	0	1	28	56	83	30	83	93	4.57e-04	40.1	Kunitz serine protease inhibitor Pr-mulgin 2 OS=Pseudechis rossignolii OX=1489342 PE=2 SV=1
maechidius_sp_1|species=Maechidius_sp|mature_len=30|n_cys=4	B5L5Q8	sp|B5L5Q8|VKT5_PSEAU	64.286	28	10	0	1	28	56	83	30	83	93	4.92e-04	40.1	Kunitz-type serine protease inhibitor mulgin-5 OS=Pseudechis australis OX=8670 PE=3 SV=1
maechidius_sp_1|species=Maechidius_sp|mature_len=30|n_cys=4	Q6ITB9	sp|Q6ITB9|VKT3_PSEAU	64.286	28	10	0	1	28	56	83	30	83	93	4.92e-04	40.1	Kunitz-type serine protease inhibitor mulgin-3 OS=Pseudechis australis OX=8670 PE=2 SV=1
maechidius_sp_1|species=Maechidius_sp|mature_len=30|n_cys=4	C8YJ95	sp|C8YJ95|KUN3_TABYA	66.667	27	9	0	1	27	50	76	30	76	90	5.62e-04	39.7	Tabkunin 2 OS=Tabanus yao OX=485572 PE=1 SV=1
maechidius_sp_1|species=Maechidius_sp|mature_len=30|n_cys=4	B5KL39	sp|B5KL39|VKT2_AUSSU	60.714	28	11	0	1	28	56	83	30	83	93	6.01e-04	39.7	Kunitz-type serine protease inhibitor superbin-2 OS=Austrelaps superbus OX=29156 PE=2 SV=1
maechidius_sp_1|species=Maechidius_sp|mature_len=30|n_cys=4	P0DN06	sp|P0DN06|VKT1A_ANEVI	65.517	29	9	1	1	29	46	73	30	82	97	6.19e-04	39.7	U-actitoxin-Avd3f OS=Anemonia viridis OX=51769 PE=3 SV=1
maechidius_sp_1|species=Maechidius_sp|mature_len=30|n_cys=4	B5KL27	sp|B5KL27|VKT3_OXYMI	60.714	28	11	0	1	28	56	83	30	83	93	6.40e-04	39.7	Kunitz-type serine protease inhibitor microlepidin-3 OS=Oxyuranus microlepidotus OX=111177 PE=2 SV=1
phyllotocus_sp_3|species=Phyllotocus_sp|mature_len=63|n_cys=6	C0HMC7	sp|C0HMC7|KUN_HAEDO	52.459	61	29	0	3	63	15	75	63	141	97	8.41e-14	72.7	Doenitin-1 OS=Haemaphysalis doenitzi OX=1048531 PE=2 SV=1
phyllotocus_sp_3|species=Phyllotocus_sp|mature_len=63|n_cys=6	C0HMC7	sp|C0HMC7|KUN_HAEDO	43.137	51	29	0	9	59	89	139	63	141	81	3.08e-05	46.4	Doenitin-1 OS=Haemaphysalis doenitzi OX=1048531 PE=2 SV=1
phyllotocus_sp_3|species=Phyllotocus_sp|mature_len=63|n_cys=6	B6ZIW0	sp|B6ZIW0|KUN_HAELO	49.180	61	31	0	3	63	15	75	63	141	97	5.18e-13	70.2	Thrombin inhibitor hemalin OS=Haemaphysalis longicornis OX=44386 PE=2 SV=1
phyllotocus_sp_3|species=Phyllotocus_sp|mature_len=63|n_cys=6	B6ZIW0	sp|B6ZIW0|KUN_HAELO	37.931	58	36	0	2	59	82	139	63	141	92	8.81e-07	51.5	Thrombin inhibitor hemalin OS=Haemaphysalis longicornis OX=44386 PE=2 SV=1
phyllotocus_sp_3|species=Phyllotocus_sp|mature_len=63|n_cys=6	Q2ES47	sp|Q2ES47|VKT4_DABRR	49.123	57	29	0	4	60	26	82	63	84	90	6.15e-13	69.4	Kunitz-type serine protease inhibitor 4 OS=Daboia russelii OX=8707 PE=2 SV=1
phyllotocus_sp_3|species=Phyllotocus_sp|mature_len=63|n_cys=6	P0DMW6	sp|P0DMW6|VKT3A_ACTEQ	50.000	56	28	0	4	59	1	56	63	59	89	3.30e-12	66.4	PI-actitoxin-Aeq3a OS=Actinia equina OX=6106 PE=1 SV=1
phyllotocus_sp_3|species=Phyllotocus_sp|mature_len=63|n_cys=6	Q2ES46	sp|Q2ES46|VKT5_DABRR	47.368	57	30	0	4	60	26	82	63	96	90	3.62e-12	67.2	Kunitz-type serine protease inhibitor 5 OS=Daboia russelii OX=8707 PE=2 SV=1
phyllotocus_sp_3|species=Phyllotocus_sp|mature_len=63|n_cys=6	F5GTK6	sp|F5GTK6|VKGUA_SIMGU	52.830	53	25	0	7	59	22	74	63	106	84	8.84e-12	66.4	Guianensin OS=Simulium guianense OX=445764 PE=1 SV=1
phyllotocus_sp_3|species=Phyllotocus_sp|mature_len=63|n_cys=6	A0A6P8HC43	sp|A0A6P8HC43|ATPI1_ACTTE	49.123	57	29	0	3	59	225	281	63	285	90	9.17e-12	66.8	Actinia tenebrosa protease inhibitors OS=Actinia tenebrosa OX=6105 PE=1 SV=1
phyllotocus_sp_3|species=Phyllotocus_sp|mature_len=63|n_cys=6	A0A6P8HC43	sp|A0A6P8HC43|ATPI1_ACTTE	43.860	57	32	0	3	59	85	141	63	285	90	8.51e-10	60.9	Actinia tenebrosa protease inhibitors OS=Actinia tenebrosa OX=6105 PE=1 SV=1
phyllotocus_sp_3|species=Phyllotocus_sp|mature_len=63|n_cys=6	A0A6P8HC43	sp|A0A6P8HC43|ATPI1_ACTTE	45.614	57	31	0	3	59	155	211	63	285	90	1.71e-09	59.6	Actinia tenebrosa protease inhibitors OS=Actinia tenebrosa OX=6105 PE=1 SV=1
phyllotocus_sp_3|species=Phyllotocus_sp|mature_len=63|n_cys=6	A0A6P8HC43	sp|A0A6P8HC43|ATPI1_ACTTE	41.667	36	21	0	9	44	28	63	63	285	57	0.78	32.9	Actinia tenebrosa protease inhibitors OS=Actinia tenebrosa OX=6105 PE=1 SV=1
phyllotocus_sp_3|species=Phyllotocus_sp|mature_len=63|n_cys=6	Q8WPI2	sp|Q8WPI2|KUNIH_RHIMP	48.276	58	30	0	6	63	18	75	63	142	92	1.09e-11	66.4	Boophilin-H2 OS=Rhipicephalus microplus OX=6941 PE=1 SV=1
phyllotocus_sp_3|species=Phyllotocus_sp|mature_len=63|n_cys=6	Q8WPI2	sp|Q8WPI2|KUNIH_RHIMP	42.593	54	31	0	9	62	89	142	63	142	86	3.26e-07	52.8	Boophilin-H2 OS=Rhipicephalus microplus OX=6941 PE=1 SV=1
phyllotocus_sp_3|species=Phyllotocus_sp|mature_len=63|n_cys=6	Q8WPI3	sp|Q8WPI3|KUNIG_RHIMP	46.552	58	31	0	6	63	18	75	63	142	92	2.03e-11	65.5	Boophilin-G2 OS=Rhipicephalus microplus OX=6941 PE=1 SV=1
phyllotocus_sp_3|species=Phyllotocus_sp|mature_len=63|n_cys=6	Q8WPI3	sp|Q8WPI3|KUNIG_RHIMP	42.593	54	31	0	9	62	89	142	63	142	86	2.23e-07	53.2	Boophilin-G2 OS=Rhipicephalus microplus OX=6941 PE=1 SV=1
phyllotocus_sp_3|species=Phyllotocus_sp|mature_len=63|n_cys=6	P0DMW7	sp|P0DMW7|VKT3B_ACTEQ	46.429	56	30	0	4	59	1	56	63	59	89	2.40e-11	63.8	PI-actitoxin-Aeq3b OS=Actinia equina OX=6106 PE=1 SV=1
phyllotocus_sp_3|species=Phyllotocus_sp|mature_len=63|n_cys=6	P24541	sp|P24541|VKT_ERIMA	51.923	52	25	0	8	59	1	52	63	62	83	4.30e-11	63.4	Kunitz-type serine protease inhibitor OS=Eristicophis macmahoni OX=110227 PE=1 SV=1
phyllotocus_sp_3|species=Phyllotocus_sp|mature_len=63|n_cys=6	C0HLB2	sp|C0HLB2|VKT_PSEPC	48.214	56	29	0	4	59	2	57	63	68	89	5.51e-11	63.4	Kunitz-type serine protease inhibitor PPTI OS=Pseudocerastes persicus OX=47769 PE=1 SV=1
phyllotocus_sp_3|species=Phyllotocus_sp|mature_len=63|n_cys=6	A8Y7N9	sp|A8Y7N9|VKTC6_DABSI	47.170	53	28	0	8	60	30	82	63	96	84	9.16e-11	63.4	Kunitz-type serine protease inhibitor C6 OS=Daboia siamensis OX=343250 PE=2 SV=1
phyllotocus_sp_3|species=Phyllotocus_sp|mature_len=63|n_cys=6	P19761	sp|P19761|TFPI1_RABIT	44.643	56	31	0	5	60	46	101	63	300	89	2.10e-10	62.6	Tissue factor pathway inhibitor OS=Oryctolagus cuniculus OX=9986 GN=TFPI PE=2 SV=2
phyllotocus_sp_3|species=Phyllotocus_sp|mature_len=63|n_cys=6	P19761	sp|P19761|TFPI1_RABIT	49.091	55	28	0	7	61	119	173	63	300	87	2.42e-08	56.2	Tissue factor pathway inhibitor OS=Oryctolagus cuniculus OX=9986 GN=TFPI PE=2 SV=2
phyllotocus_sp_3|species=Phyllotocus_sp|mature_len=63|n_cys=6	P19761	sp|P19761|TFPI1_RABIT	43.137	51	29	0	9	59	213	263	63	300	81	3.69e-06	49.8	Tissue factor pathway inhibitor OS=Oryctolagus cuniculus OX=9986 GN=TFPI PE=2 SV=2
phyllotocus_sp_3|species=Phyllotocus_sp|mature_len=63|n_cys=6	P0DQR1	sp|P0DQR1|VKT3_PALCA	50.980	51	25	0	9	59	1	51	63	51	81	2.79e-10	60.4	Kunitz-like toxin PcKuz3 OS=Palythoa caribaeorum OX=134933 PE=3 SV=1
phyllotocus_sp_3|species=Phyllotocus_sp|mature_len=63|n_cys=6	P86862	sp|P86862|VKT1_ANTEL	51.852	54	26	0	6	59	2	55	63	65	86	3.00e-10	60.9	KappaPI-actitoxin-Ael3a OS=Anthopleura elegantissima OX=6110 PE=1 SV=1
phyllotocus_sp_3|species=Phyllotocus_sp|mature_len=63|n_cys=6	Q6T6S5	sp|Q6T6S5|VKT2_BITGA	50.943	53	26	0	7	59	29	81	63	90	84	4.72e-10	60.9	Kunitz-type serine protease inhibitor bitisilin-2 OS=Bitis gabonica OX=8694 PE=1 SV=1
phyllotocus_sp_3|species=Phyllotocus_sp|mature_len=63|n_cys=6	A5X2X1	sp|A5X2X1|VKT_SISCA	48.214	56	29	0	4	59	26	81	63	152	89	5.20e-10	61.3	Fused toxin protein OS=Sistrurus catenatus edwardsii OX=8762 PE=2 SV=1
phyllotocus_sp_3|species=Phyllotocus_sp|mature_len=63|n_cys=6	B5L5M7	sp|B5L5M7|IVBI_AUSSU	48.214	56	29	0	4	59	26	81	63	84	89	6.95e-10	60.4	Kunitz/BPTI-like toxin OS=Austrelaps superbus OX=29156 PE=3 SV=1
phyllotocus_sp_3|species=Phyllotocus_sp|mature_len=63|n_cys=6	Q7YRQ8	sp|Q7YRQ8|TFPI2_BOVIN	45.000	60	33	0	4	63	31	90	63	234	95	9.31e-10	60.4	Tissue factor pathway inhibitor 2 OS=Bos taurus OX=9913 GN=TFPI2 PE=2 SV=1
phyllotocus_sp_3|species=Phyllotocus_sp|mature_len=63|n_cys=6	Q7YRQ8	sp|Q7YRQ8|TFPI2_BOVIN	42.308	52	30	0	8	59	154	205	63	234	83	2.04e-05	47.3	Tissue factor pathway inhibitor 2 OS=Bos taurus OX=9913 GN=TFPI2 PE=2 SV=1
phyllotocus_sp_3|species=Phyllotocus_sp|mature_len=63|n_cys=6	Q7YRQ8	sp|Q7YRQ8|TFPI2_BOVIN	37.037	54	34	0	7	60	94	147	63	234	86	0.001	41.4	Tissue factor pathway inhibitor 2 OS=Bos taurus OX=9913 GN=TFPI2 PE=2 SV=1
phyllotocus_sp_3|species=Phyllotocus_sp|mature_len=63|n_cys=6	P81548	sp|P81548|VKT2_ANTAF	48.148	54	28	0	6	59	2	55	63	58	86	1.09e-09	59.2	PI-actitoxin-Axm2b OS=Anthopleura aff. xanthogrammica OX=152178 PE=1 SV=1
phyllotocus_sp_3|species=Phyllotocus_sp|mature_len=63|n_cys=6	C1IC52	sp|C1IC52|VKT2_WALAE	48.077	52	27	0	8	59	28	79	63	81	83	1.30e-09	59.6	Kunitz-type serine protease inhibitor spermatin OS=Walterinnesia aegyptia OX=64182 PE=1 SV=1
phyllotocus_sp_3|species=Phyllotocus_sp|mature_len=63|n_cys=6	P0DMJ3	sp|P0DMJ3|VKTI1_ANTFU	49.020	51	26	0	9	59	5	55	63	56	81	1.35e-09	58.7	PI-actitoxin-Afv2a OS=Anthopleura fuscoviridis OX=6111 PE=1 SV=1
phyllotocus_sp_3|species=Phyllotocus_sp|mature_len=63|n_cys=6	B7S4N9	sp|B7S4N9|VKT_OXYSC	42.623	61	35	0	2	62	24	84	63	88	97	1.43e-09	59.6	Kunitz-type serine protease inhibitor taicotoxin OS=Oxyuranus scutellatus scutellatus OX=8667 PE=1 SV=1
phyllotocus_sp_3|species=Phyllotocus_sp|mature_len=63|n_cys=6	P0DMX0	sp|P0DMX0|VKT3_ANTAF	46.429	56	30	0	4	59	2	57	63	61	89	1.60e-09	58.7	PI-actitoxin-Axm2b OS=Anthopleura aff. xanthogrammica OX=152178 PE=1 SV=1
scitalia_sp_1|species=Scitalia_sp|mature_len=43|n_cys=4	Q9TWG0	sp|Q9TWG0|VKT1_ANESU	48.571	35	18	0	1	35	21	55	43	58	81	5.12e-05	43.9	KappaPI-actitoxin-Avd3b OS=Anemonia sulcata OX=6108 PE=1 SV=1
scitalia_sp_1|species=Scitalia_sp|mature_len=43|n_cys=4	C0HJU6	sp|C0HJU6|VKT2F_RADCR	51.351	37	18	0	1	37	20	56	43	56	86	5.12e-05	43.9	PI-stichotoxin-Hcr2f OS=Radianthus crispa OX=3122430 PE=1 SV=1
scitalia_sp_1|species=Scitalia_sp|mature_len=43|n_cys=4	Q6T269	sp|Q6T269|VKT3_BITGA	46.512	43	23	0	1	43	88	130	43	151	100	5.17e-05	44.3	Kunitz-type serine protease inhibitor bitisilin-3 (Fragment) OS=Bitis gabonica OX=8694 PE=2 SV=1
scitalia_sp_1|species=Scitalia_sp|mature_len=43|n_cys=4	Q6T269	sp|Q6T269|VKT3_BITGA	46.512	43	23	0	1	43	34	76	43	151	100	7.72e-05	43.9	Kunitz-type serine protease inhibitor bitisilin-3 (Fragment) OS=Bitis gabonica OX=8694 PE=2 SV=1
scitalia_sp_1|species=Scitalia_sp|mature_len=43|n_cys=4	Q9TWF8	sp|Q9TWF8|VKT3_ANESU	48.571	35	18	0	1	35	21	55	43	59	81	5.41e-05	43.9	KappaPI-actitoxin-Avd3d OS=Anemonia sulcata OX=6108 PE=1 SV=1
scitalia_sp_1|species=Scitalia_sp|mature_len=43|n_cys=4	P0DN11	sp|P0DN11|VKT7_ANEVI	48.571	35	18	0	1	35	37	71	43	82	81	6.45e-05	43.9	U-actitoxin-Avd3j OS=Anemonia viridis OX=51769 PE=3 SV=1
scitalia_sp_1|species=Scitalia_sp|mature_len=43|n_cys=4	A0A1D0BND9	sp|A0A1D0BND9|TD1A_HADIN	41.860	43	25	0	1	43	42	84	43	123	100	6.72e-05	43.9	U13-hexatoxin-Hi1a OS=Hadronyche infensa OX=153481 PE=2 SV=1
scitalia_sp_1|species=Scitalia_sp|mature_len=43|n_cys=4	P0DN09	sp|P0DN09|VKT5_ANEVI	48.571	35	18	0	1	35	37	71	43	82	81	8.69e-05	43.5	U-actitoxin-Avd3h OS=Anemonia viridis OX=51769 PE=3 SV=1
scitalia_sp_1|species=Scitalia_sp|mature_len=43|n_cys=4	P0DN06	sp|P0DN06|VKT1A_ANEVI	48.571	35	18	0	1	35	37	71	43	82	81	8.69e-05	43.5	U-actitoxin-Avd3f OS=Anemonia viridis OX=51769 PE=3 SV=1
scitalia_sp_1|species=Scitalia_sp|mature_len=43|n_cys=4	P0DN10	sp|P0DN10|VKT6_ANEVI	48.571	35	18	0	1	35	37	71	43	82	81	9.25e-05	43.5	U-actitoxin-Avd3i OS=Anemonia viridis OX=51769 PE=3 SV=1
scitalia_sp_1|species=Scitalia_sp|mature_len=43|n_cys=4	P0DN14	sp|P0DN14|VKTA_ANEVI	48.571	35	18	0	1	35	37	71	43	82	81	1.04e-04	43.5	U-actitoxin-Avd3m OS=Anemonia viridis OX=51769 PE=3 SV=1
scitalia_sp_1|species=Scitalia_sp|mature_len=43|n_cys=4	B2KTG1	sp|B2KTG1|VKT_BUNFA	45.714	35	19	0	1	35	47	81	43	83	81	1.14e-04	43.1	Kunitz-type serine protease inhibitor bungaruskunin OS=Bungarus fasciatus OX=8613 PE=1 SV=1
scitalia_sp_1|species=Scitalia_sp|mature_len=43|n_cys=4	P83606	sp|P83606|BMTI6_RHIMP	51.429	35	17	0	1	35	251	285	43	291	81	1.34e-04	43.5	Kunitz-type serine protease inhibitor 6 (Fragment) OS=Rhipicephalus microplus OX=6941 PE=1 SV=2
scitalia_sp_1|species=Scitalia_sp|mature_len=43|n_cys=4	P83606	sp|P83606|BMTI6_RHIMP	36.364	44	26	1	1	42	23	66	43	291	98	0.43	32.9	Kunitz-type serine protease inhibitor 6 (Fragment) OS=Rhipicephalus microplus OX=6941 PE=1 SV=2
scitalia_sp_1|species=Scitalia_sp|mature_len=43|n_cys=4	P83606	sp|P83606|BMTI6_RHIMP	34.286	35	23	0	1	35	155	189	43	291	81	2.6	30.3	Kunitz-type serine protease inhibitor 6 (Fragment) OS=Rhipicephalus microplus OX=6941 PE=1 SV=2
scitalia_sp_1|species=Scitalia_sp|mature_len=43|n_cys=4	P26228	sp|P26228|SBPI_SARBU	51.429	35	17	0	1	35	22	56	43	57	81	1.35e-04	42.6	Protease inhibitor OS=Sarcophaga bullata OX=7385 PE=1 SV=1
scitalia_sp_1|species=Scitalia_sp|mature_len=43|n_cys=4	P10280	sp|P10280|VKT52_ANESU	48.571	35	18	0	1	35	21	55	43	62	81	1.44e-04	42.6	KappaPI-actitoxin-Avd3a OS=Anemonia sulcata OX=6108 PE=1 SV=2
scitalia_sp_1|species=Scitalia_sp|mature_len=43|n_cys=4	B6ZIW0	sp|B6ZIW0|KUN_HAELO	51.429	35	17	0	1	35	37	71	43	141	81	1.52e-04	43.1	Thrombin inhibitor hemalin OS=Haemaphysalis longicornis OX=44386 PE=2 SV=1
scitalia_sp_1|species=Scitalia_sp|mature_len=43|n_cys=4	B6ZIW0	sp|B6ZIW0|KUN_HAELO	42.857	35	20	0	2	36	106	140	43	141	81	1.0	31.6	Thrombin inhibitor hemalin OS=Haemaphysalis longicornis OX=44386 PE=2 SV=1
scitalia_sp_1|species=Scitalia_sp|mature_len=43|n_cys=4	P0DV03	sp|P0DV03|VKT2M_RADCR	45.946	37	20	0	1	37	20	56	43	56	86	1.64e-04	42.6	PI-stichotoxin-Hcr2m OS=Radianthus crispa OX=3122430 PE=3 SV=1
scitalia_sp_1|species=Scitalia_sp|mature_len=43|n_cys=4	C0HJF4	sp|C0HJF4|VKT2C_RADCR	45.946	37	20	0	1	37	20	56	43	56	86	1.69e-04	42.6	TauPI-stichotoxin-Hcr2c OS=Radianthus crispa OX=3122430 PE=1 SV=1
scitalia_sp_1|species=Scitalia_sp|mature_len=43|n_cys=4	O54819	sp|O54819|TFPI1_MOUSE	48.718	39	20	0	1	39	137	175	43	306	91	1.71e-04	43.1	Tissue factor pathway inhibitor OS=Mus musculus OX=10090 GN=Tfpi PE=2 SV=1
scitalia_sp_1|species=Scitalia_sp|mature_len=43|n_cys=4	O54819	sp|O54819|TFPI1_MOUSE	40.000	40	24	0	1	40	241	280	43	306	93	0.035	36.3	Tissue factor pathway inhibitor OS=Mus musculus OX=10090 GN=Tfpi PE=2 SV=1
scitalia_sp_1|species=Scitalia_sp|mature_len=43|n_cys=4	O54819	sp|O54819|TFPI1_MOUSE	45.714	35	19	0	1	35	66	100	43	306	81	0.036	35.8	Tissue factor pathway inhibitor OS=Mus musculus OX=10090 GN=Tfpi PE=2 SV=1
scitalia_sp_1|species=Scitalia_sp|mature_len=43|n_cys=4	P0DL86	sp|P0DL86|VKT2H_RADCR	45.946	37	20	0	1	37	20	56	43	56	86	1.71e-04	42.6	PI-stichotoxin-Hcr2h OS=Radianthus crispa OX=3122430 PE=1 SV=1
scitalia_sp_1|species=Scitalia_sp|mature_len=43|n_cys=4	P0DN12	sp|P0DN12|VKT8_ANEVI	45.714	35	19	0	1	35	37	71	43	82	81	1.80e-04	42.6	U-actitoxin-Avd3k OS=Anemonia viridis OX=51769 PE=3 SV=1
scitalia_sp_1|species=Scitalia_sp|mature_len=43|n_cys=4	P0DQR1	sp|P0DQR1|VKT3_PALCA	48.571	35	18	0	1	35	17	51	43	51	81	2.10e-04	42.2	Kunitz-like toxin PcKuz3 OS=Palythoa caribaeorum OX=134933 PE=3 SV=1
scitalia_sp_1|species=Scitalia_sp|mature_len=43|n_cys=4	Q9TWF9	sp|Q9TWF9|VKT2_ANESU	42.857	35	20	0	1	35	21	55	43	58	81	2.30e-04	42.2	KappaPI-actitoxin-Avd3c OS=Anemonia sulcata OX=6108 PE=1 SV=1
scitalia_sp_1|species=Scitalia_sp|mature_len=43|n_cys=4	P07481	sp|P07481|ISC3_BOMMO	51.429	35	17	0	1	35	27	61	43	63	81	2.36e-04	42.2	Chymotrypsin inhibitor SCI-III OS=Bombyx mori OX=7091 PE=1 SV=1
scitalia_sp_1|species=Scitalia_sp|mature_len=43|n_cys=4	P0DV06	sp|P0DV06|VKT2P_RADCR	45.946	37	20	0	1	37	20	56	43	56	86	2.51e-04	41.8	PI-stichotoxin-Hcr2p OS=Radianthus crispa OX=3122430 PE=3 SV=1
scitalia_sp_1|species=Scitalia_sp|mature_len=43|n_cys=4	P0DN08	sp|P0DN08|VKT53_ANEVI	48.571	35	18	0	1	35	37	71	43	82	81	2.80e-04	42.2	KappaPI-actitoxin-Avd3e OS=Anemonia viridis OX=51769 PE=3 SV=1
orphnus_sp_1|species=Orphnus_sp|mature_len=48|n_cys=5	B6ZIW0	sp|B6ZIW0|KUN_HAELO	54.545	44	20	0	1	44	28	71	48	141	92	5.66e-10	59.6	Thrombin inhibitor hemalin OS=Haemaphysalis longicornis OX=44386 PE=2 SV=1
orphnus_sp_1|species=Orphnus_sp|mature_len=48|n_cys=5	B6ZIW0	sp|B6ZIW0|KUN_HAELO	46.667	45	24	0	1	45	96	140	48	141	94	7.10e-07	50.3	Thrombin inhibitor hemalin OS=Haemaphysalis longicornis OX=44386 PE=2 SV=1
orphnus_sp_1|species=Orphnus_sp|mature_len=48|n_cys=5	P0DMW6	sp|P0DMW6|VKT3A_ACTEQ	52.174	46	22	0	1	46	13	58	48	59	96	7.95e-10	58.3	PI-actitoxin-Aeq3a OS=Actinia equina OX=6106 PE=1 SV=1
orphnus_sp_1|species=Orphnus_sp|mature_len=48|n_cys=5	A0A6P8HC43	sp|A0A6P8HC43|ATPI1_ACTTE	52.174	46	22	0	1	46	238	283	48	285	96	1.90e-09	58.3	Actinia tenebrosa protease inhibitors OS=Actinia tenebrosa OX=6105 PE=1 SV=1
orphnus_sp_1|species=Orphnus_sp|mature_len=48|n_cys=5	A0A6P8HC43	sp|A0A6P8HC43|ATPI1_ACTTE	47.826	46	24	0	1	46	168	213	48	285	96	1.12e-07	52.8	Actinia tenebrosa protease inhibitors OS=Actinia tenebrosa OX=6105 PE=1 SV=1
orphnus_sp_1|species=Orphnus_sp|mature_len=48|n_cys=5	A0A6P8HC43	sp|A0A6P8HC43|ATPI1_ACTTE	43.478	46	26	0	1	46	98	143	48	285	96	3.73e-07	51.5	Actinia tenebrosa protease inhibitors OS=Actinia tenebrosa OX=6105 PE=1 SV=1
orphnus_sp_1|species=Orphnus_sp|mature_len=48|n_cys=5	A0A6P8HC43	sp|A0A6P8HC43|ATPI1_ACTTE	33.824	68	23	1	1	46	35	102	48	285	96	0.51	32.9	Actinia tenebrosa protease inhibitors OS=Actinia tenebrosa OX=6105 PE=1 SV=1
orphnus_sp_1|species=Orphnus_sp|mature_len=48|n_cys=5	P0DMW7	sp|P0DMW7|VKT3B_ACTEQ	50.000	46	23	0	1	46	13	58	48	59	96	2.00e-09	57.1	PI-actitoxin-Aeq3b OS=Actinia equina OX=6106 PE=1 SV=1
orphnus_sp_1|species=Orphnus_sp|mature_len=48|n_cys=5	Q8WPI2	sp|Q8WPI2|KUNIH_RHIMP	52.273	44	21	0	1	44	28	71	48	142	92	3.09e-09	57.5	Boophilin-H2 OS=Rhipicephalus microplus OX=6941 PE=1 SV=1
orphnus_sp_1|species=Orphnus_sp|mature_len=48|n_cys=5	Q8WPI2	sp|Q8WPI2|KUNIH_RHIMP	53.191	47	22	0	1	47	96	142	48	142	98	1.20e-08	55.8	Boophilin-H2 OS=Rhipicephalus microplus OX=6941 PE=1 SV=1
orphnus_sp_1|species=Orphnus_sp|mature_len=48|n_cys=5	C0HMC7	sp|C0HMC7|KUN_HAEDO	54.545	44	20	0	1	44	28	71	48	141	92	3.12e-09	57.5	Doenitin-1 OS=Haemaphysalis doenitzi OX=1048531 PE=2 SV=1
orphnus_sp_1|species=Orphnus_sp|mature_len=48|n_cys=5	C0HMC7	sp|C0HMC7|KUN_HAEDO	48.889	45	23	0	1	45	96	140	48	141	94	3.97e-06	48.1	Doenitin-1 OS=Haemaphysalis doenitzi OX=1048531 PE=2 SV=1
orphnus_sp_1|species=Orphnus_sp|mature_len=48|n_cys=5	O43291	sp|O43291|SPIT2_HUMAN	48.936	47	24	0	1	47	45	91	48	252	98	4.48e-09	57.1	Kunitz-type protease inhibitor 2 OS=Homo sapiens OX=9606 GN=SPINT2 PE=1 SV=2
orphnus_sp_1|species=Orphnus_sp|mature_len=48|n_cys=5	O43291	sp|O43291|SPIT2_HUMAN	52.273	44	21	0	1	44	140	183	48	252	92	2.66e-07	52.0	Kunitz-type protease inhibitor 2 OS=Homo sapiens OX=9606 GN=SPINT2 PE=1 SV=2
orphnus_sp_1|species=Orphnus_sp|mature_len=48|n_cys=5	Q8WPI3	sp|Q8WPI3|KUNIG_RHIMP	50.000	44	22	0	1	44	28	71	48	142	92	7.52e-09	56.2	Boophilin-G2 OS=Rhipicephalus microplus OX=6941 PE=1 SV=1
orphnus_sp_1|species=Orphnus_sp|mature_len=48|n_cys=5	Q8WPI3	sp|Q8WPI3|KUNIG_RHIMP	53.191	47	22	0	1	47	96	142	48	142	98	1.09e-08	55.8	Boophilin-G2 OS=Rhipicephalus microplus OX=6941 PE=1 SV=1
orphnus_sp_1|species=Orphnus_sp|mature_len=48|n_cys=5	P19761	sp|P19761|TFPI1_RABIT	52.273	44	21	0	1	44	57	100	48	300	92	8.21e-09	56.2	Tissue factor pathway inhibitor OS=Oryctolagus cuniculus OX=9986 GN=TFPI PE=2 SV=2
orphnus_sp_1|species=Orphnus_sp|mature_len=48|n_cys=5	P19761	sp|P19761|TFPI1_RABIT	52.273	44	21	0	1	44	128	171	48	300	92	2.76e-07	52.0	Tissue factor pathway inhibitor OS=Oryctolagus cuniculus OX=9986 GN=TFPI PE=2 SV=2
orphnus_sp_1|species=Orphnus_sp|mature_len=48|n_cys=5	P19761	sp|P19761|TFPI1_RABIT	44.444	45	25	0	1	45	220	264	48	300	94	8.61e-06	47.3	Tissue factor pathway inhibitor OS=Oryctolagus cuniculus OX=9986 GN=TFPI PE=2 SV=2
orphnus_sp_1|species=Orphnus_sp|mature_len=48|n_cys=5	Q08E66	sp|Q08E66|WFKN2_BOVIN	57.500	40	17	0	1	40	391	430	48	574	83	8.80e-09	56.2	WAP, Kazal, immunoglobulin, Kunitz and NTR domain-containing protein 2 OS=Bos taurus OX=9913 GN=WFIKKN2 PE=2 SV=1
orphnus_sp_1|species=Orphnus_sp|mature_len=48|n_cys=5	Q6T6S5	sp|Q6T6S5|VKT2_BITGA	54.545	44	20	0	1	44	38	81	48	90	92	1.45e-08	55.4	Kunitz-type serine protease inhibitor bitisilin-2 OS=Bitis gabonica OX=8694 PE=1 SV=1
orphnus_sp_1|species=Orphnus_sp|mature_len=48|n_cys=5	P24541	sp|P24541|VKT_ERIMA	52.273	44	21	0	1	44	9	52	48	62	92	1.68e-08	54.5	Kunitz-type serine protease inhibitor OS=Eristicophis macmahoni OX=110227 PE=1 SV=1
orphnus_sp_1|species=Orphnus_sp|mature_len=48|n_cys=5	P86733	sp|P86733|KCP_HALAI	54.545	44	20	0	1	44	21	64	48	126	92	1.86e-08	54.9	BPTI/Kunitz domain-containing protein (Fragment) OS=Haliotis asinina OX=109174 PE=1 SV=1
orphnus_sp_1|species=Orphnus_sp|mature_len=48|n_cys=5	P86733	sp|P86733|KCP_HALAI	44.444	45	25	0	1	45	77	121	48	126	94	1.74e-05	46.4	BPTI/Kunitz domain-containing protein (Fragment) OS=Haliotis asinina OX=109174 PE=1 SV=1
orphnus_sp_1|species=Orphnus_sp|mature_len=48|n_cys=5	F5GTK6	sp|F5GTK6|VKGUA_SIMGU	56.818	44	19	0	1	44	31	74	48	106	92	1.97e-08	54.9	Guianensin OS=Simulium guianense OX=445764 PE=1 SV=1
orphnus_sp_1|species=Orphnus_sp|mature_len=48|n_cys=5	C0HLB2	sp|C0HLB2|VKT_PSEPC	52.273	44	21	0	1	44	14	57	48	68	92	2.20e-08	54.5	Kunitz-type serine protease inhibitor PPTI OS=Pseudocerastes persicus OX=47769 PE=1 SV=1
orphnus_sp_1|species=Orphnus_sp|mature_len=48|n_cys=5	C0HK74	sp|C0HK74|3CPI_HETMG	47.826	46	24	0	1	46	11	56	48	56	96	2.63e-08	54.1	PI-stichotoxin-Hmg3c OS=Heteractis magnifica OX=38281 PE=1 SV=1
orphnus_sp_1|species=Orphnus_sp|mature_len=48|n_cys=5	B5M0W4	sp|B5M0W4|SV66_SIMVI	53.333	45	21	0	1	45	31	75	48	102	94	2.76e-08	54.5	Simukunin OS=Simulium vittatum OX=7192 PE=1 SV=1
orphnus_sp_1|species=Orphnus_sp|mature_len=48|n_cys=5	P0DMJ5	sp|P0DMJ5|VKT2E_RADCR	47.826	46	24	0	1	46	33	78	48	78	96	2.78e-08	54.5	PI-stichotoxin-Hcr2e OS=Radianthus crispa OX=3122430 PE=1 SV=1
orphnus_sp_1|species=Orphnus_sp|mature_len=48|n_cys=5	Q9WU03	sp|Q9WU03|SPIT2_MOUSE	45.833	48	26	0	1	48	45	92	48	252	100	3.22e-08	54.5	Kunitz-type protease inhibitor 2 OS=Mus musculus OX=10090 GN=Spint2 PE=1 SV=1
orphnus_sp_1|species=Orphnus_sp|mature_len=48|n_cys=5	Q9WU03	sp|Q9WU03|SPIT2_MOUSE	50.000	44	22	0	1	44	140	183	48	252	92	2.99e-06	48.6	Kunitz-type protease inhibitor 2 OS=Mus musculus OX=10090 GN=Spint2 PE=1 SV=1
orphnus_sp_1|species=Orphnus_sp|mature_len=48|n_cys=5	P0DV03	sp|P0DV03|VKT2M_RADCR	50.000	46	23	0	1	46	11	56	48	56	96	4.04e-08	53.2	PI-stichotoxin-Hcr2m OS=Radianthus crispa OX=3122430 PE=3 SV=1
orphnus_sp_1|species=Orphnus_sp|mature_len=48|n_cys=5	Q2ES47	sp|Q2ES47|VKT4_DABRR	47.727	44	23	0	1	44	38	81	48	84	92	4.39e-08	53.7	Kunitz-type serine protease inhibitor 4 OS=Daboia russelii OX=8707 PE=2 SV=1
orphnus_sp_1|species=Orphnus_sp|mature_len=48|n_cys=5	P0DMX0	sp|P0DMX0|VKT3_ANTAF	52.273	44	21	0	1	44	14	57	48	61	92	4.93e-08	53.2	PI-actitoxin-Axm2b OS=Anthopleura aff. xanthogrammica OX=152178 PE=1 SV=1
orphnus_sp_1|species=Orphnus_sp|mature_len=48|n_cys=5	H2A0N9	sp|H2A0N9|KCP4_PINMG	52.174	46	22	0	1	46	153	198	48	198	96	5.13e-08	54.1	BPTI/Kunitz domain-containing protein 4 OS=Margaritifera margaritifera OX=102329 PE=1 SV=1
orphnus_sp_1|species=Orphnus_sp|mature_len=48|n_cys=5	Q2ES46	sp|Q2ES46|VKT5_DABRR	47.727	44	23	0	1	44	38	81	48	96	92	5.13e-08	53.7	Kunitz-type serine protease inhibitor 5 OS=Daboia russelii OX=8707 PE=2 SV=1
orphnus_sp_1|species=Orphnus_sp|mature_len=48|n_cys=5	P0C8W3	sp|P0C8W3|VKT11_HOFGE	46.809	47	25	0	1	47	36	82	48	88	98	5.29e-08	53.7	Kunitz-type serine protease inhibitor Hg1 OS=Hoffmannihadrurus gertschi OX=380989 PE=1 SV=1
aphodius_haemorrhoidalis_1|species=Aphodius_haemorrhoidalis|mature_len=64|n_cys=6	C8YJB3	sp|C8YJB3|VASO2_TABYA	40.741	54	29	2	5	55	22	75	64	76	80	5.34e-05	45.6	Vasotab-TY2 OS=Tabanus yao OX=485572 PE=1 SV=1
aphodius_haemorrhoidalis_1|species=Aphodius_haemorrhoidalis|mature_len=64|n_cys=6	P84843	sp|P84843|VASOT_HYBBI	42.593	54	28	2	5	55	22	75	64	76	80	1.78e-04	43.9	Vasotab OS=Hybomitra bimaculata OX=226809 PE=1 SV=1
aphodius_haemorrhoidalis_1|species=Aphodius_haemorrhoidalis|mature_len=64|n_cys=6	C8YJB4	sp|C8YJB4|VASO3_TABYA	38.889	54	30	2	5	55	22	75	64	76	80	2.86e-04	43.5	Vasotab-TY3 OS=Tabanus yao OX=485572 PE=1 SV=1
aphodius_haemorrhoidalis_1|species=Aphodius_haemorrhoidalis|mature_len=64|n_cys=6	C1IBZ2	sp|C1IBZ2|VASO1_TABYA	37.037	54	31	2	5	55	22	75	64	76	80	0.001	41.4	Vasotab-TY1 OS=Tabanus yao OX=485572 PE=3 SV=1
aphodius_haemorrhoidalis_1|species=Aphodius_haemorrhoidalis|mature_len=64|n_cys=6	P85000	sp|P85000|ISK1L_CHICK	42.593	54	26	2	2	55	7	55	64	55	84	0.015	37.5	Trypsin inhibitor ClTI-1 OS=Gallus gallus OX=9031 PE=1 SV=1
aphodius_haemorrhoidalis_1|species=Aphodius_haemorrhoidalis|mature_len=64|n_cys=6	Q9VDG1	sp|Q9VDG1|PEG_DROME	38.462	52	30	2	6	56	30	80	64	80	80	0.020	37.5	Protein pegasus OS=Drosophila melanogaster OX=7227 GN=peg PE=1 SV=2
aphodius_haemorrhoidalis_1|species=Aphodius_haemorrhoidalis|mature_len=64|n_cys=6	P34953	sp|P34953|ISK2_MACFA	38.776	49	25	1	7	55	38	81	64	81	77	0.044	36.7	Serine protease inhibitor Kazal-type 2 OS=Macaca fascicularis OX=9541 GN=SPINK2 PE=2 SV=1
aphodius_haemorrhoidalis_1|species=Aphodius_haemorrhoidalis|mature_len=64|n_cys=6	P0DKT1	sp|P0DKT1|TU92_POLAB	40.385	52	26	2	4	55	24	70	64	70	81	0.086	35.4	Turripeptide Pal9.2 OS=Polystira albida OX=394106 PE=2 SV=1
aphodius_haemorrhoidalis_1|species=Aphodius_haemorrhoidalis|mature_len=64|n_cys=6	P09656	sp|P09656|ISK1L_RAT	40.816	49	24	2	7	55	36	79	64	79	77	0.22	34.6	Serine protease inhibitor Kazal-type 1-like OS=Rattus norvegicus OX=10116 GN=Spink1l PE=1 SV=2
aphodius_haemorrhoidalis_1|species=Aphodius_haemorrhoidalis|mature_len=64|n_cys=6	P0DKT2	sp|P0DKT2|TU92_GEMSO	34.615	52	29	1	4	55	24	70	64	70	81	0.28	34.1	Turripeptide Gsg9.2 OS=Gemmula sogodensis OX=439591 PE=2 SV=1
aphodius_haemorrhoidalis_1|species=Aphodius_haemorrhoidalis|mature_len=64|n_cys=6	Q6PQG3	sp|Q6PQG3|EPI10_PHYIN	33.333	51	28	2	8	57	165	210	64	224	78	0.33	34.1	Extracellular protease inhibitor 10 OS=Phytophthora infestans OX=4787 GN=EPI10 PE=1 SV=1
aphodius_haemorrhoidalis_1|species=Aphodius_haemorrhoidalis|mature_len=64|n_cys=6	P0DKT3	sp|P0DKT3|TU93_GEMSP	34.615	52	29	1	4	55	24	70	64	70	81	0.40	33.3	Turripeptide Gsp9.3 OS=Gemmula speciosa OX=439592 PE=2 SV=1
aphodius_haemorrhoidalis_1|species=Aphodius_haemorrhoidalis|mature_len=64|n_cys=6	P10184	sp|P10184|IOV7_CHICK	42.553	47	22	1	10	56	90	131	64	517	73	0.42	34.1	Ovoinhibitor OS=Gallus gallus OX=9031 GN=SPINK5 PE=1 SV=3
aphodius_haemorrhoidalis_1|species=Aphodius_haemorrhoidalis|mature_len=64|n_cys=6	Q91590	sp|Q91590|TEFF1_XENLA	32.609	46	26	1	10	55	93	133	64	370	72	1.3	32.5	Tomoregulin-1 OS=Xenopus laevis OX=8355 GN=tmeff1 PE=1 SV=2
aphodius_haemorrhoidalis_1|species=Aphodius_haemorrhoidalis|mature_len=64|n_cys=6	Q9UIK5	sp|Q9UIK5|TEFF2_HUMAN	34.146	41	11	2	5	34	79	114	64	374	47	1.5	32.0	Tomoregulin-2 OS=Homo sapiens OX=9606 GN=TMEFF2 PE=1 SV=1
aphodius_haemorrhoidalis_1|species=Aphodius_haemorrhoidalis|mature_len=64|n_cys=6	P31696	sp|P31696|AGRIN_CHICK	35.294	51	24	2	9	55	556	601	64	2081	73	2.4	31.6	Agrin OS=Gallus gallus OX=9031 GN=AGRN PE=1 SV=3
aphodius_haemorrhoidalis_1|species=Aphodius_haemorrhoidalis|mature_len=64|n_cys=6	B4QW11	sp|B4QW11|ESM1_DROSI	36.957	46	27	1	1	46	24	67	64	156	72	2.5	31.2	Enhancer of split M1 protein OS=Drosophila simulans OX=7240 GN=Kaz-m1 PE=3 SV=1
aphodius_haemorrhoidalis_1|species=Aphodius_haemorrhoidalis|mature_len=64|n_cys=6	O97176	sp|O97176|ESM1_DROME	36.957	46	27	1	1	46	24	67	64	156	72	2.6	31.2	Enhancer of split M1 protein OS=Drosophila melanogaster OX=7227 GN=Kaz-m1 PE=2 SV=1
aphodius_haemorrhoidalis_1|species=Aphodius_haemorrhoidalis|mature_len=64|n_cys=6	Q6PFE7	sp|Q6PFE7|TEFF1_MOUSE	29.412	51	31	1	5	55	90	135	64	372	80	4.3	30.8	Tomoregulin-1 OS=Mus musculus OX=10090 GN=Tmeff1 PE=2 SV=1
aphodius_haemorrhoidalis_1|species=Aphodius_haemorrhoidalis|mature_len=64|n_cys=6	D0NJ41	sp|D0NJ41|EPI10_PHYIT	36.111	36	18	1	8	43	165	195	64	228	56	4.6	30.8	Extracellular protease inhibitor 10 OS=Phytophthora infestans (strain T30-4) OX=403677 GN=EPI10 PE=1 SV=1
aphodius_haemorrhoidalis_1|species=Aphodius_haemorrhoidalis|mature_len=64|n_cys=6	Q9NQ38	sp|Q9NQ38|ISK5_HUMAN	42.553	47	22	2	9	55	110	151	64	1064	73	5.3	30.3	Serine protease inhibitor Kazal-type 5 OS=Homo sapiens OX=9606 GN=SPINK5 PE=1 SV=2
aphodius_haemorrhoidalis_1|species=Aphodius_haemorrhoidalis|mature_len=64|n_cys=6	A2ASQ1	sp|A2ASQ1|AGRIN_MOUSE	58.824	17	7	0	5	21	384	400	64	1950	27	5.4	30.3	Agrin OS=Mus musculus OX=10090 GN=Agrn PE=1 SV=1
aphodius_haemorrhoidalis_1|species=Aphodius_haemorrhoidalis|mature_len=64|n_cys=6	A2ASQ1	sp|A2ASQ1|AGRIN_MOUSE	48.148	27	9	3	10	36	244	265	64	1950	42	7.0	30.3	Agrin OS=Mus musculus OX=10090 GN=Agrn PE=1 SV=1
aphodius_haemorrhoidalis_1|species=Aphodius_haemorrhoidalis|mature_len=64|n_cys=6	P0DKM7	sp|P0DKM7|TU91_IOTOL	34.615	52	29	2	4	55	24	70	64	70	81	6.2	29.9	Turripeptide Lol9.1 OS=Iotyrris olangoensis OX=2420066 PE=2 SV=1
aphodius_haemorrhoidalis_1|species=Aphodius_haemorrhoidalis|mature_len=64|n_cys=6	P00998	sp|P00998|ISK1_PIG	34.783	46	25	1	10	55	16	56	64	56	72	6.4	29.5	Serine protease inhibitor Kazal-type 1 OS=Sus scrofa OX=9823 GN=SPINK1 PE=1 SV=1
aphodius_haemorrhoidalis_1|species=Aphodius_haemorrhoidalis|mature_len=64|n_cys=6	P25304	sp|P25304|AGRIN_RAT	48.148	27	9	3	10	36	244	265	64	1959	42	7.0	29.9	Agrin OS=Rattus norvegicus OX=10116 GN=Agrn PE=1 SV=2
copris_lunaris_3|species=Copris_lunaris|mature_len=59|n_cys=6	C8YJB3	sp|C8YJB3|VASO2_TABYA	43.396	53	26	2	2	50	23	75	59	76	83	8.86e-04	41.4	Vasotab-TY2 OS=Tabanus yao OX=485572 PE=1 SV=1
copris_lunaris_3|species=Copris_lunaris|mature_len=59|n_cys=6	C8YJB4	sp|C8YJB4|VASO3_TABYA	47.368	38	17	1	2	36	23	60	59	76	59	0.004	39.2	Vasotab-TY3 OS=Tabanus yao OX=485572 PE=1 SV=1
copris_lunaris_3|species=Copris_lunaris|mature_len=59|n_cys=6	P84843	sp|P84843|VASOT_HYBBI	50.000	38	16	1	2	36	23	60	59	76	59	0.005	39.2	Vasotab OS=Hybomitra bimaculata OX=226809 PE=1 SV=1
copris_lunaris_3|species=Copris_lunaris|mature_len=59|n_cys=6	P85000	sp|P85000|ISK1L_CHICK	47.917	48	21	2	3	50	12	55	59	55	81	0.008	38.4	Trypsin inhibitor ClTI-1 OS=Gallus gallus OX=9031 PE=1 SV=1
copris_lunaris_3|species=Copris_lunaris|mature_len=59|n_cys=6	P0DKT1	sp|P0DKT1|TU92_POLAB	44.000	50	24	2	1	50	25	70	59	70	85	0.019	37.5	Turripeptide Pal9.2 OS=Polystira albida OX=394106 PE=2 SV=1
copris_lunaris_3|species=Copris_lunaris|mature_len=59|n_cys=6	P34953	sp|P34953|ISK2_MACFA	39.583	48	25	1	3	50	38	81	59	81	81	0.020	37.5	Serine protease inhibitor Kazal-type 2 OS=Macaca fascicularis OX=9541 GN=SPINK2 PE=2 SV=1
copris_lunaris_3|species=Copris_lunaris|mature_len=59|n_cys=6	C1IBZ2	sp|C1IBZ2|VASO1_TABYA	44.737	38	18	1	2	36	23	60	59	76	59	0.022	37.1	Vasotab-TY1 OS=Tabanus yao OX=485572 PE=3 SV=1
copris_lunaris_3|species=Copris_lunaris|mature_len=59|n_cys=6	P09656	sp|P09656|ISK1L_RAT	43.750	48	23	2	3	50	36	79	59	79	81	0.079	35.4	Serine protease inhibitor Kazal-type 1-like OS=Rattus norvegicus OX=10116 GN=Spink1l PE=1 SV=2
copris_lunaris_3|species=Copris_lunaris|mature_len=59|n_cys=6	P31696	sp|P31696|AGRIN_CHICK	42.857	42	20	1	11	52	716	753	59	2081	71	0.100	35.8	Agrin OS=Gallus gallus OX=9031 GN=AGRN PE=1 SV=3
copris_lunaris_3|species=Copris_lunaris|mature_len=59|n_cys=6	Q9UIK5	sp|Q9UIK5|TEFF2_HUMAN	37.037	54	30	1	2	55	91	140	59	374	92	0.15	35.0	Tomoregulin-2 OS=Homo sapiens OX=9606 GN=TMEFF2 PE=1 SV=1
copris_lunaris_3|species=Copris_lunaris|mature_len=59|n_cys=6	Q6PQG3	sp|Q6PQG3|EPI10_PHYIN	37.500	48	25	2	6	52	167	210	59	224	80	0.24	34.6	Extracellular protease inhibitor 10 OS=Phytophthora infestans OX=4787 GN=EPI10 PE=1 SV=1
copris_lunaris_3|species=Copris_lunaris|mature_len=59|n_cys=6	Q17QD6	sp|Q17QD6|TEFF2_BOVIN	37.037	54	30	1	2	55	91	140	59	374	92	0.29	34.1	Tomoregulin-2 OS=Bos taurus OX=9913 GN=TMEFF2 PE=2 SV=1
copris_lunaris_3|species=Copris_lunaris|mature_len=59|n_cys=6	Q9QYM9	sp|Q9QYM9|TEFF2_MOUSE	37.037	54	30	1	2	55	91	140	59	374	92	0.33	34.1	Tomoregulin-2 OS=Mus musculus OX=10090 GN=Tmeff2 PE=2 SV=1
copris_lunaris_3|species=Copris_lunaris|mature_len=59|n_cys=6	P10184	sp|P10184|IOV7_CHICK	40.426	47	24	1	5	51	89	131	59	517	80	2.1	31.6	Ovoinhibitor OS=Gallus gallus OX=9031 GN=SPINK5 PE=1 SV=3
copris_lunaris_3|species=Copris_lunaris|mature_len=59|n_cys=6	Q9PSM2	sp|Q9PSM2|ISK1_STRCA	35.417	48	27	1	4	51	21	64	59	69	81	2.2	31.2	Pancreatic secretory trypsin inhibitor OS=Struthio camelus OX=8801 GN=SPINK1 PE=1 SV=1
copris_lunaris_3|species=Copris_lunaris|mature_len=59|n_cys=6	P00998	sp|P00998|ISK1_PIG	53.846	26	8	1	6	31	16	37	59	56	44	2.9	30.3	Serine protease inhibitor Kazal-type 1 OS=Sus scrofa OX=9823 GN=SPINK1 PE=1 SV=1
copris_lunaris_3|species=Copris_lunaris|mature_len=59|n_cys=6	D0NJ41	sp|D0NJ41|EPI10_PHYIT	36.364	44	23	2	6	48	167	206	59	228	73	5.8	29.9	Extracellular protease inhibitor 10 OS=Phytophthora infestans (strain T30-4) OX=403677 GN=EPI10 PE=1 SV=1
copris_lunaris_3|species=Copris_lunaris|mature_len=59|n_cys=6	P0DKM7	sp|P0DKM7|TU91_IOTOL	34.000	50	29	2	1	50	25	70	59	70	85	6.0	29.5	Turripeptide Lol9.1 OS=Iotyrris olangoensis OX=2420066 PE=2 SV=1
copris_lunaris_3|species=Copris_lunaris|mature_len=59|n_cys=6	A2ASQ1	sp|A2ASQ1|AGRIN_MOUSE	46.154	26	10	2	6	31	244	265	59	1950	44	9.5	29.5	Agrin OS=Mus musculus OX=10090 GN=Agrn PE=1 SV=1
copris_lunaris_3|species=Copris_lunaris|mature_len=59|n_cys=6	P09036	sp|P09036|ISK1_MOUSE	53.846	26	8	1	6	31	40	61	59	80	44	9.7	29.1	Serine protease inhibitor Kazal-type 1 OS=Mus musculus OX=10090 GN=Spink1 PE=1 SV=1
copris_lunaris_3|species=Copris_lunaris|mature_len=59|n_cys=6	P25304	sp|P25304|AGRIN_RAT	46.154	26	10	2	6	31	244	265	59	1959	44	9.8	29.5	Agrin OS=Rattus norvegicus OX=10116 GN=Agrn PE=1 SV=2
heteronyx_sp_3|species=Heteronyx_sp|mature_len=60|n_cys=6	Q9VDG1	sp|Q9VDG1|PEG_DROME	43.137	51	28	1	3	52	30	80	60	80	83	4.27e-05	45.6	Protein pegasus OS=Drosophila melanogaster OX=7227 GN=peg PE=1 SV=2
heteronyx_sp_3|species=Heteronyx_sp|mature_len=60|n_cys=6	C8YJB3	sp|C8YJB3|VASO2_TABYA	35.849	53	30	2	3	51	23	75	60	76	82	0.042	36.3	Vasotab-TY2 OS=Tabanus yao OX=485572 PE=1 SV=1
heteronyx_sp_3|species=Heteronyx_sp|mature_len=60|n_cys=6	P0DKT1	sp|P0DKT1|TU92_POLAB	39.216	51	27	2	1	51	24	70	60	70	85	0.046	36.3	Turripeptide Pal9.2 OS=Polystira albida OX=394106 PE=2 SV=1
heteronyx_sp_3|species=Heteronyx_sp|mature_len=60|n_cys=6	C8YJB4	sp|C8YJB4|VASO3_TABYA	33.962	53	31	2	3	51	23	75	60	76	82	0.17	34.6	Vasotab-TY3 OS=Tabanus yao OX=485572 PE=1 SV=1
heteronyx_sp_3|species=Heteronyx_sp|mature_len=60|n_cys=6	P84843	sp|P84843|VASOT_HYBBI	39.474	38	20	1	3	37	23	60	60	76	58	0.21	34.1	Vasotab OS=Hybomitra bimaculata OX=226809 PE=1 SV=1
heteronyx_sp_3|species=Heteronyx_sp|mature_len=60|n_cys=6	Q9UIK5	sp|Q9UIK5|TEFF2_HUMAN	33.333	54	32	1	3	56	91	140	60	374	90	0.45	33.7	Tomoregulin-2 OS=Homo sapiens OX=9606 GN=TMEFF2 PE=1 SV=1
heteronyx_sp_3|species=Heteronyx_sp|mature_len=60|n_cys=6	P05561	sp|P05561|IOVO_NOTCI	39.535	43	22	1	6	48	12	50	60	51	72	0.69	32.5	Ovomucoid (Fragment) OS=Nothoprocta cinerascens OX=8807 PE=1 SV=1
heteronyx_sp_3|species=Heteronyx_sp|mature_len=60|n_cys=6	C1IBZ2	sp|C1IBZ2|VASO1_TABYA	34.211	38	22	1	3	37	23	60	60	76	58	0.74	32.5	Vasotab-TY1 OS=Tabanus yao OX=485572 PE=3 SV=1
heteronyx_sp_3|species=Heteronyx_sp|mature_len=60|n_cys=6	Q17QD6	sp|Q17QD6|TEFF2_BOVIN	33.333	54	32	1	3	56	91	140	60	374	90	0.85	32.9	Tomoregulin-2 OS=Bos taurus OX=9913 GN=TMEFF2 PE=2 SV=1
heteronyx_sp_3|species=Heteronyx_sp|mature_len=60|n_cys=6	P85000	sp|P85000|ISK1L_CHICK	42.222	45	22	2	7	51	15	55	60	55	75	0.87	32.0	Trypsin inhibitor ClTI-1 OS=Gallus gallus OX=9031 PE=1 SV=1
heteronyx_sp_3|species=Heteronyx_sp|mature_len=60|n_cys=6	Q9QYM9	sp|Q9QYM9|TEFF2_MOUSE	33.333	54	32	1	3	56	91	140	60	374	90	1.0	32.5	Tomoregulin-2 OS=Mus musculus OX=10090 GN=Tmeff2 PE=2 SV=1
heteronyx_sp_3|species=Heteronyx_sp|mature_len=60|n_cys=6	Q8D244	sp|Q8D244|PUR9_WIGBR	50.000	22	3	1	20	33	257	278	60	529	23	3.4	30.8	Bifunctional purine biosynthesis protein PurH OS=Wigglesworthia glossinidia brevipalpis OX=36870 GN=purH PE=3 SV=1
heteronyx_sp_3|species=Heteronyx_sp|mature_len=60|n_cys=6	P52251	sp|P52251|IOVO_RHYFU	39.130	46	22	2	6	51	12	51	60	51	77	5.5	29.5	Ovomucoid (Fragment) OS=Rhynchotus rufescens OX=30466 PE=1 SV=1
euwallacea_fornicatus_1|species=Euwallacea_fornicatus|mature_len=31|n_cys=4	B2BS84	sp|B2BS84|VKT_AUSLA	55.556	27	11	1	1	27	52	77	31	252	87	0.044	34.6	Putative Kunitz-type serine protease inhibitor OS=Austrelaps labialis OX=471292 PE=2 SV=1
euwallacea_fornicatus_1|species=Euwallacea_fornicatus|mature_len=31|n_cys=4	O06983	sp|O06983|YVDA_BACSU	64.706	17	2	1	14	26	28	44	31	197	42	0.086	33.7	Putative carbonic anhydrase YvdA OS=Bacillus subtilis (strain 168) OX=224308 GN=yvdA PE=3 SV=1
euwallacea_fornicatus_1|species=Euwallacea_fornicatus|mature_len=31|n_cys=4	P00974	sp|P00974|BPT1_BOVIN	57.143	28	9	2	1	27	65	90	31	100	87	0.33	32.0	Pancreatic trypsin inhibitor OS=Bos taurus OX=9913 PE=1 SV=2
euwallacea_fornicatus_1|species=Euwallacea_fornicatus|mature_len=31|n_cys=4	A8Y7N7	sp|A8Y7N7|VKTC4_DABSI	41.935	31	17	1	1	31	56	85	31	90	100	0.41	31.6	Kunitz-type serine protease inhibitor C4 OS=Daboia siamensis OX=343250 PE=2 SV=1
euwallacea_fornicatus_1|species=Euwallacea_fornicatus|mature_len=31|n_cys=4	Q2ES48	sp|Q2ES48|VKT3_DABRR	48.148	27	13	1	1	27	56	81	31	84	87	0.87	30.8	Kunitz-type serine protease inhibitor 3 OS=Daboia russelii OX=8707 PE=2 SV=1
euwallacea_fornicatus_1|species=Euwallacea_fornicatus|mature_len=31|n_cys=4	A8Y7N6	sp|A8Y7N6|VKTC3_DABSI	48.148	27	13	1	1	27	56	81	31	84	87	0.91	30.3	Kunitz-type serine protease inhibitor C3 OS=Daboia siamensis OX=343250 PE=2 SV=1
euwallacea_fornicatus_1|species=Euwallacea_fornicatus|mature_len=31|n_cys=4	Q5ASI2	sp|Q5ASI2|APTH1_EMENI	51.852	27	4	3	5	22	144	170	31	239	58	1.0	30.3	Acyl-protein thioesterase 1 OS=Emericella nidulans (strain FGSC A4 / ATCC 38163 / CBS 112.46 / NRRL 194 / M139) OX=227321 GN=AN8748 PE=3 SV=1
euwallacea_fornicatus_1|species=Euwallacea_fornicatus|mature_len=31|n_cys=4	A8Y7P5	sp|A8Y7P5|VKTB5_DABSI	46.429	28	14	1	1	28	56	82	31	90	90	1.0	30.3	Kunitz-type serine protease inhibitor B5 OS=Daboia siamensis OX=343250 PE=2 SV=1
euwallacea_fornicatus_1|species=Euwallacea_fornicatus|mature_len=31|n_cys=4	A8Y7P1	sp|A8Y7P1|VKTB1_DABSI	44.828	29	15	1	1	29	56	83	31	84	94	1.2	30.3	Kunitz-type serine protease inhibitor B1 OS=Daboia siamensis OX=343250 PE=1 SV=1
euwallacea_fornicatus_1|species=Euwallacea_fornicatus|mature_len=31|n_cys=4	B0DOB4	sp|B0DOB4|NPHP4_XENLA	58.824	17	5	1	8	22	1349	1365	31	1430	48	1.8	29.9	Nephrocystin-4 OS=Xenopus laevis OX=8355 GN=nphp4 PE=2 SV=1
euwallacea_fornicatus_1|species=Euwallacea_fornicatus|mature_len=31|n_cys=4	Q9M651	sp|Q9M651|RAGP2_ARATH	88.889	9	1	0	12	20	30	38	31	545	29	3.4	29.1	RAN GTPase-activating protein 2 OS=Arabidopsis thaliana OX=3702 GN=RANGAP2 PE=1 SV=2
euwallacea_fornicatus_1|species=Euwallacea_fornicatus|mature_len=31|n_cys=4	P04815	sp|P04815|BPT2_BOVIN	56.000	25	8	2	4	27	68	90	31	100	77	3.6	28.6	Spleen trypsin inhibitor I OS=Bos taurus OX=9913 PE=1 SV=2
euwallacea_fornicatus_1|species=Euwallacea_fornicatus|mature_len=31|n_cys=4	Q32131	sp|Q32131|NU5C_DIGGR	80.000	10	2	0	8	17	474	483	31	699	32	3.8	29.1	NAD(P)H-quinone oxidoreductase subunit 5, chloroplastic (Fragment) OS=Digitalis grandiflora OX=38791 GN=ndhF PE=3 SV=1
euwallacea_fornicatus_1|species=Euwallacea_fornicatus|mature_len=31|n_cys=4	P84875	sp|P84875|PCPI_SABMA	44.444	27	14	1	1	27	140	165	31	165	87	4.1	28.6	Carboxypeptidase inhibitor SmCI OS=Sabellastarte magnifica OX=389514 PE=1 SV=1
euwallacea_fornicatus_1|species=Euwallacea_fornicatus|mature_len=31|n_cys=4	Q33113	sp|Q33113|NU5C_SESIN	80.000	10	2	0	8	17	458	467	31	684	32	4.2	28.6	NAD(P)H-quinone oxidoreductase subunit 5, chloroplastic (Fragment) OS=Sesamum indicum OX=4182 GN=ndhF PE=3 SV=1
euwallacea_fornicatus_1|species=Euwallacea_fornicatus|mature_len=31|n_cys=4	Q9PL20	sp|Q9PL20|SYI_CHLMU	64.706	17	5	1	10	26	591	606	31	1036	55	4.9	28.6	Isoleucine--tRNA ligase OS=Chlamydia muridarum (strain MoPn / Nigg) OX=243161 GN=ileS PE=3 SV=1
euwallacea_fornicatus_1|species=Euwallacea_fornicatus|mature_len=31|n_cys=4	Q9WU03	sp|Q9WU03|SPIT2_MOUSE	42.424	33	12	2	1	30	63	91	31	252	97	5.0	28.6	Kunitz-type protease inhibitor 2 OS=Mus musculus OX=10090 GN=Spint2 PE=1 SV=1
euwallacea_fornicatus_1|species=Euwallacea_fornicatus|mature_len=31|n_cys=4	C0HLB2	sp|C0HLB2|VKT_PSEPC	44.444	27	14	1	1	27	32	57	31	68	87	5.2	28.2	Kunitz-type serine protease inhibitor PPTI OS=Pseudocerastes persicus OX=47769 PE=1 SV=1
euwallacea_fornicatus_1|species=Euwallacea_fornicatus|mature_len=31|n_cys=4	O95925	sp|O95925|EPPI_HUMAN	48.276	29	14	1	1	29	102	129	31	133	94	5.3	28.2	Eppin OS=Homo sapiens OX=9606 GN=EPPIN PE=1 SV=1
euwallacea_fornicatus_1|species=Euwallacea_fornicatus|mature_len=31|n_cys=4	Q68RV9	sp|Q68RV9|NU5C_PANGI	39.394	33	3	2	10	25	481	513	31	741	52	5.7	28.2	NAD(P)H-quinone oxidoreductase subunit 5, chloroplastic OS=Panax ginseng OX=4054 GN=ndhF PE=3 SV=1
euwallacea_fornicatus_1|species=Euwallacea_fornicatus|mature_len=31|n_cys=4	Q12263	sp|Q12263|GIN4_YEAST	64.286	14	5	0	8	21	437	450	31	1142	45	6.5	28.2	Serine/threonine-protein kinase GIN4 OS=Saccharomyces cerevisiae (strain ATCC 204508 / S288c) OX=559292 GN=GIN4 PE=1 SV=1
euwallacea_fornicatus_1|species=Euwallacea_fornicatus|mature_len=31|n_cys=4	D2Y2Q8	sp|D2Y2Q8|VKTQ1_CYRHA	42.857	28	15	1	1	28	60	86	31	88	90	6.5	28.2	Kunitz-type U15-theraphotoxin-Hhn1q OS=Cyriopagopus hainanus OX=2781057 PE=3 SV=1
euwallacea_fornicatus_1|species=Euwallacea_fornicatus|mature_len=31|n_cys=4	D5J9Q8	sp|D5J9Q8|VKT5_BUNFL	48.276	29	14	1	1	29	56	83	31	83	94	6.9	27.8	Kunitz-type serine protease inhibitor isoform 5 OS=Bungarus flaviceps flaviceps OX=8615 PE=3 SV=1
euwallacea_fornicatus_1|species=Euwallacea_fornicatus|mature_len=31|n_cys=4	Q28201	sp|Q28201|TKDP1_BOVIN	45.455	33	7	4	1	28	319	345	31	351	90	7.0	28.2	Trophoblast Kunitz domain protein 1 OS=Bos taurus OX=9913 GN=TKDP1 PE=2 SV=2
euwallacea_fornicatus_1|species=Euwallacea_fornicatus|mature_len=31|n_cys=4	D2Y2F6	sp|D2Y2F6|VKTE1_CYRHA	46.429	28	14	1	1	28	60	86	31	88	90	8.5	27.8	Kunitz-type U15-theraphotoxin-Hhn1e OS=Cyriopagopus hainanus OX=2781057 PE=3 SV=1
catharsius_molossus_1|species=Catharsius_molossus|mature_len=42|n_cys=7	A0A6B9KZ59	sp|A0A6B9KZ59|PI21_PLARH	53.659	41	18	1	1	40	51	91	42	139	95	3.43e-04	41.8	U-reduvitoxin-Pr21 OS=Platymeris rhadamanthus OX=1134088 PE=1 SV=1
catharsius_molossus_1|species=Catharsius_molossus|mature_len=42|n_cys=7	P80060	sp|P80060|LCM_LOCMI	59.375	32	13	0	10	41	60	91	42	92	76	8.26e-04	40.5	Protease inhibitors OS=Locusta migratoria OX=7004 PE=1 SV=2
catharsius_molossus_1|species=Catharsius_molossus|mature_len=42|n_cys=7	O46162	sp|O46162|SGP1_SCHGR	61.290	31	12	0	9	39	59	89	42	92	74	0.002	39.7	Serine protease inhibitor I/II OS=Schistocerca gregaria OX=7010 PE=1 SV=1
catharsius_molossus_1|species=Catharsius_molossus|mature_len=42|n_cys=7	A0A6B9L3M7	sp|A0A6B9L3M7|PI12A_PLARH	56.250	32	14	0	10	41	62	93	42	96	76	0.026	36.3	U-reduvitoxin-Pr12a OS=Platymeris rhadamanthus OX=1134088 PE=1 SV=1
catharsius_molossus_1|species=Catharsius_molossus|mature_len=42|n_cys=7	B3A0N9	sp|B3A0N9|MSPI2_MELSA	61.290	31	11	1	10	39	4	34	42	36	71	0.030	35.0	Serine protease inhibitor 2 OS=Melanoplus sanguinipes OX=65742 PE=1 SV=1
catharsius_molossus_1|species=Catharsius_molossus|mature_len=42|n_cys=7	A0A7M6UNN1	sp|A0A7M6UNN1|PISP_NASVI	43.333	30	17	0	10	39	48	77	42	80	71	0.067	35.0	Small pacifastin protease inhibitor OS=Nasonia vitripennis OX=7425 PE=2 SV=1
catharsius_molossus_1|species=Catharsius_molossus|mature_len=42|n_cys=7	A0A6B9KZ89	sp|A0A6B9KZ89|PI10A_PLARH	43.590	39	20	1	4	40	59	97	42	97	88	0.22	33.3	U-reduvitoxin-Pr10a OS=Platymeris rhadamanthus OX=1134088 PE=1 SV=1
catharsius_molossus_1|species=Catharsius_molossus|mature_len=42|n_cys=7	A0A6B9KZ79	sp|A0A6B9KZ79|PI11A_PLARH	44.186	43	21	2	1	40	55	97	42	97	95	0.60	32.0	U-reduvitoxin-Pr11a OS=Platymeris rhadamanthus OX=1134088 PE=1 SV=1
catharsius_molossus_1|species=Catharsius_molossus|mature_len=42|n_cys=7	O43085	sp|O43085|DSC1_SCHPO	76.923	13	2	1	14	25	625	637	42	695	29	0.93	31.6	DSC E3 ubiquitin ligase complex subunit 1 OS=Schizosaccharomyces pombe (strain 972 / ATCC 24843) OX=284812 GN=dsc1 PE=1 SV=2
bolboceras_sp_1|species=Bolboceras_sp|mature_len=11|n_cys=1	P73001	sp|P73001|Y1608_SYNY3	87.500	8	1	0	3	10	88	95	11	412	73	2.7	26.1	Uncharacterized protein slr1608 OS=Synechocystis sp. (strain ATCC 27184 / PCC 6803 / Kazusa) OX=1111708 GN=slr1608 PE=3 SV=1
hydroscapha_redfordi_1|species=Hydroscapha_redfordi|mature_len=40|n_cys=6	P81602	sp|P81602|DEFB_AEDAE	85.000	40	6	0	1	40	59	98	40	98	100	1.36e-14	71.9	Defensin-B OS=Aedes aegypti OX=7159 GN=DEFB PE=1 SV=2
hydroscapha_redfordi_1|species=Hydroscapha_redfordi|mature_len=40|n_cys=6	P91793	sp|P91793|DEFA_AEDAE	82.500	40	7	0	1	40	59	98	40	98	100	8.11e-14	69.8	Defensin-A OS=Aedes aegypti OX=7159 GN=DEFA PE=1 SV=1
hydroscapha_redfordi_1|species=Hydroscapha_redfordi|mature_len=40|n_cys=6	P81603	sp|P81603|DEFC_AEDAE	80.000	40	8	0	1	40	60	99	40	99	100	1.54e-12	66.0	Defensin-C OS=Aedes aegypti OX=7159 GN=DEFC PE=1 SV=3
hydroscapha_redfordi_1|species=Hydroscapha_redfordi|mature_len=40|n_cys=6	P31530	sp|P31530|SAPC_SARPE	75.000	40	10	0	1	40	1	40	40	40	100	1.81e-12	63.4	Sapecin-C OS=Sarcophaga peregrina OX=7386 PE=1 SV=1
hydroscapha_redfordi_1|species=Hydroscapha_redfordi|mature_len=40|n_cys=6	C0HJX7	sp|C0HJX7|DEFI_CALVI	77.500	40	9	0	1	40	1	40	40	40	100	4.84e-12	62.1	Defensin OS=Calliphora vicina OX=7373 PE=1 SV=1
hydroscapha_redfordi_1|species=Hydroscapha_redfordi|mature_len=40|n_cys=6	P18313	sp|P18313|SAPE_SARPE	77.500	40	9	0	1	40	55	94	40	94	100	1.51e-11	63.0	Sapecin OS=Sarcophaga peregrina OX=7386 PE=1 SV=1
hydroscapha_redfordi_1|species=Hydroscapha_redfordi|mature_len=40|n_cys=6	P10891	sp|P10891|DEFI_PROTE	77.500	40	9	0	1	40	55	94	40	94	100	1.57e-11	63.0	Phormicin OS=Protophormia terraenovae OX=34676 PE=1 SV=2
hydroscapha_redfordi_1|species=Hydroscapha_redfordi|mature_len=40|n_cys=6	B3EWY5	sp|B3EWY5|LUCFE_LUCCU	72.500	40	11	0	1	40	1	40	40	40	100	1.76e-11	60.9	Lucifensin OS=Lucilia cuprina OX=7375 PE=1 SV=1
hydroscapha_redfordi_1|species=Hydroscapha_redfordi|mature_len=40|n_cys=6	P86471	sp|P86471|DEFLU_LUCSE	75.000	40	10	0	1	40	53	92	40	92	100	3.66e-11	62.1	Defensin Lucifensin OS=Lucilia sericata OX=13632 PE=1 SV=2
hydroscapha_redfordi_1|species=Hydroscapha_redfordi|mature_len=40|n_cys=6	P36192	sp|P36192|DEFI_DROME	72.500	40	11	0	1	40	53	92	40	92	100	3.75e-10	59.2	Defensin OS=Drosophila melanogaster OX=7227 GN=Def PE=1 SV=1
hydroscapha_redfordi_1|species=Hydroscapha_redfordi|mature_len=40|n_cys=6	P83404	sp|P83404|DEFI_PHLDU	69.231	39	12	0	1	39	59	97	40	98	98	4.38e-10	58.7	Defensin OS=Phlebotomus duboscqi OX=37738 PE=1 SV=3
hydroscapha_redfordi_1|species=Hydroscapha_redfordi|mature_len=40|n_cys=6	Q17027	sp|Q17027|DEFI_ANOGA	70.000	40	12	0	1	40	63	102	40	102	100	4.38e-09	55.8	Defensin OS=Anopheles gambiae OX=7165 GN=Def1 PE=1 SV=1
hydroscapha_redfordi_1|species=Hydroscapha_redfordi|mature_len=40|n_cys=6	O16137	sp|O16137|DEF2_STOCA	67.500	40	13	0	1	40	58	97	40	97	100	5.12e-09	55.8	Defensin-2 OS=Stomoxys calcitrans OX=35570 GN=SMD2 PE=1 SV=1
hydroscapha_redfordi_1|species=Hydroscapha_redfordi|mature_len=40|n_cys=6	Q5BU36	sp|Q5BU36|DEF_FORAQ	68.421	38	12	0	2	39	57	94	40	95	95	1.24e-08	54.5	Defensin OS=Formica aquilonia OX=258703 PE=3 SV=1
hydroscapha_redfordi_1|species=Hydroscapha_redfordi|mature_len=40|n_cys=6	O16136	sp|O16136|DEF1_STOCA	53.846	39	18	0	2	40	41	79	40	79	98	1.53e-07	51.5	Defensin-1 OS=Stomoxys calcitrans OX=35570 GN=SMD1 PE=3 SV=1
hydroscapha_redfordi_1|species=Hydroscapha_redfordi|mature_len=40|n_cys=6	A9XFZ7	sp|A9XFZ7|DEF_COPTR	65.909	44	8	3	2	40	39	80	40	80	98	3.62e-06	47.3	Defensin coprisin OS=Copris tripartitus OX=438892 PE=1 SV=1
hydroscapha_redfordi_1|species=Hydroscapha_redfordi|mature_len=40|n_cys=6	Q27023	sp|Q27023|DEFI_TENMO	55.814	43	15	1	1	39	42	84	40	84	98	1.59e-05	45.6	Tenecin-1 OS=Tenebrio molitor OX=7067 PE=1 SV=1
hydroscapha_redfordi_1|species=Hydroscapha_redfordi|mature_len=40|n_cys=6	P80033	sp|P80033|DEFA_ZOPAT	54.762	42	15	1	2	39	2	43	40	43	95	2.94e-05	43.9	Defensin, isoforms B and C OS=Zophobas atratus OX=7074 PE=1 SV=1
hydroscapha_redfordi_1|species=Hydroscapha_redfordi|mature_len=40|n_cys=6	P83669	sp|P83669|DEFA_ANOCP	60.465	43	12	2	2	40	2	43	40	43	98	3.04e-05	43.9	Defensin-A OS=Anomala cuprea OX=121601 PE=1 SV=1
hydroscapha_redfordi_1|species=Hydroscapha_redfordi|mature_len=40|n_cys=6	Q10745	sp|Q10745|DEFI_TRYDI	59.524	42	12	2	2	39	2	42	40	43	95	4.77e-05	43.5	Defensin OS=Trypoxylus dichotomus OX=273928 PE=1 SV=1
hydroscapha_redfordi_1|species=Hydroscapha_redfordi|mature_len=40|n_cys=6	P80407	sp|P80407|DEFI_PALPR	54.545	44	15	2	1	40	1	43	40	43	100	1.08e-04	42.2	Defensin OS=Palomena prasina OX=55431 PE=1 SV=1
hydroscapha_redfordi_1|species=Hydroscapha_redfordi|mature_len=40|n_cys=6	A0A3G5BIB4	sp|A0A3G5BIB4|ASC3A_DOLGE	55.263	38	13	1	2	39	35	68	40	69	95	1.23e-04	42.6	U-Asilidin(12)-Dg3a OS=Dolopus genitalis OX=2488630 PE=1 SV=1
hydroscapha_redfordi_1|species=Hydroscapha_redfordi|mature_len=40|n_cys=6	P83668	sp|P83668|DEFB_ANOCP	58.140	43	13	2	2	40	2	43	40	43	98	1.25e-04	42.2	Defensin-B OS=Anomala cuprea OX=121601 PE=1 SV=1
hydroscapha_redfordi_1|species=Hydroscapha_redfordi|mature_len=40|n_cys=6	O96049	sp|O96049|DEFI_ORYRH	62.791	43	9	3	2	39	38	78	40	79	95	2.35e-04	41.8	Defensin OS=Oryctes rhinoceros OX=72550 PE=1 SV=1
hydroscapha_redfordi_1|species=Hydroscapha_redfordi|mature_len=40|n_cys=6	Q7M426	sp|Q7M426|DEF1_HOLDI	55.814	43	14	2	2	40	2	43	40	43	98	2.49e-04	41.4	Holotricin-1 OS=Holotrichia diomphalia OX=33394 PE=1 SV=1
