candidate_id	species	tox_fasta_path	signalp_call	signalp_score	len_aa	n_cys	cys_density	cys_grammar	cys_gaps	net_charge_pH7	gravy	aromaticity	instability_index	signalp_prediction	is_secreted	plddt_source	plddt_mean	plddt_std	plddt_frac_ge_70	plddt_frac_ge_80	plddt_frac_ge_90	dssp_n_res	sec_helix_frac	sec_sheet_frac	sec_coil_frac	sasa_total	rsa_mean	rsa_std	core_fraction_rsa_le_thr	hydrophobic_exposed_frac	n_ca	rg	contact_density	n_contact_pairs	n_cys_sg	n_disulfide_pairs	disulfide_pairs	struct_pass	gravy_1_20	priority_score_simple	pu_label	group_id	split	pu_prob
ocypus_brunnipes_1	Ocypus_brunnipes	/home/danilo/Caroline/coletotox_min/00_inputs/toxin/Ocypus_brunnipes/Ocypus_brunnipes.fas.pasta.toxin_renomeado.fasta	1	0.999719	91	12	0.1318681318681318	C-x(9)-C-x(2)-C-x(1)-C-x(6)-C-x(4)-C-x(7)-C-x(9)-C-x(2)-C-x(1)-C-x(8)-C-x(4)-C	9,2,1,6,4,7,9,2,1,8,4	2.1	-0.0307692307692307	0.0769230769230769	35.08351648351648	SP(Sec/SPI)	1	json	76.00713662790699	21.849154168449672	0.6627906976744186	0.5872093023255814	0.4345930232558139	91.0	0.1648351648351648	0.2857142857142857	0.5494505494505495	8593.921023132543	0.5105695338061621	0.2354082958333417	0.1538461538461538	0.9705882352941176	91.0	26.755360425043364	7.736263736263736	352.0	12.0	6.0	A26-A41;A36-A53;A39-A48;A61-A76;A71-A90;A74-A85	1.0	-0.0307692307692307	1.1772889985305393	0	ocypus_brunnipes	train	0.25544983597188253
dichotomius_satanas_2	Dichotomius_satanas	/home/danilo/Caroline/coletotox_min/00_inputs/toxin/Dichotomius_satanas/Dichotomius_satanas.fas.pasta.toxin_renomeado.fasta	1	0.999902	88	12	0.1363636363636363	C-x(9)-C-x(2)-C-x(1)-C-x(6)-C-x(4)-C-x(8)-C-x(9)-C-x(2)-C-x(1)-C-x(8)-C-x(4)-C	9,2,1,6,4,8,9,2,1,8,4	4.0	-0.1806818181818179	0.0681818181818181	33.22386363636363	SP(Sec/SPI)	1	json	76.56749615975423	23.723913522853834	0.6973886328725039	0.620583717357911	0.5069124423963134	88.0	0.1590909090909091	0.2954545454545454	0.5454545454545454	8057.081267058298	0.5100160414538856	0.2424437859154974	0.1590909090909091	0.925925925925926	88.0	25.890434224567336	7.681818181818182	338.0	12.0	6.0	A23-A38;A33-A50;A36-A45;A59-A74;A69-A88;A72-A83	1.0	-0.1806818181818179	1.142055446864963	0	dichotomius_satanas	train	0.44513913206733546
orphnus_sp_2	Orphnus_sp	/home/danilo/Caroline/coletotox_min/00_inputs/toxin/Orphnus_sp/GKJZ00000000.toxin_renomeado.fasta	1	0.999913	77	10	0.1298701298701298	C-x(8)-C-x(3)-C-x(3)-C-x(9)-C-x(3)-C-x(3)-C-x(1)-C-x(11)-C-x(5)-C	8,3,3,9,3,3,1,11,5	5.1	0.3038961038961038	0.0649350649350649	34.71558441558441	SP(Sec/SPI)	1	json	85.49059674502713	15.727087441440986	0.786618444846293	0.7034358047016275	0.6292947558770343	77.0	0.1818181818181818	0.2727272727272727	0.5454545454545454	6433.572683589711	0.4863020452525731	0.2407815474166278	0.2467532467532467	0.8518518518518519	77.0	19.57757783890681	7.922077922077922	305.0	10.0	5.0	A22-A57;A31-A53;A35-A49;A39-A77;A59-A71	1.0	0.3038961038961038	1.129422751931613	1	orphnus_sp	train	0.7970096875288161
diphucephala_sp_2	Diphucephala_sp	/home/danilo/Caroline/coletotox_min/00_inputs/toxin/Diphucephala_sp/Diphucephala_sp.fas.pasta.toxin_renomeado.fasta	1	0.999733	80	10	0.125	C-x(8)-C-x(3)-C-x(3)-C-x(9)-C-x(3)-C-x(3)-C-x(1)-C-x(11)-C-x(5)-C	8,3,3,9,3,3,1,11,5	4.1	0.25375	0.0625	30.061249999999987	SP(Sec/SPI)	1	json	91.08077834179356	7.241652717519344	0.9898477157360406	0.9086294416243654	0.6446700507614214	80.0	0.2	0.25	0.55	6785.802152954438	0.4829054505845239	0.2494512194902683	0.2375	0.8148148148148148	80.0	21.236595524350037	7.8	312.0	10.0	5.0	A24-A59;A33-A55;A37-A51;A41-A79;A61-A73	1.0	0.25375	1.1268490566835871	1	diphucephala_sp	train	0.9980762745759344
hygrobia_hermanni_1	Hygrobia_hermanni	/home/danilo/Caroline/coletotox_min/00_inputs/toxin/Hygrobia_hermanni/Hygrobia_hermanni.fas.pasta.toxin_renomeado.fasta	1	0.999742	81	11	0.1358024691358024	C-x(15)-C-x(8)-C-x(2)-C-x(3)-C-x(11)-C-x(3)-C-x(3)-C-x(1)-C-x(11)-C-x(5)-C	15,8,2,3,11,3,3,1,11,5	6.1	0.3259259259259261	0.0617283950617283	18.69753086419753	SP(Sec/SPI)	1	json	80.3173594548552	19.313318625561525	0.696763202725724	0.626916524701874	0.5161839863713799	81.0	0.2469135802469135	0.2469135802469135	0.5061728395061729	6972.006729161523	0.4927979318456997	0.2458153034330364	0.1975308641975308	0.8518518518518519	81.0	23.228915906103744	7.851851851851852	318.0	11.0	5.0	A25-A61;A34-A57;A37-A53;A41-A81;A63-A75	1.0	0.3259259259259261	1.1260668176751425	1	hygrobia_hermanni	train	0.5129271474549136
pleophylla_fasciatipennis_1	Pleophylla_fasciatipennis	/home/danilo/Caroline/coletotox_min/00_inputs/toxin/Pleophylla_fasciatipennis/GKJA00000000.toxin_renomeado.fasta	1	0.999902	79	10	0.1265822784810126	C-x(8)-C-x(3)-C-x(3)-C-x(9)-C-x(3)-C-x(3)-C-x(1)-C-x(11)-C-x(5)-C	8,3,3,9,3,3,1,11,5	4.1	0.2455696202531644	0.1012658227848101	28.25949367088608	SP(Sec/SPI)	1	json	86.23467353951891	14.150595235253542	0.8247422680412371	0.7233676975945017	0.6013745704467354	79.0	0.2531645569620253	0.2531645569620253	0.4936708860759494	6538.770656488454	0.4729615774727927	0.2381229567391427	0.2531645569620253	0.8333333333333334	79.0	18.527127744883835	8.10126582278481	320.0	10.0	5.0	A23-A58;A32-A54;A36-A50;A40-A78;A60-A72	1.0	0.2455696202531644	1.1155073217625822	1	pleophylla_fasciatipennis	train	0.9017812666194157
amphimallon_solstitiale_1	Amphimallon_solstitiale	/home/danilo/Caroline/coletotox_min/00_inputs/toxin/Amphimallon_solstitiale/GKIQ00000000.toxin_renomeado.fasta	1	0.999842	80	10	0.125	C-x(8)-C-x(3)-C-x(3)-C-x(9)-C-x(3)-C-x(3)-C-x(1)-C-x(11)-C-x(5)-C	8,3,3,9,3,3,1,11,5	1.0999999999999996	0.265	0.0875	25.54375	SP(Sec/SPI)	1	json	83.49452054794521	16.017264436978568	0.7431506849315068	0.6643835616438356	0.553082191780822	80.0	0.2125	0.25	0.5375	6770.724435795166	0.4891983234916449	0.249550404749119	0.2125	0.8666666666666667	80.0	20.28728808973969	7.925	317.0	10.0	5.0	A24-A59;A33-A55;A37-A51;A41-A79;A61-A73	1.0	0.265	1.1144890410958903	1	amphimallon_solstitiale	train	0.5762627291515349
diphucephala_sp_3	Diphucephala_sp	/home/danilo/Caroline/coletotox_min/00_inputs/toxin/Diphucephala_sp/Diphucephala_sp.fas.pasta.toxin_renomeado.fasta	1	0.9912	83	11	0.1325301204819277	C-x(7)-C-x(8)-C-x(3)-C-x(3)-C-x(9)-C-x(3)-C-x(3)-C-x(1)-C-x(11)-C-x(5)-C	7,8,3,3,9,3,3,1,11,5	5.199999999999999	0.2433734939759035	0.0481927710843373	31.334939759036143	SP(Sec/SPI)	1	json	84.65827302631578	16.057860710664052	0.7467105263157895	0.6924342105263158	0.5970394736842105	83.0	0.2289156626506024	0.2409638554216867	0.5301204819277109	7099.637757723913	0.4914155818578414	0.2503185935329247	0.2409638554216867	0.8148148148148148	83.0	23.041856503770887	7.807228915662651	324.0	11.0	5.0	A27-A62;A36-A58;A40-A54;A44-A82;A64-A76	1.0	0.2433734939759035	1.1132924496670895	1	diphucephala_sp	train	0.7078407420358332
euoniticellus_fulvus_1	Euoniticellus_fulvus	/home/danilo/Caroline/coletotox_min/00_inputs/toxin/Euoniticellus_fulvus/GKIT00000000.toxin_renomeado.fasta	1	0.999889	77	10	0.1298701298701298	C-x(8)-C-x(3)-C-x(3)-C-x(7)-C-x(3)-C-x(3)-C-x(1)-C-x(11)-C-x(5)-C	8,3,3,7,3,3,1,11,5	3.0	0.2233766233766232	0.1168831168831168	25.235194805194805	SP(Sec/SPI)	1	json	86.0443652173913	11.509687363510215	0.8834782608695653	0.7078260869565217	0.5113043478260869	77.0	0.2077922077922078	0.2857142857142857	0.5064935064935064	6496.951995541717	0.4864192077853329	0.2480716478755186	0.2337662337662337	0.8387096774193549	77.0	20.25348717590672	7.766233766233766	299.0	10.0	5.0	A24-A57;A33-A53;A37-A49;A41-A77;A59-A71	1.0	0.2233766233766232	1.110400418746471	1	euoniticellus_fulvus	train	0.9415823505939683
tenebrio_molitor_2	Tenebrio_molitor	/home/danilo/Caroline/coletotox_min/00_inputs/toxin/Tenebrio_molitor/Tenebrio_molitor.fas.pasta.toxin_renomeado.fasta	1	0.998506	85	11	0.1294117647058823	C-x(16)-C-x(8)-C-x(3)-C-x(3)-C-x(7)-C-x(3)-C-x(3)-C-x(1)-C-x(11)-C-x(5)-C	16,8,3,3,7,3,3,1,11,5	3.0	0.2576470588235294	0.0941176470588235	10.994117647058822	SP(Sec/SPI)	1	json	80.02014173228345	20.43676435887606	0.662992125984252	0.6062992125984252	0.5244094488188976	85.0	0.3176470588235294	0.2352941176470588	0.4470588235294118	7510.371819012949	0.4926283255883623	0.2164729025111427	0.1647058823529411	0.9032258064516128	85.0	22.889799474028724	7.882352941176471	335.0	11.0	5.0	A32-A65;A41-A61;A45-A57;A49-A85;A67-A79	1.0	0.2576470588235294	1.1068049893469198	1	tenebrio_molitor	train	0.48856082777352916
sophrops_sp_1	Sophrops_sp	/home/danilo/Caroline/coletotox_min/00_inputs/toxin/Sophrops_sp/GKKB00000000.toxin_renomeado.fasta	1	0.99978	80	11	0.1375	C-x(17)-C-x(8)-C-x(3)-C-x(3)-C-x(9)-C-x(3)-C-x(3)-C-x(1)-C-x(11)-C-x(5)-C	17,8,3,3,9,3,3,1,11,5	3.1	0.1824999999999999	0.075	27.78125	SP(Sec/SPI)	1	json	87.6156594323873	10.528097592747278	0.9215358931552587	0.7345575959933222	0.5559265442404007	80.0	0.2125	0.25	0.5375	6821.606377462775	0.4776690270688254	0.2448620883724983	0.225	0.8846153846153846	80.0	20.072076219787743	8.05	322.0	11.0	5.0	A24-A59;A33-A55;A37-A51;A41-A79;A61-A73	1.0	0.1824999999999999	1.1052313188647749	1	sophrops_sp	train	0.9818075198095445
lepiserica_sp_1	Lepiserica_sp	/home/danilo/Caroline/coletotox_min/00_inputs/toxin/Lepiserica_sp/GKKQ00000000.toxin_renomeado.fasta	1	0.999881	78	10	0.1282051282051282	C-x(8)-C-x(3)-C-x(3)-C-x(9)-C-x(3)-C-x(3)-C-x(1)-C-x(11)-C-x(5)-C	8,3,3,9,3,3,1,11,5	6.1	0.1948717948717949	0.0769230769230769	27.726923076923075	SP(Sec/SPI)	1	json	83.36765920826161	13.779857985006924	0.8278829604130808	0.6196213425129088	0.4406196213425129	78.0	0.2435897435897435	0.2564102564102564	0.5	6721.83305959545	0.4842532372899431	0.2366915152311528	0.2051282051282051	0.8214285714285714	78.0	19.795882695249773	7.794871794871795	304.0	10.0	5.0	A23-A58;A32-A54;A36-A50;A40-A78;A60-A72	1.0	0.1948717948717949	1.097504549185754	1	lepiserica_sp	train	0.8132875073502567
scitalia_sp_3	Scitalia_sp	/home/danilo/Caroline/coletotox_min/00_inputs/toxin/Scitalia_sp/GKKH00000000.toxin_renomeado.fasta	1	0.999916	78	11	0.141025641025641	C-x(16)-C-x(8)-C-x(3)-C-x(3)-C-x(9)-C-x(3)-C-x(3)-C-x(1)-C-x(11)-C-x(5)-C	16,8,3,3,9,3,3,1,11,5	5.1	0.1833333333333333	0.0897435897435897	38.75897435897434	SP(Sec/SPI)	1	json	83.1997539543058	17.31303073789731	0.7258347978910369	0.6836555360281195	0.5905096660808435	78.0	0.0384615384615384	0.2692307692307692	0.6923076923076923	6932.005879422235	0.509361685482562	0.2700503182126814	0.2435897435897435	0.8518518518518519	78.0	20.53244007294985	7.743589743589744	302.0	11.0	5.0	A22-A57;A31-A53;A35-A49;A39-A77;A59-A71	1.0	0.1833333333333333	1.0974892514983552	1	scitalia_sp	train	0.6068997281405619
copris_lunaris_1	Copris_lunaris	/home/danilo/Caroline/coletotox_min/00_inputs/toxin/Copris_lunaris/GKIU00000000.toxin_renomeado.fasta	1	0.999858	77	10	0.1298701298701298	C-x(8)-C-x(3)-C-x(3)-C-x(8)-C-x(3)-C-x(3)-C-x(1)-C-x(11)-C-x(5)-C	8,3,3,8,3,3,1,11,5	4.1	0.1727272727272728	0.1168831168831168	28.02597402597403	SP(Sec/SPI)	1	json	82.62486865148863	13.734255119473191	0.7933450087565674	0.6042031523642732	0.446584938704028	77.0	0.1818181818181818	0.2727272727272727	0.5454545454545454	6666.613309075752	0.4938793906828205	0.2384090250441565	0.2207792207792207	0.8620689655172413	77.0	19.931810889110857	7.61038961038961	293.0	10.0	5.0	A23-A57;A32-A53;A36-A49;A40-A77;A59-A71	1.0	0.1727272727272728	1.090899087952328	1	copris_lunaris	train	0.706186720519592
onthophagus_similis_1	Onthophagus_similis	/home/danilo/Caroline/coletotox_min/00_inputs/toxin/Onthophagus_similis/Onthophagus_similis.fas.pasta.toxin_renomeado.fasta	1	0.999894	76	10	0.131578947368421	C-x(8)-C-x(3)-C-x(3)-C-x(7)-C-x(3)-C-x(3)-C-x(1)-C-x(11)-C-x(5)-C	8,3,3,7,3,3,1,11,5	3.0	0.1407894736842104	0.131578947368421	31.73697368421053	SP(Sec/SPI)	1	json	85.87762652705062	12.9111671277419	0.837696335078534	0.6928446771378709	0.5445026178010471	76.0	0.2105263157894736	0.2631578947368421	0.5263157894736842	6501.772432140082	0.4820196240019974	0.2366129908742479	0.1973684210526315	0.8387096774193549	76.0	19.438207386719245	7.947368421052632	302.0	10.0	5.0	A23-A56;A32-A52;A36-A48;A40-A76;A58-A70	1.0	0.1407894736842104	1.0898473583172592	1	onthophagus_similis	train	0.9022619693054935
melanotus_villosus_1	Melanotus_villosus	/home/danilo/Caroline/coletotox_min/00_inputs/toxin/Melanotus_villosus/Melanotus_villosus.fas.pasta.toxin_renomeado.fasta	1	0.99971	91	10	0.1098901098901098	C-x(8)-C-x(3)-C-x(3)-C-x(6)-C-x(6)-C-x(3)-C-x(1)-C-x(11)-C-x(5)-C	8,3,3,6,6,3,1,11,5	3.0	0.1846153846153844	0.0769230769230769	28.192307692307686	SP(Sec/SPI)	1	json	78.9250879765396	23.42915291932653	0.6950146627565983	0.6407624633431085	0.5601173020527859	91.0	0.1978021978021978	0.2087912087912088	0.5934065934065934	8385.388685545056	0.5160439576055028	0.2634651478801882	0.1978021978021978	0.8333333333333334	91.0	26.06768123267676	7.274725274725275	331.0	10.0	5.0	A30-A65;A39-A61;A43-A54;A47-A85;A67-A79	1.0	0.1846153846153844	1.081476549579453	0	melanotus_villosus	train	0.23902049590671387
triodontella_sp_4	Triodontella_sp	/home/danilo/Caroline/coletotox_min/00_inputs/toxin/Triodontella_sp/GKKL00000000.toxin_renomeado.fasta	1	0.999907	77	10	0.1298701298701298	C-x(8)-C-x(3)-C-x(3)-C-x(9)-C-x(3)-C-x(3)-C-x(1)-C-x(11)-C-x(5)-C	8,3,3,9,3,3,1,11,5	4.1	0.1181818181818181	0.0779220779220779	32.15974025974026	SP(Sec/SPI)	1	json	84.32280701754387	15.32978198244921	0.7947368421052632	0.6666666666666666	0.5719298245614035	77.0	0.2597402597402597	0.2597402597402597	0.4805194805194805	6423.4745037013645	0.4698028776938538	0.2321530500401056	0.2337662337662337	0.8888888888888888	77.0	18.076828291548782	8.103896103896103	312.0	10.0	5.0	A22-A57;A31-A53;A35-A49;A39-A77;A59-A71	1.0	0.1181818181818181	1.0806586010480748	1	triodontella_sp	train	0.7616961421837286
spercheus_emarginatus_2	Spercheus_emarginatus	/home/danilo/Caroline/coletotox_min/00_inputs/toxin/Spercheus_emarginatus/GDMT00000000.toxin_renomeado.fasta	1	0.999827	78	10	0.1282051282051282	C-x(8)-C-x(3)-C-x(3)-C-x(7)-C-x(3)-C-x(3)-C-x(1)-C-x(12)-C-x(5)-C	8,3,3,7,3,3,1,12,5	5.0	0.1025641025641027	0.0641025641025641	36.447435897435895	SP(Sec/SPI)	1	json	83.23911813643927	19.66766512921557	0.7437603993344426	0.6871880199667221	0.610648918469218	78.0	0.0384615384615384	0.2307692307692307	0.7307692307692307	7280.971095508921	0.499336502465471	0.2675531299432899	0.2179487179487179	0.8620689655172413	78.0	21.68773994565126	7.256410256410256	283.0	10.0	5.0	A22-A55;A31-A51;A35-A47;A39-A76;A57-A70	1.0	0.1025641025641027	1.0741705439651863	1	spercheus_emarginatus	train	0.6372210504631626
aphodius_scrutator_2	Aphodius_scrutator	/home/danilo/Caroline/coletotox_min/00_inputs/toxin/Aphodius_scrutator/GKIV00000000.toxin_renomeado.fasta	1	0.999864	78	10	0.1282051282051282	C-x(8)-C-x(3)-C-x(3)-C-x(8)-C-x(3)-C-x(3)-C-x(1)-C-x(11)-C-x(5)-C	8,3,3,8,3,3,1,11,5	4.1	0.0717948717948719	0.0897435897435897	20.996153846153845	SP(Sec/SPI)	1	json	84.54941580756014	13.499027278267368	0.8195876288659794	0.6460481099656358	0.506872852233677	78.0	0.1923076923076923	0.2948717948717949	0.5128205128205128	6570.4174092736175	0.4838410448248038	0.2488620994735448	0.2564102564102564	0.8571428571428571	78.0	20.776647260507985	7.743589743589744	302.0	10.0	5.0	A23-A57;A32-A53;A36-A49;A40-A77;A59-A71	1.0	0.0717948717948719	1.0690988316151204	1	aphodius_scrutator	train	0.8147119144647903
onthophagus_curvicornis_1	Onthophagus_curvicornis	/home/danilo/Caroline/coletotox_min/00_inputs/toxin/Onthophagus_curvicornis/Onthophagus_curvicornis.fas.pasta.toxin_renomeado.fasta	1	0.999906	76	10	0.131578947368421	C-x(8)-C-x(3)-C-x(3)-C-x(7)-C-x(3)-C-x(3)-C-x(1)-C-x(11)-C-x(5)-C	8,3,3,7,3,3,1,11,5	2.1	0.0342105263157894	0.1052631578947368	25.010657894736845	SP(Sec/SPI)	1	json	87.90302447552448	10.013260584388558	0.944055944055944	0.7709790209790209	0.5402097902097902	76.0	0.2236842105263158	0.2631578947368421	0.5131578947368421	6396.66011457388	0.4765980190579507	0.2295070729977653	0.1973684210526315	0.8620689655172413	76.0	19.33279638084517	7.947368421052632	302.0	10.0	5.0	A23-A56;A32-A52;A36-A48;A40-A76;A58-A70	1.0	0.0342105263157894	1.0672534173721016	1	onthophagus_curvicornis	train	0.9918192431787884
dichotomius_satanas_1	Dichotomius_satanas	/home/danilo/Caroline/coletotox_min/00_inputs/toxin/Dichotomius_satanas/Dichotomius_satanas.fas.pasta.toxin_renomeado.fasta	1	0.999906	76	10	0.131578947368421	C-x(8)-C-x(3)-C-x(3)-C-x(7)-C-x(3)-C-x(3)-C-x(1)-C-x(11)-C-x(5)-C	8,3,3,7,3,3,1,11,5	2.1	0.0342105263157894	0.1052631578947368	25.010657894736845	SP(Sec/SPI)	1	json	87.45026223776225	10.437394114924103	0.9248251748251748	0.7692307692307693	0.5314685314685315	76.0	0.2105263157894736	0.2631578947368421	0.5263157894736842	6494.224666690247	0.4830733600240337	0.2386939260627283	0.1842105263157894	0.8620689655172413	76.0	20.189918456667343	7.842105263157895	298.0	10.0	5.0	A23-A56;A32-A52;A36-A48;A40-A76;A58-A70	1.0	0.0342105263157894	1.0663478928965773	1	dichotomius_satanas	train	0.9871739373559939
pachypus_sp_1	Pachypus_sp	/home/danilo/Caroline/coletotox_min/00_inputs/toxin/Pachypus_sp/GKKS00000000.toxin_renomeado.fasta	1	0.999285	85	11	0.1294117647058823	C-x(20)-C-x(8)-C-x(3)-C-x(3)-C-x(6)-C-x(6)-C-x(3)-C-x(1)-C-x(11)-C-x(5)-C	20,8,3,3,6,6,3,1,11,5	4.1	0.02	0.0823529411764705	35.52941176470588	SP(Sec/SPI)	1	json	83.18262518968135	19.820624470822978	0.7678300455235205	0.708649468892261	0.5978755690440061	85.0	0.188235294117647	0.2235294117647059	0.5882352941176471	7675.748159679267	0.4841105935181474	0.2522235256673613	0.2352941176470588	0.8387096774193549	85.0	23.25651194713274	7.505882352941176	319.0	11.0	5.0	A27-A62;A36-A58;A40-A51;A44-A82;A64-A76	1.0	0.02	1.0537181915558334	1	pachypus_sp	train	0.7621267826520508
bolboceras_sp_3	Bolboceras_sp	/home/danilo/Caroline/coletotox_min/00_inputs/toxin/Bolboceras_sp/GKKA00000000.toxin_renomeado.fasta	1	0.999897	77	10	0.1298701298701298	C-x(8)-C-x(3)-C-x(3)-C-x(7)-C-x(3)-C-x(3)-C-x(1)-C-x(11)-C-x(5)-C	8,3,3,7,3,3,1,11,5	2.1	0.0246753246753248	0.1168831168831168	34.345584415584405	SP(Sec/SPI)	1	json	81.20818336162988	18.58076952632713	0.6791171477079796	0.6196943972835314	0.5280135823429541	77.0	0.2207792207792207	0.2337662337662337	0.5454545454545454	6465.647503687341	0.4578214750938833	0.2242322998279876	0.2467532467532467	0.8518518518518519	77.0	19.214724603450332	8.12987012987013	313.0	10.0	5.0	A23-A56;A32-A52;A36-A48;A40-A76;A58-A70	1.0	0.0246753246753248	1.0510527303596235	1	bolboceras_sp	train	0.37405456090256534
byturus_ochraceus_1	Byturus_ochraceus	/home/danilo/Caroline/coletotox_min/00_inputs/toxin/Byturus_ochraceus/Byturus_ochraceus.fas.pasta.toxin_renomeado.fasta	1	0.99922	90	11	0.1222222222222222	C-x(15)-C-x(8)-C-x(3)-C-x(3)-C-x(7)-C-x(3)-C-x(3)-C-x(1)-C-x(12)-C-x(5)-C	15,8,3,3,7,3,3,1,12,5	6.0	0.0422222222222222	0.0888888888888888	39.703333333333305	SP(Sec/SPI)	1	json	73.80246696035242	22.715910027191203	0.6093979441997063	0.5638766519823789	0.4052863436123348	90.0	0.2555555555555555	0.2111111111111111	0.5333333333333333	7868.449269143678	0.4820305330198871	0.2361217614004874	0.1888888888888888	0.875	90.0	20.76009549490097	7.911111111111111	356.0	11.0	5.0	A26-A59;A35-A55;A39-A51;A43-A80;A61-A74	1.0	0.0422222222222222	1.038716045031816	0	byturus_ochraceus	train	0.10275848922539746
lepiserica_sp_3	Lepiserica_sp	/home/danilo/Caroline/coletotox_min/00_inputs/toxin/Lepiserica_sp/GKKQ00000000.toxin_renomeado.fasta	1	0.999426	96	13	0.1354166666666666	C-x(4)-C-x(22)-C-x(8)-C-x(3)-C-x(3)-C-x(6)-C-x(6)-C-x(3)-C-x(1)-C-x(11)-C-x(5)-C-x(6)-C	4,22,8,3,3,6,6,3,1,11,5,6	10.0	-0.0885416666666669	0.0520833333333333	25.703125	SP(Sec/SPI)	1	json	78.94595918367347	19.201499406403563	0.6408163265306123	0.564625850340136	0.4829931972789115	96.0	0.2291666666666666	0.1979166666666666	0.5729166666666666	9111.834996033698	0.5110982371523328	0.2587799234980959	0.1875	0.8235294117647058	96.0	27.964281245145877	7.354166666666667	353.0	13.0	5.0	A34-A69;A43-A65;A47-A58;A51-A89;A71-A83	1.0	-0.0885416666666669	1.019610668367347	0	lepiserica_sp	train	0.2880377148265906
eophileurus_sp_2	Eophileurus_sp	/home/danilo/Caroline/coletotox_min/00_inputs/toxin/Eophileurus_sp/GKKC00000000.toxin_renomeado.fasta	1	0.999708	82	10	0.1219512195121951	C-x(9)-C-x(3)-C-x(3)-C-x(7)-C-x(3)-C-x(3)-C-x(1)-C-x(10)-C-x(5)-C	9,3,3,7,3,3,1,10,5	5.1	-0.1939024390243902	0.0975609756097561	38.61219512195121	SP(Sec/SPI)	1	json	73.15740219092332	22.597669811029647	0.6353677621283255	0.5555555555555556	0.3552425665101721	82.0	0.0365853658536585	0.2804878048780488	0.6829268292682927	8461.083383256184	0.5522100190170113	0.2595779426730331	0.1585365853658536	0.75	82.0	27.473759438137225	6.926829268292683	284.0	10.0	5.0	A29-A63;A39-A59;A43-A55;A47-A82;A65-A76	1.0	-0.1939024390243902	0.978326999503798	0	eophileurus_sp	train	0.09152132423155691
cucujus_clavipes_1	Cucujus_clavipes	/home/danilo/Caroline/coletotox_min/00_inputs/toxin/Cucujus_clavipes/Cucujus_clavipes.fas.pasta.toxin_renomeado.fasta	1	0.992596	93	7	0.075268817204301	C-x(9)-C-x(10)-C-x(15)-C-x(7)-C-x(12)-C-x(7)-C	9,10,15,7,12,7	2.0	0.2935483870967742	0.0967741935483871	31.13763440860215	SP(Sec/SPI)	1	json	75.8725766016713	24.060006701365623	0.6573816155988857	0.616991643454039	0.4916434540389972	93.0	0.3548387096774194	0.1612903225806451	0.4838709677419355	7373.071705564666	0.4391405716741784	0.2451187896406343	0.2365591397849462	0.8292682926829268	93.0	20.7985902144205	8.301075268817204	386.0	7.0	3.0	A34-A90;A45-A69;A61-A82	1.0	0.2935483870967742	0.7939494542786113	0	cucujus_clavipes	train	0.06842686387868283
sitophilus_zeamais_2	Sitophilus_zeamais	/home/danilo/Caroline/coletotox_min/00_inputs/toxin/Sitophilus_zeamais/Sitophilus_zeamais.fas.pasta.toxin_renomeado.fasta	1	0.996533	93	8	0.086021505376344	C-x(2)-C-x(13)-C-x(10)-C-x(15)-C-x(7)-C-x(12)-C-x(7)-C	2,13,10,15,7,12,7	2.1999999999999997	0.2268817204301076	0.086021505376344	36.03978494623656	SP(Sec/SPI)	1	json	79.48192686357244	25.36718916000195	0.7285513361462729	0.6877637130801688	0.6090014064697609	93.0	0.3333333333333333	0.1827956989247312	0.4838709677419355	7472.641404361082	0.4506537227473574	0.2749293828124381	0.2688172043010752	0.7567567567567568	93.0	20.49347500156396	8.365591397849462	389.0	8.0	3.0	A32-A88;A43-A67;A59-A80	1.0	0.2268817204301076	0.7871896601787577	0	sitophilus_zeamais	train	0.16933614380363962
anoplophora_glabripennis_1	Anoplophora_glabripennis	/home/danilo/Caroline/coletotox_min/00_inputs/toxin/Anoplophora_glabripennis/Anoplophora_glabripennis.fas.pasta.toxin_renomeado.fasta	1	0.999158	84	7	0.0833333333333333	C-x(11)-C-x(8)-C-x(15)-C-x(7)-C-x(12)-C-x(3)-C	11,8,15,7,12,3	6.0	0.2357142857142856	0.0833333333333333	33.20595238095236	SP(Sec/SPI)	1	json	78.33560821484993	25.649427445141267	0.7109004739336493	0.655608214849921	0.5781990521327014	84.0	0.3095238095238095	0.1785714285714285	0.5119047619047619	6679.5924726709845	0.4440294089823102	0.2460037948705274	0.2738095238095238	0.8157894736842105	84.0	21.09956460230272	8.5	357.0	7.0	3.0	A30-A80;A39-A63;A55-A76	1.0	0.2357142857142856	0.7864331211916046	0	anoplophora_glabripennis	train	0.19505605021726113
migdolus_fryanus_5	Migdolus_fryanus	/home/danilo/Caroline/coletotox_min/00_inputs/toxin/Migdolus_fryanus/Migdolus_fryanus.fas.pasta.toxin_renomeado.fasta	1	0.998269	86	8	0.0930232558139534	C-x(14)-C-x(11)-C-x(8)-C-x(15)-C-x(7)-C-x(12)-C-x(3)-C	14,11,8,15,7,12,3	6.1	0.2000000000000002	0.1046511627906976	18.45	SP(Sec/SPI)	1	json	79.92366043613708	25.311384159412967	0.7242990654205608	0.6728971962616822	0.5996884735202492	86.0	0.1744186046511628	0.1744186046511628	0.6511627906976745	7302.967732187293	0.4797436137007734	0.2669446011089099	0.1976744186046511	0.8285714285714286	86.0	25.44582870331252	8.046511627906977	346.0	8.0	3.0	A33-A83;A42-A66;A58-A79	1.0	0.2000000000000002	0.7831031348257625	0	migdolus_fryanus	train	0.48214169196971596
elaphrus_aureus_1	Elaphrus_aureus	/home/danilo/Caroline/coletotox_min/00_inputs/toxin/Elaphrus_aureus/Elaphrus_aureus.fas.pasta.toxin_renomeado.fasta	1	0.999819	73	6	0.0821917808219178	C-x(3)-C-x(7)-C-x(14)-C-x(6)-C-x(13)-C	3,7,14,6,13	2.0	0.1767123287671233	0.136986301369863	20.93013698630137	SP(Sec/SPI)	1	json	83.11715596330275	15.523176226801525	0.7522935779816514	0.6275229357798165	0.5155963302752293	73.0	0.3698630136986301	0.1780821917808219	0.4520547945205479	6155.184487439898	0.4804672651327373	0.2488727302650719	0.1917808219178082	0.8125	73.0	19.948261503852503	8.246575342465754	301.0	6.0	3.0	A25-A59;A29-A52;A37-A73	1.0	0.1767123287671233	0.7809603393238657	1	elaphrus_aureus	train	0.21142237111404982
orphnus_sp_1	Orphnus_sp	/home/danilo/Caroline/coletotox_min/00_inputs/toxin/Orphnus_sp/GKJZ00000000.toxin_renomeado.fasta	1	0.998283	87	7	0.0804597701149425	C-x(14)-C-x(8)-C-x(15)-C-x(7)-C-x(12)-C-x(3)-C	14,8,15,7,12,3	5.0	0.1793103448275859	0.1149425287356321	28.268965517241384	SP(Sec/SPI)	1	json	75.71985272459499	26.949089486130628	0.6435935198821797	0.5964653902798233	0.5419734904270986	87.0	0.3563218390804598	0.1724137931034483	0.4712643678160919	7332.718406502388	0.4515770476972396	0.2474697077577243	0.2298850574712643	0.7948717948717948	87.0	23.16962005316116	8.459770114942529	368.0	7.0	3.0	A33-A83;A42-A66;A58-A79	1.0	0.1793103448275859	0.766382234184822	0	orphnus_sp	train	0.05103804460759378
maechidius_sp_1	Maechidius_sp	/home/danilo/Caroline/coletotox_min/00_inputs/toxin/Maechidius_sp/GKKI00000000.toxin_renomeado.fasta	1	0.982545	96	9	0.09375	C-x(8)-C-x(14)-C-x(15)-C-x(8)-C-x(15)-C-x(7)-C-x(12)-C-x(3)-C	8,14,15,8,15,7,12,3	4.0	0.1729166666666668	0.0833333333333333	31.829166666666666	SP(Sec/SPI)	1	json	72.01998599439777	30.525959038331425	0.6372549019607843	0.6008403361344538	0.5140056022408963	96.0	0.3020833333333333	0.15625	0.5416666666666666	7921.853024806885	0.4748696699766124	0.2581756432017004	0.2083333333333333	0.7948717948717948	96.0	23.762654197826876	8.166666666666666	392.0	9.0	3.0	A42-A92;A51-A75;A67-A88	1.0	0.1729166666666668	0.7607066386554622	0	maechidius_sp	train	0.07353374565144002
psylliodes_chrysocephalus_1	Psylliodes_chrysocephalus	/home/danilo/Caroline/coletotox_min/00_inputs/toxin/Psylliodes_chrysocephalus/Psylliodes_chrysocephalus.fas.pasta.toxin_renomeado.fasta	1	0.997461	83	7	0.0843373493975903	C-x(16)-C-x(8)-C-x(15)-C-x(7)-C-x(12)-C-x(7)-C	16,8,15,7,12,7	4.1	0.025301204819277	0.1204819277108433	26.86626506024097	SP(Sec/SPI)	1	json	86.38008784773061	14.355177668958447	0.7979502196193266	0.7115666178623719	0.5871156661786238	83.0	0.3253012048192771	0.2048192771084337	0.4698795180722891	6772.605684492077	0.419458640582801	0.2468290360384309	0.2650602409638554	0.8	83.0	17.88760055998523	8.698795180722891	361.0	7.0	3.0	A27-A81;A36-A60;A52-A73	1.0	0.025301204819277	0.750169814249678	1	psylliodes_chrysocephalus	train	0.6650357430834292
ceutorhynchus_napi_3	Ceutorhynchus_napi	/home/danilo/Caroline/coletotox_min/00_inputs/toxin/Ceutorhynchus_napi/Ceutorhynchus_napi.fas.pasta.toxin_renomeado.fasta	1	0.997461	83	7	0.0843373493975903	C-x(16)-C-x(8)-C-x(15)-C-x(7)-C-x(12)-C-x(7)-C	16,8,15,7,12,7	4.1	0.025301204819277	0.1204819277108433	26.86626506024097	SP(Sec/SPI)	1	json	86.01064421669108	14.78297603837975	0.8038067349926794	0.7115666178623719	0.582723279648609	83.0	0.3493975903614458	0.2048192771084337	0.4457831325301205	6659.575226599455	0.4129318233319196	0.2402289828770454	0.253012048192771	0.8	83.0	16.695452470115452	8.843373493975903	367.0	7.0	3.0	A27-A81;A36-A60;A52-A73	1.0	0.025301204819277	0.7494309269875989	1	ceutorhynchus_napi	train	0.7047889741485805
ceutorhynchus_napi_1	Ceutorhynchus_napi	/home/danilo/Caroline/coletotox_min/00_inputs/toxin/Ceutorhynchus_napi/Ceutorhynchus_napi.fas.pasta.toxin_renomeado.fasta	1	0.999222	87	8	0.0919540229885057	C-x(11)-C-x(9)-C-x(10)-C-x(15)-C-x(7)-C-x(12)-C-x(7)-C	11,9,10,15,7,12,7	1.1999999999999993	-0.0034482758620688	0.1264367816091954	29.88977011494252	SP(Sec/SPI)	1	json	81.39487031700288	22.55151210411465	0.7449567723342939	0.7060518731988472	0.6181556195965417	87.0	0.1954022988505747	0.1954022988505747	0.6091954022988506	7247.864957202898	0.4439537338658229	0.2691012234823638	0.2758620689655172	0.8	87.0	20.325670819668428	8.206896551724139	357.0	8.0	3.0	A28-A84;A39-A63;A55-A76	1.0	-0.0034482758620688	0.7349161774156149	1	ceutorhynchus_napi	train	0.43236032393537466
hydroscapha_redfordi_1	Hydroscapha_redfordi	/home/danilo/Caroline/coletotox_min/00_inputs/toxin/Hydroscapha_redfordi/Hydroscapha_redfordi.fas.pasta.toxin_renomeado.fasta	1	0.997381	94	9	0.0957446808510638	C-x(5)-C-x(2)-C-x(38)-C-x(12)-C-x(3)-C-x(9)-C-x(5)-C-x(1)-C	5,2,38,12,3,9,5,1	2.1999999999999997	0.0968085106382978	0.1276595744680851	33.54574468085105	SP(Sec/SPI)	1	json	68.0370509383378	20.60036241228568	0.5576407506702413	0.3954423592493297	0.1581769436997319	94.0	0.5638297872340425	0.0638297872340425	0.3723404255319149	9307.766666891088	0.5138809932159117	0.2263894865692136	0.1489361702127659	0.926829268292683	94.0	22.353697340341988	8.27659574468085	389.0	9.0	3.0	A57-A84;A70-A90;A74-A92	0.0	0.0968085106382978	0.734212399749016	0	hydroscapha_redfordi	train	0.0029485167649704836
liparetrus_sp_1	Liparetrus_sp	/home/danilo/Caroline/coletotox_min/00_inputs/toxin/Liparetrus_sp/GKKD00000000.toxin_renomeado.fasta	1	0.999585	78	8	0.1025641025641025	C-x(6)-C-x(16)-C-x(8)-C-x(15)-C-x(7)-C-x(12)-C-x(3)-C	6,16,8,15,7,12,3	3.2	-0.0128205128205127	0.1153846153846153	36.87692307692307	SP(Sec/SPI)	1	json	79.05489220563847	26.16401412128172	0.6981757877280266	0.6699834162520729	0.6102819237147595	78.0	0.3076923076923077	0.1923076923076923	0.5	6295.003412613901	0.4488270703503526	0.2431831425192421	0.2307692307692307	0.75	78.0	19.37390191508545	8.846153846153847	345.0	8.0	3.0	A27-A77;A36-A60;A52-A73	1.0	-0.0128205128205127	0.7305456818471744	0	liparetrus_sp	train	0.22745076768842737
migdolus_fryanus_4	Migdolus_fryanus	/home/danilo/Caroline/coletotox_min/00_inputs/toxin/Migdolus_fryanus/Migdolus_fryanus.fas.pasta.toxin_renomeado.fasta	1	0.995573	90	6	0.0666666666666666	C-x(13)-C-x(15)-C-x(7)-C-x(12)-C-x(7)-C	13,15,7,12,7	2.1	-0.0311111111111109	0.1222222222222222	32.3711111111111	SP(Sec/SPI)	1	json	83.96865905848787	20.536823228782584	0.7446504992867332	0.7203994293865906	0.651925820256776	90.0	0.1777777777777777	0.1888888888888888	0.6333333333333333	7621.910951824734	0.4540301003121112	0.2815956438762426	0.2777777777777778	0.7368421052631579	90.0	21.19577810585966	8.2	369.0	6.0	3.0	A28-A87;A42-A66;A58-A79	1.0	-0.0311111111111109	0.7268262070058646	1	migdolus_fryanus	train	0.27704443632618064
bolboceras_sp_1	Bolboceras_sp	/home/danilo/Caroline/coletotox_min/00_inputs/toxin/Bolboceras_sp/GKKA00000000.toxin_renomeado.fasta	1	0.994211	76	6	0.0789473684210526	C-x(1)-C-x(7)-C-x(10)-C-x(3)-C-x(19)-C	1,7,10,3,19	2.0	0.0618421052631577	0.0789473684210526	28.86578947368421	SP(Sec/SPI)	1	json	68.15281303602058	29.61397313976713	0.5660377358490566	0.4957118353344768	0.4168096054888507	76.0	0.3947368421052631	0.1184210526315789	0.4868421052631579	7124.247106582683	0.5016479309381084	0.2373455138201985	0.1578947368421052	0.7741935483870968	76.0	25.434177142989363	7.736842105263157	294.0	6.0	3.0	A31-A56;A33-A52;A41-A76	0.0	0.0618421052631577	0.7215029944930936	0	bolboceras_sp	train	0.004006434072894528
liopterus_haemorrhoidalis_1	Liopterus_haemorrhoidalis	/home/danilo/Caroline/coletotox_min/00_inputs/toxin/Liopterus_haemorrhoidalis/Liopterus_haemorrhoidalis.fas.pasta.toxin_renomeado.fasta	1	0.999579	91	7	0.0769230769230769	C-x(30)-C-x(8)-C-x(15)-C-x(7)-C-x(12)-C-x(3)-C	30,8,15,7,12,3	4.199999999999999	-4.8801012071435456e-18	0.0989010989010989	39.18901098901098	SP(Sec/SPI)	1	json	74.9775960170697	28.11623493986773	0.6742532005689901	0.6187766714082503	0.5320056899004267	91.0	0.3516483516483517	0.1648351648351648	0.4835164835164835	7355.49462421225	0.4416478464826358	0.2398615340827097	0.2527472527472527	0.7894736842105263	91.0	22.200324872219173	8.483516483516484	386.0	7.0	3.0	A36-A86;A45-A69;A61-A82	1.0	-4.8801012071435456e-18	0.7191859612649086	0	liopterus_haemorrhoidalis	train	0.08159535089461456
diphucephala_sp_1	Diphucephala_sp	/home/danilo/Caroline/coletotox_min/00_inputs/toxin/Diphucephala_sp/Diphucephala_sp.fas.pasta.toxin_renomeado.fasta	1	0.999813	83	8	0.0963855421686747	C-x(8)-C-x(3)-C-x(7)-C-x(14)-C-x(6)-C-x(17)-C-x(4)-C	8,3,7,14,6,17,4	1.3000000000000007	-0.0012048192771085	0.0963855421686747	39.5867469879518	SP(Sec/SPI)	1	json	70.24572542901716	20.454139947952203	0.5273010920436817	0.4399375975039001	0.2137285491419656	83.0	0.3493975903614458	0.1566265060240964	0.4939759036144578	7702.309073236577	0.4940058656874521	0.2692452209801892	0.2650602409638554	0.7575757575757576	83.0	21.531829862745195	7.759036144578313	322.0	8.0	3.0	A23-A57;A27-A50;A35-A75	1.0	-0.0012048192771085	0.7142866315809258	0	diphucephala_sp	train	0.0011110575886255282
lepiserica_sp_4	Lepiserica_sp	/home/danilo/Caroline/coletotox_min/00_inputs/toxin/Lepiserica_sp/GKKQ00000000.toxin_renomeado.fasta	1	0.99936	89	8	0.0898876404494382	C-x(4)-C-x(16)-C-x(8)-C-x(15)-C-x(7)-C-x(12)-C-x(3)-C	4,16,8,15,7,12,3	5.0	-0.0438202247191013	0.1011235955056179	36.71573033707865	SP(Sec/SPI)	1	json	75.84156779661016	29.25205926306017	0.673728813559322	0.6398305084745762	0.5677966101694916	89.0	0.3595505617977528	0.1685393258426966	0.4719101123595505	7562.637781951652	0.446241404521546	0.2402902763330616	0.2584269662921348	0.7368421052631579	89.0	25.315098739489983	8.292134831460674	369.0	8.0	3.0	A35-A85;A44-A68;A60-A81	1.0	-0.0438202247191013	0.7131999895258044	0	lepiserica_sp	train	0.12832093063384464
alurnus_ornatus_3	Alurnus_ornatus	/home/danilo/Caroline/coletotox_min/00_inputs/toxin/Alurnus_ornatus/Alurnus_ornatus.fas.pasta.toxin_renomeado.fasta	1	0.999607	90	6	0.0666666666666666	C-x(3)-C-x(7)-C-x(15)-C-x(6)-C-x(13)-C	3,7,15,6,13	5.0	-0.0777777777777778	0.1	38.29888888888888	SP(Sec/SPI)	1	json	81.22273684210526	18.08443575480987	0.6887218045112782	0.6360902255639098	0.5203007518796993	90.0	0.3222222222222222	0.1555555555555555	0.5222222222222223	7514.674444558773	0.4781214722185581	0.264093859974064	0.2333333333333333	0.78125	90.0	24.29929605174033	8.0	360.0	6.0	3.0	A32-A67;A36-A60;A44-A81	1.0	-0.0777777777777778	0.7096676959064326	1	alurnus_ornatus	train	0.06911108027816013
scitalia_sp_1	Scitalia_sp	/home/danilo/Caroline/coletotox_min/00_inputs/toxin/Scitalia_sp/GKKH00000000.toxin_renomeado.fasta	1	0.998015	90	8	0.0888888888888888	C-x(1)-C-x(17)-C-x(8)-C-x(15)-C-x(7)-C-x(12)-C-x(3)-C	1,17,8,15,7,12,3	3.1999999999999997	-0.0688888888888888	0.1111111111111111	35.99233333333333	SP(Sec/SPI)	1	json	76.36287482806053	25.430326859825	0.6464924346629987	0.609353507565337	0.546079779917469	90.0	0.2777777777777778	0.1666666666666666	0.5555555555555556	8136.429186098127	0.4662133325021609	0.2576641145167774	0.2444444444444444	0.75	90.0	22.023478947461037	8.155555555555555	367.0	8.0	3.0	A32-A82;A41-A65;A57-A78	1.0	-0.0688888888888888	0.707725749656121	0	scitalia_sp	train	0.06321259898092796
lepiserica_sp_5	Lepiserica_sp	/home/danilo/Caroline/coletotox_min/00_inputs/toxin/Lepiserica_sp/GKKQ00000000.toxin_renomeado.fasta	1	0.999437	91	7	0.0769230769230769	C-x(18)-C-x(8)-C-x(15)-C-x(7)-C-x(12)-C-x(3)-C	18,8,15,7,12,3	3.0	-0.0912087912087912	0.1208791208791209	39.64846153846151	SP(Sec/SPI)	1	json	79.71837535014005	26.573427775638343	0.7549019607843137	0.7086834733893558	0.5896358543417367	91.0	0.4065934065934066	0.1648351648351648	0.4285714285714285	7482.063209563229	0.4372421113794767	0.2358900124394254	0.2417582417582417	0.7631578947368421	91.0	21.36574746264694	8.615384615384615	392.0	7.0	3.0	A37-A87;A46-A70;A62-A83	1.0	-0.0912087912087912	0.7058653221288514	0	lepiserica_sp	train	0.3627047596353504
migdolus_fryanus_3	Migdolus_fryanus	/home/danilo/Caroline/coletotox_min/00_inputs/toxin/Migdolus_fryanus/Migdolus_fryanus.fas.pasta.toxin_renomeado.fasta	1	0.99616	90	6	0.0666666666666666	C-x(13)-C-x(15)-C-x(7)-C-x(12)-C-x(7)-C	13,15,7,12,7	3.1	-0.1322222222222221	0.1111111111111111	20.547777777777775	SP(Sec/SPI)	1	json	82.77759712230215	23.092130619073178	0.762589928057554	0.7352517985611511	0.6618705035971223	90.0	0.1777777777777777	0.1888888888888888	0.6333333333333333	7411.3430055225535	0.4488172630557632	0.2805381460120922	0.3	0.7222222222222222	90.0	20.73265399512578	8.222222222222221	370.0	6.0	3.0	A28-A87;A42-A66;A58-A79	1.0	-0.1322222222222221	0.6991663053557153	1	migdolus_fryanus	train	0.48230638922535657
copris_lunaris_3	Copris_lunaris	/home/danilo/Caroline/coletotox_min/00_inputs/toxin/Copris_lunaris/GKIU00000000.toxin_renomeado.fasta	1	0.999614	91	6	0.0659340659340659	C-x(3)-C-x(7)-C-x(14)-C-x(6)-C-x(13)-C	3,7,14,6,13	4.0	-0.0615384615384615	0.0659340659340659	39.78351648351647	SP(Sec/SPI)	1	json	73.40105029585798	25.84516696703048	0.6346153846153846	0.5872781065088757	0.4704142011834319	91.0	0.2527472527472527	0.1538461538461538	0.5934065934065934	7965.466887487193	0.4943927440822598	0.2798005500861863	0.2307692307692307	0.78125	91.0	28.226004305827207	7.824175824175824	356.0	6.0	3.0	A34-A68;A38-A61;A46-A82	1.0	-0.0615384615384615	0.697901001690617	0	copris_lunaris	train	0.01230592230297421
migdolus_fryanus_2	Migdolus_fryanus	/home/danilo/Caroline/coletotox_min/00_inputs/toxin/Migdolus_fryanus/Migdolus_fryanus.fas.pasta.toxin_renomeado.fasta	1	0.996244	92	6	0.0652173913043478	C-x(13)-C-x(15)-C-x(7)-C-x(12)-C-x(7)-C	13,15,7,12,7	2.1	-0.1315217391304347	0.108695652173913	25.869565217391308	SP(Sec/SPI)	1	json	81.51632478632479	23.55210795962449	0.7250712250712251	0.7108262108262108	0.6524216524216524	92.0	0.3152173913043478	0.1847826086956521	0.5	6787.724508525056	0.408401425579746	0.2501537513553542	0.2717391304347826	0.75	92.0	15.993755272328306	8.847826086956522	407.0	6.0	3.0	A28-A87;A42-A66;A58-A79	1.0	-0.1315217391304347	0.6964565626161278	1	migdolus_fryanus	train	0.3750781683089374
helophorus_nanus_1	Helophorus_nanus	/home/danilo/Caroline/coletotox_min/00_inputs/toxin/Helophorus_nanus/Helophorus_nanus.fas.pasta.toxin_renomeado.fasta	1	0.999161	86	7	0.0813953488372093	C-x(23)-C-x(8)-C-x(15)-C-x(7)-C-x(12)-C-x(3)-C	23,8,15,7,12,3	1.0	-0.0976744186046511	0.0930232558139534	34.267441860465105	SP(Sec/SPI)	1	json	74.38723564954684	28.052956892181975	0.6555891238670695	0.620845921450151	0.5362537764350453	86.0	0.2790697674418604	0.1744186046511628	0.5465116279069767	7163.552698078872	0.4610573223883815	0.2614526281524199	0.2325581395348837	0.7941176470588235	86.0	21.663881629229508	8.13953488372093	350.0	7.0	3.0	A33-A83;A42-A66;A58-A79	1.0	-0.0976744186046511	0.6947047038572332	0	helophorus_nanus	train	0.04598864250319684
allokotarsa_sp_3	Allokotarsa_sp	/home/danilo/Caroline/coletotox_min/00_inputs/toxin/Allokotarsa_sp/GKKN00000000.toxin_renomeado.fasta	1	0.999416	90	8	0.0888888888888888	C-x(4)-C-x(16)-C-x(8)-C-x(15)-C-x(7)-C-x(12)-C-x(3)-C	4,16,8,15,7,12,3	7.0	-0.12	0.1333333333333333	29.32	SP(Sec/SPI)	1	json	75.49899581589959	29.086403656222306	0.691771269177127	0.6345885634588564	0.5425383542538355	90.0	0.3444444444444444	0.1666666666666666	0.4888888888888889	7796.91187015449	0.4505635893264628	0.2492274355122957	0.2444444444444444	0.7567567567567568	90.0	24.823611119926397	8.355555555555556	376.0	8.0	3.0	A36-A86;A45-A69;A61-A82	1.0	-0.12	0.6932202138540213	0	allokotarsa_sp	train	0.19481549877999985
aphodius_haemorrhoidalis_1	Aphodius_haemorrhoidalis	/home/danilo/Caroline/coletotox_min/00_inputs/toxin/Aphodius_haemorrhoidalis/GKIW00000000.toxin_renomeado.fasta	1	0.999508	95	6	0.0631578947368421	C-x(3)-C-x(7)-C-x(15)-C-x(6)-C-x(13)-C	3,7,15,6,13	4.1	-0.123157894736842	0.0631578947368421	31.711578947368405	SP(Sec/SPI)	1	json	75.81283898305084	24.15315132477699	0.632768361581921	0.5819209039548022	0.5056497175141242	95.0	0.2526315789473684	0.1578947368421052	0.5894736842105263	8466.937678901995	0.4956783539332589	0.2767429823707528	0.231578947368421	0.7647058823529411	95.0	29.950302317671007	7.831578947368421	372.0	6.0	3.0	A37-A72;A41-A65;A49-A86	1.0	-0.123157894736842	0.6866256779661016	0	aphodius_haemorrhoidalis	train	0.017410938986963137
microcara_testacea_1	Microcara_testacea	/home/danilo/Caroline/coletotox_min/00_inputs/toxin/Microcara_testacea/Microcara_testacea.fas.pasta.toxin_renomeado.fasta	1	0.966549	96	8	0.0833333333333333	C-x(10)-C-x(9)-C-x(13)-C-x(15)-C-x(7)-C-x(12)-C-x(3)-C	10,9,13,15,7,12,3	5.1	-0.1552083333333333	0.1354166666666666	36.92812499999999	SP(Sec/SPI)	1	json	76.63417852522639	24.537687037030388	0.6727037516170763	0.630012936610608	0.5213454075032341	96.0	0.3541666666666667	0.1770833333333333	0.46875	7883.030115742518	0.429081395844461	0.254176358441933	0.2604166666666667	0.75	96.0	22.10822830651459	8.208333333333334	394.0	8.0	3.0	A36-A91;A50-A74;A66-A87	1.0	-0.1552083333333333	0.6852996070504528	0	microcara_testacea	train	0.10921186394061168
heteronyx_sp_2	Heteronyx_sp	/home/danilo/Caroline/coletotox_min/00_inputs/toxin/Heteronyx_sp/GKKG00000000.toxin_renomeado.fasta	1	0.998917	82	8	0.0975609756097561	C-x(13)-C-x(6)-C-x(10)-C-x(15)-C-x(7)-C-x(12)-C-x(3)-C	13,6,10,15,7,12,3	9.1	-0.2475609756097564	0.1097560975609756	24.02926829268292	SP(Sec/SPI)	1	json	83.25382911392404	19.916748634269386	0.7515822784810127	0.7088607594936709	0.6028481012658228	82.0	0.3536585365853658	0.1829268292682926	0.4634146341463415	6657.246684236335	0.4454145780524206	0.2386689262821658	0.2682926829268293	0.7586206896551724	82.0	19.915846524568185	8.829268292682928	362.0	8.0	3.0	A27-A79;A38-A62;A54-A75	1.0	-0.2475609756097564	0.6790076582278479	1	heteronyx_sp	train	0.7134169884331014
psylliodes_chrysocephalus_2	Psylliodes_chrysocephalus	/home/danilo/Caroline/coletotox_min/00_inputs/toxin/Psylliodes_chrysocephalus/Psylliodes_chrysocephalus.fas.pasta.toxin_renomeado.fasta	1	0.991666	93	8	0.086021505376344	C-x(10)-C-x(10)-C-x(15)-C-x(7)-C-x(12)-C-x(7)-C-x(3)-C	10,10,15,7,12,7,3	7.300000000000001	-0.2215053763440859	0.1075268817204301	38.87849462365591	SP(Sec/SPI)	1	json	80.14613422818792	20.063604514883007	0.676510067114094	0.636241610738255	0.5436241610738255	93.0	0.3655913978494624	0.1827956989247312	0.4516129032258064	7816.303373542681	0.4344941638105778	0.2523797495017793	0.2795698924731182	0.7567567567567568	93.0	18.50848426303138	8.43010752688172	392.0	8.0	3.0	A31-A87;A42-A66;A58-A79	1.0	-0.2215053763440859	0.6764213007144403	1	psylliodes_chrysocephalus	train	0.13581882550528115
heteronyx_sp_3	Heteronyx_sp	/home/danilo/Caroline/coletotox_min/00_inputs/toxin/Heteronyx_sp/GKKG00000000.toxin_renomeado.fasta	1	0.999574	92	6	0.0652173913043478	C-x(3)-C-x(7)-C-x(14)-C-x(6)-C-x(13)-C	3,7,14,6,13	5.0	-0.1902173913043478	0.0543478260869565	34.94021739130434	SP(Sec/SPI)	1	json	75.41684210526316	24.4292488142808	0.6271929824561403	0.5877192982456141	0.5043859649122807	92.0	0.2608695652173913	0.1630434782608695	0.5760869565217391	8209.128245532327	0.4946755177788087	0.2783223397708562	0.2065217391304347	0.7741935483870968	92.0	28.57844203702481	7.739130434782608	356.0	6.0	3.0	A35-A69;A39-A62;A47-A83	1.0	-0.1902173913043478	0.6695836842105263	0	heteronyx_sp	train	0.014661131220823399
allokotarsa_sp_2	Allokotarsa_sp	/home/danilo/Caroline/coletotox_min/00_inputs/toxin/Allokotarsa_sp/GKKN00000000.toxin_renomeado.fasta	1	0.997617	97	8	0.0824742268041237	C-x(1)-C-x(16)-C-x(12)-C-x(15)-C-x(7)-C-x(12)-C-x(3)-C	1,16,12,15,7,12,3	1.0999999999999996	-0.2340206185567008	0.0721649484536082	38.63298969072165	SP(Sec/SPI)	1	json	77.9621322537112	25.01887002368135	0.7192982456140351	0.6545209176788124	0.5290148448043185	97.0	0.3402061855670103	0.1752577319587628	0.4845360824742268	8051.40381097482	0.4566409346558556	0.2506937741703271	0.2371134020618556	0.7352941176470589	97.0	23.33835960723814	8.24742268041237	400.0	8.0	3.0	A37-A91;A50-A74;A66-A87	1.0	-0.2340206185567008	0.6680376665692781	0	allokotarsa_sp	train	0.19499817784348097
heteronyx_sp_1	Heteronyx_sp	/home/danilo/Caroline/coletotox_min/00_inputs/toxin/Heteronyx_sp/GKKG00000000.toxin_renomeado.fasta	1	0.996743	82	7	0.0853658536585365	C-x(6)-C-x(11)-C-x(15)-C-x(7)-C-x(12)-C-x(3)-C	6,11,15,7,12,3	1.0	-0.2304878048780489	0.1219512195121951	34.017073170731706	SP(Sec/SPI)	1	json	76.31530903328051	22.261276318300176	0.6782884310618067	0.6006339144215531	0.4025356576862123	82.0	0.3048780487804878	0.1829268292682926	0.5121951219512195	7057.452360553601	0.476415015197669	0.2774684896773751	0.2560975609756097	0.7666666666666667	82.0	19.68648546334699	8.121951219512194	333.0	7.0	3.0	A26-A79;A38-A62;A54-A75	1.0	-0.2304878048780489	0.6663501302616829	0	heteronyx_sp	train	0.03493634248382166
scitalia_sp_2	Scitalia_sp	/home/danilo/Caroline/coletotox_min/00_inputs/toxin/Scitalia_sp/GKKH00000000.toxin_renomeado.fasta	1	0.999042	84	6	0.0714285714285714	C-x(8)-C-x(15)-C-x(7)-C-x(12)-C-x(3)-C	8,15,7,12,3	5.1	-0.282142857142857	0.1309523809523809	29.76559523809523	SP(Sec/SPI)	1	json	77.63367938931297	27.026347693837604	0.6854961832061068	0.6534351145038167	0.5984732824427481	84.0	0.1547619047619047	0.1785714285714285	0.6666666666666666	7503.899244865034	0.4839665711560253	0.2782539543865365	0.238095238095238	0.7741935483870968	84.0	24.48021814831897	7.666666666666667	322.0	6.0	3.0	A31-A81;A40-A64;A56-A77	1.0	-0.282142857142857	0.6525887873500545	0	scitalia_sp	train	0.10207600946747228
migdolus_fryanus_1	Migdolus_fryanus	/home/danilo/Caroline/coletotox_min/00_inputs/toxin/Migdolus_fryanus/Migdolus_fryanus.fas.pasta.toxin_renomeado.fasta	1	0.999369	91	7	0.0769230769230769	C-x(10)-C-x(10)-C-x(15)-C-x(7)-C-x(12)-C-x(7)-C	10,10,15,7,12,7	2.1	-0.3318681318681318	0.1428571428571428	14.97582417582418	SP(Sec/SPI)	1	json	82.94926829268293	20.065260349826985	0.7168021680216802	0.6815718157181572	0.6111111111111112	91.0	0.3626373626373626	0.1868131868131868	0.4505494505494505	7689.929428100373	0.4328322357778912	0.2565932974036341	0.2637362637362637	0.7714285714285715	91.0	19.35181784016361	8.54945054945055	389.0	7.0	3.0	A30-A86;A41-A65;A57-A78	1.0	-0.3318681318681318	0.6521622728491021	1	migdolus_fryanus	train	0.34359288678331446
ablabera_sp_1	Ablabera_sp	/home/danilo/Caroline/coletotox_min/00_inputs/toxin/Ablabera_sp/GKKP00000000.toxin_renomeado.fasta	1	0.999739	89	7	0.0786516853932584	C-x(31)-C-x(8)-C-x(15)-C-x(7)-C-x(12)-C-x(3)-C	31,8,15,7,12,3	1.0999999999999996	-0.4033707865168539	0.1011235955056179	28.271910112359546	SP(Sec/SPI)	1	json	73.27822349570201	28.805884303089897	0.6375358166189111	0.5959885386819485	0.5171919770773639	89.0	0.1910112359550561	0.1685393258426966	0.6404494382022472	7936.796674159087	0.4871304875979329	0.279978716347073	0.2359550561797752	0.7419354838709677	89.0	25.37435714265944	7.820224719101123	348.0	7.0	3.0	A35-A85;A44-A68;A60-A81	1.0	-0.4033707865168539	0.615376671710505	0	ablabera_sp	train	0.033492458167544446
cicindela_hybrida_1	Cicindela_hybrida	/home/danilo/Caroline/coletotox_min/00_inputs/toxin/Cicindela_hybrida/Cicindela_hybrida.fas.pasta.toxin_renomeado.fasta	0	0.052922	78	7	0.0897435897435897	C-x(8)-C-x(3)-C-x(7)-C-x(10)-C-x(6)-C-x(13)-C	8,3,7,10,6,13	3.1	-0.2666666666666666	0.1282051282051282	38.59102564102562	OTHER	0	json	73.95399350649352	21.561242012088588	0.6168831168831169	0.5373376623376623	0.3977272727272727	78.0	0.1923076923076923	0.1538461538461538	0.6538461538461539	7243.354108290571	0.4852528006646211	0.2711813421989419	0.2179487179487179	0.8571428571428571	78.0	18.591713009988947	7.743589743589744	302.0	7.0	3.0	A21-A51;A25-A44;A33-A65	1.0	-0.2666666666666666	0.5536772177822178	0	cicindela_hybrida	train	0.006205564570157381
lamprohiza_splendidula_1	Lamprohiza_splendidula	/home/danilo/Caroline/coletotox_min/00_inputs/toxin/Lamprohiza_splendidula/Lamprohiza_splendidula.fas.pasta.toxin_renomeado.fasta	0	0.007027	98	4	0.0408163265306122	C-x(14)-C-x(9)-C-x(23)-C	14,9,23	3.0	0.0816326530612244	0.0816326530612245	28.616326530612238	OTHER	0	json	88.85417704011066	12.129744357638302	0.9100968188105116	0.8284923928077456	0.6348547717842323	98.0	0.173469387755102	0.2857142857142857	0.5408163265306123	7279.419910830224	0.4220094253673153	0.2500338209595694	0.2755102040816326	0.631578947368421	98.0	14.086209678409706	8.346938775510203	409.0	4.0	2.0	A25-A40;A50-A74	1.0	0.0816326530612244	0.5083205989781805	1	lamprohiza_splendidula	train	0.8578884281416823
acalymma_vittatum_4	Acalymma_vittatum	/home/danilo/Caroline/coletotox_min/00_inputs/toxin/Acalymma_vittatum/Acalymma_vittatum.fas.pasta.toxin_renomeado.fasta	1	0.992492	98	3	0.0306122448979591	C-x(15)-C-x(17)-C	15,17	5.300000000000001	0.4459183673469385	0.0816326530612245	23.317346938775504	SP(Sec/SPI)	1	json	69.53211229946524	18.465003111920065	0.5601604278074866	0.3810160427807487	0.1149732620320855	98.0	0.2653061224489796	0.2346938775510204	0.5	9423.465882423505	0.5342728661744119	0.236363512047802	0.1530612244897959	0.8541666666666666	98.0	25.228887789072573	7.142857142857143	350.0	3.0	1.0	A60-A76	0.0	0.4459183673469385	0.5081968776601549	0	acalymma_vittatum	train	0.0005333033986337343
elaphrus_aureus_2	Elaphrus_aureus	/home/danilo/Caroline/coletotox_min/00_inputs/toxin/Elaphrus_aureus/Elaphrus_aureus.fas.pasta.toxin_renomeado.fasta	0	0.001649	95	5	0.0526315789473684	C-x(13)-C-x(9)-C-x(29)-C-x(12)-C	13,9,29,12	1.0999999999999996	-0.0199999999999999	0.1052631578947368	36.25473684210524	OTHER	0	json	92.04921015514807	7.742316647950562	0.9703808180535968	0.92524682651622	0.7433004231311706	95.0	0.231578947368421	0.2631578947368421	0.5052631578947369	6713.379687730427	0.4081211733884909	0.2644984768205023	0.3263157894736842	0.6285714285714286	95.0	13.788612987160649	8.778947368421052	417.0	5.0	2.0	A13-A27;A37-A67	1.0	-0.0199999999999999	0.4922563150471383	1	elaphrus_aureus	train	0.9629181174682834
batrachomatus_nannup_1	Batrachomatus_nannup	/home/danilo/Caroline/coletotox_min/00_inputs/toxin/Batrachomatus_nannup/Batrachomatus_nannup.fas.pasta.toxin_renomeado.fasta	0	0.003563	98	4	0.0408163265306122	C-x(12)-C-x(10)-C-x(23)-C	12,10,23	3.1999999999999997	0.0163265306122448	0.1326530612244898	37.51846938775509	OTHER	0	json	86.70112285336856	11.865240551691487	0.8758256274768824	0.7582562747688243	0.5812417437252312	98.0	0.173469387755102	0.2346938775510204	0.5918367346938775	7504.656092166036	0.4204652006095081	0.2631102174431531	0.2551020408163265	0.6829268292682927	98.0	14.801104047759091	8.26530612244898	405.0	4.0	2.0	A22-A35;A46-A70	1.0	0.0163265306122448	0.4876879599924514	1	batrachomatus_nannup	train	0.557244947235133
acalymma_vittatum_5	Acalymma_vittatum	/home/danilo/Caroline/coletotox_min/00_inputs/toxin/Acalymma_vittatum/Acalymma_vittatum.fas.pasta.toxin_renomeado.fasta	1	0.991987	94	3	0.0319148936170212	C-x(15)-C-x(17)-C	15,17	3.3000000000000007	0.3425531914893618	0.0851063829787234	23.40851063829787	SP(Sec/SPI)	1	json	67.88866851595007	18.57375105318097	0.5201109570041609	0.3675450762829403	0.1054091539528432	94.0	0.0638297872340425	0.2872340425531915	0.648936170212766	9003.546678384078	0.5284253003305331	0.2448826413573614	0.1702127659574468	0.8409090909090909	94.0	23.956370562512312	7.042553191489362	331.0	3.0	1.0	A56-A72	0.0	0.3425531914893618	0.4793943583084958	0	acalymma_vittatum	train	0.0004170835902975455
lilioceris_merdigera_1	Lilioceris_merdigera	/home/danilo/Caroline/coletotox_min/00_inputs/toxin/Lilioceris_merdigera/Lilioceris_merdigera.fas.pasta.toxin_renomeado.fasta	0	0.001582	95	5	0.0526315789473684	C-x(14)-C-x(10)-C-x(23)-C-x(22)-C	14,10,23,22	2.0	-0.1631578947368421	0.1052631578947368	39.27263157894736	OTHER	0	json	93.74681502086231	7.872878092951657	0.9680111265646733	0.9262865090403338	0.8372739916550765	95.0	0.1894736842105263	0.231578947368421	0.5789473684210527	7170.590543382757	0.4164305357998654	0.2611660908327676	0.3052631578947368	0.6216216216216216	95.0	13.72799801048775	8.442105263157895	401.0	5.0	2.0	A20-A35;A46-A70	1.0	-0.1631578947368421	0.4598620510943562	1	lilioceris_merdigera	train	0.9698110661543208
micromalthus_debilis_1	Micromalthus_debilis	/home/danilo/Caroline/coletotox_min/00_inputs/toxin/Micromalthus_debilis/Micromalthus_debilis.fas.pasta.toxin_renomeado.fasta	0	0.016104	97	4	0.0412371134020618	C-x(17)-C-x(10)-C-x(33)-C	17,10,33	2.0	-0.1793814432989691	0.1237113402061855	27.56391752577318	OTHER	0	json	94.09567603748329	6.755519111462081	0.9799196787148594	0.9451137884872824	0.8232931726907631	97.0	0.1752577319587628	0.2989690721649484	0.5257731958762887	7040.1833792160005	0.3953827118536284	0.2507739455273293	0.2989690721649484	0.5641025641025641	97.0	14.440272143247476	8.907216494845361	432.0	4.0	2.0	A10-A28;A39-A73	1.0	-0.1793814432989691	0.4536552696007397	1	micromalthus_debilis	train	0.9873434301243816
platycerus_caraboides_2	Platycerus_caraboides	/home/danilo/Caroline/coletotox_min/00_inputs/toxin/Platycerus_caraboides/GKJF00000000.toxin_renomeado.fasta	0	0.005145	98	5	0.0510204081632653	C-x(18)-C-x(10)-C-x(16)-C-x(13)-C	18,10,16,13	2.0	-0.2142857142857141	0.1122448979591836	20.190918367346946	OTHER	0	json	93.12646666666669	6.631727390523695	0.9773333333333334	0.936	0.8306666666666667	98.0	0.1938775510204081	0.2551020408163265	0.5510204081632653	6966.432232296148	0.3852707105465139	0.2510411914717753	0.336734693877551	0.5833333333333334	98.0	13.952865990006094	9.16326530612245	449.0	5.0	2.0	A13-A32;A43-A74	1.0	-0.2142857142857141	0.4454366068027211	1	platycerus_caraboides	train	0.9936915312100387
liopterus_haemorrhoidalis_2	Liopterus_haemorrhoidalis	/home/danilo/Caroline/coletotox_min/00_inputs/toxin/Liopterus_haemorrhoidalis/Liopterus_haemorrhoidalis.fas.pasta.toxin_renomeado.fasta	1	0.951708	96	3	0.03125	C-x(15)-C-x(27)-C	15,27	4.300000000000001	0.1145833333333334	0.09375	27.465625000000003	SP(Sec/SPI)	1	json	73.5753450608931	18.941894949701677	0.6102841677943166	0.5399188092016238	0.2733423545331529	96.0	0.1666666666666666	0.2604166666666667	0.5729166666666666	8863.625865222035	0.5008435550626599	0.2482945352641739	0.1666666666666666	0.8536585365853658	96.0	20.03639398285416	7.541666666666667	362.0	3.0	1.0	A48-A64	1.0	0.1145833333333334	0.4336090234551195	0	liopterus_haemorrhoidalis	train	0.006682862724378938
oxysternon_conspicillatum_2	Oxysternon_conspicillatum	/home/danilo/Caroline/coletotox_min/00_inputs/toxin/Oxysternon_conspicillatum/Oxysternon_conspicillatum.fas.pasta.toxin_renomeado.fasta	0	0.002358	90	4	0.0444444444444444	C-x(15)-C-x(9)-C-x(32)-C	15,9,32	3.1999999999999997	-0.2677777777777777	0.0888888888888888	36.807777777777765	OTHER	0	json	90.4065236051502	8.802133329362213	0.9599427753934192	0.8969957081545065	0.6809728183118741	90.0	0.2111111111111111	0.3444444444444444	0.4444444444444444	6936.3785171445925	0.4140075360608236	0.243719945017648	0.2666666666666666	0.6774193548387096	90.0	14.517774522164885	8.555555555555555	385.0	4.0	2.0	A6-A22;A32-A65	1.0	-0.2677777777777777	0.4249797138769671	1	oxysternon_conspicillatum	train	0.933812946919366
dichotomius_satanas_5	Dichotomius_satanas	/home/danilo/Caroline/coletotox_min/00_inputs/toxin/Dichotomius_satanas/Dichotomius_satanas.fas.pasta.toxin_renomeado.fasta	0	0.028196	63	4	0.0634920634920634	C-x(10)-C-x(23)-C-x(10)-C	10,23,10	2.0	0.2682539682539683	0.0793650793650793	33.68571428571428	OTHER	0	json	94.5021967963387	6.503450921827681	0.9816933638443937	0.9496567505720824	0.8787185354691075	63.0	0.1904761904761904	0.3492063492063492	0.4603174603174603	4673.599730007791	0.4485005686741055	0.2269570082321523	0.2222222222222222	0.72	63.0	12.741835445394464	9.11111111111111	287.0	4.0	1.0	A14-A38	1.0	0.2682539682539683	0.4219409015291854	1	dichotomius_satanas	train	0.9650675130490769
nicrophorus_orbicollis_1	Nicrophorus_orbicollis	/home/danilo/Caroline/coletotox_min/00_inputs/toxin/Nicrophorus_orbicollis/Nicrophorus_orbicollis.fas.pasta.toxin_renomeado.fasta	0	0.001439	94	4	0.0425531914893617	C-x(20)-C-x(8)-C-x(34)-C	20,8,34	6.300000000000001	-0.2797872340425532	0.0957446808510638	37.34787234042552	OTHER	0	json	86.97665300546448	12.286277147588455	0.8756830601092896	0.7786885245901639	0.5915300546448088	94.0	0.1702127659574468	0.2872340425531915	0.5425531914893617	7699.81568947874	0.4335562235082572	0.2505527006552667	0.2659574468085106	0.7058823529411765	94.0	15.44723874496821	8.702127659574469	409.0	4.0	2.0	A3-A24;A33-A68	1.0	-0.2797872340425532	0.4146447953726311	1	nicrophorus_orbicollis	train	0.6724404133002515
microcara_testacea_2	Microcara_testacea	/home/danilo/Caroline/coletotox_min/00_inputs/toxin/Microcara_testacea/Microcara_testacea.fas.pasta.toxin_renomeado.fasta	0	0.0048	69	4	0.0579710144927536	C-x(10)-C-x(16)-C-x(13)-C	10,16,13	1.0999999999999996	0.2318840579710144	0.0869565217391304	18.14202898550725	OTHER	0	json	91.46230174081236	6.864186760697996	0.9845261121856866	0.9284332688588008	0.6789168278529981	69.0	0.1594202898550724	0.3188405797101449	0.5217391304347826	5469.117625318796	0.4400996751370103	0.2151468801754051	0.2028985507246377	0.7407407407407407	69.0	13.779971033439065	8.63768115942029	298.0	4.0	1.0	A14-A45	1.0	0.2318840579710144	0.4053883715975668	1	microcara_testacea	train	0.9885653594374137
hoplia_philanthus_1	Hoplia_philanthus	/home/danilo/Caroline/coletotox_min/00_inputs/toxin/Hoplia_philanthus/GKJE00000000.toxin_renomeado.fasta	0	0.003514	93	5	0.053763440860215	C-x(15)-C-x(8)-C-x(31)-C-x(27)-C	15,8,31,27	4.0	-0.3365591397849462	0.1290322580645161	31.32580645161288	OTHER	0	json	87.8921438450899	10.086840047982443	0.9266943291839558	0.8215767634854771	0.5394190871369294	93.0	0.2365591397849462	0.2473118279569892	0.5161290322580645	7400.813448286365	0.4242970993191428	0.2343069059071695	0.2365591397849462	0.6666666666666666	93.0	14.875837918719782	8.32258064516129	387.0	5.0	2.0	A6-A22;A31-A63	1.0	-0.3365591397849462	0.405085362958997	1	hoplia_philanthus	train	0.9338898383223218
aromia_moschata_1	Aromia_moschata	/home/danilo/Caroline/coletotox_min/00_inputs/toxin/Aromia_moschata/Aromia_moschata.fas.pasta.toxin_renomeado.fasta	0	0.004144	89	6	0.0674157303370786	C-x(14)-C-x(10)-C-x(27)-C-x(26)-C-x(1)-C	14,10,27,26,1	2.3000000000000007	-0.4146067415730336	0.1011235955056179	16.447191011235955	OTHER	0	json	93.15032400589102	7.896068234392213	0.96759941089838	0.9248895434462444	0.8070692194403535	89.0	0.1910112359550561	0.2808988764044944	0.5280898876404494	6303.77410756627	0.3910550146974447	0.2328527495135365	0.2584269662921348	0.6333333333333333	89.0	14.239287853911168	8.853932584269662	394.0	6.0	2.0	A6-A21;A32-A60	1.0	-0.4146067415730336	0.3995028952027933	1	aromia_moschata	train	0.9956507107764039
maechidius_sp_2	Maechidius_sp	/home/danilo/Caroline/coletotox_min/00_inputs/toxin/Maechidius_sp/GKKI00000000.toxin_renomeado.fasta	0	0.001879	95	4	0.0421052631578947	C-x(18)-C-x(20)-C-x(3)-C	18,20,3	2.1	-0.4178947368421051	0.1894736842105263	24.09263157894737	OTHER	0	json	86.78986807387862	14.340286839239724	0.837730870712401	0.7401055408970977	0.6174142480211082	95.0	0.2	0.1894736842105263	0.6105263157894737	7797.937050129122	0.4565954339588071	0.2374668935687076	0.231578947368421	0.7777777777777778	95.0	17.08671033111054	7.305263157894736	347.0	4.0	2.0	A51-A70;A91-A95	1.0	-0.4178947368421051	0.3796323677267046	1	maechidius_sp	train	0.5694718208659285
allokotarsa_sp_1	Allokotarsa_sp	/home/danilo/Caroline/coletotox_min/00_inputs/toxin/Allokotarsa_sp/GKKN00000000.toxin_renomeado.fasta	0	0.014764	85	4	0.0470588235294117	C-x(10)-C-x(28)-C-x(8)-C	10,28,8	1.0	0.1105882352941176	0.1058823529411764	27.19411764705881	OTHER	0	json	92.62992163009405	10.229942122249724	0.9545454545454546	0.913793103448276	0.8260188087774295	85.0	0.1764705882352941	0.2705882352941176	0.5529411764705883	6425.574970511168	0.4178728580964154	0.2344311388067364	0.2470588235294117	0.7352941176470589	85.0	14.994697558490076	8.729411764705882	371.0	4.0	1.0	A28-A57	1.0	0.1105882352941176	0.3746716079660704	1	allokotarsa_sp	train	0.9704097443766802
batrachomatus_nannup_2	Batrachomatus_nannup	/home/danilo/Caroline/coletotox_min/00_inputs/toxin/Batrachomatus_nannup/Batrachomatus_nannup.fas.pasta.toxin_renomeado.fasta	1	0.998918	96	3	0.03125	C-x(15)-C-x(28)-C	15,28	1.1999999999999993	-0.1249999999999999	0.0833333333333333	39.37291666666666	SP(Sec/SPI)	1	json	74.01366141732284	20.47773513035777	0.5997375328083989	0.5223097112860893	0.337270341207349	96.0	0.2083333333333333	0.2604166666666667	0.53125	9206.430005527887	0.5050285418709487	0.2332702581656904	0.1666666666666666	0.8181818181818182	96.0	20.194390557408127	7.375	354.0	3.0	1.0	A49-A65	1.0	-0.1249999999999999	0.3745898228346457	0	batrachomatus_nannup	train	0.0029218717736133916
alurnus_ornatus_1	Alurnus_ornatus	/home/danilo/Caroline/coletotox_min/00_inputs/toxin/Alurnus_ornatus/Alurnus_ornatus.fas.pasta.toxin_renomeado.fasta	0	0.016118	63	2	0.0317460317460317	C-x(23)-C	23	1.0	0.0714285714285713	0.0952380952380952	22.87301587301587	OTHER	0	json	91.07640176600442	8.138489648794112	0.9668874172185432	0.8896247240618101	0.7064017660044151	63.0	0.1587301587301587	0.3174603174603174	0.5238095238095238	4967.922847453814	0.4519203089325055	0.2246280979667788	0.2222222222222222	0.6923076923076923	63.0	12.723660415238529	8.984126984126984	283.0	2.0	1.0	A15-A39	1.0	0.0714285714285713	0.3579464543256596	1	alurnus_ornatus	train	0.9265759633974336
spercheus_emarginatus_3	Spercheus_emarginatus	/home/danilo/Caroline/coletotox_min/00_inputs/toxin/Spercheus_emarginatus/GDMT00000000.toxin_renomeado.fasta	0	0.013643	81	4	0.0493827160493827	C-x(10)-C-x(28)-C-x(8)-C	10,28,8	3.1999999999999997	0.0012345679012345	0.0987654320987654	31.49876543209876	OTHER	0	json	92.92409461663948	7.249600700317869	0.9771615008156608	0.9265905383360522	0.7928221859706363	81.0	0.1728395061728395	0.2839506172839506	0.5432098765432098	6035.958923456889	0.4055904322392327	0.2289689640743792	0.2592592592592592	0.6451612903225806	81.0	13.798180129588976	8.88888888888889	360.0	4.0	1.0	A28-A57	1.0	0.0012345679012345	0.3485025102209332	1	spercheus_emarginatus	train	0.9842474966485835
onthophagus_curvicornis_2	Onthophagus_curvicornis	/home/danilo/Caroline/coletotox_min/00_inputs/toxin/Onthophagus_curvicornis/Onthophagus_curvicornis.fas.pasta.toxin_renomeado.fasta	0	0.003827	91	5	0.0549450549450549	C-x(10)-C-x(9)-C-x(13)-C-x(40)-C	10,9,13,40	2.1	0.0648351648351649	0.1098901098901098	22.493406593406583	OTHER	0	json	83.37603423680456	13.850860923569968	0.8074179743223966	0.62339514978602	0.477888730385164	91.0	0.3956043956043956	0.2197802197802197	0.3846153846153846	7935.389164619073	0.4687304672311402	0.2046270364768315	0.1758241758241758	0.8333333333333334	91.0	24.189553833652557	8.395604395604396	382.0	5.0	1.0	A14-A38	1.0	0.0648351648351649	0.3466971234186641	1	onthophagus_curvicornis	train	0.26498773632616934
copris_lunaris_2	Copris_lunaris	/home/danilo/Caroline/coletotox_min/00_inputs/toxin/Copris_lunaris/GKIU00000000.toxin_renomeado.fasta	0	0.004646	89	5	0.0561797752808988	C-x(10)-C-x(9)-C-x(13)-C-x(41)-C	10,9,13,41	1.0999999999999996	0.0056179775280898	0.1011235955056179	31.72247191011235	OTHER	0	json	88.49807976366321	10.164845689590896	0.9379615952732644	0.8227474150664698	0.5819793205317577	89.0	0.4157303370786517	0.2247191011235955	0.3595505617977528	7574.137480224971	0.4658386577105496	0.2022487803046262	0.1910112359550561	0.7714285714285715	89.0	23.41979967908476	8.51685393258427	379.0	5.0	1.0	A14-A38	1.0	0.0056179775280898	0.3424455977295736	1	copris_lunaris	train	0.9155326981960455
dichotomius_satanas_4	Dichotomius_satanas	/home/danilo/Caroline/coletotox_min/00_inputs/toxin/Dichotomius_satanas/Dichotomius_satanas.fas.pasta.toxin_renomeado.fasta	1	0.9938	93	3	0.032258064516129	C-x(11)-C-x(61)-C	11,61	4.199999999999999	-0.3516129032258064	0.0967741935483871	17.511827956989247	SP(Sec/SPI)	1	json	81.01248985115019	19.632411363321257	0.7266576454668471	0.6589986468200271	0.5331529093369418	93.0	0.4838709677419355	0.0	0.5161290322580645	9220.304986152809	0.5220185769267531	0.2181198244022468	0.1182795698924731	0.9	93.0	20.10917636313581	7.075268817204301	329.0	3.0	1.0	A20-A82	1.0	-0.3516129032258064	0.332186270024881	1	dichotomius_satanas	train	0.17591422417957597
diabrotica_virgifera_1	Diabrotica_virgifera	/home/danilo/Caroline/coletotox_min/00_inputs/toxin/Diabrotica_virgifera/Diabrotica_virgifera.fas.pasta.toxin_renomeado.fasta	0	0.010596	62	3	0.0483870967741935	C-x(10)-C-x(24)-C	10,24	2.1	-0.0548387096774194	0.0967741935483871	19.240322580645152	OTHER	0	json	88.98227765726682	10.272224042837411	0.9370932754880694	0.8459869848156182	0.613882863340564	62.0	0.1774193548387097	0.3548387096774194	0.4677419354838709	5043.301641649629	0.4550653927870855	0.2342933395207223	0.2258064516129032	0.625	62.0	12.737624385739894	8.741935483870968	271.0	3.0	1.0	A14-A39	1.0	-0.0548387096774194	0.3263516520887272	1	diabrotica_virgifera	train	0.8640553992685823
callosobruchus_maculatus_1	Callosobruchus_maculatus	/home/danilo/Caroline/coletotox_min/00_inputs/toxin/Callosobruchus_maculatus/Callosobruchus_maculatus.fas.pasta.toxin_renomeado.fasta	0	0.046576	69	3	0.0434782608695652	C-x(10)-C-x(27)-C	10,27	3.3	-0.0884057971014493	0.0869565217391304	35.70724637681159	OTHER	0	json	93.33140316205534	8.675714218500787	0.9604743083003952	0.91699604743083	0.8260869565217391	69.0	0.144927536231884	0.3478260869565217	0.5072463768115942	5457.843639370787	0.4582923470534132	0.2320691702113851	0.2028985507246377	0.7307692307692307	69.0	13.911231539697004	8.927536231884059	308.0	3.0	1.0	A14-A42	1.0	-0.0884057971014493	0.3254309222661397	1	callosobruchus_maculatus	train	0.9336376589095319
ceutorhynchus_napi_2	Ceutorhynchus_napi	/home/danilo/Caroline/coletotox_min/00_inputs/toxin/Ceutorhynchus_napi/Ceutorhynchus_napi.fas.pasta.toxin_renomeado.fasta	0	0.05871	67	3	0.044776119402985	C-x(10)-C-x(27)-C	10,27	3.2	-0.0999999999999999	0.0895522388059701	31.108955223880585	OTHER	0	json	94.2548387096774	7.105236821990247	0.9778225806451613	0.9375	0.8467741935483871	67.0	0.1492537313432835	0.3582089552238806	0.4925373134328358	5244.850168026197	0.4449043049049374	0.2161141469089748	0.208955223880597	0.7307692307692307	67.0	13.335808874720003	8.955223880597014	300.0	3.0	1.0	A14-A42	1.0	-0.0999999999999999	0.3247037072701011	1	ceutorhynchus_napi	train	0.9733172591311486
megasternum_obscurum_1	Megasternum_obscurum	/home/danilo/Caroline/coletotox_min/00_inputs/toxin/Megasternum_obscurum/Megasternum_obscurum.fas.pasta.toxin_renomeado.fasta	0	0.001036	99	2	0.0202020202020202	C-x(36)-C	36	3.1999999999999997	-0.0333333333333333	0.1616161616161616	37.85959595959596	OTHER	0	json	88.58471744471744	9.941588216754598	0.9496314496314496	0.8562653562653563	0.5921375921375921	99.0	0.1414141414141414	0.3838383838383838	0.4747474747474747	8063.730250209545	0.4278196680384284	0.2719057271612354	0.2626262626262626	0.6444444444444445	99.0	15.377531702457174	7.878787878787879	390.0	2.0	1.0	A19-A56	1.0	-0.0333333333333333	0.3238866066066066	1	megasternum_obscurum	train	0.6390006281488686
onthophagus_curvicornis_3	Onthophagus_curvicornis	/home/danilo/Caroline/coletotox_min/00_inputs/toxin/Onthophagus_curvicornis/Onthophagus_curvicornis.fas.pasta.toxin_renomeado.fasta	0	0.004092	64	3	0.046875	C-x(11)-C-x(23)-C	11,23	5.0	-0.0859375	0.109375	-9.775	OTHER	0	json	91.5623819301848	8.066670704608773	0.973305954825462	0.9034907597535934	0.7268993839835729	64.0	0.1875	0.3125	0.5	5288.691594506183	0.4503832583436715	0.2298872989803683	0.21875	0.7083333333333334	64.0	13.10315164028117	8.40625	269.0	3.0	1.0	A15-A39	1.0	-0.0859375	0.3233591388603696	1	onthophagus_curvicornis	train	0.9895965481879694
hydroscapha_redfordi_2	Hydroscapha_redfordi	/home/danilo/Caroline/coletotox_min/00_inputs/toxin/Hydroscapha_redfordi/Hydroscapha_redfordi.fas.pasta.toxin_renomeado.fasta	0	0.003633	63	3	0.0476190476190476	C-x(8)-C-x(26)-C	8,26	3.0	-0.1158730158730159	0.0952380952380952	20.936507936507933	OTHER	0	json	94.3920127118644	6.493906855322234	0.9830508474576272	0.951271186440678	0.8453389830508474	63.0	0.1746031746031746	0.3809523809523809	0.4444444444444444	4948.133103139453	0.4347241743767447	0.2272169843351938	0.238095238095238	0.6521739130434783	63.0	12.731562876168868	8.88888888888889	280.0	3.0	1.0	A12-A39	1.0	-0.1158730158730159	0.3217205333602367	1	hydroscapha_redfordi	train	0.975039472413397
tenebrio_molitor_1	Tenebrio_molitor	/home/danilo/Caroline/coletotox_min/00_inputs/toxin/Tenebrio_molitor/Tenebrio_molitor.fas.pasta.toxin_renomeado.fasta	0	0.028273	67	3	0.044776119402985	C-x(10)-C-x(27)-C	10,27	3.2	-0.1179104477611939	0.0895522388059701	38.77910447761193	OTHER	0	json	94.3230738522954	6.635915835405522	0.9880239520958084	0.934131736526946	0.8502994011976048	67.0	0.1641791044776119	0.3582089552238806	0.4776119402985074	5352.691066001908	0.4476371634802604	0.2148528973830049	0.2238805970149253	0.7307692307692307	67.0	13.402611765402504	8.895522388059701	298.0	3.0	1.0	A14-A42	1.0	-0.1179104477611939	0.3203625656150386	1	tenebrio_molitor	train	0.9660974265608926
bolboceras_sp_2	Bolboceras_sp	/home/danilo/Caroline/coletotox_min/00_inputs/toxin/Bolboceras_sp/GKKA00000000.toxin_renomeado.fasta	0	0.004868	71	4	0.056338028169014	C-x(8)-C-x(29)-C-x(27)-C	8,29,27	1.0999999999999996	-0.1112676056338027	0.1267605633802817	29.456338028169	OTHER	0	json	90.71382513661202	7.799235001392481	0.9690346083788708	0.8852459016393442	0.726775956284153	71.0	0.1549295774647887	0.323943661971831	0.5211267605633803	6009.252980780088	0.4619605876506193	0.2097228585322397	0.1830985915492957	0.84	71.0	14.412332836337082	8.028169014084508	285.0	4.0	1.0	A11-A41	1.0	-0.1112676056338027	0.3176952559070268	1	bolboceras_sp	train	0.9735372115539537
zophobas_atratus_1	Zophobas_atratus	/home/danilo/Caroline/coletotox_min/00_inputs/toxin/Zophobas_atratus/Zophobas_atratus.fas.pasta.toxin_renomeado.fasta	0	0.001465	96	4	0.0416666666666666	C-x(46)-C-x(0)-C-x(15)-C	46,0,15	1.0999999999999996	-0.1437499999999999	0.1145833333333333	21.961562499999992	OTHER	0	json	93.1818875502008	8.957866393998994	0.9585006693440428	0.923694779116466	0.820615796519411	96.0	0.03125	0.375	0.59375	7280.544175333252	0.4039537599139571	0.2462018345055081	0.3020833333333333	0.7105263157894737	96.0	15.700527552252945	8.729166666666666	419.0	4.0	1.0	A66-A82	1.0	-0.1437499999999999	0.3108429417670683	1	zophobas_atratus	train	0.9827696567454269
eophileurus_sp_1	Eophileurus_sp	/home/danilo/Caroline/coletotox_min/00_inputs/toxin/Eophileurus_sp/GKKC00000000.toxin_renomeado.fasta	0	0.012939	63	3	0.0476190476190476	C-x(10)-C-x(23)-C	10,23	4.0	-0.1682539682539683	0.0793650793650793	14.184126984126982	OTHER	0	json	94.4813043478261	6.435446036599258	0.982608695652174	0.95	0.85	63.0	0.1746031746031746	0.3174603174603174	0.5079365079365079	5020.442428735274	0.4516756609809532	0.2282203331169145	0.2063492063492063	0.7272727272727273	63.0	12.95583276868603	8.920634920634921	281.0	3.0	1.0	A14-A38	1.0	-0.1682539682539683	0.308803878536922	1	eophileurus_sp	train	0.9847709239701729
aphodius_scrutator_3	Aphodius_scrutator	/home/danilo/Caroline/coletotox_min/00_inputs/toxin/Aphodius_scrutator/GKIV00000000.toxin_renomeado.fasta	0	0.005068	75	3	0.04	C-x(8)-C-x(23)-C	8,23	2.1	-0.1306666666666666	0.12	11.744000000000002	OTHER	0	json	88.49561619718308	11.39062237726402	0.9137323943661972	0.8204225352112676	0.6109154929577465	75.0	0.24	0.3066666666666666	0.4533333333333333	5643.519891028765	0.4227960715681595	0.2229560940174864	0.2533333333333333	0.6206896551724138	75.0	13.11986694309224	8.453333333333333	317.0	3.0	1.0	A26-A50	1.0	-0.1306666666666666	0.3043245657276995	1	aphodius_scrutator	train	0.8956257592989176
platycerus_caraboides_1	Platycerus_caraboides	/home/danilo/Caroline/coletotox_min/00_inputs/toxin/Platycerus_caraboides/GKJF00000000.toxin_renomeado.fasta	0	0.015402	74	4	0.054054054054054	C-x(10)-C-x(9)-C-x(22)-C	10,9,22	4.0	-0.1891891891891891	0.1216216216216216	22.65675675675676	OTHER	0	json	93.62450805008946	5.981452405530874	0.9910554561717352	0.9499105545617174	0.8336314847942755	74.0	0.2027027027027027	0.3648648648648648	0.4324324324324324	5804.347591219774	0.4312896049428266	0.2042322755168121	0.1351351351351351	0.8571428571428571	74.0	14.701284014330676	8.81081081081081	326.0	4.0	1.0	A14-A47	1.0	-0.1891891891891891	0.3034652323163951	1	platycerus_caraboides	train	0.9927224027130993
ablabera_sp_2	Ablabera_sp	/home/danilo/Caroline/coletotox_min/00_inputs/toxin/Ablabera_sp/GKKP00000000.toxin_renomeado.fasta	0	0.009362	71	3	0.0422535211267605	C-x(11)-C-x(27)-C	11,27	3.0	-0.1380281690140846	0.1549295774647887	35.24647887323943	OTHER	0	json	88.45223985890652	12.303371260176949	0.8888888888888888	0.8130511463844797	0.6507936507936508	71.0	0.1971830985915492	0.3380281690140845	0.4647887323943662	6190.005409989193	0.4548247837511914	0.2086161064635762	0.1690140845070422	0.78125	71.0	14.572253043511637	8.56338028169014	304.0	3.0	1.0	A15-A43	1.0	-0.1380281690140846	0.302960817745982	1	ablabera_sp	train	0.7398993968030649
dichotomius_satanas_3	Dichotomius_satanas	/home/danilo/Caroline/coletotox_min/00_inputs/toxin/Dichotomius_satanas/Dichotomius_satanas.fas.pasta.toxin_renomeado.fasta	0	0.024947	80	5	0.0625	C-x(8)-C-x(27)-C-x(26)-C-x(1)-C	8,27,26,1	3.1	-0.2037499999999999	0.1124999999999999	24.98375	OTHER	0	json	93.05089141004862	6.994476358494411	0.9821717990275528	0.9254457050243112	0.8087520259319287	80.0	0.1625	0.3125	0.525	6435.182087957048	0.4458397375396432	0.2393716515962289	0.2625	0.6129032258064516	80.0	14.350521460984876	8.3	332.0	5.0	1.0	A23-A51	1.0	-0.2037499999999999	0.3007892828200973	1	dichotomius_satanas	train	0.9874365358183971
amphizoa_insolens_1	Amphizoa_insolens	/home/danilo/Caroline/coletotox_min/00_inputs/toxin/Amphizoa_insolens/Amphizoa_insolens.fas.pasta.toxin_renomeado.fasta	0	0.003883	70	3	0.0428571428571428	C-x(8)-C-x(23)-C	8,23	5.1	-0.1585714285714285	0.0714285714285714	32.05428571428571	OTHER	0	json	88.895390625	9.556865754552437	0.93359375	0.82421875	0.607421875	70.0	0.2142857142857142	0.3142857142857143	0.4714285714285714	5998.58499078875	0.4955637550450074	0.2420932334756118	0.1857142857142857	0.7407407407407407	70.0	15.99412385738294	7.942857142857143	278.0	3.0	1.0	A12-A36	1.0	-0.1585714285714285	0.2988622098214286	1	amphizoa_insolens	train	0.7748186924594633
nicrophorus_orbicollis_2	Nicrophorus_orbicollis	/home/danilo/Caroline/coletotox_min/00_inputs/toxin/Nicrophorus_orbicollis/Nicrophorus_orbicollis.fas.pasta.toxin_renomeado.fasta	0	0.01035	99	6	0.0606060606060606	C-x(3)-C-x(24)-C-x(3)-C-x(9)-C-x(1)-C	3,24,3,9,1	6.0	0.0919191919191918	0.101010101010101	30.836363636363632	OTHER	0	json	53.7771218206158	20.368238711501803	0.323962516733601	0.1619812583668005	0.0	99.0	0.2525252525252525	0.0202020202020202	0.7272727272727273	11209.54168617848	0.625397673447073	0.2094322473583255	0.0606060606060606	0.9761904761904762	99.0	17.32350741466651	6.242424242424242	309.0	6.0	1.0	A40-A69	0.0	0.0919191919191918	0.2956855567725447	0	nicrophorus_orbicollis	train	6.344211110430436e-06
hydroscapha_redfordi_3	Hydroscapha_redfordi	/home/danilo/Caroline/coletotox_min/00_inputs/toxin/Hydroscapha_redfordi/Hydroscapha_redfordi.fas.pasta.toxin_renomeado.fasta	0	0.002512	68	3	0.0441176470588235	C-x(9)-C-x(30)-C	9,30	3.0	-0.2029411764705882	0.1323529411764706	39.95588235294117	OTHER	0	json	92.4502766798419	7.891310521176447	0.9723320158102768	0.9090909090909092	0.7806324110671937	68.0	0.1617647058823529	0.3676470588235294	0.4705882352941176	5549.427188208087	0.4581956814687828	0.2343746151154367	0.2205882352941176	0.75	68.0	13.723748517151725	8.647058823529411	294.0	3.0	1.0	A12-A43	1.0	-0.2029411764705882	0.2951946710067426	1	hydroscapha_redfordi	train	0.9142532726973325
odontotaenius_disjunctus_1	Odontotaenius_disjunctus	/home/danilo/Caroline/coletotox_min/00_inputs/toxin/Odontotaenius_disjunctus/Odontotaenius_disjunctus.fas.pasta.toxin_renomeado.fasta	0	0.000882	70	3	0.0428571428571428	C-x(9)-C-x(32)-C	9,32	1.0	-0.2228571428571429	0.0999999999999999	30.845714285714276	OTHER	0	json	92.62672222222224	7.259204999112216	0.9777777777777776	0.9314814814814816	0.8055555555555556	70.0	0.1571428571428571	0.4428571428571428	0.4	5788.015033597918	0.4496059827663702	0.2312627127162529	0.2142857142857142	0.7307692307692307	70.0	14.051016111902328	8.771428571428572	307.0	3.0	1.0	A12-A45	1.0	-0.2228571428571429	0.2902534444444444	1	odontotaenius_disjunctus	train	0.9353523628102427
triodontella_sp_1	Triodontella_sp	/home/danilo/Caroline/coletotox_min/00_inputs/toxin/Triodontella_sp/GKKL00000000.toxin_renomeado.fasta	0	0.001248	93	2	0.021505376344086	C-x(15)-C	15	1.4000000000000004	-0.1870967741935484	0.1075268817204301	39.36989247311828	OTHER	0	json	90.20136181575432	10.587495812105857	0.918558077436582	0.8237650200267023	0.7049399198931909	93.0	0.032258064516129	0.4946236559139785	0.4731182795698925	6343.679135036891	0.3476382566182323	0.2481049602592097	0.3655913978494624	0.4390243902439024	93.0	13.003155864770653	9.096774193548388	423.0	2.0	1.0	A16-A32	1.0	-0.1870967741935484	0.289004874169143	1	triodontella_sp	train	0.7298967896316586
dorcus_parallelipipedus_1	Dorcus_parallelipipedus	/home/danilo/Caroline/coletotox_min/00_inputs/toxin/Dorcus_parallelipipedus/GKIP00000000.toxin_renomeado.fasta	1	0.99935	67	0	0.0			1.0999999999999996	0.0716417910447762	0.0895522388059701	13.371641791044777	SP(Sec/SPI)	1	json	84.96649224806201	12.22346310554319	0.8546511627906976	0.6996124031007752	0.4186046511627907	67.0	0.2238805970149253	0.2388059701492537	0.5373134328358209	7182.926859933292	0.5748037561117503	0.2070068017891419	0.0895522388059701	0.9285714285714286	67.0	22.23945632547993	6.865671641791045	230.0	0.0	0.0		1.0	0.0716417910447762	0.2878434322573181	1	dorcus_parallelipipedus	train	0.5498403217912331
aphodius_scrutator_5	Aphodius_scrutator	/home/danilo/Caroline/coletotox_min/00_inputs/toxin/Aphodius_scrutator/GKIV00000000.toxin_renomeado.fasta	0	0.081094	81	5	0.0617283950617283	C-x(8)-C-x(27)-C-x(26)-C-x(1)-C	8,27,26,1	3.1999999999999997	-0.2777777777777777	0.1111111111111111	24.091358024691356	OTHER	0	json	91.17691318327977	8.828893015908253	0.954983922829582	0.882636655948553	0.7138263665594855	81.0	0.1728395061728395	0.3333333333333333	0.4938271604938271	6471.910984963689	0.4452257882050467	0.2360647577046243	0.2345679012345679	0.6206896551724138	81.0	14.397660867252265	8.271604938271604	335.0	5.0	1.0	A23-A51	1.0	-0.2777777777777777	0.2783414806875471	1	aphodius_scrutator	train	0.9732620712535027
pleurophorus_caesus_1	Pleurophorus_caesus	/home/danilo/Caroline/coletotox_min/00_inputs/toxin/Pleurophorus_caesus/GKIN00000000.toxin_renomeado.fasta	0	0.004128	66	3	0.0454545454545454	C-x(8)-C-x(28)-C	8,28	1.0	-0.3227272727272727	0.0909090909090909	28.06969696969697	OTHER	0	json	93.94349593495934	7.030518025963529	0.9776422764227642	0.945121951219512	0.8272357723577236	66.0	0.1666666666666666	0.3636363636363636	0.4696969696969697	5233.444360805877	0.4386840312822739	0.226593761634089	0.2424242424242424	0.6521739130434783	66.0	13.2529768136741	8.757575757575758	289.0	3.0	1.0	A12-A41	1.0	-0.3227272727272727	0.2685688100517369	1	pleurophorus_caesus	train	0.9676704960618498
sitophilus_zeamais_1	Sitophilus_zeamais	/home/danilo/Caroline/coletotox_min/00_inputs/toxin/Sitophilus_zeamais/Sitophilus_zeamais.fas.pasta.toxin_renomeado.fasta	0	0.071324	97	2	0.0206185567010309	C-x(70)-C	70	1.0999999999999996	-0.3835051546391753	0.1030927835051546	17.519587628865974	OTHER	0	json	92.3391337579618	8.838331356113143	0.9643312101910828	0.9070063694267516	0.7363057324840764	97.0	0.1649484536082474	0.4329896907216495	0.4020618556701031	6567.207193667157	0.3384518740191424	0.2564111757320652	0.422680412371134	0.4871794871794871	97.0	13.981558522779236	9.360824742268042	454.0	2.0	1.0	A23-A94	1.0	-0.3835051546391753	0.2439566180313875	1	sitophilus_zeamais	train	0.9485145547874588
diphucephala_sp_4	Diphucephala_sp	/home/danilo/Caroline/coletotox_min/00_inputs/toxin/Diphucephala_sp/Diphucephala_sp.fas.pasta.toxin_renomeado.fasta	0	0.0012	83	2	0.0240963855421686	C-x(11)-C	11	2.1	-0.410843373493976	0.144578313253012	38.21566265060241	OTHER	0	json	92.9445428156749	7.725891823710655	0.9753265602322206	0.9172714078374457	0.7851959361393324	83.0	0.3734939759036144	0.1325301204819277	0.4939759036144578	7081.092151722476	0.4202330865916105	0.2572325691236435	0.2771084337349397	0.6	83.0	15.511103662211074	8.19277108433735	340.0	2.0	1.0	A23-A35	1.0	-0.410843373493976	0.2392023386433979	1	diphucephala_sp	train	0.8831373822440987
spercheus_emarginatus_1	Spercheus_emarginatus	/home/danilo/Caroline/coletotox_min/00_inputs/toxin/Spercheus_emarginatus/GDMT00000000.toxin_renomeado.fasta	0	0.017039	83	4	0.0481927710843373	C-x(17)-C-x(20)-C-x(14)-C	17,20,14	2.0	-0.3783132530120481	0.2048192771084337	36.60975903614456	OTHER	0	json	79.04486646884274	20.777687674543184	0.7774480712166172	0.7032640949554896	0.4451038575667655	83.0	0.0481927710843373	0.3614457831325301	0.5903614457831325	8313.691193993049	0.5248354851619372	0.2148611760597848	0.1204819277108433	0.96875	83.0	17.492232202139263	7.132530120481928	296.0	4.0	1.0	A50-A65	1.0	-0.3783132530120481	0.2255596124557577	0	spercheus_emarginatus	train	0.2056324828624319
leptinotarsa_decemlineata_2	Leptinotarsa_decemlineata	/home/danilo/Caroline/coletotox_min/00_inputs/toxin/Leptinotarsa_decemlineata/Leptinotarsa_decemlineata.fas.pasta.toxin_renomeado.fasta	0	0.002712	92	0	0.0			1.1999999999999993	0.333695652173913	0.1195652173913043	33.92945652173912	OTHER	0	json	69.46279770444764	15.032321334787408	0.5351506456241033	0.2596843615494978	0.0645624103299856	92.0	0.0760869565217391	0.1630434782608695	0.7608695652173914	9969.557342693612	0.6160513827804897	0.2073222271923009	0.0543478260869565	0.9318181818181818	92.0	22.978311580175216	6.108695652173913	281.0	0.0	0.0		0.0	0.333695652173913	0.2223495084523735	0	leptinotarsa_decemlineata	train	4.328855411726719e-05
iclg00000000_1	Zophobas_atratus	/home/danilo/Caroline/coletotox_min/00_inputs/toxin/Zophobas_atratus/ICLG00000000/ICLG00000000.toxin_renomeado.fasta	1	0.999768	77	10	0.1298701298701298	C-x(8)-C-x(3)-C-x(3)-C-x(8)-C-x(3)-C-x(3)-C-x(1)-C-x(11)-C-x(5)-C	8,3,3,8,3,3,1,11,5	4.3	0.3571428571428572	0.0259740259740259	34.92467532467532	SP(Sec/SPI)	1																								0.3571428571428572	0.2217532467532467	0	iclg00000000	train	0.25114067124466866
gjbk00000000_1	Catharsius_molossus	/home/danilo/Caroline/coletotox_min/00_inputs/toxin/Catharsius_molossus/GJBK00000000/GJBK00000000.toxin_renomeado.fasta	1	0.99988	91	12	0.1318681318681318	C-x(9)-C-x(2)-C-x(1)-C-x(6)-C-x(4)-C-x(7)-C-x(9)-C-x(2)-C-x(1)-C-x(8)-C-x(4)-C	9,2,1,6,4,7,9,2,1,8,4	1.0999999999999996	0.3417582417582419	0.0989010989010989	29.694615384615386	SP(Sec/SPI)	1																								0.3417582417582419	0.2184065934065934	0	gjbk00000000	train	0.20930690318705
lepiserica_sp_2	Lepiserica_sp	/home/danilo/Caroline/coletotox_min/00_inputs/toxin/Lepiserica_sp/GKKQ00000000.toxin_renomeado.fasta	0	0.146655	96	3	0.03125	C-x(40)-C-x(14)-C	40,14	2.1	0.2020833333333333	0.15625	26.402083333333323	OTHER	0	json	78.78375796178344	13.3587086990855	0.6968152866242038	0.5095541401273885	0.2840764331210191	96.0	0.65625	0.0833333333333333	0.2604166666666667	9624.605454436858	0.5189075187270649	0.1874463012423915	0.0833333333333333	0.9019607843137256	96.0	32.78057860394105	7.458333333333333	358.0	3.0	0.0		1.0	0.2020833333333333	0.2159008492569002	0	lepiserica_sp	train	0.006437492144123143
triodontella_sp_3	Triodontella_sp	/home/danilo/Caroline/coletotox_min/00_inputs/toxin/Triodontella_sp/GKKL00000000.toxin_renomeado.fasta	0	0.001308	78	0	0.0			1.0999999999999996	0.2961538461538462	0.1025641025641025	17.617948717948725	OTHER	0	json	70.46367986798681	14.881186845716286	0.5478547854785478	0.3085808580858086	0.0726072607260726	78.0	0.0	0.2435897435897435	0.7564102564102564	9175.725552553868	0.6477985832011056	0.200729419682273	0.0256410256410256	0.972972972972973	78.0	20.589947564596983	5.358974358974359	209.0	0.0	0.0		1.0	0.2961538461538462	0.2149658212744352	0	triodontella_sp	train	0.0002755900969947775
gkjh00000000_1	Anomala_sp	/home/danilo/Caroline/coletotox_min/00_inputs/toxin/Anomala_sp/GKJH00000000/GKJH00000000.toxin_renomeado.fasta	1	0.99989	79	10	0.1265822784810126	C-x(8)-C-x(3)-C-x(3)-C-x(9)-C-x(3)-C-x(3)-C-x(1)-C-x(11)-C-x(5)-C	8,3,3,9,3,3,1,11,5	4.2	0.2987341772151901	0.0759493670886076	31.086075949367093	SP(Sec/SPI)	1																								0.2987341772151901	0.2063291139240506	0	gkjh00000000	train	0.28873559225531287
gdnw00000000_1	Cucujus_clavipes	/home/danilo/Caroline/coletotox_min/00_inputs/toxin/Cucujus_clavipes/GDNW00000000/GDNW00000000.toxin_renomeado.fasta	1	0.992596	93	7	0.075268817204301	C-x(9)-C-x(10)-C-x(15)-C-x(7)-C-x(12)-C-x(7)-C	9,10,15,7,12,7	2.0	0.2935483870967742	0.0967741935483871	31.13763440860215	SP(Sec/SPI)	1																								0.2935483870967742	0.1922043010752688	0	gdnw00000000	train	0.3001839717426425
acalymma_vittatum_3	Acalymma_vittatum	/home/danilo/Caroline/coletotox_min/00_inputs/toxin/Acalymma_vittatum/Acalymma_vittatum.fas.pasta.toxin_renomeado.fasta	1	0.966734	86	2	0.0232558139534883	C-x(27)-C	27	2.3000000000000007	-0.3360465116279068	0.127906976744186	34.70348837209302	SP(Sec/SPI)	1	json	82.5293117977528	15.204303055661583	0.7921348314606742	0.5926966292134831	0.4367977528089887	86.0	0.313953488372093	0.0930232558139534	0.5930232558139535	9219.181714396533	0.5532100632423452	0.2255559193525673	0.1046511627906976	0.8235294117647058	86.0	27.14963076221743	6.534883720930233	281.0	2.0	0.0		1.0	-0.3360465116279068	0.186860949176901	1	acalymma_vittatum	train	0.10222863583200015
amphimallon_solstitiale_2	Amphimallon_solstitiale	/home/danilo/Caroline/coletotox_min/00_inputs/toxin/Amphimallon_solstitiale/GKIQ00000000.toxin_renomeado.fasta	0	0.045322	81	3	0.037037037037037	C-x(39)-C-x(11)-C	39,11	3.1	-0.037037037037037	0.0864197530864197	29.338271604938274	OTHER	0	json	93.4156507936508	7.356170100311819	0.9793650793650792	0.9333333333333332	0.7968253968253968	81.0	0.4814814814814814	0.0246913580246913	0.4938271604938271	6828.117602384848	0.4638748014699486	0.2456923371274626	0.2469135802469135	0.6875	81.0	15.356553450827658	7.654320987654321	310.0	3.0	0.0		1.0	-0.037037037037037	0.1868313015873016	1	amphimallon_solstitiale	train	0.9507350396532728
hygrobia_nigra_1	Hygrobia_nigra	/home/danilo/Caroline/coletotox_min/00_inputs/toxin/Hygrobia_nigra/Hygrobia_nigra.fas.pasta.toxin_renomeado.fasta	0	0.093062	93	0	0.0			1.2999999999999998	0.1849462365591399	0.1505376344086021	27.86236559139785	OTHER	0	json	70.15039242219216	21.23615997878103	0.6603518267929634	0.4925575101488498	0.115020297699594	93.0	0.5806451612903226	0.0	0.4193548387096774	7941.2470478103805	0.4528932591114635	0.2353064364298274	0.2258064516129032	0.7906976744186046	93.0	14.974180455597551	7.978494623655914	371.0	0.0	0.0		1.0	0.1849462365591399	0.1865373439841693	0	hygrobia_nigra	train	0.0007972220634103104
ghmd00000000_4	Onthophagus_curvicornis	/home/danilo/Caroline/coletotox_min/00_inputs/toxin/Onthophagus_curvicornis/GHMD00000000/GHMD00000000.toxin_renomeado.fasta	1	0.999932	76	10	0.131578947368421	C-x(8)-C-x(3)-C-x(3)-C-x(6)-C-x(3)-C-x(3)-C-x(1)-C-x(11)-C-x(5)-C	8,3,3,6,3,3,1,11,5	6.0	0.1986842105263157	0.1052631578947368	23.089605263157893	SP(Sec/SPI)	1																								0.1986842105263157	0.1825657894736842	0	ghmd00000000	train	0.40324768778213826
acalymma_vittatum_1	Acalymma_vittatum	/home/danilo/Caroline/coletotox_min/00_inputs/toxin/Acalymma_vittatum/Acalymma_vittatum.fas.pasta.toxin_renomeado.fasta	0	0.001338	95	1	0.0105263157894736			1.0	0.0010526315789472	0.0947368421052631	19.98	OTHER	0	json	88.8596065128901	15.309511289960689	0.9199457259158752	0.8683853459972863	0.7313432835820896	95.0	0.3684210526315789	0.0947368421052631	0.5368421052631579	7283.923416215404	0.4028561330980286	0.2459984647192535	0.2947368421052631	0.6744186046511628	95.0	14.252683999965791	8.25263157894737	392.0	1.0	0.0		1.0	0.0010526315789472	0.1806139498678854	1	acalymma_vittatum	train	0.7941447625153787
srr19974962_1	Sitophilus_oryzae	/home/danilo/Caroline/coletotox_min/00_inputs/toxin/Sitophilus_oryzae/SRR19974962/SRR19974962.toxin_renomeado.fasta	1	0.996533	93	8	0.086021505376344	C-x(2)-C-x(13)-C-x(10)-C-x(15)-C-x(7)-C-x(12)-C-x(7)-C	2,13,10,15,7,12,7	2.1999999999999997	0.2268817204301076	0.086021505376344	36.03978494623656	SP(Sec/SPI)	1																								0.2268817204301076	0.1782258064516129	0	srr19974962	train	0.24859853151716327
srr1562204_6	Migdolus_fryanus	/home/danilo/Caroline/coletotox_min/00_inputs/toxin/Migdolus_fryanus/SRR1562204/SRR1562204.toxin_renomeado.fasta	1	0.998269	86	8	0.0930232558139534	C-x(14)-C-x(11)-C-x(8)-C-x(15)-C-x(7)-C-x(12)-C-x(3)-C	14,11,8,15,7,12,3	3.1	0.2197674418604653	0.1046511627906976	35.194186046511625	SP(Sec/SPI)	1																								0.2197674418604653	0.1781976744186047	0	srr1562204	train	0.27921718056256256
srr1562205_2	Migdolus_fryanus	/home/danilo/Caroline/coletotox_min/00_inputs/toxin/Migdolus_fryanus/SRR1562205/SRR1562205.toxin_renomeado.fasta	1	0.998269	86	8	0.0930232558139534	C-x(14)-C-x(11)-C-x(8)-C-x(15)-C-x(7)-C-x(12)-C-x(3)-C	14,11,8,15,7,12,3	6.1	0.2000000000000002	0.1046511627906976	18.45	SP(Sec/SPI)	1																								0.2000000000000002	0.1732558139534884	0	srr1562205	train	0.46908053977704517
dichotomius_satanas_7	Dichotomius_satanas	/home/danilo/Caroline/coletotox_min/00_inputs/toxin/Dichotomius_satanas/Dichotomius_satanas.fas.pasta.toxin_renomeado.fasta	0	0.000969	97	0	0.0			3.1999999999999997	-0.0515463917525773	0.11340206185567	23.002061855670107	OTHER	0	json	91.8315923566879	7.029405236145824	0.975796178343949	0.932484076433121	0.778343949044586	97.0	0.4432989690721649	0.1030927835051546	0.4536082474226804	7950.486731273058	0.4156569115728232	0.236598087437968	0.2783505154639175	0.6122448979591837	97.0	15.431133163006582	7.979381443298969	387.0	0.0	0.0		1.0	-0.0515463917525773	0.1707765867752315	1	dichotomius_satanas	train	0.9191313655845472
ggmu00000000_1	Serangium_japonicum	/home/danilo/Caroline/coletotox_min/00_inputs/toxin/Serangium_japonicum/GGMU00000000/GGMU00000000.toxin_renomeado.fasta	1	0.990997	66	2	0.0303030303030303	C-x(23)-C	23	3.0	0.2303030303030305	0.1363636363636363	22.225757575757573	SP(Sec/SPI)	1																								0.2303030303030305	0.1651515151515152	0	ggmu00000000	train	0.5490900067243465
ghxo00000000_6	Acalymma_vittatum	/home/danilo/Caroline/coletotox_min/00_inputs/toxin/Acalymma_vittatum/GHXO00000000/GHXO00000000.toxin_renomeado.fasta	1	0.99581	94	8	0.0851063829787234	C-x(3)-C-x(40)-C-x(12)-C-x(3)-C-x(9)-C-x(5)-C-x(1)-C	3,40,12,3,9,5,1	2.4000000000000004	0.1606382978723404	0.0851063829787234	29.030851063829772	SP(Sec/SPI)	1																								0.1606382978723404	0.1614361702127659	0	ghxo00000000	train	0.30745376543659414
carabus_violaceus_2	Carabus_violaceus	/home/danilo/Caroline/coletotox_min/00_inputs/toxin/Carabus_violaceus/Carabus_violaceus.fas.pasta.toxin_renomeado.fasta	0	0.007956	58	3	0.0517241379310344	C-x(39)-C-x(11)-C	39,11	1.0999999999999996	-0.1637931034482758	0.1034482758620689	27.958620689655177	OTHER	0	json	92.3236422413793	7.26479550709721	0.978448275862069	0.918103448275862	0.7435344827586207	58.0	0.4310344827586206	0.0344827586206896	0.5344827586206896	5221.961347526189	0.4734381554645526	0.254875916742722	0.2586206896551724	0.75	58.0	13.768437834370676	7.413793103448276	215.0	3.0	0.0		1.0	-0.1637931034482758	0.1566300431034482	1	carabus_violaceus	train	0.9408086258659829
gjbk00000000_2	Catharsius_molossus	/home/danilo/Caroline/coletotox_min/00_inputs/toxin/Catharsius_molossus/GJBK00000000/GJBK00000000.toxin_renomeado.fasta	1	0.999848	92	12	0.1304347826086956	C-x(9)-C-x(2)-C-x(1)-C-x(6)-C-x(4)-C-x(8)-C-x(9)-C-x(2)-C-x(1)-C-x(8)-C-x(4)-C	9,2,1,6,4,8,9,2,1,8,4	4.199999999999999	0.0630434782608696	0.0652173913043478	39.66304347826087	SP(Sec/SPI)	1																								0.0630434782608696	0.1483695652173913	0	gjbk00000000	train	0.1870771888991435
gdmj00000000_1	Hydroscapha_redfordi	/home/danilo/Caroline/coletotox_min/00_inputs/toxin/Hydroscapha_redfordi/GDMJ00000000/GDMJ00000000.toxin_renomeado.fasta	1	0.997381	94	9	0.0957446808510638	C-x(5)-C-x(2)-C-x(38)-C-x(12)-C-x(3)-C-x(9)-C-x(5)-C-x(1)-C	5,2,38,12,3,9,5,1	2.1999999999999997	0.0968085106382978	0.1276595744680851	33.54574468085105	SP(Sec/SPI)	1																								0.0968085106382978	0.1481382978723404	0	gdmj00000000	train	0.26352543352014435
acalymma_vittatum_2	Acalymma_vittatum	/home/danilo/Caroline/coletotox_min/00_inputs/toxin/Acalymma_vittatum/Acalymma_vittatum.fas.pasta.toxin_renomeado.fasta	0	0.001603	96	1	0.0104166666666666			2.1	-0.1031249999999999	0.09375	28.7625	OTHER	0	json	85.36921195652175	14.10506088556548	0.8695652173913043	0.7540760869565217	0.4877717391304347	96.0	0.46875	0.1354166666666666	0.3958333333333333	7901.119720020238	0.4334383227507962	0.2356525727231549	0.25	0.627906976744186	96.0	18.182232278043823	8.854166666666666	425.0	1.0	0.0		1.0	-0.1031249999999999	0.1475613405797101	1	acalymma_vittatum	train	0.31427959318216453
ghmd00000000_5	Onthophagus_curvicornis	/home/danilo/Caroline/coletotox_min/00_inputs/toxin/Onthophagus_curvicornis/GHMD00000000/GHMD00000000.toxin_renomeado.fasta	1	0.999906	76	10	0.131578947368421	C-x(8)-C-x(3)-C-x(3)-C-x(7)-C-x(3)-C-x(3)-C-x(1)-C-x(11)-C-x(5)-C	8,3,3,7,3,3,1,11,5	2.1	0.0342105263157894	0.1052631578947368	25.010657894736845	SP(Sec/SPI)	1																								0.0342105263157894	0.1414473684210526	0	ghmd00000000	train	0.3446137098097106
gdlg00000000_1	Byturus_ochraceus	/home/danilo/Caroline/coletotox_min/00_inputs/toxin/Byturus_ochraceus/GDLG00000000/GDLG00000000.toxin_renomeado.fasta	1	0.99922	90	11	0.1222222222222222	C-x(15)-C-x(8)-C-x(3)-C-x(3)-C-x(7)-C-x(3)-C-x(3)-C-x(1)-C-x(12)-C-x(5)-C	15,8,3,3,7,3,3,1,12,5	6.0	0.0422222222222222	0.0888888888888888	39.703333333333305	SP(Sec/SPI)	1																								0.0422222222222222	0.1411111111111111	0	gdlg00000000	train	0.22865571771281024
gkjj00000000_1	Astenopholis_sp	/home/danilo/Caroline/coletotox_min/00_inputs/toxin/Astenopholis_sp/GKJJ00000000/GKJJ00000000.toxin_renomeado.fasta	1	0.999721	82	10	0.1219512195121951	C-x(8)-C-x(3)-C-x(3)-C-x(7)-C-x(3)-C-x(3)-C-x(1)-C-x(12)-C-x(5)-C	8,3,3,7,3,3,1,12,5	5.0	0.0341463414634146	0.1341463414634146	37.57682926829267	SP(Sec/SPI)	1																								0.0341463414634146	0.1390243902439024	0	gkjj00000000	train	0.2732684702799785
aphodius_scrutator_4	Aphodius_scrutator	/home/danilo/Caroline/coletotox_min/00_inputs/toxin/Aphodius_scrutator/GKIV00000000.toxin_renomeado.fasta	0	0.008032	87	2	0.0229885057471264	C-x(79)-C	79	1.0999999999999996	-0.1574712643678161	0.1149425287356321	35.158620689655166	OTHER	0	json	86.00465753424658	13.25833591193275	0.8873668188736682	0.8006088280060882	0.5601217656012176	87.0	0.2068965517241379	0.0689655172413793	0.7241379310344828	6476.771181319396	0.4135623401544092	0.2478242696268328	0.3218390804597701	0.6756756756756757	87.0	14.204992912710372	8.022988505747126	349.0	2.0	0.0		1.0	-0.1574712643678161	0.1383886254133207	1	aphodius_scrutator	train	0.6960487331589195
srr3521424_2	Photinus_pyralis	/home/danilo/Caroline/coletotox_min/00_inputs/toxin/Photinus_pyralis/SRR3521424/SRR3521424.toxin_renomeado.fasta	1	0.993141	87	8	0.0919540229885057	C-x(2)-C-x(14)-C-x(8)-C-x(15)-C-x(7)-C-x(12)-C-x(3)-C	2,14,8,15,7,12,3	4.1	0.0597701149425287	0.1149425287356321	29.635747126436783	SP(Sec/SPI)	1																								0.0597701149425287	0.1379310344827586	0	srr3521424	train	0.35014823296188585
leptinotarsa_decemlineata_1	Leptinotarsa_decemlineata	/home/danilo/Caroline/coletotox_min/00_inputs/toxin/Leptinotarsa_decemlineata/Leptinotarsa_decemlineata.fas.pasta.toxin_renomeado.fasta	0	0.002676	74	2	0.027027027027027	C-x(27)-C	27	2.0	-0.0864864864864865	0.1081081081081081	35.39999999999999	OTHER	0	json	75.75105621805791	20.447915491497803	0.7086882453151618	0.6149914821124361	0.3560477001703577	74.0	0.1486486486486486	0.2702702702702703	0.581081081081081	8066.889617256695	0.5799094682749409	0.2328734575414073	0.054054054054054	1.0	74.0	16.989197975464442	6.486486486486487	240.0	2.0	0.0		1.0	-0.0864864864864865	0.1366372475712509	0	leptinotarsa_decemlineata	train	0.012233443637233244
hydrochus_megaphallus_1	Hydrochus_megaphallus	/home/danilo/Caroline/coletotox_min/00_inputs/toxin/Hydrochus_megaphallus/Hydrochus_megaphallus.fas.pasta.toxin_renomeado.fasta	0	0.005481	85	3	0.0352941176470588	C-x(39)-C-x(11)-C	39,11	4.199999999999999	-0.2576470588235294	0.0941176470588235	39.67529411764705	OTHER	0	json	91.68122541603633	9.422415487917553	0.9515885022692888	0.8653555219364599	0.7488653555219364	85.0	0.4588235294117647	0.0235294117647058	0.5176470588235295	7330.694863408195	0.4731071519112945	0.2489165550090414	0.188235294117647	0.7419354838709677	85.0	15.700431631313522	7.552941176470588	321.0	3.0	0.0		1.0	-0.2576470588235294	0.1277742155379549	1	hydrochus_megaphallus	train	0.8347491473739683
hoplia_philanthus_2	Hoplia_philanthus	/home/danilo/Caroline/coletotox_min/00_inputs/toxin/Hoplia_philanthus/GKJE00000000.toxin_renomeado.fasta	0	0.033942	66	3	0.0454545454545454	C-x(39)-C-x(11)-C	39,11	4.1	-0.2939393939393939	0.1515151515151515	28.946969696969692	OTHER	0	json	94.55191094619668	6.361395328281498	0.9907235621521336	0.9461966604823748	0.8441558441558441	66.0	0.5151515151515151	0.0303030303030303	0.4545454545454545	5883.119285244876	0.4640449002054653	0.2367480221215777	0.2121212121212121	0.8076923076923077	66.0	13.590215203073136	7.666666666666667	253.0	3.0	0.0		1.0	-0.2939393939393939	0.1269826097711812	1	hoplia_philanthus	train	0.9694965239373381
gkjh00000000_2	Anomala_sp	/home/danilo/Caroline/coletotox_min/00_inputs/toxin/Anomala_sp/GKJH00000000/GKJH00000000.toxin_renomeado.fasta	1	0.999764	91	6	0.0659340659340659	C-x(3)-C-x(7)-C-x(14)-C-x(6)-C-x(13)-C	3,7,14,6,13	5.1	0.0373626373626372	0.0439560439560439	26.3032967032967	SP(Sec/SPI)	1																								0.0373626373626372	0.1258241758241758	0	gkjh00000000	train	0.4176985309580819
gkjr00000000_1	Ocypus_brunnipes	/home/danilo/Caroline/coletotox_min/00_inputs/toxin/Ocypus_brunnipes/GKJR00000000/GKJR00000000.toxin_renomeado.fasta	1	0.999719	91	12	0.1318681318681318	C-x(9)-C-x(2)-C-x(1)-C-x(6)-C-x(4)-C-x(7)-C-x(9)-C-x(2)-C-x(1)-C-x(8)-C-x(4)-C	9,2,1,6,4,7,9,2,1,8,4	2.1	-0.0307692307692307	0.0769230769230769	35.08351648351648	SP(Sec/SPI)	1																								-0.0307692307692307	0.1252747252747252	0	gkjr00000000	train	0.20305510307372296
srr2083703_1	Ocypus_brunnipes	/home/danilo/Caroline/coletotox_min/00_inputs/toxin/Ocypus_brunnipes/SRR2083703/SRR2083703.toxin_renomeado.fasta	1	0.999719	91	12	0.1318681318681318	C-x(9)-C-x(2)-C-x(1)-C-x(6)-C-x(4)-C-x(7)-C-x(9)-C-x(2)-C-x(1)-C-x(8)-C-x(4)-C	9,2,1,6,4,7,9,2,1,8,4	2.1	-0.0307692307692307	0.0769230769230769	35.08351648351648	SP(Sec/SPI)	1																								-0.0307692307692307	0.1252747252747252	0	srr2083703	train	0.20305510307372296
gdpu00000000_2	Macrosiagon_limbatum	/home/danilo/Caroline/coletotox_min/00_inputs/toxin/Macrosiagon_limbatum/GDPU00000000/GDPU00000000.toxin_renomeado.fasta	1	0.999777	81	10	0.1234567901234567	C-x(8)-C-x(3)-C-x(3)-C-x(6)-C-x(6)-C-x(3)-C-x(1)-C-x(11)-C-x(5)-C	8,3,3,6,6,3,1,11,5	2.1	-0.0283950617283951	0.074074074074074	31.859259259259243	SP(Sec/SPI)	1																								-0.0283950617283951	0.1237654320987654	0	gdpu00000000	train	0.27568974335639335
dichotomius_satanas_6	Dichotomius_satanas	/home/danilo/Caroline/coletotox_min/00_inputs/toxin/Dichotomius_satanas/Dichotomius_satanas.fas.pasta.toxin_renomeado.fasta	0	0.000875	90	3	0.0333333333333333	C-x(0)-C-x(16)-C	0,16	1.5	-0.1922222222222222	0.0333333333333333	23.49333333333333	OTHER	0	json	77.98901146131806	17.183219392155586	0.7349570200573066	0.6432664756446992	0.2851002865329513	90.0	0.4	0.2111111111111111	0.3888888888888889	7874.227671881373	0.4653606908220975	0.2464045225117334	0.2333333333333333	0.696969696969697	90.0	14.260512817723088	7.444444444444445	335.0	3.0	0.0		1.0	-0.1922222222222222	0.1162558007004139	0	dichotomius_satanas	train	0.0201502296769835
gdmi00000000_1	Byrrhus_pilula	/home/danilo/Caroline/coletotox_min/00_inputs/toxin/Byrrhus_pilula/GDMI00000000/GDMI00000000.toxin_renomeado.fasta	1	0.99786	89	8	0.0898876404494382	C-x(2)-C-x(12)-C-x(8)-C-x(15)-C-x(7)-C-x(12)-C-x(3)-C	2,12,8,15,7,12,3	3.1999999999999997	-0.0314606741573035	0.0786516853932584	38.92696629213484	SP(Sec/SPI)	1																								-0.0314606741573035	0.1146067415730336	0	gdmi00000000	train	0.25999935882587355
gaco00000000_1	Priacma_serrata	/home/danilo/Caroline/coletotox_min/00_inputs/toxin/Priacma_serrata/GACO00000000/GACO00000000.toxin_renomeado.fasta	1	0.997532	92	8	0.0869565217391304	C-x(5)-C-x(11)-C-x(11)-C-x(15)-C-x(7)-C-x(12)-C-x(3)-C	5,11,11,15,7,12,3	1.0	-0.0391304347826087	0.1413043478260869	36.471847826086936	SP(Sec/SPI)	1																								-0.0391304347826087	0.1119565217391304	0	gaco00000000	train	0.2614588024058186
ghma00000000_3	Dichotomius_satanas	/home/danilo/Caroline/coletotox_min/00_inputs/toxin/Dichotomius_satanas/GHMA00000000/GHMA00000000.toxin_renomeado.fasta	1	0.93163	81	4	0.0493827160493827	C-x(19)-C-x(9)-C-x(23)-C	19,9,23	1.3000000000000007	-0.0037037037037037	0.0864197530864197	24.19506172839506	SP(Sec/SPI)	1																								-0.0037037037037037	0.1114197530864197	0	ghma00000000	train	0.4525752691310545
gfuj00000000_1	Batrachomatus_nannup	/home/danilo/Caroline/coletotox_min/00_inputs/toxin/Batrachomatus_nannup/GFUJ00000000/GFUJ00000000.toxin_renomeado.fasta	1	0.999355	92	6	0.0652173913043478	C-x(8)-C-x(15)-C-x(7)-C-x(12)-C-x(3)-C	8,15,7,12,3	5.4	-0.0228260869565216	0.0978260869565217	37.77065217391304	SP(Sec/SPI)	1																								-0.0228260869565216	0.1105978260869565	0	gfuj00000000	train	0.3364139564002317
gdpu00000000_1	Macrosiagon_limbatum	/home/danilo/Caroline/coletotox_min/00_inputs/toxin/Macrosiagon_limbatum/GDPU00000000/GDPU00000000.toxin_renomeado.fasta	1	0.999499	87	7	0.0804597701149425	C-x(13)-C-x(8)-C-x(15)-C-x(7)-C-x(12)-C-x(3)-C	13,8,15,7,12,3	7.1	-0.0448275862068965	0.0804597701149425	39.90344827586206	SP(Sec/SPI)	1																								-0.0448275862068965	0.1089080459770115	0	gdpu00000000	train	0.3244414632651909
srr1562204_2	Migdolus_fryanus	/home/danilo/Caroline/coletotox_min/00_inputs/toxin/Migdolus_fryanus/SRR1562204/SRR1562204.toxin_renomeado.fasta	1	0.995613	90	6	0.0666666666666666	C-x(13)-C-x(15)-C-x(7)-C-x(12)-C-x(7)-C	13,15,7,12,7	1.0999999999999996	-0.0311111111111109	0.1222222222222222	32.3711111111111	SP(Sec/SPI)	1																								-0.0311111111111109	0.1088888888888889	0	srr1562204	train	0.3331622029107906
srr1562205_4	Migdolus_fryanus	/home/danilo/Caroline/coletotox_min/00_inputs/toxin/Migdolus_fryanus/SRR1562205/SRR1562205.toxin_renomeado.fasta	1	0.995573	90	6	0.0666666666666666	C-x(13)-C-x(15)-C-x(7)-C-x(12)-C-x(7)-C	13,15,7,12,7	2.1	-0.0311111111111109	0.1222222222222222	32.3711111111111	SP(Sec/SPI)	1																								-0.0311111111111109	0.1088888888888889	0	srr1562205	train	0.3466727457771722
ghma00000000_1	Dichotomius_satanas	/home/danilo/Caroline/coletotox_min/00_inputs/toxin/Dichotomius_satanas/GHMA00000000/GHMA00000000.toxin_renomeado.fasta	1	0.99991	88	12	0.1363636363636363	C-x(9)-C-x(2)-C-x(1)-C-x(6)-C-x(4)-C-x(8)-C-x(9)-C-x(2)-C-x(1)-C-x(8)-C-x(4)-C	9,2,1,6,4,8,9,2,1,8,4	4.0	-0.1090909090909089	0.0681818181818181	33.17045454545454	SP(Sec/SPI)	1																								-0.1090909090909089	0.1068181818181818	0	ghma00000000	train	0.24365614872211197
aphodius_scrutator_1	Aphodius_scrutator	/home/danilo/Caroline/coletotox_min/00_inputs/toxin/Aphodius_scrutator/GKIV00000000.toxin_renomeado.fasta	0	0.021679	66	3	0.0454545454545454	C-x(39)-C-x(11)-C	39,11	4.300000000000001	-0.3787878787878788	0.1212121212121212	34.39545454545455	OTHER	0	json	94.09542056074768	6.345256802411485	0.9869158878504672	0.9420560747663552	0.8392523364485981	66.0	0.5	0.0303030303030303	0.4696969696969697	5823.056365534103	0.4601236505466773	0.247902679236921	0.2575757575757575	0.7692307692307693	66.0	13.56044985681154	7.666666666666667	253.0	3.0	0.0		1.0	-0.3787878787878788	0.104857507788162	1	aphodius_scrutator	train	0.9497977882350332
gjvn00000000_1	Brassicogethes_aeneus	/home/danilo/Caroline/coletotox_min/00_inputs/toxin/Brassicogethes_aeneus/GJVN00000000/GJVN00000000.toxin_renomeado.fasta	1	0.999149	81	7	0.0864197530864197	C-x(16)-C-x(8)-C-x(15)-C-x(7)-C-x(12)-C-x(7)-C	16,8,15,7,12,7	3.1	-0.0679012345679012	0.1358024691358024	31.258024691358028	SP(Sec/SPI)	1																								-0.0679012345679012	0.1046296296296296	0	gjvn00000000	train	0.3686527285167139
ggkk00000000_1	Sitophilus_oryzae	/home/danilo/Caroline/coletotox_min/00_inputs/toxin/Sitophilus_oryzae/GGKK00000000/GGKK00000000.toxin_renomeado.fasta	1	0.997851	90	7	0.0777777777777777	C-x(20)-C-x(10)-C-x(15)-C-x(7)-C-x(12)-C-x(7)-C	20,10,15,7,12,7	3.1999999999999997	-0.0733333333333332	0.1111111111111111	24.64333333333333	SP(Sec/SPI)	1																								-0.0733333333333332	0.1011111111111111	0	ggkk00000000	train	0.4095544845816336
hbua00000000_1	Diabrotica_virgifera	/home/danilo/Caroline/coletotox_min/00_inputs/toxin/Diabrotica_virgifera/HBUA00000000/HBUA00000000.toxin_renomeado.fasta	1	0.999729	96	12	0.125	C-x(20)-C-x(8)-C-x(3)-C-x(3)-C-x(6)-C-x(6)-C-x(3)-C-x(1)-C-x(12)-C-x(5)-C-x(3)-C	20,8,3,3,6,6,3,1,12,5,3	7.0	-0.1302083333333334	0.09375	34.61041666666667	SP(Sec/SPI)	1																								-0.1302083333333334	0.0986979166666666	0	hbua00000000	train	0.25968731419365043
gdof00000000_2	Alurnus_ornatus	/home/danilo/Caroline/coletotox_min/00_inputs/toxin/Alurnus_ornatus/GDOF00000000/GDOF00000000.toxin_renomeado.fasta	1	0.999607	90	6	0.0666666666666666	C-x(3)-C-x(7)-C-x(15)-C-x(6)-C-x(13)-C	3,7,15,6,13	5.0	-0.0777777777777778	0.1	38.29888888888888	SP(Sec/SPI)	1																								-0.0777777777777778	0.0972222222222222	0	gdof00000000	train	0.3338179195119785
gkjo00000000_1	Helophorus_nanus	/home/danilo/Caroline/coletotox_min/00_inputs/toxin/Helophorus_nanus/GKJO00000000/GKJO00000000.toxin_renomeado.fasta	1	0.999161	86	7	0.0813953488372093	C-x(23)-C-x(8)-C-x(15)-C-x(7)-C-x(12)-C-x(3)-C	23,8,15,7,12,3	1.0	-0.0976744186046511	0.0930232558139534	34.267441860465105	SP(Sec/SPI)	1																								-0.0976744186046511	0.0959302325581395	0	gkjo00000000	train	0.29977761962162064
triodontella_sp_2	Triodontella_sp	/home/danilo/Caroline/coletotox_min/00_inputs/toxin/Triodontella_sp/GKKL00000000.toxin_renomeado.fasta	0	0.001006	96	1	0.0104166666666666			5.0	-0.3791666666666667	0.0833333333333333	20.83333333333333	OTHER	0	json	92.48144501278772	8.325994765351115	0.9641943734015346	0.9143222506393862	0.7736572890025576	96.0	0.5520833333333334	0.0833333333333333	0.3645833333333333	7218.863127513551	0.3864185950622051	0.2207413282999421	0.3020833333333333	0.5128205128205128	96.0	15.501484760529376	7.9375	381.0	1.0	0.0		1.0	-0.3791666666666667	0.0927753900255754	1	triodontella_sp	train	0.945840763455297
carabus_violaceus_1	Carabus_violaceus	/home/danilo/Caroline/coletotox_min/00_inputs/toxin/Carabus_violaceus/Carabus_violaceus.fas.pasta.toxin_renomeado.fasta	0	0.003268	82	3	0.0365853658536585	C-x(39)-C-x(11)-C	39,11	1.0999999999999996	-0.3975609756097561	0.1097560975609756	31.00975609756097	OTHER	0	json	90.33513677811553	10.328862505870738	0.9285714285714286	0.8556231003039514	0.6960486322188449	82.0	0.4512195121951219	0.024390243902439	0.524390243902439	7260.239002336387	0.4757712450145762	0.2435766766780991	0.2317073170731707	0.7096774193548387	82.0	15.85067967303811	7.341463414634147	301.0	3.0	0.0		1.0	-0.3975609756097561	0.0904263711172066	1	carabus_violaceus	train	0.8154552454424259
ghmd00000000_1	Onthophagus_curvicornis	/home/danilo/Caroline/coletotox_min/00_inputs/toxin/Onthophagus_curvicornis/GHMD00000000/GHMD00000000.toxin_renomeado.fasta	0	0.021541	63	3	0.0476190476190476	C-x(10)-C-x(23)-C	10,23	2.0	0.3126984126984127	0.0793650793650793	28.138095238095232	OTHER	0																								0.3126984126984127	0.090079365079365	0	ghmd00000000	train	0.22822798324546573
oxysternon_conspicillatum_1	Oxysternon_conspicillatum	/home/danilo/Caroline/coletotox_min/00_inputs/toxin/Oxysternon_conspicillatum/Oxysternon_conspicillatum.fas.pasta.toxin_renomeado.fasta	0	0.014028	66	3	0.0454545454545454	C-x(39)-C-x(11)-C	39,11	4.199999999999999	-0.4454545454545456	0.1212121212121212	34.77424242424242	OTHER	0	json	94.44402957486136	6.801078094314633	0.9833641404805916	0.9426987060998152	0.8465804066543438	66.0	0.5151515151515151	0.0303030303030303	0.4545454545454545	5969.734797991743	0.4638701285208981	0.2442425268662217	0.2272727272727272	0.6956521739130435	66.0	13.568887050179637	7.606060606060606	251.0	3.0	0.0		1.0	-0.4454545454545456	0.0888880591497227	1	oxysternon_conspicillatum	train	0.9533988222493527
alurnus_ornatus_2	Alurnus_ornatus	/home/danilo/Caroline/coletotox_min/00_inputs/toxin/Alurnus_ornatus/Alurnus_ornatus.fas.pasta.toxin_renomeado.fasta	0	0.026712	66	3	0.0454545454545454	C-x(39)-C-x(11)-C	39,11	4.1	-0.4651515151515152	0.1363636363636363	22.831818181818186	OTHER	0	json	94.19493358633775	6.793086894017249	0.9810246679316889	0.937381404174573	0.8481973434535104	66.0	0.5	0.0303030303030303	0.4696969696969697	5897.861937681724	0.4678662981800421	0.234696261006565	0.1969696969696969	0.75	66.0	13.678488210372665	7.696969696969697	254.0	3.0	0.0		1.0	-0.4651515151515152	0.0834656247484331	1	alurnus_ornatus	train	0.9759066642853065
srr1562204_1	Migdolus_fryanus	/home/danilo/Caroline/coletotox_min/00_inputs/toxin/Migdolus_fryanus/SRR1562204/SRR1562204.toxin_renomeado.fasta	1	0.996244	92	6	0.0652173913043478	C-x(13)-C-x(15)-C-x(7)-C-x(12)-C-x(7)-C	13,15,7,12,7	2.1	-0.1315217391304347	0.108695652173913	25.869565217391308	SP(Sec/SPI)	1																								-0.1315217391304347	0.0834239130434782	0	srr1562204	train	0.40694182101267484
gfuh00000000_2	Amphizoa_lecontei	/home/danilo/Caroline/coletotox_min/00_inputs/toxin/Amphizoa_lecontei/GFUH00000000/GFUH00000000.toxin_renomeado.fasta	1	0.998014	92	8	0.0869565217391304	C-x(9)-C-x(17)-C-x(1)-C-x(7)-C-x(10)-C-x(3)-C-x(19)-C	9,17,1,7,10,3,19	1.0	-0.1532608695652174	0.0652173913043478	39.06086956521738	SP(Sec/SPI)	1																								-0.1532608695652174	0.0834239130434782	0	gfuh00000000	train	0.2357746122919979
ghma00000000_2	Dichotomius_satanas	/home/danilo/Caroline/coletotox_min/00_inputs/toxin/Dichotomius_satanas/GHMA00000000/GHMA00000000.toxin_renomeado.fasta	0	0.028196	63	4	0.0634920634920634	C-x(10)-C-x(23)-C-x(10)-C	10,23,10	2.0	0.2682539682539683	0.0793650793650793	33.68571428571428	OTHER	0																								0.2682539682539683	0.0829365079365079	0	ghma00000000	train	0.1848964676113467
leptinotarsa_decemlineata_3	Leptinotarsa_decemlineata	/home/danilo/Caroline/coletotox_min/00_inputs/toxin/Leptinotarsa_decemlineata/Leptinotarsa_decemlineata.fas.pasta.toxin_renomeado.fasta	0	0.007531	86	3	0.0348837209302325	C-x(38)-C-x(11)-C	38,11	3.1	-0.4720930232558138	0.1046511627906976	32.57093023255813	OTHER	0	json	89.11405325443788	11.53683392969771	0.900887573964497	0.7825443786982249	0.6760355029585798	86.0	0.5	0.0465116279069767	0.4534883720930232	7075.748957136921	0.4458367713774916	0.2302219083135737	0.2209302325581395	0.7419354838709677	86.0	15.60558768842544	7.627906976744186	328.0	3.0	0.0		1.0	-0.4720930232558138	0.0689257809274804	1	leptinotarsa_decemlineata	train	0.6443924045244052
gjvo00000000_1	Ceutorhynchus_napi	/home/danilo/Caroline/coletotox_min/00_inputs/toxin/Ceutorhynchus_napi/GJVO00000000/GJVO00000000.toxin_renomeado.fasta	1	0.997184	93	8	0.086021505376344	C-x(10)-C-x(10)-C-x(15)-C-x(7)-C-x(12)-C-x(7)-C-x(3)-C	10,10,15,7,12,7,3	7.300000000000001	-0.2451612903225804	0.0967741935483871	39.37956989247312	SP(Sec/SPI)	1																								-0.2451612903225804	0.0602150537634409	0	gjvo00000000	train	0.3206220337951519
gfun00000000_1	Hygrobia_nigra	/home/danilo/Caroline/coletotox_min/00_inputs/toxin/Hygrobia_nigra/GFUN00000000/GFUN00000000.toxin_renomeado.fasta	0	0.093062	93	0	0.0			1.2999999999999998	0.1849462365591399	0.1505376344086021	27.86236559139785	OTHER	0																								0.1849462365591399	0.0462365591397849	0	gfun00000000	train	0.2757181900109589
srr1562207_2	Migdolus_fryanus	/home/danilo/Caroline/coletotox_min/00_inputs/toxin/Migdolus_fryanus/SRR1562207/SRR1562207.toxin_renomeado.fasta	0	0.011843	91	5	0.0549450549450549	C-x(13)-C-x(8)-C-x(23)-C-x(16)-C	13,8,23,16	4.0	0.1153846153846154	0.1318681318681318	20.50890109890109	OTHER	0																								0.1153846153846154	0.0425824175824175	0	srr1562207	train	0.268007180913863
srr1562204_3	Migdolus_fryanus	/home/danilo/Caroline/coletotox_min/00_inputs/toxin/Migdolus_fryanus/SRR1562204/SRR1562204.toxin_renomeado.fasta	0	0.011843	91	5	0.0549450549450549	C-x(13)-C-x(8)-C-x(23)-C-x(16)-C	13,8,23,16	4.0	0.1153846153846154	0.1318681318681318	20.50890109890109	OTHER	0																								0.1153846153846154	0.0425824175824175	0	srr1562204	train	0.268007180913863
srr1562204_4	Migdolus_fryanus	/home/danilo/Caroline/coletotox_min/00_inputs/toxin/Migdolus_fryanus/SRR1562204/SRR1562204.toxin_renomeado.fasta	1	0.999369	91	7	0.0769230769230769	C-x(10)-C-x(10)-C-x(15)-C-x(7)-C-x(12)-C-x(7)-C	10,10,15,7,12,7	2.1	-0.3318681318681318	0.1428571428571428	14.97582417582418	SP(Sec/SPI)	1																								-0.3318681318681318	0.0362637362637362	0	srr1562204	train	0.5130479374541466
srr1562205_1	Migdolus_fryanus	/home/danilo/Caroline/coletotox_min/00_inputs/toxin/Migdolus_fryanus/SRR1562205/SRR1562205.toxin_renomeado.fasta	1	0.999369	91	7	0.0769230769230769	C-x(10)-C-x(10)-C-x(15)-C-x(7)-C-x(12)-C-x(7)-C	10,10,15,7,12,7	2.1	-0.3318681318681318	0.1428571428571428	14.97582417582418	SP(Sec/SPI)	1																								-0.3318681318681318	0.0362637362637362	0	srr1562205	train	0.5130479374541466
ghxo00000000_4	Acalymma_vittatum	/home/danilo/Caroline/coletotox_min/00_inputs/toxin/Acalymma_vittatum/GHXO00000000/GHXO00000000.toxin_renomeado.fasta	1	0.967669	96	1	0.0104166666666666			1.1999999999999993	-0.2833333333333332	0.15625	33.23229166666667	SP(Sec/SPI)	1																								-0.2833333333333332	0.0317708333333333	0	ghxo00000000	train	0.46606810764930406
gdoz00000000_1	Lamprohiza_splendidula	/home/danilo/Caroline/coletotox_min/00_inputs/toxin/Lamprohiza_splendidula/GDOZ00000000/GDOZ00000000.toxin_renomeado.fasta	0	0.007027	98	4	0.0408163265306122	C-x(14)-C-x(9)-C-x(23)-C	14,9,23	3.0	0.0816326530612244	0.0816326530612245	28.616326530612238	OTHER	0																								0.0816326530612244	0.0306122448979591	0	gdoz00000000	train	0.20643388028225407
gjnk00000000_3	Hippodamia_convergens	/home/danilo/Caroline/coletotox_min/00_inputs/toxin/Hippodamia_convergens/GJNK00000000/GJNK00000000.toxin_renomeado.fasta	0	0.017911	81	4	0.0493827160493827	C-x(10)-C-x(28)-C-x(8)-C	10,28,8	1.1999999999999993	0.0530864197530864	0.0987654320987654	33.18395061728395	OTHER	0																								0.0530864197530864	0.0256172839506172	0	gjnk00000000	train	0.17870934688218695
srr1562205_3	Migdolus_fryanus	/home/danilo/Caroline/coletotox_min/00_inputs/toxin/Migdolus_fryanus/SRR1562205/SRR1562205.toxin_renomeado.fasta	0	0.019469	64	3	0.046875	C-x(11)-C-x(23)-C	11,23	2.0	0.0328124999999999	0.09375	21.7546875	OTHER	0																								0.0328124999999999	0.0199218749999999	0	srr1562205	train	0.29539425748562786
ggmu00000000_2	Serangium_japonicum	/home/danilo/Caroline/coletotox_min/00_inputs/toxin/Serangium_japonicum/GGMU00000000/GGMU00000000.toxin_renomeado.fasta	0	0.020903	58	0	0.0			1.0999999999999996	0.0655172413793104	0.1206896551724138	11.02413793103448	OTHER	0																								0.0655172413793104	0.0163793103448276	0	ggmu00000000	train	0.4319692027910827
ghnj00000000_1	Diabrotica_virgifera	/home/danilo/Caroline/coletotox_min/00_inputs/toxin/Diabrotica_virgifera/GHNJ00000000/GHNJ00000000.toxin_renomeado.fasta	1	0.987501	95	2	0.0210526315789473	C-x(27)-C	27	3.6	-0.3652631578947368	0.1789473684210526	32.35284210526315	SP(Sec/SPI)	1																								-0.3652631578947368	0.0139473684210526	0	ghnj00000000	train	0.49983571626288165
hbua00000000_2	Diabrotica_virgifera	/home/danilo/Caroline/coletotox_min/00_inputs/toxin/Diabrotica_virgifera/HBUA00000000/HBUA00000000.toxin_renomeado.fasta	1	0.987501	95	2	0.0210526315789473	C-x(27)-C	27	3.6	-0.3652631578947368	0.1789473684210526	32.35284210526315	SP(Sec/SPI)	1																								-0.3652631578947368	0.0139473684210526	0	hbua00000000	train	0.49983571626288165
ghmd00000000_2	Onthophagus_curvicornis	/home/danilo/Caroline/coletotox_min/00_inputs/toxin/Onthophagus_curvicornis/GHMD00000000/GHMD00000000.toxin_renomeado.fasta	0	0.004198	94	4	0.0425531914893617	C-x(20)-C-x(10)-C-x(30)-C	20,10,30	1.0	0.0106382978723403	0.1063829787234042	17.462765957446816	OTHER	0																								0.0106382978723403	0.0132978723404255	0	ghmd00000000	train	0.2735735050742744
gjnk00000000_1	Hippodamia_convergens	/home/danilo/Caroline/coletotox_min/00_inputs/toxin/Hippodamia_convergens/GJNK00000000/GJNK00000000.toxin_renomeado.fasta	0	0.46715	95	7	0.0736842105263157	C-x(15)-C-x(10)-C-x(13)-C-x(7)-C-x(12)-C-x(7)-C	15,10,13,7,12,7	2.3000000000000007	-0.0252631578947368	0.1052631578947368	38.1378947368421	OTHER	0																								-0.0252631578947368	0.0121052631578947	0	gjnk00000000	train	0.12674288221098448
iclg00000000_3	Zophobas_atratus	/home/danilo/Caroline/coletotox_min/00_inputs/toxin/Zophobas_atratus/ICLG00000000/ICLG00000000.toxin_renomeado.fasta	0	0.004912	99	5	0.0505050505050505	C-x(15)-C-x(9)-C-x(9)-C-x(21)-C	15,9,9,21	2.1999999999999997	-0.0393939393939394	0.101010101010101	26.7030303030303	OTHER	0																								-0.0393939393939394	0.0027777777777777	0	iclg00000000	train	0.20341178596577278
srr1562206_1	Migdolus_fryanus	/home/danilo/Caroline/coletotox_min/00_inputs/toxin/Migdolus_fryanus/SRR1562206/SRR1562206.toxin_renomeado.fasta	0	0.007876	70	5	0.0714285714285714	C-x(8)-C-x(27)-C-x(26)-C-x(1)-C	8,27,26,1	2.1	-0.1228571428571429	0.1	39.35142857142856	OTHER	0																								-0.1228571428571429	-0.0128571428571428	0	srr1562206	train	0.15943074841355082
glcs00000000_1	Leptinotarsa_decemlineata	/home/danilo/Caroline/coletotox_min/00_inputs/toxin/Leptinotarsa_decemlineata/GLCS00000000/GLCS00000000.toxin_renomeado.fasta	0	0.005074	94	4	0.0425531914893617	C-x(13)-C-x(9)-C-x(32)-C	13,9,32	1.0999999999999996	-0.0978723404255319	0.1276595744680851	14.12553191489362	OTHER	0																								-0.0978723404255319	-0.0138297872340425	0	glcs00000000	train	0.31350051904165277
ghxo00000000_5	Acalymma_vittatum	/home/danilo/Caroline/coletotox_min/00_inputs/toxin/Acalymma_vittatum/GHXO00000000/GHXO00000000.toxin_renomeado.fasta	0	0.011723	64	3	0.046875	C-x(11)-C-x(23)-C	11,23	2.0	-0.1265625	0.125	10.618750000000007	OTHER	0																								-0.1265625	-0.019921875	0	ghxo00000000	train	0.41126299342636014
srr1562204_5	Migdolus_fryanus	/home/danilo/Caroline/coletotox_min/00_inputs/toxin/Migdolus_fryanus/SRR1562204/SRR1562204.toxin_renomeado.fasta	0	0.007531	72	3	0.0416666666666666	C-x(11)-C-x(23)-C	11,23	4.0	-0.1277777777777776	0.1111111111111111	11.294444444444444	OTHER	0																								-0.1277777777777776	-0.0215277777777777	0	srr1562204	train	0.4206952450043139
srr3521424_1	Photinus_pyralis	/home/danilo/Caroline/coletotox_min/00_inputs/toxin/Photinus_pyralis/SRR3521424/SRR3521424.toxin_renomeado.fasta	0	0.005748	98	4	0.0408163265306122	C-x(16)-C-x(9)-C-x(32)-C	16,9,32	4.0	-0.139795918367347	0.0918367346938775	32.021428571428565	OTHER	0																								-0.139795918367347	-0.0247448979591836	0	srr3521424	train	0.2094004780866911
srr1562207_1	Migdolus_fryanus	/home/danilo/Caroline/coletotox_min/00_inputs/toxin/Migdolus_fryanus/SRR1562207/SRR1562207.toxin_renomeado.fasta	0	0.006083	70	5	0.0714285714285714	C-x(8)-C-x(27)-C-x(26)-C-x(1)-C	8,27,26,1	1.0999999999999996	-0.1714285714285714	0.1	31.99714285714284	OTHER	0																								-0.1714285714285714	-0.025	0	srr1562207	train	0.1936866173934093
gjnk00000000_2	Hippodamia_convergens	/home/danilo/Caroline/coletotox_min/00_inputs/toxin/Hippodamia_convergens/GJNK00000000/GJNK00000000.toxin_renomeado.fasta	0	0.028925	67	3	0.044776119402985	C-x(10)-C-x(27)-C	10,27	3.2	-0.1552238805970149	0.0895522388059701	39.75522388059699	OTHER	0																								-0.1552238805970149	-0.0276119402985074	0	gjnk00000000	train	0.1921109428907358
iclg00000000_4	Zophobas_atratus	/home/danilo/Caroline/coletotox_min/00_inputs/toxin/Zophobas_atratus/ICLG00000000/ICLG00000000.toxin_renomeado.fasta	0	0.005869	99	5	0.0505050505050505	C-x(19)-C-x(10)-C-x(16)-C-x(13)-C	19,10,16,13	5.1	-0.1616161616161613	0.0909090909090909	28.247575757575746	OTHER	0																								-0.1616161616161613	-0.0277777777777777	0	iclg00000000	train	0.2284399759383415
gifb00000000_1	Carabus_violaceus	/home/danilo/Caroline/coletotox_min/00_inputs/toxin/Carabus_violaceus/GIFB00000000/GIFB00000000.toxin_renomeado.fasta	0	0.007956	58	3	0.0517241379310344	C-x(39)-C-x(11)-C	39,11	1.0999999999999996	-0.1637931034482758	0.1034482758620689	27.958620689655177	OTHER	0																								-0.1637931034482758	-0.0280172413793103	0	gifb00000000	train	0.259973622302419
gfuh00000000_3	Amphizoa_lecontei	/home/danilo/Caroline/coletotox_min/00_inputs/toxin/Amphizoa_lecontei/GFUH00000000/GFUH00000000.toxin_renomeado.fasta	0	0.003883	70	3	0.0428571428571428	C-x(8)-C-x(23)-C	8,23	5.1	-0.1585714285714285	0.0714285714285714	32.05428571428571	OTHER	0																								-0.1585714285714285	-0.0289285714285714	0	gfuh00000000	train	0.2564780747692854
ghxo00000000_2	Acalymma_vittatum	/home/danilo/Caroline/coletotox_min/00_inputs/toxin/Acalymma_vittatum/GHXO00000000/GHXO00000000.toxin_renomeado.fasta	0	0.000693	96	8	0.0833333333333333	C-x(8)-C-x(15)-C-x(7)-C-x(12)-C-x(3)-C-x(38)-C-x(2)-C	8,15,7,12,3,38,2	4.199999999999999	-0.2041666666666667	0.0833333333333333	24.133333333333333	OTHER	0																								-0.2041666666666667	-0.0302083333333333	0	ghxo00000000	train	0.19891348229587139
ghxo00000000_3	Acalymma_vittatum	/home/danilo/Caroline/coletotox_min/00_inputs/toxin/Acalymma_vittatum/GHXO00000000/GHXO00000000.toxin_renomeado.fasta	0	0.00059	86	0	0.0			3.3000000000000007	-0.1209302325581395	0.1395348837209302	24.63151162790697	OTHER	0																								-0.1209302325581395	-0.0302325581395348	0	ghxo00000000	train	0.34876414211559625
gfuh00000000_1	Amphizoa_lecontei	/home/danilo/Caroline/coletotox_min/00_inputs/toxin/Amphizoa_lecontei/GFUH00000000/GFUH00000000.toxin_renomeado.fasta	0	0.009099	86	4	0.0465116279069767	C-x(14)-C-x(10)-C-x(23)-C	14,10,23	1.0	-0.1883720930232557	0.0930232558139534	14.486046511627904	OTHER	0																								-0.1883720930232557	-0.0354651162790697	0	gfuh00000000	train	0.3158895651077995
ggkk00000000_2	Sitophilus_oryzae	/home/danilo/Caroline/coletotox_min/00_inputs/toxin/Sitophilus_oryzae/GGKK00000000/GGKK00000000.toxin_renomeado.fasta	0	0.420375	66	3	0.0454545454545454	C-x(39)-C-x(11)-C	39,11	1.0999999999999996	-0.2363636363636363	0.1212121212121212	30.06666666666667	OTHER	0																								-0.2363636363636363	-0.0477272727272727	0	ggkk00000000	train	0.2514825153195571
gifb00000000_2	Carabus_violaceus	/home/danilo/Caroline/coletotox_min/00_inputs/toxin/Carabus_violaceus/GIFB00000000/GIFB00000000.toxin_renomeado.fasta	0	0.009117	95	2	0.0210526315789473	C-x(48)-C	48	3.6	-0.2252631578947366	0.0842105263157894	35.65894736842104	OTHER	0																								-0.2252631578947366	-0.0510526315789473	0	gifb00000000	train	0.2211117917163425
iclg00000000_5	Zophobas_atratus	/home/danilo/Caroline/coletotox_min/00_inputs/toxin/Zophobas_atratus/ICLG00000000/ICLG00000000.toxin_renomeado.fasta	0	0.002007	78	0	0.0			2.6999999999999997	-0.2705128205128204	0.1282051282051282	30.266666666666666	OTHER	0																								-0.2705128205128204	-0.0676282051282051	0	iclg00000000	train	0.30555639130941864
ghxo00000000_7	Acalymma_vittatum	/home/danilo/Caroline/coletotox_min/00_inputs/toxin/Acalymma_vittatum/GHXO00000000/GHXO00000000.toxin_renomeado.fasta	0	0.003126	95	1	0.0105263157894736			2.1999999999999997	-0.3936842105263156	0.1052631578947368	24.270526315789464	OTHER	0																								-0.3936842105263156	-0.0957894736842105	0	ghxo00000000	train	0.32481403802835135
ghmd00000000_3	Onthophagus_curvicornis	/home/danilo/Caroline/coletotox_min/00_inputs/toxin/Onthophagus_curvicornis/GHMD00000000/GHMD00000000.toxin_renomeado.fasta	0	0.002143	92	2	0.0217391304347826	C-x(12)-C	12	6.1	-0.4282608695652173	0.1956521739130434	20.15880434782609	OTHER	0																								-0.4282608695652173	-0.1016304347826086	0	ghmd00000000	train	0.41945835889415994
gdof00000000_1	Alurnus_ornatus	/home/danilo/Caroline/coletotox_min/00_inputs/toxin/Alurnus_ornatus/GDOF00000000/GDOF00000000.toxin_renomeado.fasta	0	0.026712	66	3	0.0454545454545454	C-x(39)-C-x(11)-C	39,11	4.1	-0.4651515151515152	0.1363636363636363	22.831818181818186	OTHER	0																								-0.4651515151515152	-0.1049242424242424	0	gdof00000000	train	0.3595881200774422
iclg00000000_2	Zophobas_atratus	/home/danilo/Caroline/coletotox_min/00_inputs/toxin/Zophobas_atratus/ICLG00000000/ICLG00000000.toxin_renomeado.fasta	0	0.001812	56	0	0.0			1.2000000000000002	-0.4339285714285713	0.0892857142857142	35.20535714285714	OTHER	0																								-0.4339285714285713	-0.1084821428571428	0	iclg00000000	train	0.2601499784355561
srr31715513_1	Callosobruchus_maculatus	/home/danilo/Caroline/coletotox_min/00_inputs/toxin/Callosobruchus_maculatus/SRR31715513/SRR31715513.toxin_renomeado.fasta	0	0.007008	89	4	0.0449438202247191	C-x(3)-C-x(21)-C-x(16)-C	3,21,16	4.1	-0.489887640449438	0.1573033707865168	27.360674157303368	OTHER	0																								-0.489887640449438	-0.1112359550561797	0	srr31715513	train	0.2853069861192979
ghxo00000000_1	Acalymma_vittatum	/home/danilo/Caroline/coletotox_min/00_inputs/toxin/Acalymma_vittatum/GHXO00000000/GHXO00000000.toxin_renomeado.fasta	0	0.001557	77	0	0.0			2.1999999999999997	-0.4571428571428572	0.0909090909090909	35.00259740259739	OTHER	0																								-0.4571428571428572	-0.1142857142857143	0	ghxo00000000	train	0.2682741199365066
astenopholis_sp_1	Astenopholis_sp	/home/danilo/Caroline/coletotox_min/00_inputs/toxin/Astenopholis_sp/Astenopholis_sp.fas.pasta.toxin_renomeado.fasta	1	0.999885	80	11	0.1375	C-x(18)-C-x(8)-C-x(3)-C-x(3)-C-x(9)-C-x(3)-C-x(3)-C-x(1)-C-x(11)-C-x(5)-C	18,8,3,3,9,3,3,1,11,5	2.1	0.3349999999999999	0.05	28.084999999999997	SP(Sec/SPI)	1	json	86.95906250000002	14.234214508105476	0.8333333333333334	0.7447916666666666	0.6232638888888888	80.0	0.2	0.25	0.55	6773.614720444636	0.4969709956444407	0.2545263340380575	0.2125	0.8666666666666667	80.0	20.548908769951296	7.775	311.0	11.0	5.0	A24-A59;A33-A55;A37-A51;A41-A79;A61-A73	1.0	0.3349999999999999	1.142043125	1	astenopholis_sp	val	0.9237274827770237
phyllotocus_sp_2	Phyllotocus_sp	/home/danilo/Caroline/coletotox_min/00_inputs/toxin/Phyllotocus_sp/GKKF00000000.toxin_renomeado.fasta	1	0.999884	78	11	0.141025641025641	C-x(16)-C-x(8)-C-x(3)-C-x(3)-C-x(9)-C-x(3)-C-x(3)-C-x(1)-C-x(11)-C-x(5)-C	16,8,3,3,9,3,3,1,11,5	5.199999999999999	0.1141025641025641	0.1153846153846153	26.643589743589743	SP(Sec/SPI)	1	json	82.97971186440678	18.48171101712089	0.7423728813559322	0.6847457627118644	0.5966101694915255	78.0	0.0384615384615384	0.2564102564102564	0.7051282051282052	7215.487491861569	0.5093259164326204	0.2666100424289049	0.2051282051282051	0.84	78.0	21.841816493548265	7.3076923076923075	285.0	11.0	5.0	A22-A57;A31-A53;A35-A49;A39-A77;A59-A71	1.0	0.1141025641025641	1.079741475010865	1	phyllotocus_sp	val	0.7857158541241704
geotrupes_spiniger_2	Geotrupes_spiniger	/home/danilo/Caroline/coletotox_min/00_inputs/toxin/Geotrupes_spiniger/GKIY00000000.toxin_renomeado.fasta	1	0.999777	76	10	0.131578947368421	C-x(8)-C-x(3)-C-x(3)-C-x(8)-C-x(3)-C-x(3)-C-x(1)-C-x(10)-C-x(5)-C	8,3,3,8,3,3,1,10,5	1.0	-0.0855263157894737	0.0657894736842105	39.83684210526315	SP(Sec/SPI)	1	json	83.3073487544484	18.970535092341446	0.7241992882562278	0.6832740213523132	0.6298932384341637	76.0	0.0394736842105263	0.2631578947368421	0.6973684210526315	7014.123085693827	0.5161230059711318	0.2647676019681889	0.2236842105263158	0.875	76.0	22.2438861490394	7.026315789473684	267.0	10.0	5.0	A21-A55;A30-A51;A34-A47;A38-A74;A57-A68	1.0	-0.0855263157894737	1.0281278554036335	1	geotrupes_spiniger	val	0.47994289884132757
aethina_tumida_1	Aethina_tumida	/home/danilo/Caroline/coletotox_min/00_inputs/toxin/Aethina_tumida/Aethina_tumida.fas.pasta.toxin_renomeado.fasta	1	0.999643	76	10	0.131578947368421	C-x(8)-C-x(3)-C-x(3)-C-x(7)-C-x(3)-C-x(3)-C-x(1)-C-x(11)-C-x(5)-C	8,3,3,7,3,3,1,11,5	1.1999999999999993	-0.213157894736842	0.0657894736842105	13.126315789473686	SP(Sec/SPI)	1	json	80.1112262521589	20.991267072641385	0.694300518134715	0.6597582037996546	0.5630397236614854	76.0	0.0394736842105263	0.2631578947368421	0.6973684210526315	7241.832770432344	0.5200464172514293	0.244185196515501	0.2105263157894736	0.8636363636363636	76.0	24.133804460160448	7.078947368421052	269.0	10.0	5.0	A23-A56;A32-A52;A36-A48;A40-A76;A58-A70	1.0	-0.213157894736842	0.9898277156622124	1	aethina_tumida	val	0.6929019307818122
aethina_tumida_2	Aethina_tumida	/home/danilo/Caroline/coletotox_min/00_inputs/toxin/Aethina_tumida/Aethina_tumida.fas.pasta.toxin_renomeado.fasta	0	0.211397	78	11	0.141025641025641	C-x(16)-C-x(8)-C-x(3)-C-x(3)-C-x(7)-C-x(3)-C-x(3)-C-x(1)-C-x(11)-C-x(5)-C	16,8,3,3,7,3,3,1,11,5	2.1	-0.496153846153846	0.0769230769230769	23.344871794871796	OTHER	0	json	73.35686666666668	26.3761737909214	0.6566666666666666	0.6083333333333333	0.4666666666666667	78.0	0.0769230769230769	0.2564102564102564	0.6666666666666666	7786.231079364133	0.535663781854425	0.2546578426371376	0.1923076923076923	0.8421052631578947	78.0	22.083803304269328	7.410256410256411	289.0	11.0	5.0	A25-A58;A34-A54;A38-A50;A42-A78;A60-A72	1.0	-0.496153846153846	0.8079316820512821	0	aethina_tumida	val	0.1591090664996837
phyllotocus_sp_1	Phyllotocus_sp	/home/danilo/Caroline/coletotox_min/00_inputs/toxin/Phyllotocus_sp/GKKF00000000.toxin_renomeado.fasta	1	0.99866	87	9	0.1034482758620689	C-x(13)-C-x(1)-C-x(14)-C-x(8)-C-x(15)-C-x(7)-C-x(12)-C-x(3)-C	13,1,14,8,15,7,12,3	1.0999999999999996	0.164367816091954	0.1264367816091954	37.1012643678161	SP(Sec/SPI)	1	json	76.83539375928677	27.53932464068721	0.6612184249628529	0.649331352154532	0.5958395245170877	87.0	0.1149425287356321	0.1724137931034483	0.7126436781609196	7928.265180513062	0.5035369457894477	0.2854219295514554	0.2298850574712643	0.8157894736842105	87.0	22.515696994188293	7.379310344827586	321.0	9.0	3.0	A34-A84;A43-A67;A59-A80	1.0	0.164367816091954	0.7706248105070792	0	phyllotocus_sp	val	0.09045417343256328
calosoma_frigidum_1	Calosoma_frigidum	/home/danilo/Caroline/coletotox_min/00_inputs/toxin/Calosoma_frigidum/Calosoma_frigidum.fas.pasta.toxin_renomeado.fasta	1	0.999538	91	8	0.0879120879120879	C-x(7)-C-x(21)-C-x(8)-C-x(15)-C-x(7)-C-x(12)-C-x(3)-C	7,21,8,15,7,12,3	6.0	0.0626373626373627	0.0879120879120879	38.170329670329664	SP(Sec/SPI)	1	json	78.45713475177305	22.7688431577168	0.6539007092198581	0.6042553191489362	0.5333333333333333	91.0	0.3516483516483517	0.1648351648351648	0.4835164835164835	7627.286508847822	0.4513470713100289	0.2453996302540896	0.2307692307692307	0.8108108108108109	91.0	21.50039332265485	8.43956043956044	384.0	8.0	3.0	A36-A86;A45-A69;A61-A82	1.0	0.0626373626373627	0.7445516321409087	0	calosoma_frigidum	val	0.08318898773377237
byrrhus_pilula_5	Byrrhus_pilula	/home/danilo/Caroline/coletotox_min/00_inputs/toxin/Byrrhus_pilula/Byrrhus_pilula.fas.pasta.toxin_renomeado.fasta	1	0.99786	89	8	0.0898876404494382	C-x(2)-C-x(12)-C-x(8)-C-x(15)-C-x(7)-C-x(12)-C-x(3)-C	2,12,8,15,7,12,3	3.1999999999999997	-0.0314606741573035	0.0786516853932584	38.92696629213484	SP(Sec/SPI)	1	json	75.99879008746356	27.88326299488012	0.6807580174927114	0.6326530612244898	0.5641399416909622	89.0	0.3146067415730337	0.1685393258426966	0.5168539325842697	7250.564914793612	0.4446077730194398	0.2488915833754131	0.2359550561797752	0.75	89.0	22.00062649442519	8.606741573033707	383.0	8.0	3.0	A36-A86;A45-A69;A61-A82	1.0	-0.0314606741573035	0.7166043217479607	0	byrrhus_pilula	val	0.12784076411861686
aethina_tumida_4	Aethina_tumida	/home/danilo/Caroline/coletotox_min/00_inputs/toxin/Aethina_tumida/Aethina_tumida.fas.pasta.toxin_renomeado.fasta	1	0.998815	88	7	0.0795454545454545	C-x(14)-C-x(8)-C-x(15)-C-x(7)-C-x(12)-C-x(3)-C	14,8,15,7,12,3	5.199999999999999	-0.0306818181818182	0.0909090909090909	38.91477272727273	SP(Sec/SPI)	1	json	73.42964391691395	30.587944860566985	0.6602373887240356	0.6305637982195845	0.5667655786350149	88.0	0.2954545454545454	0.1704545454545454	0.5340909090909091	7411.38359216939	0.4651785563489666	0.2537688713244305	0.2272727272727272	0.7878787878787878	88.0	22.363890545903985	8.454545454545455	372.0	7.0	3.0	A35-A85;A44-A68;A60-A81	1.0	-0.0306818181818182	0.709075196924737	0	aethina_tumida	val	0.06338033815865482
euwallacea_fornicatus_1	Euwallacea_fornicatus	/home/danilo/Caroline/coletotox_min/00_inputs/toxin/Euwallacea_fornicatus/Euwallacea_fornicatus.fas.pasta.toxin_renomeado.fasta	1	0.993681	91	7	0.0769230769230769	C-x(23)-C-x(8)-C-x(15)-C-x(7)-C-x(13)-C-x(3)-C	23,8,15,7,13,3	3.0	-0.0208791208791209	0.0989010989010989	30.6967032967033	SP(Sec/SPI)	1	json	72.26178326474623	26.560249186986866	0.6296296296296297	0.5637860082304527	0.4403292181069959	91.0	0.3956043956043956	0.1648351648351648	0.4395604395604395	7875.338932937281	0.449268272561326	0.247085408940383	0.2197802197802197	0.8333333333333334	91.0	21.6308991257871	8.263736263736265	376.0	7.0	3.0	A36-A87;A45-A69;A61-A83	1.0	-0.0208791208791209	0.7085345555404814	0	euwallacea_fornicatus	val	0.02230499384352267
priacma_serrata_1	Priacma_serrata	/home/danilo/Caroline/coletotox_min/00_inputs/toxin/Priacma_serrata/Priacma_serrata.fas.pasta.toxin_renomeado.fasta	1	0.999718	95	7	0.0736842105263157	C-x(18)-C-x(14)-C-x(15)-C-x(7)-C-x(12)-C-x(3)-C	18,14,15,7,12,3	3.1	-0.0536842105263159	0.1473684210526316	35.803157894736835	SP(Sec/SPI)	1	json	75.9503494623656	22.64785628338176	0.6922043010752689	0.5752688172043011	0.4341397849462365	95.0	0.2526315789473684	0.1684210526315789	0.5789473684210527	7817.173408680592	0.4519741125040485	0.2776503167090213	0.2736842105263158	0.7368421052631579	95.0	20.082770982212317	8.25263157894737	392.0	7.0	3.0	A32-A88;A47-A71;A63-A84	1.0	-0.0536842105263159	0.7069006989247311	0	priacma_serrata	val	0.0535017709796646
phyllotocus_sp_3	Phyllotocus_sp	/home/danilo/Caroline/coletotox_min/00_inputs/toxin/Phyllotocus_sp/GKKF00000000.toxin_renomeado.fasta	1	0.99927	88	8	0.0909090909090909	C-x(14)-C-x(15)-C-x(8)-C-x(15)-C-x(7)-C-x(12)-C-x(3)-C	14,15,8,15,7,12,3	7.1	-0.1602272727272727	0.0909090909090909	35.64545454545454	SP(Sec/SPI)	1	json	74.69464337700146	27.26675560306656	0.6346433770014556	0.5938864628820961	0.5269286754002911	88.0	0.1363636363636363	0.1704545454545454	0.6931818181818182	7980.299413841478	0.4865965382819455	0.2757605970932469	0.2272727272727272	0.7878787878787878	88.0	17.771568633682975	7.727272727272727	340.0	8.0	3.0	A34-A84;A43-A67;A59-A80	1.0	-0.1602272727272727	0.6820597412994575	0	phyllotocus_sp	val	0.059268354700970506
byrrhus_pilula_2	Byrrhus_pilula	/home/danilo/Caroline/coletotox_min/00_inputs/toxin/Byrrhus_pilula/Byrrhus_pilula.fas.pasta.toxin_renomeado.fasta	0	0.002675	80	4	0.05	C-x(14)-C-x(9)-C-x(23)-C	14,9,23	4.4	-0.17375	0.0625	35.11499999999998	OTHER	0	json	91.95093959731544	7.159653322217362	0.9781879194630873	0.9228187919463088	0.7684563758389261	80.0	0.225	0.2875	0.4875	5643.890215566549	0.3966010715927571	0.2483859014139007	0.3125	0.5384615384615384	80.0	12.812068596066466	8.95	358.0	4.0	2.0	A8-A23;A33-A57	1.0	-0.17375	0.4529643791946308	1	byrrhus_pilula	val	0.9675952366087933
geotrupes_spiniger_1	Geotrupes_spiniger	/home/danilo/Caroline/coletotox_min/00_inputs/toxin/Geotrupes_spiniger/GKIY00000000.toxin_renomeado.fasta	0	0.009236	69	4	0.0579710144927536	C-x(10)-C-x(16)-C-x(13)-C	10,16,13	1.0	0.3869565217391304	0.1014492753623188	30.189999999999998	OTHER	0	json	93.9111306042885	6.079387816763069	0.9883040935672516	0.953216374269006	0.8460038986354775	69.0	0.1594202898550724	0.391304347826087	0.4492753623188406	5354.528254994651	0.4371255615013235	0.2165813493442847	0.1884057971014492	0.8	69.0	13.599278966486334	8.927536231884059	308.0	4.0	1.0	A14-A45	1.0	0.3869565217391304	0.4490541452665481	1	geotrupes_spiniger	val	0.979039411335509
byrrhus_pilula_1	Byrrhus_pilula	/home/danilo/Caroline/coletotox_min/00_inputs/toxin/Byrrhus_pilula/Byrrhus_pilula.fas.pasta.toxin_renomeado.fasta	1	0.978388	98	3	0.0306122448979591	C-x(9)-C-x(28)-C	9,28	1.1999999999999993	0.0346938775510206	0.1428571428571428	31.307142857142857	SP(Sec/SPI)	1	json	75.6557826649418	22.34475679753225	0.7102199223803364	0.6196636481241915	0.3570504527813712	98.0	0.1122448979591836	0.3163265306122449	0.5714285714285714	8786.76006987687	0.4716229985890398	0.2408584577133336	0.2244897959183673	0.7857142857142857	98.0	15.390942566695392	7.918367346938775	388.0	3.0	1.0	A40-A69	1.0	0.0346938775510206	0.4176380959421285	0	byrrhus_pilula	val	0.052719254356745786
byrrhus_pilula_4	Byrrhus_pilula	/home/danilo/Caroline/coletotox_min/00_inputs/toxin/Byrrhus_pilula/Byrrhus_pilula.fas.pasta.toxin_renomeado.fasta	0	0.037404	95	6	0.0631578947368421	C-x(1)-C-x(6)-C-x(24)-C-x(8)-C-x(12)-C	1,6,24,8,12	6.0	-0.2747368421052632	0.1684210526315789	16.979052631578945	OTHER	0	json	84.57134422110553	19.047878205927383	0.8492462311557789	0.7776381909547738	0.592964824120603	95.0	0.2842105263157894	0.2631578947368421	0.4526315789473684	7745.46880570868	0.4157733917231495	0.2632037235845477	0.2947368421052631	0.7894736842105263	95.0	14.863339190544822	8.021052631578947	381.0	6.0	2.0	A17-A51;A60-A73	1.0	-0.2747368421052632	0.4162479516001058	1	byrrhus_pilula	val	0.6444528931573774
byrrhus_pilula_3	Byrrhus_pilula	/home/danilo/Caroline/coletotox_min/00_inputs/toxin/Byrrhus_pilula/Byrrhus_pilula.fas.pasta.toxin_renomeado.fasta	0	0.004978	92	4	0.0434782608695652	C-x(14)-C-x(9)-C-x(28)-C	14,9,28	5.1	-0.3749999999999998	0.0760869565217391	36.74021739130433	OTHER	0	json	90.59084527220632	8.595935719286146	0.9570200573065902	0.8810888252148997	0.6833810888252149	92.0	0.1956521739130435	0.2934782608695652	0.5108695652173914	7016.059672729559	0.4075887648060741	0.2707760628557262	0.3043478260869565	0.5625	92.0	13.512281228864202	9.108695652173912	419.0	4.0	2.0	A13-A28;A38-A67	1.0	-0.3749999999999998	0.398301255761804	1	byrrhus_pilula	val	0.9246114082426264
hydrochara_caraboides_1	Hydrochara_caraboides	/home/danilo/Caroline/coletotox_min/00_inputs/toxin/Hydrochara_caraboides/Hydrochara_caraboides.fas.pasta.toxin_renomeado.fasta	0	0.031837	81	4	0.0493827160493827	C-x(10)-C-x(28)-C-x(8)-C	10,28,8	1.1999999999999993	0.0419753086419752	0.0987654320987654	36.42222222222221	OTHER	0	json	93.25143089430895	6.934518622200618	0.983739837398374	0.9317073170731708	0.8227642276422764	81.0	0.1728395061728395	0.2839506172839506	0.5432098765432098	5967.580711406172	0.4033850595955501	0.2265461783284538	0.2469135802469135	0.6774193548387096	81.0	13.75957841398013	8.88888888888889	360.0	4.0	1.0	A28-A57	1.0	0.0419753086419752	0.3593423679614574	1	hydrochara_caraboides	val	0.9824274306765269
aethina_tumida_3	Aethina_tumida	/home/danilo/Caroline/coletotox_min/00_inputs/toxin/Aethina_tumida/Aethina_tumida.fas.pasta.toxin_renomeado.fasta	0	0.003326	92	5	0.0543478260869565	C-x(0)-C-x(22)-C-x(39)-C-x(15)-C	0,22,39,15	3.1	0.0206521739130434	0.0869565217391304	25.39347826086957	OTHER	0	json	67.18675177304964	22.61186616435798	0.4950354609929078	0.4297872340425532	0.2028368794326241	92.0	0.0434782608695652	0.2282608695652173	0.7282608695652174	9840.747998849243	0.5887075152167959	0.2441787366577837	0.1304347826086956	0.8611111111111112	92.0	18.43189473716903	6.195652173913044	285.0	5.0	1.0	A67-A83	0.0	0.0206521739130434	0.3031235035460993	0	aethina_tumida	val	0.000350592099111842
photinus_pyralis_2	Photinus_pyralis	/home/danilo/Caroline/coletotox_min/00_inputs/toxin/Photinus_pyralis/Photinus_pyralis.fas.pasta.toxin_renomeado.fasta	0	0.001299	95	5	0.0526315789473684	C-x(43)-C-x(0)-C-x(0)-C-x(13)-C	43,0,0,13	2.1999999999999997	-0.3768421052631578	0.1157894736842105	37.442105263157885	OTHER	0	json	93.65743119266054	7.671717523326599	0.9698558322411532	0.9226736566186108	0.8217562254259502	95.0	0.031578947368421	0.4105263157894737	0.5578947368421052	7413.017707928585	0.4049124158186522	0.2520375363777256	0.2842105263157894	0.6388888888888888	95.0	15.773819500977506	8.505263157894737	404.0	5.0	1.0	A66-A82	1.0	-0.3768421052631578	0.2562622308063737	1	photinus_pyralis	val	0.9775230003852869
photinus_pyralis_1	Photinus_pyralis	/home/danilo/Caroline/coletotox_min/00_inputs/toxin/Photinus_pyralis/Photinus_pyralis.fas.pasta.toxin_renomeado.fasta	0	0.001171	73	0	0.0			1.0999999999999996	0.1876712328767123	0.0958904109589041	16.347945205479455	OTHER	0	json	89.11314338235293	11.84083123858363	0.8952205882352942	0.8235294117647058	0.6746323529411765	73.0	0.4657534246575342	0.136986301369863	0.3972602739726027	5506.395979418767	0.421274447892029	0.2494173276418001	0.2602739726027397	0.7419354838709677	73.0	13.283003404112522	8.465753424657533	309.0	0.0	0.0		1.0	0.1876712328767123	0.2251440949838839	1	photinus_pyralis	val	0.34932154093631224
gkke00000000_2	Diphucephala_sp	/home/danilo/Caroline/coletotox_min/00_inputs/toxin/Diphucephala_sp/GKKE00000000/GKKE00000000.toxin_renomeado.fasta	1	0.999733	80	10	0.125	C-x(8)-C-x(3)-C-x(3)-C-x(9)-C-x(3)-C-x(3)-C-x(1)-C-x(11)-C-x(5)-C	8,3,3,9,3,3,1,11,5	4.1	0.25375	0.0625	30.061249999999987	SP(Sec/SPI)	1																								0.25375	0.1946875	0	gkke00000000	val	0.29378482758491203
gkke00000000_1	Diphucephala_sp	/home/danilo/Caroline/coletotox_min/00_inputs/toxin/Diphucephala_sp/GKKE00000000/GKKE00000000.toxin_renomeado.fasta	1	0.990714	83	11	0.1325301204819277	C-x(7)-C-x(8)-C-x(3)-C-x(3)-C-x(9)-C-x(3)-C-x(3)-C-x(1)-C-x(11)-C-x(5)-C	7,8,3,3,9,3,3,1,11,5	4.199999999999999	0.2433734939759035	0.0481927710843373	31.21445783132529	SP(Sec/SPI)	1																								0.2433734939759035	0.1939759036144578	0	gkke00000000	val	0.2598014181260734
gdmq00000000_1	Sitophilus_zeamais	/home/danilo/Caroline/coletotox_min/00_inputs/toxin/Sitophilus_zeamais/GDMQ00000000/GDMQ00000000.toxin_renomeado.fasta	1	0.996533	93	8	0.086021505376344	C-x(2)-C-x(13)-C-x(10)-C-x(15)-C-x(7)-C-x(12)-C-x(7)-C	2,13,10,15,7,12,7	2.1999999999999997	0.2301075268817205	0.086021505376344	36.8505376344086	SP(Sec/SPI)	1																								0.2301075268817205	0.1790322580645161	0	gdmq00000000	val	0.2426761376544496
gkjt00000000_1	Onthophagus_similis	/home/danilo/Caroline/coletotox_min/00_inputs/toxin/Onthophagus_similis/GKJT00000000/GKJT00000000.toxin_renomeado.fasta	1	0.999894	76	10	0.131578947368421	C-x(8)-C-x(3)-C-x(3)-C-x(7)-C-x(3)-C-x(3)-C-x(1)-C-x(11)-C-x(5)-C	8,3,3,7,3,3,1,11,5	3.0	0.1407894736842104	0.131578947368421	31.73697368421053	SP(Sec/SPI)	1																								0.1407894736842104	0.1680921052631578	0	gkjt00000000	val	0.29854374381738197
gdpi00000000_1	Elaphrus_aureus	/home/danilo/Caroline/coletotox_min/00_inputs/toxin/Elaphrus_aureus/GDPI00000000/GDPI00000000.toxin_renomeado.fasta	1	0.999819	73	6	0.0821917808219178	C-x(3)-C-x(7)-C-x(14)-C-x(6)-C-x(13)-C	3,7,14,6,13	2.0	0.1767123287671233	0.136986301369863	20.93013698630137	SP(Sec/SPI)	1																								0.1767123287671233	0.1647260273972602	0	gdpi00000000	val	0.4628784546829635
gezm00000000_2	Photinus_pyralis	/home/danilo/Caroline/coletotox_min/00_inputs/toxin/Photinus_pyralis/GEZM00000000/GEZM00000000.toxin_renomeado.fasta	1	0.993141	87	8	0.0919540229885057	C-x(2)-C-x(14)-C-x(8)-C-x(15)-C-x(7)-C-x(12)-C-x(3)-C	2,14,8,15,7,12,3	4.1	0.0597701149425287	0.1149425287356321	29.635747126436783	SP(Sec/SPI)	1																								0.0597701149425287	0.1379310344827586	0	gezm00000000	val	0.35014823296188585
gkjt00000000_2	Onthophagus_similis	/home/danilo/Caroline/coletotox_min/00_inputs/toxin/Onthophagus_similis/GKJT00000000/GKJT00000000.toxin_renomeado.fasta	0	0.025692	63	4	0.0634920634920634	C-x(10)-C-x(23)-C-x(10)-C	10,23,10	2.0	0.3158730158730159	0.0793650793650793	37.41904761904761	OTHER	0																								0.3158730158730159	0.0948412698412698	0	gkjt00000000	val	0.1621505344416513
gbcx00000000_1	Dastarcus_helophoroides	/home/danilo/Caroline/coletotox_min/00_inputs/toxin/Dastarcus_helophoroides/GBCX00000000/GBCX00000000.toxin_renomeado.fasta	1	0.996473	83	7	0.0843373493975903	C-x(16)-C-x(9)-C-x(15)-C-x(7)-C-x(12)-C-x(7)-C	16,9,15,7,12,7	2.3000000000000007	-0.2566265060240964	0.0843373493975903	31.54578313253012	SP(Sec/SPI)	1																								-0.2566265060240964	0.0569277108433734	0	gbcx00000000	val	0.3544114667448641
euwallacea_fornicatus_2	Euwallacea_fornicatus	/home/danilo/Caroline/coletotox_min/00_inputs/toxin/Euwallacea_fornicatus/Euwallacea_fornicatus.fas.pasta.toxin_renomeado.fasta	0	0.002684	57	0	0.0			2.0	-0.489473684210526	0.1578947368421052	26.626315789473683	OTHER	0	json	85.4509756097561	13.299166968788183	0.8270509977827051	0.7427937915742794	0.565410199556541	57.0	0.4561403508771929	0.0701754385964912	0.4736842105263157	5013.981540708606	0.4717507750499747	0.2288140882769679	0.1929824561403508	0.782608695652174	57.0	14.023599863956193	8.035087719298245	229.0	0.0	0.0		1.0	-0.489473684210526	0.0485335301668807	1	euwallacea_fornicatus	val	0.14848284982594956
gdpr00000000_1	Hydrochara_caraboides	/home/danilo/Caroline/coletotox_min/00_inputs/toxin/Hydrochara_caraboides/GDPR00000000/GDPR00000000.toxin_renomeado.fasta	0	0.031837	81	4	0.0493827160493827	C-x(10)-C-x(28)-C-x(8)-C	10,28,8	1.1999999999999993	0.0419753086419752	0.0987654320987654	36.42222222222221	OTHER	0																								0.0419753086419752	0.0228395061728395	0	gdpr00000000	val	0.1620406209972128
srr2083631_2	Aromia_moschata	/home/danilo/Caroline/coletotox_min/00_inputs/toxin/Aromia_moschata/SRR2083631/SRR2083631.toxin_renomeado.fasta	0	0.001108	56	0	0.0			1.0999999999999996	-0.3285714285714284	0.0714285714285714	26.832142857142856	OTHER	0																								-0.3285714285714284	-0.0821428571428571	0	srr2083631	val	0.3126377961715445
gezm00000000_1	Photinus_pyralis	/home/danilo/Caroline/coletotox_min/00_inputs/toxin/Photinus_pyralis/GEZM00000000/GEZM00000000.toxin_renomeado.fasta	0	0.004145	94	3	0.0319148936170212	C-x(39)-C-x(11)-C	39,11	1.3000000000000007	-0.3670212765957447	0.1276595744680851	29.834042553191484	OTHER	0																								-0.3670212765957447	-0.0837765957446808	0	gezm00000000	val	0.23546026296601807
srr2083631_1	Aromia_moschata	/home/danilo/Caroline/coletotox_min/00_inputs/toxin/Aromia_moschata/SRR2083631/SRR2083631.toxin_renomeado.fasta	0	0.004144	89	6	0.0674157303370786	C-x(14)-C-x(10)-C-x(27)-C-x(26)-C-x(1)-C	14,10,27,26,1	2.3000000000000007	-0.4146067415730336	0.1011235955056179	16.447191011235955	OTHER	0																								-0.4146067415730336	-0.0867977528089887	0	srr2083631	val	0.29189982512508755
catharsius_molossus_1	Catharsius_molossus	/home/danilo/Caroline/coletotox_min/00_inputs/toxin/Catharsius_molossus/Catharsius_molossus.fas.pasta.toxin_renomeado.fasta	1	0.99988	91	12	0.1318681318681318	C-x(9)-C-x(2)-C-x(1)-C-x(6)-C-x(4)-C-x(7)-C-x(9)-C-x(2)-C-x(1)-C-x(8)-C-x(4)-C	9,2,1,6,4,7,9,2,1,8,4	1.0999999999999996	0.3417582417582419	0.0989010989010989	29.694615384615386	SP(Sec/SPI)	1	json	69.95174672489082	21.97180175473198	0.5749636098981077	0.4803493449781659	0.2372634643377001	91.0	0.0	0.2857142857142857	0.7142857142857143	8562.915963068146	0.5198954659170868	0.2736911652342961	0.1868131868131868	0.9166666666666666	91.0	26.162537413043527	7.054945054945055	321.0	12.0	6.0	A24-A39;A34-A51;A37-A46;A59-A74;A69-A88;A72-A83	0.0	0.3417582417582419	1.2583100868563752	0	catharsius_molossus	test	0.022793742011624277
catharsius_molossus_2	Catharsius_molossus	/home/danilo/Caroline/coletotox_min/00_inputs/toxin/Catharsius_molossus/Catharsius_molossus.fas.pasta.toxin_renomeado.fasta	1	0.999848	92	12	0.1304347826086956	C-x(9)-C-x(2)-C-x(1)-C-x(6)-C-x(4)-C-x(8)-C-x(9)-C-x(2)-C-x(1)-C-x(8)-C-x(4)-C	9,2,1,6,4,8,9,2,1,8,4	4.199999999999999	0.0630434782608696	0.0652173913043478	39.66304347826087	SP(Sec/SPI)	1	json	76.40372881355931	18.883657110580057	0.6370056497175142	0.53954802259887	0.3940677966101695	92.0	0.1630434782608695	0.2826086956521739	0.5543478260869565	8994.750161540429	0.5151048906147718	0.2322910304165883	0.1304347826086956	0.9714285714285714	92.0	26.15705448285501	7.478260869565218	344.0	12.0	6.0	A24-A39;A34-A51;A37-A46;A60-A75;A70-A89;A73-A84	1.0	0.0630434782608696	1.20117702284451	0	catharsius_molossus	test	0.1321419125612764
anomala_sp_1	Anomala_sp	/home/danilo/Caroline/coletotox_min/00_inputs/toxin/Anomala_sp/Anomala_sp.fas.pasta.toxin_renomeado.fasta	1	0.99989	79	10	0.1265822784810126	C-x(8)-C-x(3)-C-x(3)-C-x(9)-C-x(3)-C-x(3)-C-x(1)-C-x(11)-C-x(5)-C	8,3,3,9,3,3,1,11,5	4.2	0.2987341772151901	0.0759493670886076	31.086075949367093	SP(Sec/SPI)	1	json	86.72628919860627	12.547638157755705	0.8484320557491289	0.7142857142857143	0.6010452961672473	79.0	0.189873417721519	0.2531645569620253	0.5569620253164557	6617.844690540074	0.4874519373474827	0.2420934165906933	0.2658227848101265	0.8620689655172413	79.0	20.60208613217595	8.025316455696203	317.0	10.0	5.0	A24-A59;A33-A55;A37-A51;A41-A79;A61-A73	1.0	0.2987341772151901	1.1297816923212634	1	anomala_sp	test	0.9204293199954234
sisyphus_schaefferi_3	Sisyphus_schaefferi	/home/danilo/Caroline/coletotox_min/00_inputs/toxin/Sisyphus_schaefferi/GKIS00000000.toxin_renomeado.fasta	1	0.999884	76	10	0.131578947368421	C-x(8)-C-x(3)-C-x(3)-C-x(7)-C-x(3)-C-x(3)-C-x(1)-C-x(11)-C-x(5)-C	8,3,3,7,3,3,1,11,5	3.1999999999999997	0.156578947368421	0.1052631578947368	35.77513157894736	SP(Sec/SPI)	1	json	86.24041958041957	12.345469632756904	0.8566433566433567	0.701048951048951	0.5437062937062938	76.0	0.1973684210526315	0.2763157894736842	0.5263157894736842	6553.158536779356	0.4885716007390338	0.2376410776590876	0.2105263157894736	0.8571428571428571	76.0	19.61926052285905	7.868421052631579	299.0	10.0	5.0	A23-A56;A32-A52;A36-A48;A40-A76;A58-A70	1.0	0.156578947368421	1.0945203128450498	1	sisyphus_schaefferi	test	0.9097721074721828
serica_brunnea_2	Serica_brunnea	/home/danilo/Caroline/coletotox_min/00_inputs/toxin/Serica_brunnea/Serica_brunnea.fas.pasta.toxin_renomeado.fasta	1	0.999868	78	10	0.1282051282051282	C-x(8)-C-x(3)-C-x(3)-C-x(9)-C-x(3)-C-x(3)-C-x(1)-C-x(11)-C-x(5)-C	8,3,3,9,3,3,1,11,5	5.1	0.1717948717948719	0.1153846153846153	25.67179487179487	SP(Sec/SPI)	1	json	80.45369676320274	18.68927229563568	0.7001703577512777	0.6218057921635435	0.4906303236797274	78.0	0.1025641025641025	0.2564102564102564	0.6410256410256411	7283.234718971459	0.5229619664184877	0.2634784194966168	0.2435897435897435	0.7931034482758621	78.0	21.354079402567645	7.564102564102564	295.0	10.0	5.0	A23-A58;A32-A54;A36-A50;A40-A78;A60-A72	1.0	0.1717948717948719	1.0859073935264056	1	serica_brunnea	test	0.3840802863779084
macrosiagon_limbatum_2	Macrosiagon_limbatum	/home/danilo/Caroline/coletotox_min/00_inputs/toxin/Macrosiagon_limbatum/Macrosiagon_limbatum.fas.pasta.toxin_renomeado.fasta	1	0.999777	81	10	0.1234567901234567	C-x(8)-C-x(3)-C-x(3)-C-x(6)-C-x(6)-C-x(3)-C-x(1)-C-x(11)-C-x(5)-C	8,3,3,6,6,3,1,11,5	2.1	-0.0283950617283951	0.074074074074074	31.859259259259243	SP(Sec/SPI)	1	json	85.01333868378812	16.888712285350945	0.7672552166934189	0.709470304975923	0.6035313001605136	81.0	0.037037037037037	0.2345679012345679	0.7283950617283951	7736.890892247404	0.5159808574376434	0.2641092491647799	0.1975308641975308	0.8214285714285714	81.0	25.976052974959508	7.012345679012346	284.0	10.0	5.0	A26-A61;A35-A57;A39-A50;A43-A81;A63-A75	1.0	-0.0283950617283951	1.0437921094663418	1	macrosiagon_limbatum	test	0.7783261402071898
neoserica_sp_1	Neoserica_sp	/home/danilo/Caroline/coletotox_min/00_inputs/toxin/Neoserica_sp/GKKO00000000.toxin_renomeado.fasta	1	0.998937	74	7	0.0945945945945946	C-x(14)-C-x(3)-C-x(7)-C-x(14)-C-x(6)-C-x(14)-C	14,3,7,14,6,14	2.0	0.297297297297297	0.1081081081081081	34.76216216216216	SP(Sec/SPI)	1	json	79.89662565905097	21.23407483579816	0.6783831282952548	0.6291739894551845	0.546572934973638	74.0	0.3783783783783784	0.1756756756756756	0.4459459459459459	6631.823598172913	0.487676635454664	0.2619002785596397	0.2162162162162162	0.7647058823529411	74.0	23.091887040774907	7.837837837837838	290.0	7.0	3.0	A25-A59;A29-A52;A37-A74	1.0	0.297297297297297	0.8077662242910748	0	neoserica_sp	test	0.043806111724316615
sitophilus_oryzae_2	Sitophilus_oryzae	/home/danilo/Caroline/coletotox_min/00_inputs/toxin/Sitophilus_oryzae/Sitophilus_oryzae.fas.pasta.toxin_renomeado.fasta	1	0.996533	93	8	0.086021505376344	C-x(2)-C-x(13)-C-x(10)-C-x(15)-C-x(7)-C-x(12)-C-x(7)-C	2,13,10,15,7,12,7	2.1999999999999997	0.2548387096774194	0.086021505376344	36.03978494623656	SP(Sec/SPI)	1	json	79.53669014084508	25.19140977893985	0.7267605633802817	0.6816901408450704	0.6028169014084507	93.0	0.3333333333333333	0.1827956989247312	0.4838709677419355	7439.604320842642	0.4479529966801887	0.2720324336824201	0.2580645161290322	0.7368421052631579	93.0	20.36138583443239	8.408602150537634	391.0	8.0	3.0	A32-A88;A43-A67;A59-A80	1.0	0.2548387096774194	0.7942884340451309	0	sitophilus_oryzae	test	0.17617932189403288
brassicogethes_aeneus_2	Brassicogethes_aeneus	/home/danilo/Caroline/coletotox_min/00_inputs/toxin/Brassicogethes_aeneus/Brassicogethes_aeneus.fas.pasta.toxin_renomeado.fasta	1	0.996697	83	7	0.0843373493975903	C-x(16)-C-x(8)-C-x(15)-C-x(7)-C-x(12)-C-x(7)-C	16,8,15,7,12,7	4.1	0.042168674698795	0.108433734939759	26.86626506024097	SP(Sec/SPI)	1	json	86.65055964653904	13.775058739632136	0.833578792341679	0.7142857142857143	0.5773195876288659	83.0	0.3493975903614458	0.2048192771084337	0.4457831325301205	6548.034654157901	0.4078270549763256	0.2365409057380524	0.253012048192771	0.8	83.0	17.01630736235844	8.795180722891565	365.0	7.0	3.0	A27-A81;A36-A60;A52-A73	1.0	0.042168674698795	0.7549276253171744	1	brassicogethes_aeneus	test	0.8040480180039502
anomala_sp_2	Anomala_sp	/home/danilo/Caroline/coletotox_min/00_inputs/toxin/Anomala_sp/Anomala_sp.fas.pasta.toxin_renomeado.fasta	1	0.999764	91	6	0.0659340659340659	C-x(3)-C-x(7)-C-x(14)-C-x(6)-C-x(13)-C	3,7,14,6,13	5.1	0.0373626373626372	0.0439560439560439	26.3032967032967	SP(Sec/SPI)	1	json	78.07949025487257	22.63786562068297	0.6506746626686657	0.6176911544227887	0.5322338830584707	91.0	0.2857142857142857	0.1648351648351648	0.5494505494505495	7907.867993293818	0.488414964813567	0.2721449959185778	0.2197802197802197	0.7428571428571429	91.0	23.23431783633097	7.868131868131868	358.0	6.0	3.0	A34-A68;A38-A61;A46-A82	1.0	0.0373626373626372	0.7319831563339209	0	anomala_sp	test	0.04008984146640017
hippodamia_convergens_1	Hippodamia_convergens	/home/danilo/Caroline/coletotox_min/00_inputs/toxin/Hippodamia_convergens/Hippodamia_convergens.fas.pasta.toxin_renomeado.fasta	1	0.534646	95	7	0.0736842105263157	C-x(15)-C-x(10)-C-x(13)-C-x(7)-C-x(12)-C-x(7)-C	15,10,13,7,12,7	2.3000000000000007	-0.0052631578947368	0.1052631578947368	38.44105263157894	SP(Sec/SPI)	1	json	80.45202702702701	22.1877121629585	0.6932432432432433	0.6297297297297297	0.5608108108108109	95.0	0.3157894736842105	0.1789473684210526	0.5052631578947369	8272.611430195797	0.4733517771753489	0.2578842175094738	0.2105263157894736	0.7567567567567568	95.0	25.492311894866507	8.16842105263158	388.0	7.0	3.0	A40-A94;A51-A73;A65-A86	1.0	-0.0052631578947368	0.7280093172119487	1	hippodamia_convergens	test	0.07855987690387925
sitophilus_oryzae_1	Sitophilus_oryzae	/home/danilo/Caroline/coletotox_min/00_inputs/toxin/Sitophilus_oryzae/Sitophilus_oryzae.fas.pasta.toxin_renomeado.fasta	1	0.997762	90	7	0.0777777777777777	C-x(20)-C-x(10)-C-x(15)-C-x(7)-C-x(12)-C-x(7)-C	20,10,15,7,12,7	3.1	-0.0522222222222221	0.1222222222222222	24.852222222222224	SP(Sec/SPI)	1	json	82.67358974358973	20.266108121585464	0.7065527065527065	0.6851851851851852	0.6225071225071225	90.0	0.3666666666666666	0.1888888888888888	0.4444444444444444	6849.067057032117	0.4173984669915495	0.2464673526718248	0.2888888888888888	0.7058823529411765	90.0	18.333547994598504	8.466666666666667	381.0	7.0	3.0	A32-A88;A43-A67;A59-A80	1.0	-0.0522222222222221	0.7217360683760683	1	sitophilus_oryzae	test	0.3081946668377967
macrosiagon_limbatum_1	Macrosiagon_limbatum	/home/danilo/Caroline/coletotox_min/00_inputs/toxin/Macrosiagon_limbatum/Macrosiagon_limbatum.fas.pasta.toxin_renomeado.fasta	1	0.999499	87	7	0.0804597701149425	C-x(13)-C-x(8)-C-x(15)-C-x(7)-C-x(12)-C-x(3)-C	13,8,15,7,12,3	7.1	-0.0448275862068965	0.0804597701149425	39.90344827586206	SP(Sec/SPI)	1	json	78.0483851851852	25.704540937347637	0.6785185185185185	0.6444444444444445	0.5837037037037037	87.0	0.367816091954023	0.1724137931034483	0.4597701149425287	7154.839302476932	0.4435717680870852	0.2454609236785943	0.2413793103448276	0.7575757575757576	87.0	21.460309356269747	8.597701149425287	374.0	7.0	3.0	A34-A84;A43-A67;A59-A80	1.0	-0.0448275862068965	0.7150048163473818	0	macrosiagon_limbatum	test	0.1049524041954546
elateroides_flabellicornis_3	Elateroides_flabellicornis	/home/danilo/Caroline/coletotox_min/00_inputs/toxin/Elateroides_flabellicornis/Elateroides_flabellicornis.fas.pasta.toxin_renomeado.fasta	1	0.999155	77	7	0.0909090909090909	C-x(19)-C-x(6)-C-x(5)-C-x(0)-C-x(4)-C-x(6)-C	19,6,5,0,4,6	4.199999999999999	-0.1233766233766235	0.0389610389610389	39.64415584415584	SP(Sec/SPI)	1	json	81.92394648829432	15.001866533048393	0.782608695652174	0.6204013377926422	0.4347826086956521	77.0	0.3766233766233766	0.1298701298701298	0.4935064935064935	7741.2397138141105	0.528065341081255	0.2116260645772154	0.1038961038961039	1.0	77.0	24.372624163072118	7.61038961038961	293.0	7.0	3.0	A27-A41;A34-A46;A40-A53	1.0	-0.1233766233766235	0.7057310098597054	1	elateroides_flabellicornis	test	0.4062603957338498
elateroides_flabellicornis_1	Elateroides_flabellicornis	/home/danilo/Caroline/coletotox_min/00_inputs/toxin/Elateroides_flabellicornis/Elateroides_flabellicornis.fas.pasta.toxin_renomeado.fasta	1	0.999689	75	6	0.08	C-x(6)-C-x(5)-C-x(0)-C-x(4)-C-x(6)-C	6,5,0,4,6	4.199999999999999	-0.1733333333333333	0.0399999999999999	26.87733333333333	SP(Sec/SPI)	1	json	84.65521588946459	11.6071968806694	0.8635578583765112	0.6994818652849741	0.4335060449050086	75.0	0.4	0.1466666666666666	0.4533333333333333	7299.807540758125	0.517567026941723	0.2135579457229736	0.12	0.9285714285714286	75.0	23.27455152696085	7.84	294.0	6.0	3.0	A25-A39;A32-A44;A38-A51	1.0	-0.1733333333333333	0.6959770984455957	1	elateroides_flabellicornis	test	0.8303173645915891
dastarcus_helophoroides_1	Dastarcus_helophoroides	/home/danilo/Caroline/coletotox_min/00_inputs/toxin/Dastarcus_helophoroides/Dastarcus_helophoroides.fas.pasta.toxin_renomeado.fasta	1	0.997405	91	9	0.0989010989010989	C-x(11)-C-x(2)-C-x(11)-C-x(9)-C-x(15)-C-x(7)-C-x(12)-C-x(7)-C	11,2,11,9,15,7,12,7	5.1	-0.1725274725274725	0.1318681318681318	34.808791208791206	SP(Sec/SPI)	1	json	81.45949453551913	20.24692296371486	0.6939890710382514	0.6530054644808743	0.5669398907103825	91.0	0.4285714285714285	0.1868131868131868	0.3846153846153846	7716.421990224552	0.4362647481804749	0.2519461190149801	0.2747252747252747	0.7567567567567568	91.0	18.43663912844785	8.68131868131868	395.0	9.0	3.0	A33-A88;A43-A67;A59-A80	1.0	-0.1725274725274725	0.6945123956644448	1	dastarcus_helophoroides	test	0.207138079925556
elateroides_flabellicornis_4	Elateroides_flabellicornis	/home/danilo/Caroline/coletotox_min/00_inputs/toxin/Elateroides_flabellicornis/Elateroides_flabellicornis.fas.pasta.toxin_renomeado.fasta	1	0.993653	96	7	0.0729166666666666	C-x(37)-C-x(8)-C-x(15)-C-x(7)-C-x(12)-C-x(3)-C	37,8,15,7,12,3	7.1	-0.2083333333333332	0.0833333333333333	10.327083333333333	SP(Sec/SPI)	1	json	74.53103120759837	29.248328781682797	0.6485753052917232	0.6173677069199457	0.5522388059701493	96.0	0.4270833333333333	0.15625	0.4166666666666667	8029.20862093369	0.4568820275516613	0.2271730268984886	0.2083333333333333	0.7647058823529411	96.0	26.896806461507644	8.666666666666666	416.0	7.0	3.0	A43-A93;A52-A76;A68-A89	1.0	-0.2083333333333332	0.66520789574853	0	elateroides_flabellicornis	test	0.21439870848772485
serica_brunnea_1	Serica_brunnea	/home/danilo/Caroline/coletotox_min/00_inputs/toxin/Serica_brunnea/Serica_brunnea.fas.pasta.toxin_renomeado.fasta	1	0.998908	91	7	0.0769230769230769	C-x(18)-C-x(8)-C-x(15)-C-x(7)-C-x(12)-C-x(3)-C	18,8,15,7,12,3	6.0	-0.2615384615384616	0.1098901098901098	37.93747252747251	SP(Sec/SPI)	1	json	78.29536931818183	27.386571467392628	0.7116477272727273	0.6732954545454546	0.5866477272727273	91.0	0.4175824175824176	0.1648351648351648	0.4175824175824176	7676.027137793816	0.453396912951547	0.2434368422044228	0.2527472527472527	0.7714285714285715	91.0	23.78944035040515	8.747252747252746	398.0	7.0	3.0	A37-A87;A46-A70;A62-A83	1.0	-0.2615384615384616	0.6604368924825175	0	serica_brunnea	test	0.1837294741595852
dastarcus_helophoroides_2	Dastarcus_helophoroides	/home/danilo/Caroline/coletotox_min/00_inputs/toxin/Dastarcus_helophoroides/Dastarcus_helophoroides.fas.pasta.toxin_renomeado.fasta	0	0.004939	83	4	0.0481927710843373	C-x(12)-C-x(9)-C-x(23)-C	12,9,23	1.3000000000000007	-0.3240963855421686	0.072289156626506	29.773493975903605	OTHER	0	json	93.3832753164557	8.415414439587847	0.9667721518987342	0.9272151898734176	0.8259493670886076	83.0	0.1927710843373494	0.3132530120481928	0.4939759036144578	6104.098174617108	0.3952522719411616	0.2547355215490862	0.2650602409638554	0.6551724137931034	83.0	12.940284775985866	8.891566265060241	369.0	4.0	2.0	A12-A25;A35-A59	1.0	-0.3240963855421686	0.4177906470184536	1	dastarcus_helophoroides	test	0.9600760007453446
neoserica_sp_2	Neoserica_sp	/home/danilo/Caroline/coletotox_min/00_inputs/toxin/Neoserica_sp/GKKO00000000.toxin_renomeado.fasta	0	0.028543	63	4	0.0634920634920634	C-x(10)-C-x(23)-C-x(10)-C	10,23,10	2.1	0.2317460317460319	0.0793650793650793	17.319047619047627	OTHER	0	json	93.90905829596412	7.771176363513748	0.9663677130044844	0.9417040358744396	0.8587443946188341	63.0	0.1904761904761904	0.3174603174603174	0.492063492063492	4696.169420192834	0.4430064601414629	0.2208301537092523	0.2539682539682539	0.5833333333333334	63.0	12.802572501083626	8.952380952380953	282.0	4.0	1.0	A14-A38	1.0	0.2317460317460319	0.4116276404014521	1	neoserica_sp	test	0.9833795829469015
inopeplus_dimidiatus_1	Inopeplus_dimidiatus	/home/danilo/Caroline/coletotox_min/00_inputs/toxin/Inopeplus_dimidiatus/Inopeplus_dimidiatus.fas.pasta.toxin_renomeado.fasta	0	0.005133	88	4	0.0454545454545454	C-x(8)-C-x(9)-C-x(13)-C	8,9,13	3.1	0.3034090909090908	0.0681818181818181	29.993181818181817	OTHER	0	json	79.50440625	19.73008081641991	0.6578125	0.628125	0.5390625	88.0	0.3522727272727273	0.25	0.3977272727272727	7585.462768422892	0.4942884745182402	0.2102286511823735	0.1704545454545454	0.8	88.0	26.250667815358987	8.409090909090908	370.0	4.0	1.0	A12-A36	1.0	0.3034090909090908	0.396224721590909	0	inopeplus_dimidiatus	test	0.02011332064475617
sisyphus_schaefferi_1	Sisyphus_schaefferi	/home/danilo/Caroline/coletotox_min/00_inputs/toxin/Sisyphus_schaefferi/GKIS00000000.toxin_renomeado.fasta	0	0.006324	62	3	0.0483870967741935	C-x(10)-C-x(23)-C	10,23	2.0	0.0935483870967741	0.0806451612903225	34.35483870967743	OTHER	0	json	94.05337209302324	6.422161740386668	0.9906976744186048	0.9488372093023256	0.8534883720930233	62.0	0.1935483870967742	0.3387096774193548	0.4677419354838709	4582.832165578137	0.4493317539369486	0.210797448487462	0.2096774193548387	0.72	62.0	12.846947573784972	8.96774193548387	278.0	3.0	1.0	A13-A37	1.0	0.0935483870967741	0.3735906151537884	1	sisyphus_schaefferi	test	0.972742735332577
serangium_japonicum_1	Serangium_japonicum	/home/danilo/Caroline/coletotox_min/00_inputs/toxin/Serangium_japonicum/Serangium_japonicum.fas.pasta.toxin_renomeado.fasta	0	0.009463	81	4	0.0493827160493827	C-x(10)-C-x(28)-C-x(8)-C	10,28,8	2.3000000000000007	0.0135802469135802	0.0987654320987654	30.612345679012343	OTHER	0	json	92.8130681818182	7.140426351127132	0.9756493506493508	0.9301948051948052	0.7711038961038961	81.0	0.1851851851851851	0.2839506172839506	0.5308641975308642	5999.6676367889895	0.4026949832522666	0.2315913009625941	0.2469135802469135	0.6774193548387096	81.0	13.706363604718293	8.938271604938272	362.0	4.0	1.0	A28-A57	1.0	0.0135802469135802	0.3513668771043771	1	serangium_japonicum	test	0.9821280257311978
amphizoa_lecontei_1	Amphizoa_lecontei	/home/danilo/Caroline/coletotox_min/00_inputs/toxin/Amphizoa_lecontei/Amphizoa_lecontei.fas.pasta.toxin_renomeado.fasta	0	0.003883	70	3	0.0428571428571428	C-x(8)-C-x(23)-C	8,23	5.1	-0.1585714285714285	0.0714285714285714	32.05428571428571	OTHER	0	json	89.19263671875	9.510270346901384	0.9375	0.830078125	0.625	70.0	0.2285714285714285	0.3142857142857143	0.4571428571428571	6028.052153890062	0.4982359125063149	0.2443575006748952	0.1571428571428571	0.7777777777777778	70.0	16.325368769619928	7.885714285714286	276.0	3.0	1.0	A12-A36	1.0	-0.1585714285714285	0.2994567020089286	1	amphizoa_lecontei	test	0.7738236332986448
neoserica_sp_4	Neoserica_sp	/home/danilo/Caroline/coletotox_min/00_inputs/toxin/Neoserica_sp/GKKO00000000.toxin_renomeado.fasta	0	0.008276	74	4	0.054054054054054	C-x(10)-C-x(9)-C-x(22)-C	10,9,22	5.0	-0.3013513513513514	0.1486486486486486	26.120270270270268	OTHER	0	json	90.46410211267606	9.977055221052916	0.931338028169014	0.8591549295774648	0.7024647887323944	74.0	0.2027027027027027	0.2972972972972973	0.5	6180.454803436303	0.4480333031208992	0.2161840440081493	0.1756756756756756	0.8148148148148148	74.0	14.58437437843698	8.81081081081081	326.0	4.0	1.0	A14-A47	1.0	-0.3013513513513514	0.2691038799010278	1	neoserica_sp	test	0.953221654915831
gipg00000000_1	Tenebrio_molitor	/home/danilo/Caroline/coletotox_min/00_inputs/toxin/Tenebrio_molitor/GIPG00000000/GIPG00000000.toxin_renomeado.fasta	1	0.998396	85	11	0.1294117647058823	C-x(16)-C-x(8)-C-x(3)-C-x(3)-C-x(7)-C-x(3)-C-x(3)-C-x(1)-C-x(11)-C-x(5)-C	16,8,3,3,7,3,3,1,11,5	3.0	0.2917647058823529	0.0941176470588235	10.994117647058822	SP(Sec/SPI)	1																								0.2917647058823529	0.2052941176470588	0	gipg00000000	test	0.41612454367212753
gkjd00000000_1	Serica_brunnea	/home/danilo/Caroline/coletotox_min/00_inputs/toxin/Serica_brunnea/GKJD00000000/GKJD00000000.toxin_renomeado.fasta	1	0.999868	78	10	0.1282051282051282	C-x(8)-C-x(3)-C-x(3)-C-x(9)-C-x(3)-C-x(3)-C-x(1)-C-x(11)-C-x(5)-C	8,3,3,9,3,3,1,11,5	6.1	0.2397435897435899	0.1153846153846153	25.67179487179487	SP(Sec/SPI)	1																								0.2397435897435899	0.1919871794871795	0	gkjd00000000	test	0.3753266682967598
gdov00000000_1	Melanotus_villosus	/home/danilo/Caroline/coletotox_min/00_inputs/toxin/Melanotus_villosus/GDOV00000000/GDOV00000000.toxin_renomeado.fasta	1	0.99971	91	10	0.1098901098901098	C-x(8)-C-x(3)-C-x(3)-C-x(6)-C-x(6)-C-x(3)-C-x(1)-C-x(11)-C-x(5)-C	8,3,3,6,6,3,1,11,5	3.0	0.1846153846153844	0.0769230769230769	28.192307692307686	SP(Sec/SPI)	1																								0.1846153846153844	0.1736263736263736	0	gdov00000000	test	0.2823136312670197
inopeplus_dimidiatus_2	Inopeplus_dimidiatus	/home/danilo/Caroline/coletotox_min/00_inputs/toxin/Inopeplus_dimidiatus/Inopeplus_dimidiatus.fas.pasta.toxin_renomeado.fasta	0	0.001126	88	3	0.034090909090909	C-x(39)-C-x(11)-C	39,11	2.1	-0.1818181818181817	0.1022727272727272	18.65568181818182	OTHER	0	json	92.1296275071633	8.176819750771521	0.9727793696275072	0.9068767908309456	0.7349570200573066	88.0	0.4772727272727273	0.0227272727272727	0.5	7691.99329308726	0.4699697856739435	0.2450344542227528	0.2159090909090909	0.6857142857142857	88.0	15.992373030799712	7.568181818181818	333.0	3.0	0.0		1.0	-0.1818181818181817	0.1473274368325084	1	inopeplus_dimidiatus	test	0.9525981696655906
brassicogethes_aeneus_1	Brassicogethes_aeneus	/home/danilo/Caroline/coletotox_min/00_inputs/toxin/Brassicogethes_aeneus/Brassicogethes_aeneus.fas.pasta.toxin_renomeado.fasta	0	0.006796	75	1	0.0133333333333333			1.0999999999999996	-0.1973333333333333	0.0933333333333333	39.278666666666666	OTHER	0	json	89.84753719008265	8.93527939694722	0.9570247933884296	0.8628099173553719	0.5917355371900826	75.0	0.6266666666666667	0.0	0.3733333333333333	7689.998763117762	0.5359258321706424	0.1764822357871453	0.0533333333333333	0.96875	75.0	17.56574457069339	7.04	264.0	1.0	0.0		1.0	-0.1973333333333333	0.1336950743801653	1	brassicogethes_aeneus	test	0.8443763369375739
ggnv00000000_1	Leptinotarsa_decemlineata	/home/danilo/Caroline/coletotox_min/00_inputs/toxin/Leptinotarsa_decemlineata/GGNV00000000/GGNV00000000.toxin_renomeado.fasta	1	0.999743	86	7	0.0813953488372093	C-x(8)-C-x(15)-C-x(7)-C-x(12)-C-x(3)-C-x(4)-C	8,15,7,12,3,4	1.1999999999999993	-9.29489043872224e-17	0.1046511627906976	32.42441860465116	SP(Sec/SPI)	1																								-9.29489043872224e-17	0.1203488372093023	0	ggnv00000000	test	0.3125936968546617
gfui00000000_1	Liopterus_haemorrhoidalis	/home/danilo/Caroline/coletotox_min/00_inputs/toxin/Liopterus_haemorrhoidalis/GFUI00000000/GFUI00000000.toxin_renomeado.fasta	1	0.999579	91	7	0.0769230769230769	C-x(30)-C-x(8)-C-x(15)-C-x(7)-C-x(12)-C-x(3)-C	30,8,15,7,12,3	4.199999999999999	-4.8801012071435456e-18	0.0989010989010989	39.18901098901098	SP(Sec/SPI)	1																								-4.8801012071435456e-18	0.1192307692307692	0	gfui00000000	test	0.2884038559357889
neoserica_sp_3	Neoserica_sp	/home/danilo/Caroline/coletotox_min/00_inputs/toxin/Neoserica_sp/GKKO00000000.toxin_renomeado.fasta	0	0.00239	78	0	0.0			1.0	-0.2141025641025641	0.1025641025641025	25.32051282051281	OTHER	0	json	84.22642504118616	14.67444635590348	0.8632619439868204	0.7545304777594728	0.514003294892916	78.0	0.5256410256410257	0.0769230769230769	0.3974358974358974	6590.9925880079545	0.4515692424364733	0.24861970502764	0.2307692307692307	0.7272727272727273	78.0	14.435254548785464	8.0	312.0	0.0	0.0		1.0	-0.2141025641025641	0.1149272090567312	1	neoserica_sp	test	0.11818702015937112
sisyphus_schaefferi_4	Sisyphus_schaefferi	/home/danilo/Caroline/coletotox_min/00_inputs/toxin/Sisyphus_schaefferi/GKIS00000000.toxin_renomeado.fasta	0	0.102425	67	3	0.044776119402985	C-x(39)-C-x(12)-C	39,12	2.1	-0.3477611940298508	0.1044776119402985	26.05522388059701	OTHER	0	json	94.8821992481203	6.114247863002039	0.9849624060150376	0.9530075187969924	0.868421052631579	67.0	0.5074626865671642	0.0298507462686567	0.4626865671641791	5718.374958388056	0.4520762851954557	0.2370493605509023	0.2537313432835821	0.68	67.0	13.595441319512586	7.522388059701493	252.0	3.0	0.0		1.0	-0.3477611940298508	0.1140181298395241	1	sisyphus_schaefferi	test	0.9735097017163019
sisyphus_schaefferi_2	Sisyphus_schaefferi	/home/danilo/Caroline/coletotox_min/00_inputs/toxin/Sisyphus_schaefferi/GKIS00000000.toxin_renomeado.fasta	0	0.025611	66	3	0.0454545454545454	C-x(39)-C-x(11)-C	39,11	2.1999999999999997	-0.3772727272727273	0.1212121212121212	38.374242424242425	OTHER	0	json	94.4807063197026	6.339711263639452	0.9888475836431226	0.9423791821561338	0.8475836431226765	66.0	0.5	0.0303030303030303	0.4696969696969697	5843.160909565897	0.4586752007401329	0.2416599921310464	0.2272727272727272	0.75	66.0	13.595682746810782	7.666666666666667	253.0	3.0	0.0		1.0	-0.3772727272727273	0.1060068671848597	1	sisyphus_schaefferi	test	0.9486432403188396
gdov00000000_2	Melanotus_villosus	/home/danilo/Caroline/coletotox_min/00_inputs/toxin/Melanotus_villosus/GDOV00000000/GDOV00000000.toxin_renomeado.fasta	0	0.004576	68	4	0.0588235294117647	C-x(9)-C-x(9)-C-x(13)-C	9,9,13	3.2	0.3426470588235294	0.0735294117647058	30.808823529411764	OTHER	0																								0.3426470588235294	0.1003676470588235	0	gdov00000000	test	0.20270475950463182
ggnv00000000_2	Leptinotarsa_decemlineata	/home/danilo/Caroline/coletotox_min/00_inputs/toxin/Leptinotarsa_decemlineata/GGNV00000000/GGNV00000000.toxin_renomeado.fasta	1	0.999204	85	6	0.0705882352941176	C-x(8)-C-x(15)-C-x(7)-C-x(12)-C-x(3)-C	8,15,7,12,3	1.1999999999999993	-0.0976470588235294	0.0705882352941176	39.56941176470588	SP(Sec/SPI)	1																								-0.0976470588235294	0.093235294117647	0	ggnv00000000	test	0.2764390422504985
elateroides_flabellicornis_2	Elateroides_flabellicornis	/home/danilo/Caroline/coletotox_min/00_inputs/toxin/Elateroides_flabellicornis/Elateroides_flabellicornis.fas.pasta.toxin_renomeado.fasta	0	0.03204	70	3	0.0428571428571428	C-x(39)-C-x(11)-C	39,11	3.1	-0.44	0.1285714285714286	38.495714285714286	OTHER	0	json	94.2203339191564	6.827133917940179	0.9876977152899824	0.938488576449912	0.820738137082601	70.0	0.5428571428571428	0.0285714285714285	0.4285714285714285	6120.023285813228	0.4532618285528483	0.2366045164861087	0.2	0.76	70.0	13.909714773099395	7.771428571428571	272.0	3.0	0.0		1.0	-0.44	0.0891549535525985	1	elateroides_flabellicornis	test	0.9472671674507557
gkjd00000000_2	Serica_brunnea	/home/danilo/Caroline/coletotox_min/00_inputs/toxin/Serica_brunnea/GKJD00000000/GKJD00000000.toxin_renomeado.fasta	1	0.999659	89	8	0.0898876404494382	C-x(4)-C-x(16)-C-x(8)-C-x(15)-C-x(7)-C-x(12)-C-x(3)-C	4,16,8,15,7,12,3	9.2	-0.1561797752808988	0.1011235955056179	27.356179775280893	SP(Sec/SPI)	1																								-0.1561797752808988	0.0834269662921348	0	gkjd00000000	test	0.4556876589857974
ggnv00000000_3	Leptinotarsa_decemlineata	/home/danilo/Caroline/coletotox_min/00_inputs/toxin/Leptinotarsa_decemlineata/GGNV00000000/GGNV00000000.toxin_renomeado.fasta	1	0.99405	91	1	0.0109890109890109			2.4000000000000004	-0.1153846153846153	0.1098901098901098	22.26373626373626	SP(Sec/SPI)	1																								-0.1153846153846153	0.0739010989010989	0	ggnv00000000	test	0.5649804825854293
gkjd00000000_3	Serica_brunnea	/home/danilo/Caroline/coletotox_min/00_inputs/toxin/Serica_brunnea/GKJD00000000/GKJD00000000.toxin_renomeado.fasta	1	0.998908	91	7	0.0769230769230769	C-x(18)-C-x(8)-C-x(15)-C-x(7)-C-x(12)-C-x(3)-C	18,8,15,7,12,3	6.0	-0.2615384615384616	0.1098901098901098	37.93747252747251	SP(Sec/SPI)	1																								-0.2615384615384616	0.0538461538461538	0	gkjd00000000	test	0.3441143633577489
gfuk00000000_1	Hygrobia_hermanni	/home/danilo/Caroline/coletotox_min/00_inputs/toxin/Hygrobia_hermanni/GFUK00000000/GFUK00000000.toxin_renomeado.fasta	0	0.00182	99	5	0.0505050505050505	C-x(22)-C-x(8)-C-x(16)-C-x(13)-C	22,8,16,13	1.1999999999999993	0.0232323232323232	0.101010101010101	23.96161616161616	OTHER	0																								0.0232323232323232	0.0184343434343434	0	gfuk00000000	test	0.2070038904481643
ggnv00000000_9	Leptinotarsa_decemlineata	/home/danilo/Caroline/coletotox_min/00_inputs/toxin/Leptinotarsa_decemlineata/GGNV00000000/GGNV00000000.toxin_renomeado.fasta	0	0.038682	70	3	0.0428571428571428	C-x(14)-C-x(10)-C	14,10	1.0999999999999996	-0.0414285714285714	0.1428571428571428	24.380000000000003	OTHER	0																								-0.0414285714285714	0.0003571428571428	0	ggnv00000000	test	0.273541882928809
ggnv00000000_6	Leptinotarsa_decemlineata	/home/danilo/Caroline/coletotox_min/00_inputs/toxin/Leptinotarsa_decemlineata/GGNV00000000/GGNV00000000.toxin_renomeado.fasta	0	0.014133	64	3	0.046875	C-x(11)-C-x(23)-C	11,23	4.1	-0.0734375	0.15625	5.754687499999998	OTHER	0																								-0.0734375	-0.006640625	0	ggnv00000000	test	0.4917248159478727
ggnv00000000_4	Leptinotarsa_decemlineata	/home/danilo/Caroline/coletotox_min/00_inputs/toxin/Leptinotarsa_decemlineata/GGNV00000000/GGNV00000000.toxin_renomeado.fasta	0	0.004133	94	4	0.0425531914893617	C-x(14)-C-x(12)-C-x(23)-C	14,12,23	1.0	-0.0691489361702128	0.1276595744680851	39.61382978723403	OTHER	0																								-0.0691489361702128	-0.0066489361702127	0	ggnv00000000	test	0.145603835137008
geuf00000000_1	Callosobruchus_maculatus	/home/danilo/Caroline/coletotox_min/00_inputs/toxin/Callosobruchus_maculatus/GEUF00000000/GEUF00000000.toxin_renomeado.fasta	0	0.046576	69	3	0.0434782608695652	C-x(10)-C-x(27)-C	10,27	3.3	-0.0884057971014493	0.0869565217391304	35.70724637681159	OTHER	0																								-0.0884057971014493	-0.011231884057971	0	geuf00000000	test	0.21233400890534354
ggnv00000000_7	Leptinotarsa_decemlineata	/home/danilo/Caroline/coletotox_min/00_inputs/toxin/Leptinotarsa_decemlineata/GGNV00000000/GGNV00000000.toxin_renomeado.fasta	0	0.003084	85	3	0.0352941176470588	C-x(10)-C-x(24)-C	10,24	2.1	-0.0882352941176471	0.1058823529411764	28.983529411764703	OTHER	0																								-0.0882352941176471	-0.013235294117647	0	ggnv00000000	test	0.2344826578605749
ggnv00000000_5	Leptinotarsa_decemlineata	/home/danilo/Caroline/coletotox_min/00_inputs/toxin/Leptinotarsa_decemlineata/GGNV00000000/GGNV00000000.toxin_renomeado.fasta	0	0.002676	74	2	0.027027027027027	C-x(27)-C	27	2.0	-0.0864864864864865	0.1081081081081081	35.39999999999999	OTHER	0																								-0.0864864864864865	-0.0148648648648648	0	ggnv00000000	test	0.21384554569762446
ggnv00000000_8	Leptinotarsa_decemlineata	/home/danilo/Caroline/coletotox_min/00_inputs/toxin/Leptinotarsa_decemlineata/GGNV00000000/GGNV00000000.toxin_renomeado.fasta	0	0.012073	63	3	0.0476190476190476	C-x(10)-C-x(23)-C	10,23	1.0	-0.1365079365079364	0.1587301587301587	21.766666666666666	OTHER	0																								-0.1365079365079364	-0.0222222222222222	0	ggnv00000000	test	0.3102487798744196
gipg00000000_2	Tenebrio_molitor	/home/danilo/Caroline/coletotox_min/00_inputs/toxin/Tenebrio_molitor/GIPG00000000/GIPG00000000.toxin_renomeado.fasta	0	0.00142	81	3	0.037037037037037	C-x(37)-C-x(15)-C	37,15	4.1	-0.2925925925925923	0.0864197530864197	23.48641975308641	OTHER	0																								-0.2925925925925923	-0.0638888888888888	0	gipg00000000	test	0.31285900586443427
gkjs00000000_1	Odontotaenius_disjunctus	/home/danilo/Caroline/coletotox_min/00_inputs/toxin/Odontotaenius_disjunctus/GKJS00000000/GKJS00000000.toxin_renomeado.fasta	0	0.003534	79	4	0.050632911392405	C-x(14)-C-x(10)-C-x(23)-C	14,10,23	2.1999999999999997	-0.3810126582278479	0.1139240506329113	25.915316455696203	OTHER	0																								-0.3810126582278479	-0.0825949367088607	0	gkjs00000000	test	0.2663503846529659
