MC21_heteronyx_sp_3	5hcq-assembly1_1n	0.025	78	12	60	1	55	60	60	0.817	0.917	3.254E-01	2.808E-01	2.808E-01	2.405E-01	24	5hcq-assembly1_1n Crystal structure of antimicrobial peptide Oncocin d15-19 bound to the Thermus thermophilus 70S ribosome
MC21_heteronyx_sp_3	6c5l-assembly2_CN	0.026	76	11	60	1	52	60	60	0.833	0.867	3.048E-01	2.678E-01	2.678E-01	2.260E-01	22	6c5l-assembly2_CN Conformation of methylated GGQ in the Peptidyl Transferase Center during translation termination (T. thermophilus)
MC04_gdmq00000000_1	4c5h-assembly1_B	0.100	30	1	30	1	26	36	26	0.833	1.000	8.065E-01	6.244E-01	7.895E-01	5.696E-01	55	4c5h-assembly1_B Crystal structure of the minimal Pho-Sfmbt complex (P3121 spacegroup)
MC04_gdmq00000000_1	5v93-assembly1_q	0.027	36	1	36	30	63	36	94	1.000	0.362	7.933E-01	7.431E-01	3.218E-01	4.850E-01	65	5v93-assembly1_q Cryo-EM structure of the 70S ribosome from Mycobacterium tuberculosis bound with Capreomycin
MC04_gdmq00000000_1	3mjk-assembly3_X	0.000	34	1	33	84	116	36	121	0.917	0.273	7.664E-01	7.075E-01	2.460E-01	4.159E-01	59	3mjk-assembly3_X Structure of a growth factor precursor
MC04_gdmq00000000_1	3mjk-assembly1_A	0.000	34	1	33	93	125	36	129	0.917	0.256	7.680E-01	7.089E-01	2.323E-01	4.121E-01	59	3mjk-assembly1_A Structure of a growth factor precursor
MC04_gdmq00000000_1	3agy-assembly1_A	0.019	103	1	36	13	114	36	176	1.000	0.580	7.497E-01	7.339E-01	1.803E-01	4.121E-01	64	3agy-assembly1_A Crystal structure of human Hsp40 Hdj1 peptide-binding domain complexed with a C-terminal peptide of Hsp70
MC04_gdmq00000000_1	3jvf-assembly1_B	0.067	74	1	33	26	99	36	104	0.917	0.712	7.009E-01	6.508E-01	2.708E-01	4.062E-01	55	3jvf-assembly1_B Crystal structure of an Interleukin-17 receptor complex
MC04_gdmq00000000_1	5nan-assembly2_E	0.066	75	1	33	35	108	36	113	0.917	0.655	6.842E-01	6.337E-01	2.427E-01	3.907E-01	54	5nan-assembly2_E Crystal Structure of human IL-17AF in complex with human IL-17RA
MC04_gdmq00000000_1	3tuo-assembly1_B	0.035	84	1	34	4	87	36	103	0.944	0.816	6.577E-01	6.289E-01	2.807E-01	3.771E-01	48	3tuo-assembly1_B Crystal structure of N-terminal domain of DNA-binding protein satb1
MC04_gdmq00000000_1	1jpy-assembly2_X	0.142	35	1	34	80	113	36	117	0.944	0.291	6.539E-01	6.205E-01	2.382E-01	3.757E-01	52	1jpy-assembly2_X Crystal structure of IL-17F
MC04_gdmq00000000_1	6hgo-assembly1_A	0.142	35	1	34	84	117	36	126	0.944	0.270	6.465E-01	6.141E-01	2.220E-01	3.692E-01	52	6hgo-assembly1_A Crystal Structure of human IL-17F
MC04_gdmq00000000_1	5m3h-assembly1_B	0.125	40	1	36	179	217	36	750	1.000	0.052	7.989E-01	7.823E-01	4.579E-02	3.606E-01	67	5m3h-assembly1_B Bat influenza A/H17N10 polymerase bound to four heptad repeats of serine 5 phosphorylated Pol II CTD
MC04_gdmq00000000_1	2q2g-assembly1_A	0.009	102	1	36	16	116	36	176	1.000	0.574	6.818E-01	6.697E-01	1.771E-01	3.601E-01	54	2q2g-assembly1_A Crystal structure of dimerization domain of HSP40 from Cryptosporidium parvum, cgd2_1800
MC04_gdmq00000000_1	8j07-assembly1_o	0.055	36	1	32	105	140	36	276	0.889	0.130	7.592E-01	6.842E-01	1.097E-01	3.455E-01	58	8j07-assembly1_o 96nm repeat of human respiratory doublet microtubule and associated axonemal complexes
MC04_gdmq00000000_1	6hix-assembly1_AJ	0.032	31	2	31	10	40	36	126	0.833	0.246	6.740E-01	5.981E-01	2.121E-01	3.433E-01	48	6hix-assembly1_AJ Cryo-EM structure of the Trypanosoma brucei mitochondrial ribosome - This entry contains the large mitoribosomal subunit
MC04_gdmq00000000_1	6evk-assembly1_B	0.006	164	1	36	177	339	36	748	1.000	0.218	7.552E-01	7.402E-01	4.533E-02	3.432E-01	64	6evk-assembly1_B Crystal structure of bat influenza A/H17N10 polymerase with viral RNA promoter and cap analogue m7GTP
MC04_gdmq00000000_1	8y39-assembly1_q	0.088	34	1	34	16	49	36	80	0.944	0.425	5.612E-01	5.437E-01	3.242E-01	3.402E-01	38	8y39-assembly1_q cryo-EM structure of Staphylococcus aureus(ATCC 29213) 70S ribosome in complex with MCX-190.
MC04_gdmq00000000_1	4wsb-assembly1_B	0.006	164	1	36	177	339	36	745	1.000	0.219	7.477E-01	7.331E-01	4.547E-02	3.398E-01	63	4wsb-assembly1_B Bat Influenza A polymerase with bound vRNA promoter
MC04_gdmq00000000_1	4rx6-assembly1_B	0.040	74	1	36	32	103	36	115	1.000	0.626	5.386E-01	5.308E-01	2.251E-01	3.304E-01	45	4rx6-assembly1_B Structure of B. subtilis GlnK-ATP complex to 2.6 Angstrom
MC04_gdmq00000000_1	2ek0-assembly1_A	0.074	27	4	30	60	86	36	90	0.750	0.300	5.573E-01	4.923E-01	2.484E-01	3.241E-01	41	2ek0-assembly1_A Stage V Sporolation Protein S (SPOVS) from Thermus thermophilus Zinc form
MC04_gdmq00000000_1	4v6i-assembly1_AP	0.000	36	1	34	20	54	36	85	0.944	0.412	5.388E-01	5.211E-01	2.962E-01	3.236E-01	37	4v6i-assembly1_AP Localization of the small subunit ribosomal proteins into a 6.1 A cryo-EM map of Saccharomyces cerevisiae translating 80S ribosome
MC04_gdmq00000000_1	4r25-assembly1_A	0.048	41	1	33	31	65	36	114	0.917	0.307	5.573E-01	5.098E-01	1.998E-01	3.229E-01	45	4r25-assembly1_A Structure of B. subtilis GlnK
MC04_gdmq00000000_1	4mxe-assembly1_B	0.083	36	1	35	73	104	36	177	0.972	0.181	6.515E-01	5.993E-01	1.581E-01	3.198E-01	48	4mxe-assembly1_B Human ESCO1 (Eco1/Ctf7 ortholog), acetyltransferase domain in complex with acetyl-CoA
MC04_gdmq00000000_1	6rhy-assembly1_C	0.000	30	1	28	9	38	36	42	0.778	0.714	4.589E-01	4.191E-01	3.880E-01	3.185E-01	32	6rhy-assembly1_C Structure of pore-forming amyloid-beta tetramers
MC04_gdmq00000000_1	1vko-assembly1_A	0.018	110	1	35	17	125	36	511	0.972	0.213	6.807E-01	6.533E-01	6.252E-02	3.180E-01	57	1vko-assembly1_A Crystal structure of inositol-3-phosphate synthase (ce21227) from Caenorhabditis elegans at 2.30 A resolution
MC04_gdmq00000000_1	8dol-assembly1_A	0.017	56	1	36	423	476	36	540	1.000	0.100	6.717E-01	6.583E-01	5.954E-02	3.175E-01	57	8dol-assembly1_A Mechanism of regulation of the Helicobacter pylori Cagbeta ATPase by CagZ
MC04_gdmq00000000_1	8dol-assembly1_D	0.017	56	1	36	413	466	36	530	1.000	0.102	6.776E-01	6.646E-01	6.093E-02	3.170E-01	57	8dol-assembly1_D Mechanism of regulation of the Helicobacter pylori Cagbeta ATPase by CagZ
MC04_gdmq00000000_1	8dol-assembly1_B	0.017	56	1	36	383	436	36	498	1.000	0.108	6.697E-01	6.563E-01	6.467E-02	3.158E-01	56	8dol-assembly1_B Mechanism of regulation of the Helicobacter pylori Cagbeta ATPase by CagZ
MC04_gdmq00000000_1	6i89-assembly1_A	0.057	69	1	35	54	122	36	274	0.972	0.252	6.727E-01	6.500E-01	1.160E-01	3.157E-01	51	6i89-assembly1_A Crystal structure of Antirestriction ArdC protein from R388 plasmid. Metal-free structure.
MC04_gdmq00000000_1	5msg-assembly1_B	0.005	170	1	36	178	347	36	746	1.000	0.228	7.136E-01	7.005E-01	4.619E-02	3.102E-01	57	5msg-assembly1_B Influenza B polymerase bound to vRNA promoter and capped RNA primer
MC04_gdmq00000000_1	8dol-assembly1_F	0.017	56	1	36	410	463	36	527	1.000	0.102	6.628E-01	6.499E-01	6.107E-02	3.090E-01	55	8dol-assembly1_F Mechanism of regulation of the Helicobacter pylori Cagbeta ATPase by CagZ
MC04_gdmq00000000_1	1qy7-assembly1_A	0.040	74	1	36	27	100	36	112	1.000	0.661	5.213E-01	5.159E-01	2.426E-01	3.062E-01	38	1qy7-assembly1_A The structure of the PII protein from the cyanobacteria Synechococcus sp. PCC 7942
MC04_gdmq00000000_1	8h69-assembly1_B	0.013	221	1	36	179	398	36	754	1.000	0.292	6.902E-01	6.781E-01	4.466E-02	2.986E-01	55	8h69-assembly1_B Cryo-EM structure of influenza RNA polymerase
MC04_gdmq00000000_1	7rag-assembly1_A-2	0.035	28	2	29	22	49	36	170	0.778	0.165	6.169E-01	5.313E-01	1.452E-01	2.963E-01	45	7rag-assembly1_A-2 Structure of the CwlD amidase from Clostridioides difficile in complex with the GerS lipoprotein
MC04_gdmq00000000_1	2e66-assembly1_C	0.000	68	2	33	1	60	36	102	0.889	0.588	5.189E-01	4.741E-01	2.021E-01	2.910E-01	38	2e66-assembly1_C Crystal Structure Of CutA1 From Pyrococcus Horikoshii OT3, Mutation D60A
MC04_gdmq00000000_1	1umj-assembly1_A	0.000	68	2	33	1	60	36	101	0.889	0.594	5.152E-01	4.713E-01	2.035E-01	2.908E-01	38	1umj-assembly1_A Crystal structure of Pyrococcus horikoshii CutA in the presence of 3M guanidine hydrochloride
MC04_gdmq00000000_1	7olc-assembly1_SU	0.035	84	1	32	1	82	36	103	0.889	0.796	5.012E-01	4.698E-01	2.226E-01	2.895E-01	37	7olc-assembly1_SU Thermophilic eukaryotic 80S ribosome at idle POST state
MC04_gdmq00000000_1	6ze9-assembly2_B	0.035	28	4	29	7	32	36	41	0.722	0.634	3.744E-01	3.408E-01	3.191E-01	2.895E-01	29	6ze9-assembly2_B Non-native fold of the putative VPS39 zinc finger domain
MC04_gdmq00000000_1	8wmh-assembly1_A	0.006	158	1	35	893	1048	36	1198	0.972	0.130	6.723E-01	6.457E-01	2.671E-02	2.893E-01	55	8wmh-assembly1_A Structure of CbCas9 bound to 6-nucleotide complementary DNA substrate
MC04_gdmq00000000_1	9hau-assembly1_AA	0.058	34	1	30	28	59	36	117	0.833	0.274	5.190E-01	4.670E-01	1.911E-01	2.809E-01	38	9hau-assembly1_AA pT=3 virus-like particle of ssRNA phage Hubei14 coat protein
MC04_gdmq00000000_1	8ekm-assembly1_E	0.009	222	1	36	77	294	36	370	1.000	0.589	5.685E-01	5.592E-01	7.856E-02	2.772E-01	47	8ekm-assembly1_E Clostridioides difficile binary toxin translocase CDTb double mutant - D623A D734A
MC04_gdmq00000000_1	3o44-assembly1_B	0.057	35	2	36	273	307	36	581	0.972	0.060	6.217E-01	6.000E-01	5.485E-02	2.744E-01	49	3o44-assembly1_B Crystal Structure of the Vibrio cholerae Cytolysin (HlyA) Heptameric Pore
MC04_gdmq00000000_1	6rhv-assembly1_G	0.025	39	1	36	229	265	36	283	1.000	0.131	5.619E-01	5.542E-01	1.051E-01	2.716E-01	44	6rhv-assembly1_G Crystal structure of mouse CD11b I-domain (CD11b-I) in complex with Staphylococcus aureus octameric bi-component leukocidin LukGH (LukH K319A mutant)
MC04_gdmq00000000_1	7a4a-assembly1_A	0.000	31	3	29	3	33	36	439	0.750	0.071	6.660E-01	5.521E-01	5.820E-02	2.698E-01	48	7a4a-assembly1_A Envelope glycprotein of endogenous retrovirus Y032 (Atlas virus) from the human hookworm Ancylostoma ceylanicum
MC04_gdmq00000000_1	8jc7-assembly1_A	0.083	36	2	36	272	306	36	448	0.972	0.078	5.994E-01	5.792E-01	6.809E-02	2.694E-01	47	8jc7-assembly1_A Cryo-EM structure of Vibrio campbellii alpha-hemolysin
MC04_gdmq00000000_1	7usl-assembly1_C	0.078	38	1	36	209	245	36	715	1.000	0.052	6.417E-01	6.321E-01	4.695E-02	2.693E-01	49	7usl-assembly1_C Integrin alphaM/beta2 ectodomain in complex with adenylate cyclase toxin RTX751 and M1F5 Fab
MC04_gdmq00000000_1	8env-assembly1_B	0.085	35	1	30	455	487	36	504	0.833	0.065	6.634E-01	5.793E-01	5.322E-02	2.683E-01	48	8env-assembly1_B In situ cryo-EM structure of Pseudomonas phage E217 tail baseplate in C6 map
MC04_gdmq00000000_1	7swf-assembly1_A	0.000	36	1	35	149	183	36	778	0.972	0.045	6.286E-01	6.093E-01	4.180E-02	2.667E-01	49	7swf-assembly1_A Cryo-EM structure of Arabidopsis Ago10-guide-target RNA complex in a central duplex conformation
MC04_gdmq00000000_1	4h56-assembly1_A	0.088	34	4	36	223	255	36	267	0.917	0.124	5.647E-01	5.369E-01	1.063E-01	2.631E-01	42	4h56-assembly1_A Crystal structure of the Clostridium perfringens NetB toxin in the membrane inserted form
MC04_gdmq00000000_1	6uwi-assembly2_d	0.021	91	1	35	434	522	36	645	0.972	0.138	6.006E-01	5.802E-01	4.748E-02	2.622E-01	47	6uwi-assembly2_d Crystal structure of the Clostridium difficile translocase CDTb
MC04_gdmq00000000_1	8rj8-assembly1_E	0.076	39	1	35	244	280	36	292	0.972	0.127	5.387E-01	5.255E-01	9.989E-02	2.611E-01	42	8rj8-assembly1_E CytK nanopore mutant
MC04_gdmq00000000_1	7t74-assembly1_H	0.008	113	1	30	20	125	36	130	0.833	0.815	5.031E-01	4.371E-01	1.501E-01	2.596E-01	37	7t74-assembly1_H HIV-1 Envelope ApexGT2 in complex with PCT64.35S Fab and RM20A3 Fab
MC04_gdmq00000000_1	4tw1-assembly1_G	0.028	35	3	36	238	271	36	290	0.944	0.117	5.613E-01	5.406E-01	1.017E-01	2.594E-01	41	4tw1-assembly1_G Crystal structure of the octameric pore complex of the Staphylococcus aureus Bi-component Toxin LukGH
MC04_gdmq00000000_1	7t4d-assembly1_B	0.000	37	5	36	254	289	36	301	0.889	0.120	5.678E-01	5.293E-01	9.278E-02	2.562E-01	42	7t4d-assembly1_B Pore structure of pore-forming toxin Epx4
MC04_gdmq00000000_1	6skg-assembly1_Am	0.041	97	1	36	5	100	36	100	1.000	0.960	4.444E-01	4.409E-01	2.404E-01	2.550E-01	29	6skg-assembly1_Am Cryo-EM Structure of T. kodakarensis 70S ribosome in TkNat10 deleted strain
MC04_gdmq00000000_1	5ec5-assembly1_C	0.006	154	1	35	1	154	36	286	0.972	0.538	5.511E-01	5.362E-01	1.053E-01	2.544E-01	40	5ec5-assembly1_C Crystal structure of lysenin pore
MC04_gdmq00000000_1	7kxr-assembly1_A	0.003	288	4	33	55	339	36	562	0.833	0.507	6.313E-01	5.507E-01	4.555E-02	2.537E-01	46	7kxr-assembly1_A Protective antigen pore translocating lethal factor N-terminal domain
MC04_gdmq00000000_1	8rj8-assembly1_C	0.057	35	3	36	235	268	36	284	0.944	0.120	5.550E-01	5.319E-01	1.024E-01	2.517E-01	40	8rj8-assembly1_C CytK nanopore mutant
MC04_gdmq00000000_1	7q9y-assembly1_A	0.000	50	1	31	227	272	36	279	0.861	0.165	5.482E-01	4.896E-01	8.598E-02	2.486E-01	41	7q9y-assembly1_A Cryo-EM structure of the octameric pore of Clostridium perfringens beta-toxin.
MC04_gdmq00000000_1	8rj8-assembly1_G	0.073	41	1	35	244	280	36	292	0.972	0.127	5.384E-01	5.226E-01	9.430E-02	2.480E-01	40	8rj8-assembly1_G CytK nanopore mutant
MC04_gdmq00000000_1	4qhb-assembly3_D	0.000	145	3	34	225	368	36	384	0.889	0.375	5.598E-01	5.120E-01	7.031E-02	2.473E-01	42	4qhb-assembly3_D Crystal structure of a putative hydrolase (BVU_2763) from Bacteroides vulgatus ATCC 8482 at 2.44 A resolution
MC04_gdmq00000000_1	8ieq-assembly1_A	0.010	96	1	29	72	167	36	277	0.806	0.347	5.125E-01	4.655E-01	9.141E-02	2.466E-01	40	8ieq-assembly1_A Cryo-EM structure of G-protein free GPR156
MC04_gdmq00000000_1	8j07-assembly1_u	0.044	68	1	36	134	200	36	296	1.000	0.226	5.394E-01	5.330E-01	1.031E-01	2.453E-01	39	8j07-assembly1_u 96nm repeat of human respiratory doublet microtubule and associated axonemal complexes
MC04_gdmq00000000_1	4kf5-assembly2_D	0.060	33	1	29	2	34	36	257	0.806	0.128	5.627E-01	5.037E-01	1.012E-01	2.453E-01	39	4kf5-assembly2_D Crystal Structure of Split GFP complexed with engineered sfCherry with an insertion of GFP fragment
MC04_gdmq00000000_1	8ieq-assembly1_D	0.010	95	1	29	70	164	36	279	0.806	0.341	5.132E-01	4.632E-01	9.062E-02	2.443E-01	40	8ieq-assembly1_D Cryo-EM structure of G-protein free GPR156
MC04_gdmq00000000_1	4z7k-assembly1_B	0.006	148	1	36	1	140	36	195	1.000	0.718	4.874E-01	4.803E-01	1.256E-01	2.436E-01	36	4z7k-assembly1_B Crystal structure of CRISPR RNA processing endoribonuclease Cas6b
MC04_gdmq00000000_1	9c0j-assembly1_A	0.012	164	1	36	44	205	36	425	1.000	0.381	5.535E-01	5.457E-01	7.236E-02	2.425E-01	41	9c0j-assembly1_A Structure of the elongating DRT2 reverse transcriptase in complex with its non-coding RNA and dNTPs
MC04_gdmq00000000_1	5tgc-assembly3_F	0.051	58	1	36	4	53	36	62	1.000	0.806	3.638E-01	3.596E-01	2.651E-01	2.425E-01	26	5tgc-assembly3_F Structure of the hetero-trimer of Rtt102-Arp7/9 bound to ATP
MC04_gdmq00000000_1	4qhb-assembly2_A	0.027	111	1	36	246	356	36	387	1.000	0.287	5.264E-01	5.206E-01	8.234E-02	2.423E-01	40	4qhb-assembly2_A Crystal structure of a putative hydrolase (BVU_2763) from Bacteroides vulgatus ATCC 8482 at 2.44 A resolution
MC04_gdmq00000000_1	4qhb-assembly1_B	0.027	111	1	36	249	359	36	390	1.000	0.285	5.395E-01	5.333E-01	8.206E-02	2.407E-01	40	4qhb-assembly1_B Crystal structure of a putative hydrolase (BVU_2763) from Bacteroides vulgatus ATCC 8482 at 2.44 A resolution
MC04_gdmq00000000_1	8ieq-assembly1_C	0.010	96	1	29	68	163	36	278	0.806	0.345	5.038E-01	4.590E-01	9.079E-02	2.401E-01	39	8ieq-assembly1_C Cryo-EM structure of G-protein free GPR156
MC04_gdmq00000000_1	2znh-assembly1_B	0.023	85	1	29	118	202	36	412	0.806	0.206	5.827E-01	5.218E-01	6.539E-02	2.399E-01	41	2znh-assembly1_B Crystal Structure of a Domain-Swapped Serpin Dimer
MC04_gdmq00000000_1	6yfb-assembly1_AA	0.066	45	1	29	51	95	36	166	0.806	0.271	4.828E-01	4.448E-01	1.428E-01	2.313E-01	32	6yfb-assembly1_AA Virus-like particle of bacteriophage AVE016
MC04_gdmq00000000_1	6okt-assembly1_H	0.037	27	7	32	259	284	36	493	0.722	0.053	5.743E-01	4.832E-01	4.797E-02	2.302E-01	41	6okt-assembly1_H CDTb Double Heptamer Long Form Mask 1 Modeled from Cryo-EM Map Reconstructed using C7 Symmetry
MC04_gdmq00000000_1	8rna-assembly1_E	0.023	43	1	36	178	218	36	720	1.000	0.057	5.704E-01	5.631E-01	4.482E-02	2.299E-01	41	8rna-assembly1_E Influenza B polymerase apo-trimer
MC04_gdmq00000000_1	8rn2-assembly1_B	0.000	37	1	36	180	215	36	635	1.000	0.057	5.727E-01	5.664E-01	5.160E-02	2.294E-01	40	8rn2-assembly1_B Monomeric apo-influenza B polymerase, encapsidase conformation
MC04_gdmq00000000_1	3aon-assembly1_A	0.071	28	5	31	81	107	36	188	0.750	0.144	4.890E-01	4.322E-01	1.191E-01	2.290E-01	34	3aon-assembly1_A Crystal structure of the central axis (NtpD-NtpG) in the catalytic portion of Enterococcus hirae V-type sodium ATPase
MC04_gdmq00000000_1	3ks7-assembly2_C	0.003	310	1	36	73	376	36	390	1.000	0.779	4.881E-01	4.808E-01	6.886E-02	2.282E-01	38	3ks7-assembly2_C Crystal structure of Putative Peptide:N-glycosidase F (PNGase F) (YP_210507.1) from Bacteroides fragilis NCTC 9343 at 2.30 A resolution
MC04_gdmq00000000_1	3otc-assembly1_A-2	0.000	37	1	36	210	246	36	264	1.000	0.140	5.045E-01	4.998E-01	1.154E-01	2.270E-01	34	3otc-assembly1_A-2 Crystal structure of human tRNAHis guanylyltransferase (Thg1)- Native II
MC04_gdmq00000000_1	6o2m-assembly1_A	0.040	25	7	31	259	283	36	618	0.694	0.040	5.931E-01	4.841E-01	3.857E-02	2.240E-01	40	6o2m-assembly1_A CDTb Double Heptamer Long Form Modeled from Cryo-EM Map Reconstructed using C7 Symmetry
MC04_gdmq00000000_1	5jzw-assembly1_H	0.003	327	5	36	4	324	36	401	0.889	0.800	4.915E-01	4.512E-01	5.865E-02	2.188E-01	37	5jzw-assembly1_H Cryo-EM structures of aerolysin post-prepore and quasipore
MC04_gdmq00000000_1	6uwi-assembly1_E	0.038	26	7	31	283	307	36	646	0.694	0.039	5.565E-01	4.724E-01	3.579E-02	2.159E-01	39	6uwi-assembly1_E Crystal structure of the Clostridium difficile translocase CDTb
MC04_gdmq00000000_1	6uwi-assembly2_g	0.016	59	1	32	451	503	36	649	0.889	0.082	5.168E-01	4.707E-01	3.713E-02	2.154E-01	39	6uwi-assembly2_g Crystal structure of the Clostridium difficile translocase CDTb
MC04_gdmq00000000_1	3j9c-assembly1_A	0.090	33	1	31	125	155	36	423	0.861	0.073	4.919E-01	4.572E-01	6.187E-02	2.148E-01	36	3j9c-assembly1_A CryoEM single particle reconstruction of anthrax toxin protective antigen pore at 2.9 Angstrom resolution
MC04_gdmq00000000_1	6uwi-assembly1_A	0.038	26	7	31	281	305	36	644	0.694	0.039	5.568E-01	4.727E-01	3.590E-02	2.147E-01	39	6uwi-assembly1_A Crystal structure of the Clostridium difficile translocase CDTb
MC04_gdmq00000000_1	9b42-assembly1_S	0.181	33	1	29	455	487	36	504	0.806	0.065	5.368E-01	4.949E-01	5.423E-02	2.085E-01	36	9b42-assembly1_S Pseudomonas phage Pa193 neck and extended tail (collar, gateway, tail tube, and sheath proteins)
MC04_gdmq00000000_1	2znh-assembly1_A	0.036	83	2	31	227	301	36	408	0.833	0.184	4.304E-01	3.815E-01	4.885E-02	1.811E-01	31	2znh-assembly1_A Crystal Structure of a Domain-Swapped Serpin Dimer
MC09_gdlg00000000_1	2m8j-assembly1_A	0.161	31	8	36	13	43	45	43	0.644	0.721	5.343E-01	4.107E-01	4.234E-01	3.550E-01	35	2m8j-assembly1_A Structure of Pin1 WW domain phospho-mimic S16E
MC09_gdlg00000000_1	4gwv-assembly1_A	0.147	34	8	36	4	33	45	33	0.644	0.909	4.998E-01	3.856E-01	4.668E-01	3.538E-01	32	4gwv-assembly1_A Structure of racemic Pin1 WW domain cocrystallized with tri-ammonium citrate
MC09_gdlg00000000_1	6svc-assembly1_A	0.151	33	8	36	5	35	45	35	0.644	0.886	5.009E-01	3.942E-01	4.585E-01	3.504E-01	33	6svc-assembly1_A Protein allostery of the WW domain at atomic resolution: apo structure
MC09_gdlg00000000_1	2m9j-assembly1_A	0.100	40	9	43	5	34	45	34	0.778	0.882	4.386E-01	3.480E-01	4.102E-01	3.047E-01	29	2m9j-assembly1_A NMR solution structure of Pin1 WW domain mutant 6-1g
MC09_gdlg00000000_1	4ixa-assembly1_A	0.020	98	1	45	1	90	45	102	1.000	0.882	4.589E-01	4.532E-01	2.576E-01	2.950E-01	35	4ixa-assembly1_A Structure of DNA-binding domain of the response regulator SaeR from Staphylococcus epidermidis
MC09_gdlg00000000_1	2ida-assembly1_A	0.035	57	1	44	49	93	45	102	0.978	0.441	4.504E-01	4.379E-01	2.369E-01	2.927E-01	36	2ida-assembly1_A Solution NMR Structure of Protein RPA1320 from Rhodopseudomonas Palustris. Northeast Structural Genomics Consortium Target RpT3; Ontario Center for Structural Proteomics Target RP1313.
MC09_gdlg00000000_1	2m9i-assembly1_A	0.057	35	8	37	5	34	45	34	0.667	0.882	3.682E-01	3.121E-01	3.553E-01	2.500E-01	24	2m9i-assembly1_A NMR solution structure of Pin1 WW domain variant 6-1
MC09_gdlg00000000_1	2zr5-assembly1_A	0.147	34	8	38	4	35	45	153	0.689	0.209	4.782E-01	3.961E-01	1.541E-01	2.351E-01	32	2zr5-assembly1_A Crystal structure of a mutant PIN1 peptidyl-prolyl cis-trans isomerase
MC09_gdlg00000000_1	7ej5-assembly1_J	0.015	127	4	45	5	120	45	120	0.933	0.967	3.917E-01	3.714E-01	1.840E-01	2.335E-01	29	7ej5-assembly1_J Cryo-EM structure of SARS-CoV-2 spike in complex with a neutralizing antibody RBD-chAb-45
MC09_gdlg00000000_1	6vaj-assembly1_A	0.026	113	8	43	24	127	45	150	0.800	0.693	4.459E-01	3.857E-01	1.464E-01	2.324E-01	32	6vaj-assembly1_A Crystal Structure Analysis of human PIN1
MC09_gdlg00000000_1	7k0x-assembly2_B	0.053	94	1	44	21	102	45	217	0.978	0.378	4.188E-01	4.066E-01	1.178E-01	2.292E-01	34	7k0x-assembly2_B Marsupial T cell receptor Spl_145
MC09_gdlg00000000_1	1rfn-assembly1_B	0.039	51	1	44	2	34	45	57	0.978	0.579	3.471E-01	2.959E-01	2.557E-01	2.251E-01	23	1rfn-assembly1_B HUMAN COAGULATION FACTOR IXA IN COMPLEX WITH P-AMINO BENZAMIDINE
MC09_gdlg00000000_1	2w8d-assembly1_A	0.024	125	1	41	262	381	45	420	0.911	0.286	4.934E-01	4.620E-01	7.552E-02	2.220E-01	37	2w8d-assembly1_A Distinct and essential morphogenic functions for wall- and lipo- teichoic acids in Bacillus subtilis
MC09_gdlg00000000_1	6sov-assembly1_A	0.000	160	1	45	6	157	45	345	1.000	0.441	4.463E-01	4.408E-01	9.027E-02	2.180E-01	34	6sov-assembly1_A Fragments KCL_615 and KCL_802 in complex with MAP kinase p38-alpha
MC09_gdlg00000000_1	2rv8-assembly1_A	0.000	37	1	35	26	53	45	128	0.778	0.219	4.480E-01	3.426E-01	1.554E-01	2.158E-01	28	2rv8-assembly1_A Solution Structure of the PhoP DNA-Binding Domain from Mycobacterium tuberculosis
MC09_gdlg00000000_1	5l2q-assembly1_A	0.020	99	2	44	1	96	45	293	0.956	0.328	4.439E-01	4.301E-01	1.093E-01	2.153E-01	32	5l2q-assembly1_A Serine/threonine-protein kinase 40 (STK40) kinase homology domain
MC09_gdlg00000000_1	4etq-assembly1_H	0.005	175	8	45	9	176	45	215	0.844	0.781	4.285E-01	3.878E-01	1.173E-01	2.088E-01	30	4etq-assembly1_H Vaccinia virus D8L IMV envelope protein in complex with Fab of murine IgG2a LA5
MC09_gdlg00000000_1	4mnh-assembly2_C	0.005	182	8	45	5	179	45	236	0.844	0.742	4.378E-01	3.976E-01	1.099E-01	2.082E-01	31	4mnh-assembly2_C Structure of the DP10.7 TCR
MC09_gdlg00000000_1	3lc3-assembly1_B	0.020	48	2	41	3	38	45	57	0.889	0.632	3.062E-01	2.807E-01	2.491E-01	2.055E-01	21	3lc3-assembly1_B Benzothiophene Inhibitors of Factor IXa
MC09_gdlg00000000_1	7l15-assembly1_B	0.004	210	2	41	5	208	45	221	0.889	0.923	3.981E-01	3.742E-01	1.190E-01	2.000E-01	28	7l15-assembly1_B Marsupial T cell receptor Spl_118
MC09_gdlg00000000_1	3q9s-assembly1_A	0.040	25	7	31	120	140	45	210	0.556	0.100	4.659E-01	3.354E-01	8.773E-02	1.924E-01	29	3q9s-assembly1_A Crystal structure of rra(1-215) from Deinococcus Radiodurans
MC09_gdlg00000000_1	1y18-assembly1_H	0.014	141	1	45	37	163	45	226	1.000	0.562	3.639E-01	3.595E-01	1.065E-01	1.912E-01	28	1y18-assembly1_H Fab fragment of catalytic elimination antibody 34E4 E(H50)D mutant in complex with hapten
MC09_gdlg00000000_1	4lfh-assembly1_G	0.000	84	1	28	3	84	45	222	0.622	0.369	4.301E-01	3.532E-01	9.858E-02	1.899E-01	28	4lfh-assembly1_G Crystal Structure of 9C2 TCR
MC09_gdlg00000000_1	4am0-assembly4_H	0.014	205	2	39	3	203	45	214	0.844	0.939	3.702E-01	3.425E-01	1.159E-01	1.851E-01	26	4am0-assembly4_H Structure of Dengue virus strain 4 DIII in complex with Fab 2H12
MC09_gdlg00000000_1	4am0-assembly3_E	0.014	202	2	40	3	200	45	212	0.867	0.934	3.662E-01	3.418E-01	1.195E-01	1.848E-01	25	4am0-assembly3_E Structure of Dengue virus strain 4 DIII in complex with Fab 2H12
MC09_gdlg00000000_1	6zwm-assembly1_A	0.016	179	1	43	2015	2184	45	2184	0.956	0.078	4.389E-01	4.226E-01	1.465E-02	1.822E-01	34	6zwm-assembly1_A cryo-EM structure of human mTOR complex 2, overall refinement
MC09_gdlg00000000_1	6zd1-assembly1_A	0.000	208	1	44	280	476	45	645	0.978	0.305	4.035E-01	3.938E-01	4.525E-02	1.780E-01	31	6zd1-assembly1_A Structure of apo telomerase from Candida Tropicalis
MC09_gdlg00000000_1	5d9h-assembly1_A	0.010	182	2	45	95	265	45	290	0.978	0.590	3.576E-01	3.498E-01	8.903E-02	1.767E-01	26	5d9h-assembly1_A Crystal structure of SPAK (STK39) dimer in the basal activity state
MC09_gdlg00000000_1	8uvk-assembly1_A	0.000	39	1	36	118	144	45	219	0.800	0.123	4.068E-01	3.212E-01	9.046E-02	1.749E-01	26	8uvk-assembly1_A CosR DNA bound form II
MC09_gdlg00000000_1	3ubg-assembly3_A	0.005	188	1	45	6	183	45	303	1.000	0.587	3.450E-01	3.418E-01	9.003E-02	1.726E-01	25	3ubg-assembly3_A Crystal structure of Drosophila N-cadherin EC1-3, II
MC09_gdlg00000000_1	7ni5-assembly1_A	0.001	512	1	45	2251	2752	45	2791	1.000	0.180	4.028E-01	3.979E-01	1.191E-02	1.634E-01	31	7ni5-assembly1_A Human ATM kinase with bound inhibitor KU-55933
MC09_gdlg00000000_1	3uzt-assembly1_A	0.000	559	1	45	9	554	45	586	1.000	0.932	3.624E-01	3.583E-01	4.776E-02	1.616E-01	27	3uzt-assembly1_A Structure of the C13.18 RNA Aptamer in Complex with G Protein-Coupled Receptor Kinase 2
MC09_gdlg00000000_1	7ni5-assembly1_B	0.003	505	1	45	2250	2747	45	2790	1.000	0.178	4.000E-01	3.961E-01	1.289E-02	1.548E-01	29	7ni5-assembly1_B Human ATM kinase with bound inhibitor KU-55933
MC09_gdlg00000000_1	7sz8-assembly1_A	0.017	115	2	45	8	107	45	420	0.978	0.238	3.265E-01	3.195E-01	5.807E-02	1.495E-01	24	7sz8-assembly1_A Crystal structure of human CELSR1 EC4-7
MC09_gdlg00000000_1	4ru3-assembly1_A	0.018	106	1	45	75	162	45	205	1.000	0.429	2.709E-01	2.683E-01	9.642E-02	1.448E-01	19	4ru3-assembly1_A Crystal structure of the cell puncturing protein Orf41 from Pseudomonas phage SN
MC02_gkjd00000000_3	5m4v-assembly1_A	0.274	62	3	59	1	57	61	57	0.934	1.000	7.722E-01	7.164E-01	7.604E-01	6.949E-01	67	5m4v-assembly1_A X-ray structure of the mambaquaretin-1, a selective antagonist of the vasopressin type 2 receptor
MC02_gkjd00000000_3	3uir-assembly2_D	0.370	62	3	59	1	57	61	57	0.934	1.000	7.720E-01	7.162E-01	7.601E-01	6.941E-01	67	3uir-assembly2_D Crystal structure of the plasmin-textilinin-1 complex
MC02_gkjd00000000_3	3p95-assembly1_E	0.269	63	3	60	1	58	61	58	0.951	1.000	7.666E-01	7.227E-01	7.551E-01	6.936E-01	67	3p95-assembly1_E Human mesotrypsin complexed with bovine pancreatic trypsin inhibitor variant (BPTI-K15R/R17D)
MC02_gkjd00000000_3	4iso-assembly1_B	0.257	66	2	61	1	60	61	60	0.984	1.000	7.587E-01	7.373E-01	7.478E-01	6.923E-01	68	4iso-assembly1_B Crystal Structure of Matriptase in complex with its inhibitor HAI-1
MC02_gkjd00000000_3	5zj3-assembly2_B	0.359	64	1	58	1	58	61	58	0.951	1.000	7.593E-01	7.152E-01	7.477E-01	6.913E-01	67	5zj3-assembly2_B Textilinin-1, A Kunitz-Type Serine Protease Inhibitor From pichia expression system
MC02_gkjd00000000_3	5zj3-assembly3_C	0.377	61	3	58	1	56	61	56	0.918	1.000	7.707E-01	7.030E-01	7.586E-01	6.911E-01	66	5zj3-assembly3_C Textilinin-1, A Kunitz-Type Serine Protease Inhibitor From pichia expression system
MC02_gkjd00000000_3	1aap-assembly1_A	0.245	61	3	58	1	56	61	56	0.918	1.000	7.704E-01	7.039E-01	7.584E-01	6.899E-01	66	1aap-assembly1_A X-RAY CRYSTAL STRUCTURE OF THE PROTEASE INHIBITOR DOMAIN OF ALZHEIMER'S AMYLOID BETA-PROTEIN PRECURSOR
MC02_gkjd00000000_3	4ntw-assembly1_B	0.200	65	1	59	1	60	61	60	0.967	1.000	7.572E-01	7.243E-01	7.349E-01	6.891E-01	68	4ntw-assembly1_B Structure of acid-sensing ion channel in complex with snake toxin
MC02_gkjd00000000_3	1tfx-assembly2_D	0.241	62	3	59	1	57	61	58	0.934	0.983	7.721E-01	7.165E-01	7.489E-01	6.883E-01	67	1tfx-assembly2_D COMPLEX OF THE SECOND KUNITZ DOMAIN OF TISSUE FACTOR PATHWAY INHIBITOR WITH PORCINE TRYPSIN
MC02_gkjd00000000_3	1g6x-assembly1_A	0.285	63	3	60	1	58	61	58	0.951	1.000	7.580E-01	7.147E-01	7.466E-01	6.881E-01	67	1g6x-assembly1_A ULTRA HIGH RESOLUTION STRUCTURE OF BOVINE PANCREATIC TRYPSIN INHIBITOR (BPTI) MUTANT WITH ALTERED BINDING LOOP SEQUENCE
MC02_gkjd00000000_3	3ofw-assembly1_A	0.387	62	2	58	1	56	61	56	0.934	1.000	7.748E-01	7.083E-01	7.629E-01	6.865E-01	66	3ofw-assembly1_A Crystal structure of recombinant Kunitz Type serine protease Inhibitor-1 from the Carribean sea anemone stichodactyla helianthus
MC02_gkjd00000000_3	1dtk-assembly1_A	0.301	63	3	59	1	57	61	57	0.934	1.000	7.639E-01	7.085E-01	7.521E-01	6.864E-01	66	1dtk-assembly1_A THE NMR SOLUTION STRUCTURE OF DENDROTOXIN K FROM THE VENOM OF DENDROASPIS POLYLEPIS POLYLEPIS
MC02_gkjd00000000_3	6zoi-assembly6_F	0.276	65	1	60	1	59	61	60	0.984	0.983	7.517E-01	7.194E-01	7.298E-01	6.847E-01	68	6zoi-assembly6_F A lid blocking mechanism of a cone snail toxin revealed at the atomic level
MC02_gkjd00000000_3	4dtg-assembly1_K	0.227	66	1	60	1	59	61	60	0.984	0.983	7.519E-01	7.191E-01	7.297E-01	6.843E-01	67	4dtg-assembly1_K Hemostatic effect of a monoclonal antibody mAb 2021 blocking the interaction between FXa and TFPI in a rabbit hemophilia model
MC02_gkjd00000000_3	1y62-assembly2_B	0.278	61	3	58	1	56	61	56	0.918	1.000	7.651E-01	6.988E-01	7.532E-01	6.825E-01	65	1y62-assembly2_B A 2.4 crystal structure of conkunitzin-S1, a novel Kunitz-fold cone snail neurotoxin.
MC02_gkjd00000000_3	6gfi-assembly2_C	0.301	63	2	59	1	56	61	56	0.951	1.000	7.667E-01	7.004E-01	7.548E-01	6.824E-01	65	6gfi-assembly2_C Structure of Human Mesotrypsin in complex with APPI variant T11V/M17R/I18F/F34V
MC02_gkjd00000000_3	6q6c-assembly1_A	0.269	63	3	60	1	58	61	58	0.951	1.000	7.511E-01	7.084E-01	7.400E-01	6.807E-01	66	6q6c-assembly1_A Pore-modulating toxins exploit inherent slow inactivation to block K+ channels
MC02_gkjd00000000_3	6yhy-assembly2_B	0.301	63	1	60	1	59	61	59	0.984	1.000	7.486E-01	7.168E-01	7.377E-01	6.801E-01	67	6yhy-assembly2_B A lid blocking mechanism of a cone snail toxin revealed at the atomic level
MC02_gkjd00000000_3	1taw-assembly1_B-2	0.254	59	5	58	1	54	61	54	0.885	1.000	7.732E-01	6.829E-01	7.606E-01	6.797E-01	64	1taw-assembly1_B-2 BOVINE TRYPSIN COMPLEXED TO APPI
MC02_gkjd00000000_3	1qlq-assembly1_A	0.285	63	3	60	1	58	61	58	0.951	1.000	7.515E-01	7.090E-01	7.404E-01	6.797E-01	66	1qlq-assembly1_A Bovine Pancreatic Trypsin Inhibitor (BPTI) Mutant with Altered Binding Loop Sequence
MC02_gkjd00000000_3	1ejm-assembly1_B	0.285	63	3	60	1	58	61	58	0.951	1.000	7.515E-01	7.090E-01	7.404E-01	6.796E-01	66	1ejm-assembly1_B CRYSTAL STRUCTURE OF THE BPTI ALA16LEU MUTANT IN COMPLEX WITH BOVINE TRYPSIN
MC02_gkjd00000000_3	6q61-assembly1_A	0.281	64	1	59	1	58	61	59	0.967	0.983	7.556E-01	7.121E-01	7.332E-01	6.796E-01	67	6q61-assembly1_A Pore-modulating toxins exploit inherent slow inactivation to block K+ channels
MC02_gkjd00000000_3	7qis-assembly1_D	0.253	63	3	60	1	58	61	58	0.951	1.000	7.531E-01	7.100E-01	7.419E-01	6.789E-01	66	7qis-assembly1_D CRYSTAL STRUCTURE OF THE P1 difluoroethylglycine (DfeGly) BPTI MUTANT- BOVINE CHYMOTRYPSIN COMPLEX
MC02_gkjd00000000_3	4tpi-assembly1_I	0.285	63	3	60	1	58	61	58	0.951	1.000	7.530E-01	7.107E-01	7.420E-01	6.785E-01	66	4tpi-assembly1_I THE REFINED 2.2-ANGSTROMS (0.22-NM) X-RAY CRYSTAL STRUCTURE OF THE TERNARY COMPLEX FORMED BY BOVINE TRYPSINOGEN, VALINE-VALINE AND THE ARG15 ANALOGUE OF BOVINE PANCREATIC TRYPSIN INHIBITOR
MC02_gkjd00000000_3	1p2o-assembly1_B	0.253	63	3	60	1	58	61	58	0.951	1.000	7.531E-01	7.101E-01	7.418E-01	6.783E-01	66	1p2o-assembly1_B Structural consequences of accommodation of four non-cognate amino-acid residues in the S1 pocket of bovine trypsin and chymotrypsin
MC02_gkjd00000000_3	7qiq-assembly1_H	0.269	63	3	60	1	58	61	58	0.951	1.000	7.506E-01	7.084E-01	7.396E-01	6.783E-01	66	7qiq-assembly1_H CRYSTAL STRUCTURE OF THE P1 aminobutanoic acid (ABU) BPTI MUTANT- BOVINE CHYMOTRYPSIN COMPLEX
MC02_gkjd00000000_3	1t8o-assembly6_D-2	0.253	63	3	60	1	58	61	58	0.951	1.000	7.526E-01	7.097E-01	7.414E-01	6.779E-01	66	1t8o-assembly6_D-2 CRYSTAL STRUCTURE OF THE P1 TRP BPTI MUTANT- BOVINE CHYMOTRYPSIN COMPLEX
MC02_gkjd00000000_3	1t7c-assembly2_D	0.253	63	3	60	1	58	61	58	0.951	1.000	7.527E-01	7.097E-01	7.415E-01	6.778E-01	66	1t7c-assembly2_D CRYSTAL STRUCTURE OF THE P1 GLU BPTI MUTANT- BOVINE CHYMOTRYPSIN COMPLEX
MC02_gkjd00000000_3	6zoi-assembly3_C	0.276	65	1	60	1	59	61	60	0.984	0.983	7.492E-01	7.172E-01	7.276E-01	6.777E-01	67	6zoi-assembly3_C A lid blocking mechanism of a cone snail toxin revealed at the atomic level
MC02_gkjd00000000_3	1cbw-assembly1_D	0.253	63	3	60	1	58	61	58	0.951	1.000	7.512E-01	7.083E-01	7.400E-01	6.777E-01	66	1cbw-assembly1_D BOVINE CHYMOTRYPSIN COMPLEXED TO BPTI
MC02_gkjd00000000_3	1p2m-assembly1_B	0.253	63	3	60	1	58	61	58	0.951	1.000	7.523E-01	7.094E-01	7.411E-01	6.775E-01	66	1p2m-assembly1_B Structural consequences of accommodation of four non-cognate amino-acid residues in the S1 pocket of bovine trypsin and chymotrypsin
MC02_gkjd00000000_3	1p2q-assembly5_B-3	0.253	63	3	60	1	58	61	58	0.951	1.000	7.523E-01	7.093E-01	7.411E-01	6.773E-01	66	1p2q-assembly5_B-3 Structural consequences of accommodation of four non-cognate amino-acid residues in the S1 pocket of bovine trypsin and chymotrypsin
MC02_gkjd00000000_3	8pti-assembly1_A	0.290	62	3	60	1	58	61	58	0.951	1.000	7.526E-01	7.103E-01	7.416E-01	6.770E-01	66	8pti-assembly1_A CRYSTAL STRUCTURE OF A Y35G MUTANT OF BOVINE PANCREATIC TRYPSIN INHIBITOR
MC02_gkjd00000000_3	1t8m-assembly6_D-2	0.253	63	3	60	1	58	61	58	0.951	1.000	7.518E-01	7.089E-01	7.406E-01	6.769E-01	66	1t8m-assembly6_D-2 CRYSTAL STRUCTURE OF THE P1 HIS BPTI MUTANT- BOVINE CHYMOTRYPSIN COMPLEX
MC02_gkjd00000000_3	3t62-assembly1_D	0.372	59	5	58	1	54	61	54	0.885	1.000	7.755E-01	6.859E-01	7.631E-01	6.766E-01	64	3t62-assembly1_D Crystal structure of recombinant Kunitz Type serine protease Inhibitor-1 from the Caribbean Sea anemone Stichodactyla helianthus in complex with bovine chymotrypsin
MC02_gkjd00000000_3	1t8n-assembly2_D	0.269	63	3	60	1	58	61	58	0.951	1.000	7.495E-01	7.074E-01	7.385E-01	6.762E-01	66	1t8n-assembly2_D CRYSTAL STRUCTURE OF THE P1 THR BPTI MUTANT- BOVINE CHYMOTRYPSIN COMPLEX
MC02_gkjd00000000_3	1dtx-assembly1_A	0.274	62	3	59	3	59	61	59	0.934	0.966	7.614E-01	7.067E-01	7.276E-01	6.758E-01	66	1dtx-assembly1_A CRYSTAL STRUCTURE OF ALPHA-DENDROTOXIN FROM THE GREEN MAMBA VENOM AND ITS COMPARISON WITH THE STRUCTURE OF BOVINE PANCREATIC TRYPSIN INHIBITOR
MC02_gkjd00000000_3	1p2n-assembly5_B	0.253	63	3	60	1	58	61	58	0.951	1.000	7.511E-01	7.083E-01	7.399E-01	6.756E-01	66	1p2n-assembly5_B Structural consequences of accommodation of four non-cognate amino-acid residues in the S1 pocket of bovine trypsin and chymotrypsin
MC02_gkjd00000000_3	3l3t-assembly4_H	0.229	61	5	60	1	56	61	57	0.918	0.982	7.630E-01	6.969E-01	7.396E-01	6.754E-01	65	3l3t-assembly4_H Human mesotrypsin complexed with amyloid precursor protein inhibitor variant (APPIR15K)
MC02_gkjd00000000_3	1zr0-assembly2_D	0.238	67	1	61	2	63	61	63	1.000	0.984	7.440E-01	7.336E-01	7.138E-01	6.754E-01	68	1zr0-assembly2_D Crystal Structure of Kunitz Domain 1 of Tissue Factor Pathway Inhibitor-2 with Bovine Trypsin
MC02_gkjd00000000_3	6q6c-assembly2_B	0.281	64	1	59	1	58	61	59	0.967	0.983	7.515E-01	7.090E-01	7.296E-01	6.736E-01	66	6q6c-assembly2_B Pore-modulating toxins exploit inherent slow inactivation to block K+ channels
MC02_gkjd00000000_3	1bti-assembly1_A	0.269	63	3	60	1	58	61	58	0.951	1.000	7.428E-01	7.009E-01	7.319E-01	6.733E-01	65	1bti-assembly1_A CREVICE-FORMING MUTANTS IN THE RIGID CORE OF BOVINE PANCREATIC TRYPSIN INHIBITOR: CRYSTAL STRUCTURES OF F22A, Y23A, N43G, AND F45A
MC02_gkjd00000000_3	8vc3-assembly1_A	0.274	62	3	59	3	59	61	59	0.934	0.966	7.627E-01	7.082E-01	7.290E-01	6.727E-01	66	8vc3-assembly1_A Voltage gated potassium ion channel Kv1.2 in complex with DTx
MC02_gkjd00000000_3	1t8l-assembly1_B	0.246	65	1	60	1	59	61	59	0.984	1.000	7.428E-01	7.112E-01	7.319E-01	6.726E-01	66	1t8l-assembly1_B CRYSTAL STRUCTURE OF THE P1 MET BPTI MUTANT- BOVINE CHYMOTRYPSIN COMPLEX
MC02_gkjd00000000_3	1bth-assembly1_P	0.253	63	3	60	1	58	61	58	0.951	1.000	7.469E-01	7.049E-01	7.360E-01	6.722E-01	65	1bth-assembly1_P STRUCTURE OF THROMBIN COMPLEXED WITH BOVINE PANCREATIC TRYPSIN INHIBITOR
MC02_gkjd00000000_3	6yhy-assembly1_A	0.276	65	1	60	1	59	61	59	0.984	1.000	7.398E-01	7.087E-01	7.292E-01	6.718E-01	66	6yhy-assembly1_A A lid blocking mechanism of a cone snail toxin revealed at the atomic level
MC02_gkjd00000000_3	1fan-assembly1_A	0.253	63	3	60	1	58	61	58	0.951	1.000	7.422E-01	7.002E-01	7.313E-01	6.711E-01	65	1fan-assembly1_A CREVICE-FORMING MUTANTS IN THE RIGID CORE OF BOVINE PANCREATIC TRYPSIN INHIBITOR: CRYSTAL STRUCTURES OF F22A, Y23A, N43G, AND F45A
MC02_gkjd00000000_3	1zjd-assembly1_B	0.245	61	5	60	1	56	61	57	0.918	0.982	7.584E-01	6.932E-01	7.353E-01	6.708E-01	65	1zjd-assembly1_B Crystal Structure of the Catalytic Domain of Coagulation Factor XI in Complex with Kunitz Protease Inhibitor Domain of Protease Nexin II
MC02_gkjd00000000_3	3m7q-assembly1_B	0.353	65	1	61	1	61	61	61	1.000	1.000	7.302E-01	7.220E-01	7.220E-01	6.702E-01	67	3m7q-assembly1_B Crystal structure of recombinant Kunitz Type serine protease Inhibitor-1 from the Caribbean sea anemone stichodactyla helianthus in complex with bovine pancreatic trypsin
MC02_gkjd00000000_3	3bte-assembly1_I	0.278	61	5	60	1	56	61	56	0.918	1.000	7.544E-01	6.896E-01	7.428E-01	6.696E-01	64	3bte-assembly1_I The Crystal Structures of the Complexes Between Bovine Beta-Trypsin and Ten P1 Variants of BPTI.
MC02_gkjd00000000_3	3btg-assembly1_I	0.278	61	5	60	1	56	61	56	0.918	1.000	7.539E-01	6.892E-01	7.423E-01	6.689E-01	64	3btg-assembly1_I THE CRYSTAL STRUCTURES OF THE COMPLEXES BETWEEN BOVINE BETA-TRYPSIN AND TEN P1 VARIANTS OF BPTI
MC02_gkjd00000000_3	3btq-assembly1_I	0.262	61	5	60	1	56	61	56	0.918	1.000	7.548E-01	6.902E-01	7.432E-01	6.687E-01	64	3btq-assembly1_I THE CRYSTAL STRUCTURES OF THE COMPLEXES BETWEEN BOVINE BETA-TRYPSIN AND TEN P1 VARIANTS OF BPTI
MC02_gkjd00000000_3	5xx8-assembly2_B	0.238	63	3	60	1	58	61	58	0.951	1.000	7.438E-01	7.015E-01	7.328E-01	6.687E-01	65	5xx8-assembly2_B Hetero-micro-seeding: Crystal structure of BPTI-[555]C14GA38I variant using micro-seeds from -C14GA38L variant
MC02_gkjd00000000_3	3bth-assembly1_I	0.278	61	5	60	1	56	61	56	0.918	1.000	7.536E-01	6.891E-01	7.421E-01	6.685E-01	64	3bth-assembly1_I THE CRYSTAL STRUCTURES OF THE COMPLEXES BETWEEN BOVINE BETA-TRYPSIN AND TEN P1 VARIANTS OF BPTI
MC02_gkjd00000000_3	3btt-assembly3_I-2	0.262	61	5	60	1	56	61	56	0.918	1.000	7.545E-01	6.899E-01	7.429E-01	6.685E-01	64	3btt-assembly3_I-2 THE CRYSTAL STRUCTURES OF THE COMPLEXES BETWEEN BOVINE BETA-TRYPSIN AND TEN P1 VARIANTS OF BPTI
MC02_gkjd00000000_3	3btd-assembly1_I	0.262	61	5	60	1	56	61	56	0.918	1.000	7.539E-01	6.894E-01	7.423E-01	6.684E-01	64	3btd-assembly1_I The Crystal Structures of the Complexes Between the Bovine Beta-Trypsin and Ten P1 Variants of BPTI.
MC02_gkjd00000000_3	3btw-assembly1_I	0.262	61	5	60	1	56	61	56	0.918	1.000	7.543E-01	6.897E-01	7.427E-01	6.684E-01	64	3btw-assembly1_I THE CRYSTAL STRUCTURES OF THE COMPLEXES BETWEEN BOVINE BETA-TRYPSIN AND TEN P1 VARIANTS OF BPTI
MC02_gkjd00000000_3	5jb4-assembly3_C	0.222	63	3	60	1	58	61	58	0.951	1.000	7.455E-01	7.035E-01	7.345E-01	6.679E-01	65	5jb4-assembly3_C A simplified BPTI variant containing 21 alanines out 58 of residues
MC02_gkjd00000000_3	4y0z-assembly1_I	0.265	64	2	60	1	57	61	57	0.967	1.000	7.459E-01	6.936E-01	7.348E-01	6.677E-01	64	4y0z-assembly1_I Trypsin in complex with with BPTI mutant AMINOBUTYRIC ACID
MC02_gkjd00000000_3	3btf-assembly1_I	0.278	61	5	60	1	56	61	56	0.918	1.000	7.528E-01	6.883E-01	7.412E-01	6.676E-01	64	3btf-assembly1_I THE CRYSTAL STRUCTURES OF THE COMPLEXES BETWEEN BOVINE BETA-TRYPSIN AND TEN P1 VARIANTS OF BPTI.
MC02_gkjd00000000_3	2ftm-assembly1_B	0.246	65	1	60	1	58	61	58	0.984	1.000	7.432E-01	7.013E-01	7.323E-01	6.676E-01	65	2ftm-assembly1_B Crystal structure of trypsin complexed with the BPTI variant (Tyr35->Gly)
MC02_gkjd00000000_3	2ftl-assembly1_I	0.265	64	2	60	1	57	61	57	0.967	1.000	7.459E-01	6.937E-01	7.349E-01	6.675E-01	64	2ftl-assembly1_I Crystal structure of trypsin complexed with BPTI at 100K
MC02_gkjd00000000_3	4y11-assembly1_I	0.265	64	2	60	1	57	61	57	0.967	1.000	7.458E-01	6.935E-01	7.347E-01	6.675E-01	64	4y11-assembly1_I Trypsin in complex with with BPTI mutant (2S)-2-amino-4,4,4-trifluorobutanoic acid
MC02_gkjd00000000_3	2fi5-assembly1_I	0.246	65	1	60	1	58	61	58	0.984	1.000	7.428E-01	7.009E-01	7.319E-01	6.672E-01	65	2fi5-assembly1_I Crystal structure of a BPTI variant (Cys38->Ser) in complex with trypsin
MC02_gkjd00000000_3	5jb7-assembly3_C	0.206	63	3	60	1	58	61	58	0.951	1.000	7.452E-01	7.032E-01	7.343E-01	6.671E-01	65	5jb7-assembly3_C A simplified BPTI variant containing 24 alanines out of 58 residues
MC02_gkjd00000000_3	2fi3-assembly1_I	0.246	65	1	60	1	58	61	58	0.984	1.000	7.427E-01	7.008E-01	7.318E-01	6.666E-01	65	2fi3-assembly1_I Crystal structure of a BPTI variant (Cys14->Ser, Cys38->Ser) in complex with trypsin
MC02_gkjd00000000_3	2fi4-assembly1_I	0.261	65	1	60	1	58	61	58	0.984	1.000	7.391E-01	6.978E-01	7.283E-01	6.652E-01	65	2fi4-assembly1_I Crystal structure of a BPTI variant (Cys14->Ser) in complex with trypsin
MC02_gkjd00000000_3	1p2j-assembly1_I	0.262	61	5	60	1	56	61	56	0.918	1.000	7.520E-01	6.881E-01	7.405E-01	6.651E-01	64	1p2j-assembly1_I Structural consequences of accommodation of four non-cognate amino-acid residues in the S1 pocket of bovine trypsin and chymotrypsin
MC02_gkjd00000000_3	6kzf-assembly1_A	0.290	62	3	59	3	59	61	60	0.934	0.950	7.546E-01	7.010E-01	7.111E-01	6.648E-01	66	6kzf-assembly1_A Racemic X-ray Structure of Calcicludine
MC02_gkjd00000000_3	1p2k-assembly1_I	0.250	64	2	60	1	58	61	58	0.967	1.000	7.389E-01	6.972E-01	7.280E-01	6.630E-01	64	1p2k-assembly1_I Structural consequences of accommodation of four non-cognate amino-acid residues in the S1 pocket of bovine trypsin and chymotrypsin
MC02_gkjd00000000_3	2ca7-assembly1_A	0.257	66	1	60	1	60	61	60	0.984	1.000	7.282E-01	7.078E-01	7.179E-01	6.629E-01	65	2ca7-assembly1_A Conkunitzin-S1 Is The First Member Of A New Kunitz-Type Neurotoxin Family- Structural and Functional Characterization
MC02_gkjd00000000_3	1bun-assembly1_B	0.242	66	1	61	2	61	61	61	1.000	0.984	7.300E-01	7.094E-01	7.094E-01	6.624E-01	66	1bun-assembly1_B STRUCTURE OF BETA2-BUNGAROTOXIN: POTASSIUM CHANNEL BINDING BY KUNITZ MODULES AND TARGETED PHOSPHOLIPASE ACTION
MC02_gkjd00000000_3	5xx4-assembly1_A	0.230	65	1	60	1	58	61	58	0.984	1.000	7.394E-01	6.981E-01	7.287E-01	6.618E-01	64	5xx4-assembly1_A A BPTI-[5,55] variant with C14GA38K mutations
MC02_gkjd00000000_3	5xx2-assembly2_B	0.238	63	3	60	1	58	61	58	0.951	1.000	7.366E-01	6.949E-01	7.257E-01	6.617E-01	64	5xx2-assembly2_B A BPTI-[5,55] variant with C14GA38L mutations
MC02_gkjd00000000_3	1p2i-assembly1_I	0.246	65	1	60	1	58	61	58	0.984	1.000	7.377E-01	6.962E-01	7.269E-01	6.609E-01	64	1p2i-assembly1_I Structural consequences of accommodation of four non-cognate amino-acid residues in the S1 pocket of bovine trypsin and chymotrypsin
MC02_gkjd00000000_3	5yv7-assembly1_A	0.306	62	3	59	3	59	61	60	0.934	0.950	7.505E-01	6.972E-01	7.072E-01	6.608E-01	65	5yv7-assembly1_A Racemic X-ray Structure of Calcicludine
MC02_gkjd00000000_3	2zvx-assembly1_B	0.200	65	1	59	1	57	61	57	0.967	1.000	7.381E-01	6.861E-01	7.270E-01	6.583E-01	64	2zvx-assembly1_B Structure of a BPTI-[5,55] variant containing Gly/Val at the 14/38th positions
MC02_gkjd00000000_3	5nx1-assembly1_D	0.255	47	16	59	1	42	61	42	0.721	1.000	8.238E-01	5.734E-01	8.063E-01	6.580E-01	55	5nx1-assembly1_D Combinatorial Engineering of Proteolytically Resistant APPI Variants that Selectively Inhibit Human Kallikrein 6 for Cancer Therapy
MC02_gkjd00000000_3	3ldj-assembly3_C	0.278	61	3	58	1	56	61	56	0.918	1.000	7.420E-01	6.787E-01	7.306E-01	6.575E-01	63	3ldj-assembly3_C Crystal structure of aprotinin in complex with sucrose octasulfate: unusual interactions and implication for heparin binding
MC02_gkjd00000000_3	2zjx-assembly1_B	0.218	64	1	59	1	57	61	57	0.967	1.000	7.377E-01	6.859E-01	7.267E-01	6.566E-01	63	2zjx-assembly1_B Bovine pancreatic trypsin inhibitor (BPTI) containing only the [5,55] disulfide bond
MC02_gkjd00000000_3	5xx4-assembly2_B	0.222	63	3	60	1	58	61	58	0.951	1.000	7.343E-01	6.932E-01	7.236E-01	6.565E-01	64	5xx4-assembly2_B A BPTI-[5,55] variant with C14GA38K mutations
MC02_gkjd00000000_3	5xx3-assembly2_B	0.215	65	1	60	1	58	61	58	0.984	1.000	7.345E-01	6.934E-01	7.237E-01	6.564E-01	64	5xx3-assembly2_B A BPTI-[5,55] variant with C14GA38G mutations
MC02_gkjd00000000_3	7v1n-assembly1_K	0.245	61	3	59	2	58	61	59	0.934	0.966	7.470E-01	6.969E-01	7.169E-01	6.539E-01	64	7v1n-assembly1_K Structure of the Clade 2 C. difficile TcdB in complex with its receptor TFPI
MC02_gkjd00000000_3	5nx3-assembly1_D	0.297	47	16	59	1	42	61	42	0.721	1.000	8.183E-01	5.694E-01	8.009E-01	6.526E-01	54	5nx3-assembly1_D Combinatorial Engineering of Proteolytically Resistant APPI Variants that Selectively Inhibit Human Kallikrein 6 for Cancer Therapy
MC02_gkjd00000000_3	3auc-assembly1_A	0.258	62	3	59	1	57	61	58	0.934	0.983	7.377E-01	6.858E-01	7.160E-01	6.514E-01	63	3auc-assembly1_A A simplified BPTI variant with poly SER (C5S) amino acid tag at the c-terminus
MC02_gkjd00000000_3	3aue-assembly7_G	0.250	64	1	59	1	56	61	56	0.967	1.000	7.319E-01	6.711E-01	7.211E-01	6.413E-01	62	3aue-assembly7_G A simplified BPTI variant with poly His amino acid tag (C5H) at the C-terminus
MC02_gkjd00000000_3	3wny-assembly6_F	0.258	62	3	59	1	56	61	56	0.934	1.000	7.285E-01	6.679E-01	7.177E-01	6.406E-01	61	3wny-assembly6_F A simplified BPTI variant with poly Lys amino acid tag (C3K) at the C-terminus
MC02_gkjd00000000_3	3aue-assembly8_H	0.242	66	1	61	1	59	61	63	1.000	0.937	7.240E-01	6.937E-01	6.750E-01	6.347E-01	64	3aue-assembly8_H A simplified BPTI variant with poly His amino acid tag (C5H) at the C-terminus
MC02_gkjd00000000_3	1jv8-assembly1_A	0.253	63	3	60	1	58	61	58	0.951	1.000	7.145E-01	6.761E-01	7.045E-01	6.314E-01	61	1jv8-assembly1_A NMR Structure of BPTI Mutant G37A
MC02_gkjd00000000_3	1kun-assembly1_A	0.257	66	1	60	1	58	61	58	0.984	1.000	7.016E-01	6.630E-01	6.916E-01	6.226E-01	61	1kun-assembly1_A SOLUTION STRUCTURE OF THE HUMAN ALPHA3-CHAIN TYPE VI COLLAGEN C-TERMINAL KUNITZ DOMAIN, NMR, 20 STRUCTURES
MC02_gkjd00000000_3	2ra3-assembly1_C	0.278	61	3	58	1	56	61	56	0.918	1.000	7.087E-01	6.516E-01	6.985E-01	6.179E-01	59	2ra3-assembly1_C Human cationic trypsin complexed with bovine pancreatic trypsin inhibitor (BPTI)
MC02_gkjd00000000_3	3fp7-assembly1_J	0.244	49	15	60	1	43	61	43	0.754	1.000	7.691E-01	5.542E-01	7.536E-01	6.155E-01	52	3fp7-assembly1_J Anionic trypsin variant S195A in complex with bovine pancreatic trypsin inhibitor (BPTI) cleaved at the scissile bond (LYS15-ALA16) determined to the 1.46 A resolution limit
MC02_gkjd00000000_3	1jc6-assembly1_A	0.281	64	1	59	2	59	61	65	0.967	0.892	7.254E-01	6.862E-01	6.510E-01	6.116E-01	62	1jc6-assembly1_A SOLUTION STRUCTURE OF BUNGARUS FACIATUS IX, A KUNITZ-TYPE CHYMOTRYPSIN INHIBITOR
MC02_gkjd00000000_3	1adz-assembly1_A	0.202	69	1	59	3	66	61	71	0.967	0.901	7.312E-01	7.010E-01	6.162E-01	6.104E-01	64	1adz-assembly1_A THE SOLUTION STRUCTURE OF THE SECOND KUNITZ DOMAIN OF TISSUE FACTOR PATHWAY INHIBITOR, NMR, 30 STRUCTURES
MC02_gkjd00000000_3	6a5i-assembly1_A	0.323	65	1	60	1	61	61	68	0.984	0.897	7.030E-01	6.840E-01	6.249E-01	6.015E-01	62	6a5i-assembly1_A Pseudocerastes Persicus Trypsin Inhibitor
MC02_gkjd00000000_3	5ezd-assembly2_B	0.257	66	1	61	59	120	61	120	1.000	0.517	7.728E-01	7.620E-01	4.174E-01	5.552E-01	70	5ezd-assembly2_B Crystal structure of a Hepatocyte growth factor activator inhibitor-1 (HAI-1) fragment covering the PKD-like 'internal' domain and Kunitz domain 1
MC02_gkjd00000000_3	1bik-assembly1_A	0.206	63	2	59	53	110	61	110	0.951	0.527	7.535E-01	7.107E-01	4.192E-01	5.338E-01	66	1bik-assembly1_A X-RAY STRUCTURE OF BIKUNIN FROM THE HUMAN INTER-ALPHA-INHIBITOR COMPLEX
MC02_gkjd00000000_3	2ody-assembly2_F	0.292	65	1	60	2	59	61	127	0.984	0.457	7.703E-01	7.259E-01	3.727E-01	5.236E-01	68	2ody-assembly2_F Thrombin-bound boophilin displays a functional and accessible reactive-site loop
MC02_gkjd00000000_3	6nan-assembly1_A	0.258	62	1	60	60	116	61	118	0.984	0.483	7.364E-01	6.882E-01	3.873E-01	5.013E-01	63	6nan-assembly1_A NMR structure determination of Ixolaris and Factor X interaction reveals a noncanonical mechanism of Kunitz inhibition
MC02_gkjd00000000_3	6kzf-assembly2_B	0.101	79	1	61	1	60	61	60	1.000	1.000	3.569E-01	3.498E-01	3.533E-01	2.904E-01	28	6kzf-assembly2_B Racemic X-ray Structure of Calcicludine
MC05_hydroscapha_redfordi_1	1r1g-assembly1_A	0.250	40	1	40	1	31	40	31	1.000	1.000	9.106E-01	7.022E-01	8.848E-01	7.466E-01	67	1r1g-assembly1_A Crystal Structure of the Scorpion Toxin BmBKTtx1
MC05_hydroscapha_redfordi_1	1r1g-assembly2_B	0.256	39	2	40	2	31	40	31	0.975	0.968	9.322E-01	6.968E-01	8.792E-01	7.462E-01	66	1r1g-assembly2_B Crystal Structure of the Scorpion Toxin BmBKTtx1
MC05_hydroscapha_redfordi_1	1l4v-assembly1_A	0.674	43	1	40	1	40	40	40	1.000	1.000	7.975E-01	7.808E-01	7.808E-01	7.087E-01	70	1l4v-assembly1_A SOLUTION STRUCTURE OF SAPECIN
MC05_hydroscapha_redfordi_1	1q2k-assembly1_A	0.236	38	3	40	1	31	40	31	0.950	1.000	8.630E-01	6.756E-01	8.404E-01	6.920E-01	63	1q2k-assembly1_A Solution structure of BmBKTx1 a new potassium channel blocker from the Chinese Scorpion Buthus martensi Karsch
MC05_hydroscapha_redfordi_1	2lld-assembly1_A	0.590	44	1	40	1	40	40	40	1.000	1.000	7.618E-01	7.457E-01	7.457E-01	6.817E-01	68	2lld-assembly1_A The Insect Defensin Lucifensin from Lucilia sericata
MC05_hydroscapha_redfordi_1	2ny9-assembly1_X	0.500	42	1	40	1	39	40	41	1.000	0.951	7.935E-01	7.610E-01	7.457E-01	6.810E-01	68	2ny9-assembly1_X NMR structure of DEF-ABB, a mutant of anopheles defensin DEF-AAA
MC05_hydroscapha_redfordi_1	3psm-assembly1_B	0.186	43	1	40	10	45	40	47	1.000	0.766	8.446E-01	7.506E-01	6.482E-01	6.627E-01	70	3psm-assembly1_B .98A crystal structure of a dimeric plant defensin SPE10
MC05_hydroscapha_redfordi_1	6px8-assembly1_A	0.428	42	1	40	2	37	40	37	1.000	0.973	7.842E-01	7.038E-01	7.503E-01	6.558E-01	63	6px8-assembly1_A Dg3b in Weaponisation 'on the fly': Convergent recruitment of knottin and defensin scaffolds as neurotoxins in the venom of assassin fly Dolopus genitalis (Diptera: Asilidae)
MC05_hydroscapha_redfordi_1	6mry-assembly6_H	0.186	43	1	40	10	45	40	47	1.000	0.766	8.343E-01	7.416E-01	6.407E-01	6.542E-01	69	6mry-assembly6_H NoD173 plant defensin
MC05_hydroscapha_redfordi_1	4uj0-assembly2_B	0.255	43	1	40	10	45	40	47	1.000	0.766	8.335E-01	7.410E-01	6.404E-01	6.532E-01	69	4uj0-assembly2_B Crystal structure of the tomato defensin TPP3
MC05_hydroscapha_redfordi_1	1myn-assembly1_A	0.190	42	1	40	7	43	40	44	1.000	0.841	8.057E-01	7.375E-01	6.793E-01	6.528E-01	67	1myn-assembly1_A SOLUTION STRUCTURE OF DROSOMYCIN, THE FIRST INDUCIBLE ANTIFUNGAL PROTEIN FROM INSECTS, NMR, 15 STRUCTURES
MC05_hydroscapha_redfordi_1	5vyp-assembly1_L	0.186	43	1	40	9	44	40	45	1.000	0.800	8.212E-01	7.318E-01	6.591E-01	6.522E-01	68	5vyp-assembly1_L Crystal structure of the Plant Defensin NsD7 bound to PIP2
MC05_hydroscapha_redfordi_1	4ab0-assembly1_A	0.186	43	1	40	9	44	40	46	1.000	0.783	8.232E-01	7.331E-01	6.470E-01	6.510E-01	68	4ab0-assembly1_A X-ray crystal structure of Nicotiana alata defensin NaD1
MC05_hydroscapha_redfordi_1	6mry-assembly2_B	0.190	42	1	40	11	45	40	47	1.000	0.745	8.495E-01	7.366E-01	6.367E-01	6.491E-01	69	6mry-assembly2_B NoD173 plant defensin
MC05_hydroscapha_redfordi_1	7c31-assembly1_A	0.279	43	1	40	10	45	40	47	1.000	0.766	8.224E-01	7.322E-01	6.337E-01	6.428E-01	68	7c31-assembly1_A Crystal structure of the grapevine defensin VvK1
MC05_hydroscapha_redfordi_1	7c31-assembly1_B	0.279	43	1	40	10	45	40	47	1.000	0.766	8.181E-01	7.289E-01	6.313E-01	6.394E-01	68	7c31-assembly1_B Crystal structure of the grapevine defensin VvK1
MC05_hydroscapha_redfordi_1	6b55-assembly1_F	0.186	43	1	40	11	46	40	48	1.000	0.750	8.228E-01	7.322E-01	6.215E-01	6.392E-01	68	6b55-assembly1_F Crystal structure of the Plant Defensin NaD1 complexed with phosphatidic acid
MC05_hydroscapha_redfordi_1	6mry-assembly1_A	0.186	43	1	40	11	46	40	48	1.000	0.750	8.206E-01	7.306E-01	6.203E-01	6.392E-01	68	6mry-assembly1_A NoD173 plant defensin
MC05_hydroscapha_redfordi_1	5vyp-assembly1_J	0.186	43	1	40	11	46	40	48	1.000	0.750	8.242E-01	7.339E-01	6.233E-01	6.388E-01	68	5vyp-assembly1_J Crystal structure of the Plant Defensin NsD7 bound to PIP2
MC05_hydroscapha_redfordi_1	5vyp-assembly1_K	0.186	43	1	40	11	46	40	47	1.000	0.766	8.195E-01	7.307E-01	6.332E-01	6.378E-01	67	5vyp-assembly1_K Crystal structure of the Plant Defensin NsD7 bound to PIP2
MC05_hydroscapha_redfordi_1	6b55-assembly1_C	0.186	43	1	40	11	46	40	48	1.000	0.750	8.207E-01	7.308E-01	6.207E-01	6.359E-01	68	6b55-assembly1_C Crystal structure of the Plant Defensin NaD1 complexed with phosphatidic acid
MC05_hydroscapha_redfordi_1	1n4n-assembly1_A	0.186	43	1	40	10	45	40	47	1.000	0.766	8.179E-01	7.300E-01	6.330E-01	6.350E-01	67	1n4n-assembly1_A Structure of the Plant Defensin PhD1 from Petunia Hybrida
MC05_hydroscapha_redfordi_1	2b68-assembly1_A	0.250	44	1	40	2	39	40	43	1.000	0.884	7.563E-01	7.103E-01	6.691E-01	6.328E-01	64	2b68-assembly1_A Solution structure of the recombinant Crassostrea gigas defensin
MC05_hydroscapha_redfordi_1	4ab0-assembly1_B	0.186	43	1	40	10	43	40	45	1.000	0.756	8.279E-01	6.977E-01	6.266E-01	6.303E-01	66	4ab0-assembly1_B X-ray crystal structure of Nicotiana alata defensin NaD1
MC05_hydroscapha_redfordi_1	2k4u-assembly1_A	0.225	40	1	40	5	36	40	37	1.000	0.865	8.310E-01	6.849E-01	7.290E-01	6.280E-01	61	2k4u-assembly1_A Solution structure of the SCORPION TOXIN ADWX-1
MC05_hydroscapha_redfordi_1	7c2p-assembly4_D	0.279	43	1	40	10	45	40	47	1.000	0.766	8.005E-01	7.153E-01	6.212E-01	6.219E-01	66	7c2p-assembly4_D Structure of Egk Peptide
MC05_hydroscapha_redfordi_1	1ti5-assembly1_A	0.261	42	1	40	10	44	40	46	1.000	0.761	8.183E-01	7.165E-01	6.355E-01	6.209E-01	65	1ti5-assembly1_A Solution structure of plant defensin
MC05_hydroscapha_redfordi_1	1ozz-assembly1_A	0.208	48	1	40	5	44	40	44	1.000	0.909	7.051E-01	6.896E-01	6.341E-01	6.192E-01	64	1ozz-assembly1_A NMR structure of antifungal defensin ARD1 from Archaeoprepona demophon
MC05_hydroscapha_redfordi_1	6bb6-assembly1_A	0.289	38	4	39	2	34	40	34	0.900	0.971	7.514E-01	6.276E-01	7.167E-01	6.164E-01	58	6bb6-assembly1_A NMR solution structure of Defensin1 from Centruroides limpidus limpidus
MC05_hydroscapha_redfordi_1	2ktx-assembly1_A	0.225	40	1	40	6	37	40	38	1.000	0.842	8.265E-01	6.833E-01	7.118E-01	6.137E-01	60	2ktx-assembly1_A COMPLETE KALIOTOXIN FROM ANDROCTONUS MAURETANICUS MAURETANICUS, NMR, 18 STRUCTURES
MC05_hydroscapha_redfordi_1	1gpt-assembly1_A	0.255	43	1	40	10	45	40	47	1.000	0.766	7.904E-01	7.086E-01	6.172E-01	6.123E-01	64	1gpt-assembly1_A SOLUTION STRUCTURE OF GAMMA 1-H AND GAMMA 1-P THIONINS FROM BARLEY AND WHEAT ENDOSPERM DETERMINED BY 1H-NMR: A STRUCTURAL MOTIF COMMON TO TOXIC ARTHROPOD PROTEINS
MC05_hydroscapha_redfordi_1	2kp0-assembly1_A	0.297	37	4	40	1	30	40	33	0.925	0.909	8.221E-01	6.426E-01	7.495E-01	6.090E-01	57	2kp0-assembly1_A Solution structure of nasonin-1M
MC05_hydroscapha_redfordi_1	7jnn-assembly1_A	0.190	42	1	40	12	44	40	46	1.000	0.717	8.276E-01	6.849E-01	6.049E-01	6.030E-01	63	7jnn-assembly1_A NMR Solution Structure of plant defensin SlD26
MC05_hydroscapha_redfordi_1	5cy0-assembly1_A	0.190	42	1	40	14	49	40	63	1.000	0.571	8.552E-01	7.618E-01	5.026E-01	5.968E-01	70	5cy0-assembly1_A Total Chemical Synthesis, Covalent Structure Verification, and X-ray Structure of Bioactive Ts3 Toxin by Racemic Protein Crystallography
MC05_hydroscapha_redfordi_1	1mr4-assembly1_A	0.186	43	1	40	10	45	40	47	1.000	0.766	7.815E-01	7.031E-01	6.142E-01	5.967E-01	62	1mr4-assembly1_A Solution Structure of NaD1 from Nicotiana alata
MC05_hydroscapha_redfordi_1	6b9w-assembly1_A	0.342	38	4	39	2	34	40	34	0.900	0.971	7.438E-01	6.235E-01	7.103E-01	5.960E-01	56	6b9w-assembly1_A NMR solution structure of Defensin1 from Centruroides limpidus limpidus
MC05_hydroscapha_redfordi_1	6dmz-assembly1_A	0.261	42	1	40	10	45	40	47	1.000	0.766	7.693E-01	6.904E-01	6.022E-01	5.959E-01	63	6dmz-assembly1_A Solution structure of ZmD32
MC05_hydroscapha_redfordi_1	1p00-assembly1_A	0.229	48	1	40	5	44	40	44	1.000	0.909	6.826E-01	6.682E-01	6.161E-01	5.930E-01	61	1p00-assembly1_A NMR structure of ETD151, mutant of the antifungal defensin ARD1 from Archaeoprepona demophon
MC05_hydroscapha_redfordi_1	1gps-assembly1_A	0.255	43	1	40	10	45	40	47	1.000	0.766	7.678E-01	6.899E-01	6.023E-01	5.904E-01	62	1gps-assembly1_A SOLUTION STRUCTURE OF GAMMA 1-H AND GAMMA 1-P THIONINS FROM BARLEY AND WHEAT ENDOSPERM DETERMINED BY 1H-NMR: A STRUCTURAL MOTIF COMMON TO TOXIC ARTHROPOD PROTEINS
MC05_hydroscapha_redfordi_1	5nce-assembly1_A	0.200	45	1	40	10	47	40	50	1.000	0.760	7.400E-01	6.939E-01	5.728E-01	5.839E-01	63	5nce-assembly1_A Structure of PsDef1 defensin from Pinus sylvestris
MC05_hydroscapha_redfordi_1	6lcq-assembly1_B	0.177	45	1	40	15	52	40	54	1.000	0.704	7.556E-01	7.076E-01	5.436E-01	5.827E-01	65	6lcq-assembly1_B Crystal structure of rice defensin OsAFP1
MC05_hydroscapha_redfordi_1	1sn1-assembly1_A	0.204	44	1	40	14	50	40	64	1.000	0.578	8.105E-01	7.397E-01	4.815E-01	5.770E-01	68	1sn1-assembly1_A STRUCTURE OF SCORPION NEUROTOXIN BMK M1
MC05_hydroscapha_redfordi_1	1p0a-assembly1_A	0.208	48	1	40	5	44	40	44	1.000	0.909	6.720E-01	6.582E-01	6.078E-01	5.761E-01	59	1p0a-assembly1_A NMR structure of ETD135, mutant of the antifungal defensin ARD1 from Archaeoprepona demophon
MC05_hydroscapha_redfordi_1	1sn4-assembly1_A	0.204	44	1	40	14	50	40	64	1.000	0.578	8.085E-01	7.382E-01	4.810E-01	5.755E-01	68	1sn4-assembly1_A STRUCTURE OF SCORPION NEUROTOXIN BMK M4
MC05_hydroscapha_redfordi_1	1ica-assembly1_A	0.774	31	10	40	10	40	40	40	0.775	0.775	7.845E-01	6.299E-01	6.299E-01	5.685E-01	56	1ica-assembly1_A REFINED THREE-DIMENSIONAL STRUCTURE OF INSECT DEFENSIN A
MC05_hydroscapha_redfordi_1	1djt-assembly1_B	0.204	44	1	40	14	50	40	64	1.000	0.578	7.987E-01	7.306E-01	4.785E-01	5.669E-01	67	1djt-assembly1_B ATOMIC RESOLUTION STRUCTURE OF SCORPION ALPHA-LIKE TOXIN BMK M1 IN A NEW CRYSTAL FORM
MC05_hydroscapha_redfordi_1	1t7e-assembly1_A	0.204	44	1	40	16	52	40	66	1.000	0.561	8.046E-01	7.351E-01	4.663E-01	5.665E-01	68	1t7e-assembly1_A Crystal structure of mutant Pro9Ser of scorpion alpha-like neurotoxin BmK M1 from Buthus martensii Karsch
MC05_hydroscapha_redfordi_1	2asc-assembly1_A	0.204	44	1	40	15	51	40	65	1.000	0.569	8.008E-01	7.320E-01	4.718E-01	5.646E-01	67	2asc-assembly1_A Scorpion toxin LQH-alpha-IT
MC05_hydroscapha_redfordi_1	2ru0-assembly1_A	0.285	42	1	39	1	36	40	36	0.975	1.000	6.613E-01	6.046E-01	6.495E-01	5.234E-01	51	2ru0-assembly1_A Solution structure of actinomycesin
MC05_hydroscapha_redfordi_1	2lr5-assembly1_A	0.142	42	2	40	1	36	40	38	0.975	0.947	6.206E-01	5.697E-01	5.894E-01	5.025E-01	49	2lr5-assembly1_A 1H chemical shift assignments for micasin
MC05_hydroscapha_redfordi_1	2e3g-assembly1_A	0.612	31	11	40	10	40	40	40	0.750	0.775	6.816E-01	5.619E-01	5.619E-01	4.731E-01	47	2e3g-assembly1_A NMR structure of DEF-DAA, a mutant of anopheles defensin DEF-AAA
MC05_hydroscapha_redfordi_1	2nz3-assembly1_A	0.318	44	3	40	5	40	40	40	0.950	0.900	5.810E-01	5.319E-01	5.319E-01	4.571E-01	45	2nz3-assembly1_A NMR structure of DEF-AcAA, a mutant of anopheles defensin DEF-AAA
MC05_hydroscapha_redfordi_1	1yju-assembly1_A	0.044	45	1	40	8	48	40	75	1.000	0.547	5.594E-01	5.517E-01	3.572E-01	3.757E-01	43	1yju-assembly1_A Solution structure of the apo form of the sixth soluble domain of Menkes protein
MC05_hydroscapha_redfordi_1	3epu-assembly1_A	0.037	27	10	36	3	29	40	134	0.675	0.201	5.867E-01	4.766E-01	1.771E-01	2.937E-01	41	3epu-assembly1_A Crystal Structure of STM2138, a novel virulence chaperone in Salmonella
MC05_hydroscapha_redfordi_1	8q4h-assembly1_B	0.031	96	6	40	171	266	40	503	0.875	0.191	6.508E-01	5.939E-01	6.503E-02	2.698E-01	47	8q4h-assembly1_B a membrane-bound menaquinol:organohalide oxidoreductase complex RDH complex
MC05_hydroscapha_redfordi_1	4ibp-assembly1_A	0.000	155	8	38	8	160	40	205	0.775	0.746	5.757E-01	4.651E-01	1.155E-01	2.650E-01	41	4ibp-assembly1_A Crystal structure of a glutathione transferase family member from Pseudomonas fluorescens Pf-5, target EFI-900011, with bound glutathione
MC05_hydroscapha_redfordi_1	3lxt-assembly1_A	0.006	162	1	34	4	165	40	204	0.850	0.794	5.061E-01	4.550E-01	1.300E-01	2.510E-01	37	3lxt-assembly1_A Crystal structure of Glutathione S Transferase from Pseudomonas fluorescens
MC05_hydroscapha_redfordi_1	4s0t-assembly3_B	0.011	181	1	34	102	277	40	283	0.850	0.622	5.388E-01	4.755E-01	8.962E-02	2.458E-01	40	4s0t-assembly3_B STRUCTURE OF HUMAN PREGNANE X RECEPTOR LIGAND BINDING DOMAIN BOUND WITH ADNECTIN-1 AND COMPOUND-1
MC19_gkjj00000000_1	8p15-assembly1_L	0.029	34	1	25	121	153	28	163	0.893	0.202	4.934E-01	4.752E-01	1.236E-01	2.338E-01	34	8p15-assembly1_L Cryo-EM structure of Rhodopsin-Gi bound with antibody fragments scFv16 and Fab79, conformation 2
MC19_gkjj00000000_1	4mo1-assembly2_B	0.000	78	1	28	63	139	28	143	1.000	0.538	4.858E-01	4.814E-01	1.537E-01	2.312E-01	31	4mo1-assembly2_B Crystal structure of antitermination protein Q from bacteriophage lambda. Northeast Structural Genomics Consortium target OR18A.
MC19_gkjj00000000_1	7ubn-assembly1_Q	0.000	27	1	21	124	150	28	207	0.750	0.130	5.063E-01	4.817E-01	9.246E-02	2.286E-01	36	7ubn-assembly1_Q Transcription antitermination complex: NusA-containing "engaged" Qlambda-loading complex
MC19_gkjj00000000_1	2nys-assembly1_B	0.000	25	1	22	77	98	28	115	0.786	0.191	3.586E-01	3.782E-01	1.341E-01	1.996E-01	27	2nys-assembly1_B X-ray Crystal Structure of Protein AGR_C_3712 from Agrobacterium tumefaciens. Northeast Structural Genomics Consortium Target AtR88.
MC23_maechidius_sp_1	7c0i-assembly1_B	0.064	31	2	28	8	36	30	67	0.900	0.433	5.197E-01	4.996E-01	2.906E-01	3.207E-01	37	7c0i-assembly1_B Crystal structure of chimeric mutant of E3L in complex with Z-DNA
MC23_maechidius_sp_1	3dr8-assembly1_A	0.060	50	1	30	8	56	30	173	1.000	0.283	5.512E-01	5.421E-01	1.400E-01	2.752E-01	41	3dr8-assembly1_A Structure of yncA, a putative ACETYLTRANSFERASE from Salmonella typhimurium with its cofactor Acetyl-CoA
MC23_maechidius_sp_1	5t7e-assembly1_C-2	0.060	50	1	30	7	54	30	175	1.000	0.274	5.308E-01	5.232E-01	1.362E-01	2.690E-01	40	5t7e-assembly1_C-2 Crystal structure of Streptomyces hygroscopicus Bialaphos Resistance (BAR) protein in complex with Coenzyme A and L-phosphinothricin
MC23_maechidius_sp_1	5jtf-assembly1_B	0.007	131	3	30	50	171	30	175	0.933	0.697	4.395E-01	4.129E-01	9.361E-02	2.186E-01	34	5jtf-assembly1_B Crystal structure of ArsN N-acetyltransferase from Pseudomonas putida KT2440
MC13_psylliodes_chrysocephalus_2	4fl4-assembly2_D	0.016	61	31	62	1	61	65	65	0.492	0.938	5.591E-01	3.311E-01	3.311E-01	3.011E-01	30	4fl4-assembly2_D Scaffoldin conformation and dynamics revealed by a ternary complex from the Clostridium thermocellum cellulosome
MC13_psylliodes_chrysocephalus_2	2bvj-assembly2_B	0.009	302	1	63	73	363	65	391	0.969	0.744	5.671E-01	5.474E-01	1.169E-01	3.006E-01	48	2bvj-assembly2_B Ligand-free structure of cytochrome P450 PikC (CYP107L1)
MC13_psylliodes_chrysocephalus_2	1wym-assembly1_A	0.092	54	2	51	103	140	65	155	0.769	0.245	6.593E-01	4.196E-01	1.939E-01	2.896E-01	39	1wym-assembly1_A Solution structure of the CH domain of human transgelin-2
MC13_psylliodes_chrysocephalus_2	8sr7-assembly1_A	0.007	138	1	63	676	804	65	1375	0.969	0.094	5.755E-01	5.571E-01	3.668E-02	2.686E-01	50	8sr7-assembly1_A Cryo-EM structure of TRPM2 chanzyme in the presence of Magnesium, Adenosine monophosphate, and Ribose-5-phosphate
MC15_eophileurus_sp_2	2lds-assembly1_A	0.081	37	1	33	1	34	33	36	1.000	0.944	4.742E-01	4.700E-01	4.558E-01	3.172E-01	31	2lds-assembly1_A Solution Structure of a Short-chain LaIT1 from the Venom of Scorpion Liocheles australasiae
MC15_eophileurus_sp_2	2d8z-assembly1_A	0.000	48	1	31	17	60	33	70	0.939	0.629	4.904E-01	4.704E-01	2.819E-01	3.087E-01	36	2d8z-assembly1_A Solution structure of the third LIM domain of Four and a half LIM domains protein 2 (FHL-2)
MC15_eophileurus_sp_2	8y6u-assembly1_J	0.016	62	1	33	3	60	33	83	1.000	0.699	4.808E-01	4.748E-01	2.559E-01	2.949E-01	35	8y6u-assembly1_J Cryo-EM structure of E.coli transcription initiation complex with transcription factor GcvA
MC15_eophileurus_sp_2	8br8-assembly1_Se	0.138	36	6	33	42	73	33	80	0.848	0.400	4.398E-01	4.158E-01	2.277E-01	2.536E-01	29	8br8-assembly1_Se Giardia ribosome in POST-T state (A1)
MC15_eophileurus_sp_2	4v6w-assembly1_Ab	0.135	37	6	33	44	76	33	84	0.848	0.393	4.287E-01	4.061E-01	2.187E-01	2.425E-01	28	4v6w-assembly1_Ab Structure of the D. melanogaster 80S ribosome
MC15_eophileurus_sp_2	6g53-assembly1_f	0.033	30	12	33	39	66	33	72	0.667	0.389	3.490E-01	3.627E-01	2.146E-01	2.335E-01	27	6g53-assembly1_f Cryo-EM structure of a late human pre-40S ribosomal subunit - State E
MC15_eophileurus_sp_2	6g5h-assembly1_f	0.033	30	12	33	39	66	33	72	0.667	0.389	3.490E-01	3.627E-01	2.146E-01	2.335E-01	27	6g5h-assembly1_f Cryo-EM structure of a late human pre-40S ribosomal subunit - Mature
MC15_eophileurus_sp_2	1sg1-assembly1_A	0.030	65	3	32	32	86	33	99	0.909	0.556	4.015E-01	3.748E-01	1.581E-01	2.290E-01	30	1sg1-assembly1_A Crystal Structure of the Receptor-Ligand Complex between Nerve Growth Factor and the Common Neurotrophin Receptor p75
MC15_eophileurus_sp_2	8xqb-assembly1_w5	0.064	31	1	26	1	21	33	67	0.788	0.313	3.341E-01	2.955E-01	1.766E-01	1.993E-01	23	8xqb-assembly1_w5 Mature virion portal vertex of bacteriophage lambda
MC15_eophileurus_sp_2	6g1b-assembly1_J-2	0.032	62	2	33	6	64	33	309	0.970	0.191	4.346E-01	4.253E-01	7.997E-02	1.971E-01	31	6g1b-assembly1_J-2 Corynebacterium glutamicum OxyR, oxidized form
MC15_eophileurus_sp_2	1nj4-assembly1_A	0.010	197	1	32	52	246	33	343	0.970	0.569	4.405E-01	4.289E-01	7.169E-02	1.926E-01	31	1nj4-assembly1_A Crystal structure of a deacylation-defective mutant of penicillin-binding protein 5 at 1.9 A resolution
MC15_eophileurus_sp_2	6g1b-assembly1_B-2	0.016	59	3	33	14	70	33	326	0.939	0.175	4.311E-01	4.169E-01	7.527E-02	1.864E-01	30	6g1b-assembly1_B-2 Corynebacterium glutamicum OxyR, oxidized form
MC15_eophileurus_sp_2	3c7d-assembly1_B	0.020	48	1	32	353	390	33	393	0.970	0.097	4.176E-01	4.065E-01	5.160E-02	1.741E-01	29	3c7d-assembly1_B A structural basis for substrate and stereo selectivity in octopine dehydrogenase (ODH-NADH-Pyruvate)
MC15_eophileurus_sp_2	8z91-assembly1_A	0.027	36	2	33	93	120	33	347	0.970	0.081	4.085E-01	3.793E-01	5.983E-02	1.723E-01	28	8z91-assembly1_A Soil metagenomic-derived esterase
MC15_eophileurus_sp_2	7pua-assembly1_DF	0.024	123	1	33	227	346	33	594	1.000	0.202	4.222E-01	4.176E-01	4.381E-02	1.711E-01	29	7pua-assembly1_DF Middle assembly intermediate of the Trypanosoma brucei mitoribosomal small subunit
MC15_eophileurus_sp_2	7ane-assembly1_ae	0.004	226	1	32	227	449	33	584	0.970	0.382	4.288E-01	4.190E-01	4.325E-02	1.695E-01	29	7ane-assembly1_ae Leishmania Major mitochondrial ribosome
MC15_eophileurus_sp_2	8j5t-assembly1_D	0.006	316	2	33	3	313	33	608	0.970	0.512	4.283E-01	4.184E-01	4.016E-02	1.682E-01	29	8j5t-assembly1_D Cryo-EM structure of Mycobacterium tuberculosis OppABCD in the catalytic intermediate state
MC15_eophileurus_sp_2	6z1p-assembly1_Ac	0.000	40	1	33	129	162	33	262	1.000	0.130	3.809E-01	3.777E-01	8.530E-02	1.679E-01	25	6z1p-assembly1_Ac Structure of the mitochondrial ribosome from Tetrahymena thermophila
MC15_eophileurus_sp_2	8apo-assembly1_BA	0.000	43	6	33	95	130	33	176	0.848	0.205	3.426E-01	3.273E-01	9.776E-02	1.611E-01	22	8apo-assembly1_BA Structure of the mitochondrial ribosome from Polytomella magna with tRNAs bound to the A and P sites
MC15_eophileurus_sp_2	7kpr-assembly1_A	0.000	72	1	33	228	290	33	403	1.000	0.156	3.840E-01	3.795E-01	5.316E-02	1.601E-01	26	7kpr-assembly1_A Structure of wild-type PPM1H phosphatase at 3.1 Angstrom resolution
MC15_eophileurus_sp_2	4upk-assembly1_A	0.002	406	1	33	5	403	33	506	1.000	0.789	3.588E-01	3.565E-01	4.553E-02	1.451E-01	24	4upk-assembly1_A Phosphonate monoester hydrolase SpPMH from Silicibacter pomeroyi
MC15_eophileurus_sp_2	6rur-assembly1_H	0.073	41	1	33	739	766	33	913	1.000	0.031	3.911E-01	3.647E-01	2.082E-02	1.438E-01	26	6rur-assembly1_H Structure of the SCIN stabilized C3bBb convertase bound to properdin
MC15_eophileurus_sp_2	7kpr-assembly1_B	0.000	71	1	33	217	278	33	391	1.000	0.159	3.567E-01	3.537E-01	5.424E-02	1.433E-01	23	7kpr-assembly1_B Structure of wild-type PPM1H phosphatase at 3.1 Angstrom resolution
MC15_eophileurus_sp_2	4eiw-assembly1_E	0.021	47	1	33	1	33	33	458	1.000	0.072	3.260E-01	3.219E-01	3.728E-02	1.352E-01	23	4eiw-assembly1_E Whole cytosolic region of atp-dependent metalloprotease FtsH (G399L)
MC15_eophileurus_sp_2	6oad-assembly1_F	0.000	98	1	27	8	104	33	426	0.818	0.228	3.186E-01	3.257E-01	5.239E-02	1.294E-01	20	6oad-assembly1_F 2.05 Angstrom Resolution Crystal Structure of Aminopeptidase B from Escherichia coli str. K-12 substr. MG1655.
MC01_gjbk00000000_1	7sgq-assembly1_A	0.515	33	9	41	1	32	42	32	0.786	1.000	8.472E-01	6.571E-01	8.262E-01	6.854E-01	61	7sgq-assembly1_A Protease inhibitors variant, CTI-homolog pacifastin
MC01_gjbk00000000_1	1gl1-assembly2_J	0.612	31	9	39	1	31	42	33	0.738	0.939	8.210E-01	6.155E-01	7.590E-01	6.351E-01	57	1gl1-assembly2_J structure of the complex between bovine alpha-chymotrypsin and PMP-C, an inhibitor from the insect Locusta migratoria
MC01_gjbk00000000_1	7sap-assembly1_A	0.625	32	9	40	2	33	42	33	0.762	0.970	7.894E-01	6.205E-01	7.534E-01	6.314E-01	57	7sap-assembly1_A The CTI-homolog pacifastin
MC01_gjbk00000000_1	7sgq-assembly4_D	0.575	33	9	41	2	34	42	34	0.786	0.971	7.924E-01	6.413E-01	7.577E-01	6.264E-01	58	7sgq-assembly4_D Protease inhibitors variant, CTI-homolog pacifastin
MC01_gjbk00000000_1	7snc-assembly1_A	0.485	35	9	42	3	37	42	38	0.810	0.921	7.856E-01	6.393E-01	6.973E-01	6.240E-01	59	7snc-assembly1_A Pacifastin related protease inhibitors
MC01_gjbk00000000_1	7sap-assembly2_B	0.620	29	9	37	3	31	42	34	0.690	0.853	8.514E-01	6.048E-01	7.273E-01	6.186E-01	57	7sap-assembly2_B The CTI-homolog pacifastin
MC01_gjbk00000000_1	1gl1-assembly1_I	0.575	33	9	41	2	33	42	34	0.786	0.941	7.892E-01	6.120E-01	7.325E-01	6.157E-01	57	1gl1-assembly1_I structure of the complex between bovine alpha-chymotrypsin and PMP-C, an inhibitor from the insect Locusta migratoria
MC01_gjbk00000000_1	7sao-assembly1_A	0.472	36	8	42	2	37	42	38	0.833	0.947	7.473E-01	6.293E-01	6.837E-01	6.147E-01	59	7sao-assembly1_A The CTI-homolog pacifastin
MC01_gjbk00000000_1	4djz-assembly2_I	0.457	35	9	41	1	33	42	33	0.786	1.000	7.407E-01	5.955E-01	7.237E-01	6.102E-01	56	4djz-assembly2_I Catalytic fragment of masp-1 in complex with its specific inhibitor developed by directed evolution on sgci scaffold
MC01_gjbk00000000_1	1gl1-assembly3_K	0.562	32	9	39	1	31	42	33	0.738	0.939	7.899E-01	5.980E-01	7.330E-01	6.052E-01	55	1gl1-assembly3_K structure of the complex between bovine alpha-chymotrypsin and PMP-C, an inhibitor from the insect Locusta migratoria
MC01_gjbk00000000_1	7snd-assembly1_A	0.516	31	9	39	3	33	42	33	0.738	0.939	7.854E-01	5.969E-01	7.285E-01	6.015E-01	55	7snd-assembly1_A Pacifastin related protease inhibitors
MC01_gjbk00000000_1	7sgq-assembly3_C	0.575	33	9	41	3	34	42	34	0.786	0.941	7.736E-01	6.122E-01	7.243E-01	6.004E-01	55	7sgq-assembly3_C Protease inhibitors variant, CTI-homolog pacifastin
MC01_gjbk00000000_1	7sgq-assembly5_E	0.500	36	7	42	1	35	42	35	0.857	1.000	7.315E-01	6.256E-01	7.168E-01	5.880E-01	55	7sgq-assembly5_E Protease inhibitors variant, CTI-homolog pacifastin
MC01_gjbk00000000_1	1kgm-assembly1_A	0.612	31	9	39	3	33	42	35	0.738	0.886	7.542E-01	5.876E-01	6.766E-01	5.694E-01	53	1kgm-assembly1_A SOLUTION STRUCTURE OF THE SMALL SERINE PROTEASE INHIBITOR SGCI
MC01_gjbk00000000_1	3tvj-assembly1_I	0.483	31	9	39	3	33	42	35	0.738	0.886	7.474E-01	5.820E-01	6.712E-01	5.553E-01	52	3tvj-assembly1_I Catalytic fragment of MASP-2 in complex with its specific inhibitor developed by directed evolution on SGCI scaffold
MC01_gjbk00000000_1	7sgq-assembly6_F	0.592	27	9	35	2	28	42	32	0.643	0.844	8.026E-01	5.609E-01	6.995E-01	5.521E-01	51	7sgq-assembly6_F Protease inhibitors variant, CTI-homolog pacifastin
MC01_gjbk00000000_1	7snd-assembly2_B	0.468	32	9	39	2	32	42	32	0.738	0.969	6.777E-01	5.413E-01	6.527E-01	4.980E-01	46	7snd-assembly2_B Pacifastin related protease inhibitors
MC01_gjbk00000000_1	2xtt-assembly1_A	0.371	35	9	42	2	34	42	35	0.810	0.943	6.631E-01	5.607E-01	6.312E-01	4.870E-01	47	2xtt-assembly1_A Bovine trypsin in complex with evolutionary enhanced Schistocerca gregaria protease inhibitor 1 (SGPI-1-P02)
MC01_gjbk00000000_1	2vu8-assembly1_I	0.441	34	9	42	1	33	42	33	0.810	1.000	6.403E-01	5.439E-01	6.322E-01	4.720E-01	45	2vu8-assembly1_I Crystal structure of an insect inhibitor with a fungal trypsin
MC01_gjbk00000000_1	8y6v-assembly1_I	0.125	32	6	36	4	34	42	34	0.738	0.912	5.937E-01	4.879E-01	5.570E-01	4.405E-01	42	8y6v-assembly1_I Near-atomic structure of icosahedrally averaged jumbo bacteriophage PhiKZ capsid
MC01_gjbk00000000_1	7pas-assembly1_2	0.038	26	12	36	13	37	42	37	0.595	0.676	6.593E-01	4.462E-01	4.942E-01	4.264E-01	40	7pas-assembly1_2 70S ribosome with P/E-site tRNA in Mycoplasma pneumoniae cells
MC01_gjbk00000000_1	3llb-assembly1_A	0.048	41	6	37	41	81	42	81	0.762	0.506	6.852E-01	5.618E-01	3.293E-01	3.954E-01	48	3llb-assembly1_A The crystal structure of the protein PA3983 with unknown function from Pseudomonas aeruginosa PAO1
MC01_gjbk00000000_1	6oj2-assembly1_R9	0.038	26	12	36	13	37	42	37	0.595	0.676	5.801E-01	4.218E-01	4.630E-01	3.843E-01	37	6oj2-assembly1_R9 Crystal structure of tRNA^ Ala(GGC) bound to the near-cognate 70S A-site
MC01_gjbk00000000_1	5x8t-assembly1_5	0.040	25	12	36	13	37	42	37	0.595	0.676	5.749E-01	4.155E-01	4.547E-01	3.769E-01	36	5x8t-assembly1_5 Structure of the 50S large subunit of chloroplast ribosome from spinach
MC01_gjbk00000000_1	7ph9-assembly1_2	0.038	26	12	36	13	37	42	37	0.595	0.676	5.707E-01	4.192E-01	4.590E-01	3.748E-01	36	7ph9-assembly1_2 70S ribosome with P-site tRNA in chloramphenicol-treated Mycoplasma pneumoniae cells
MC01_gjbk00000000_1	2nqw-assembly1_A	0.038	52	4	38	36	87	42	87	0.833	0.598	6.218E-01	5.480E-01	3.140E-01	3.730E-01	45	2nqw-assembly1_A Structure of the transporter associated domain from PG_0272, a CBS domain protein from Porphyromonas gingivalis
MC01_gjbk00000000_1	4v4a-assembly1_B4	0.040	25	12	35	12	35	42	35	0.571	0.686	5.612E-01	3.898E-01	4.464E-01	3.648E-01	34	4v4a-assembly1_B4 Crystal Structure of the Wild Type Ribosome from E. Coli 70S Ribosome.
MC01_gjbk00000000_1	2oei-assembly1_A	0.041	24	12	35	7	30	42	37	0.571	0.649	5.305E-01	4.051E-01	4.414E-01	3.568E-01	34	2oei-assembly1_A Crystal structure of human FE65-WW domain in complex with human Mena peptide
MC01_gjbk00000000_1	4fxh-assembly3_A	0.000	43	8	41	35	75	42	88	0.810	0.466	5.846E-01	5.012E-01	2.811E-01	3.479E-01	43	4fxh-assembly3_A Crystal structure of the isolated E. coli RelE toxin, P212121 form
MC01_gjbk00000000_1	1sm1-assembly1_4	0.040	25	12	35	12	35	42	35	0.571	0.686	4.771E-01	3.640E-01	4.099E-01	3.274E-01	31	1sm1-assembly1_4 COMPLEX OF THE LARGE RIBOSOMAL SUBUNIT FROM DEINOCOCCUS RADIODURANS WITH QUINUPRISTIN AND DALFOPRISTIN
MC01_gjbk00000000_1	8hnk-assembly1_L	0.088	34	12	38	24	57	42	73	0.643	0.466	5.811E-01	4.493E-01	2.901E-01	3.264E-01	38	8hnk-assembly1_L CXCR3-DNGi complex activated by CXCL11
MC01_gjbk00000000_1	2mhq-assembly1_A	0.333	36	7	39	70	103	42	103	0.786	0.330	5.796E-01	4.916E-01	2.422E-01	3.193E-01	41	2mhq-assembly1_A Solution structure of the major factor VIII binding region on von Willebrand factor
MC01_gjbk00000000_1	7qcl-assembly1_B	0.158	63	6	42	377	438	42	546	0.881	0.114	7.026E-01	6.298E-01	6.177E-02	3.079E-01	55	7qcl-assembly1_B Structure of the MUCIN-2 Cterminal domains
MC01_gjbk00000000_1	3prb-assembly1_A	0.052	38	7	35	95	131	42	223	0.690	0.166	7.231E-01	5.350E-01	1.169E-01	3.007E-01	48	3prb-assembly1_A Structural analysis of protein folding by the Methanococcus jannaschii chaperone FKBP26
MC01_gjbk00000000_1	6tut-assembly1_I	0.000	25	11	35	11	35	42	43	0.595	0.581	4.569E-01	3.657E-01	3.601E-01	3.004E-01	30	6tut-assembly1_I Cryo-EM structure of the RNA Polymerase III-Maf1 complex
MC01_gjbk00000000_1	4nyu-assembly1_A	0.008	227	1	37	131	356	42	406	0.881	0.557	6.611E-01	5.934E-01	8.150E-02	2.979E-01	51	4nyu-assembly1_A Structure of Vibrio cholerae chitin de-N-acetylase in complex with acetate ion (ACT) in C 2 2 21
MC01_gjbk00000000_1	2wdt-assembly1_A	0.000	131	3	40	44	171	42	204	0.905	0.627	5.583E-01	5.145E-01	1.412E-01	2.963E-01	45	2wdt-assembly1_A Crystal structure of Plasmodium falciparum UCHL3 in complex with the suicide inhibitor UbVME
MC01_gjbk00000000_1	7zm0-assembly1_A	0.009	105	6	39	81	185	42	213	0.810	0.493	6.046E-01	5.181E-01	1.343E-01	2.962E-01	46	7zm0-assembly1_A Structure of UCHL1 in complex with GK13S inhibitor
MC01_gjbk00000000_1	3kvf-assembly1_A	0.006	144	5	39	47	189	42	223	0.833	0.641	6.198E-01	5.342E-01	1.287E-01	2.960E-01	46	3kvf-assembly1_A Crystal structure of the I93M mutant of ubiquitin carboxy terminal hydrolase L1 bound to ubiquitin vinylmethylester
MC01_gjbk00000000_1	7zm0-assembly4_D	0.007	138	5	39	48	184	42	217	0.833	0.631	6.155E-01	5.306E-01	1.319E-01	2.949E-01	46	7zm0-assembly4_D Structure of UCHL1 in complex with GK13S inhibitor
MC01_gjbk00000000_1	8dy8-assembly2_B	0.009	107	6	39	77	183	42	216	0.810	0.495	6.109E-01	5.227E-01	1.329E-01	2.936E-01	45	8dy8-assembly2_B Crystal structure of the R178Q mutant of ubiquitin carboxy terminal hydrolase L1 (UCH-L1)
MC01_gjbk00000000_1	7zm0-assembly7_G	0.009	104	6	39	80	183	42	212	0.810	0.491	6.058E-01	5.180E-01	1.345E-01	2.927E-01	45	7zm0-assembly7_G Structure of UCHL1 in complex with GK13S inhibitor
MC01_gjbk00000000_1	4uoi-assembly1_C	0.058	34	13	39	17	48	42	51	0.643	0.627	4.450E-01	3.728E-01	3.293E-01	2.921E-01	30	4uoi-assembly1_C Unexpected structure for the N-terminal domain of Hepatitis C virus envelope glycoprotein E1
MC01_gjbk00000000_1	3cpf-assembly2_B	0.024	121	1	41	1	118	42	126	0.976	0.937	5.001E-01	4.879E-01	2.257E-01	2.917E-01	37	3cpf-assembly2_B Crystal structure of human eukaryotic translation initiation factor EIF5A
MC01_gjbk00000000_1	9gvj-assembly1_D	0.057	156	6	42	106	258	42	463	0.881	0.330	6.702E-01	6.021E-01	6.956E-02	2.916E-01	51	9gvj-assembly1_D MUC5AC mucin amino acids 28 to 1483
MC01_gjbk00000000_1	7qcn-assembly1_B	0.250	32	6	36	377	407	42	407	0.738	0.076	7.288E-01	5.613E-01	6.904E-02	2.901E-01	51	7qcn-assembly1_B Structure of the MUCIN-2 Cterminal domains: vWCN to TIL domains with a C2 symmetry
MC01_gjbk00000000_1	7yv4-assembly1_A	0.007	128	5	39	45	171	42	202	0.833	0.629	5.922E-01	5.149E-01	1.395E-01	2.900E-01	44	7yv4-assembly1_A Crystal structure of human UCHL3 in complex with Farrerol
MC01_gjbk00000000_1	9gvq-assembly1_B	0.055	163	7	42	324	484	42	1151	0.857	0.140	7.017E-01	6.133E-01	2.869E-02	2.839E-01	53	9gvq-assembly1_B MUC5AC mucin amino acids 28 to 1483
MC01_gjbk00000000_1	6qml-assembly1_A	0.006	149	5	39	47	194	42	227	0.833	0.652	5.914E-01	5.145E-01	1.257E-01	2.828E-01	44	6qml-assembly1_A UCHL3 in complex with synthetic, K27-linked diubiquitin
MC01_gjbk00000000_1	8oer-assembly1_B	0.270	37	6	42	320	354	42	715	0.881	0.049	6.810E-01	5.867E-01	4.580E-02	2.798E-01	51	8oer-assembly1_B MUC5B amino acids 26-1435
MC01_gjbk00000000_1	6c68-assembly2_C	0.024	41	4	41	46	83	42	205	0.905	0.185	5.427E-01	5.028E-01	1.417E-01	2.779E-01	41	6c68-assembly2_C MHC-independent t cell receptor A11
MC01_gjbk00000000_1	6tm2-assembly1_C	0.051	154	6	42	39	189	42	407	0.881	0.371	6.298E-01	5.693E-01	7.770E-02	2.771E-01	47	6tm2-assembly1_C Human MUC2 AAs 21-1397
MC01_gjbk00000000_1	8ppl-assembly1_Is	0.000	26	12	37	116	141	42	159	0.619	0.164	6.398E-01	4.614E-01	1.449E-01	2.744E-01	40	8ppl-assembly1_Is MERS-CoV Nsp1 bound to the human 43S pre-initiation complex
MC01_gjbk00000000_1	3rm5-assembly1_B	0.014	68	5	42	151	216	42	519	0.905	0.127	6.204E-01	5.724E-01	6.480E-02	2.734E-01	48	3rm5-assembly1_B Structure of Trifunctional THI20 from Yeast
MC01_gjbk00000000_1	7a5o-assembly1_H	0.030	330	6	42	38	365	42	497	0.881	0.660	6.153E-01	5.570E-01	6.495E-02	2.655E-01	46	7a5o-assembly1_H Human MUC2 AAs 21-1397
MC01_gjbk00000000_1	7pa9-assembly2_XXX	0.036	82	1	42	14	88	42	203	1.000	0.369	4.577E-01	4.512E-01	1.340E-01	2.544E-01	38	7pa9-assembly2_XXX JC polyomavirus VP1 in complex with Fab 98D3
MC01_gjbk00000000_1	5iyb-assembly1_I	0.000	27	12	37	24	50	42	125	0.619	0.216	5.088E-01	3.992E-01	1.673E-01	2.460E-01	33	5iyb-assembly1_I Human core-PIC in the open state
MC01_gjbk00000000_1	9gvq-assembly1_A	0.020	96	2	40	396	491	42	1153	0.929	0.083	5.744E-01	5.397E-01	3.138E-02	2.430E-01	45	9gvq-assembly1_A MUC5AC mucin amino acids 28 to 1483
MC01_gjbk00000000_1	4mly-assembly3_A	0.023	126	9	36	61	185	42	196	0.667	0.638	5.564E-01	4.323E-01	1.179E-01	2.404E-01	36	4mly-assembly3_A Disulfide isomerase from multidrug resistance IncA/C related integrative and conjugative elements in oxidized state (P21 space group)
MC01_gjbk00000000_1	4amc-assembly1_A	0.041	48	6	39	972	1019	42	1019	0.810	0.047	5.842E-01	5.208E-01	3.205E-02	2.206E-01	40	4amc-assembly1_A Crystal structure of Lactobacillus reuteri 121 N-terminally truncated glucansucrase GTFA
MC01_gjbk00000000_1	8iuh-assembly1_V	0.033	30	12	40	9	38	42	361	0.690	0.083	5.190E-01	4.103E-01	7.134E-02	2.096E-01	34	8iuh-assembly1_V RNA polymerase III pre-initiation complex open complex 1
MC01_gjbk00000000_1	1iw7-assembly1_D	0.019	205	2	40	139	339	42	1392	0.929	0.144	4.928E-01	4.671E-01	2.358E-02	1.998E-01	37	1iw7-assembly1_D Crystal structure of the RNA polymerase holoenzyme from Thermus thermophilus at 2.6A resolution
MC01_gjbk00000000_1	3mzl-assembly2_H	0.114	35	11	38	5	38	42	329	0.667	0.103	4.754E-01	3.942E-01	7.295E-02	1.991E-01	32	3mzl-assembly2_H Sec13/Sec31 edge element, loop deletion mutant
MC18_ghma00000000_3	6m62-assembly1_i	0.000	55	20	51	47	99	53	99	0.604	0.535	6.177E-01	4.025E-01	2.349E-01	2.984E-01	37	6m62-assembly1_i Cryo-Em structure of eukaryotic pre-60S ribosome subunit from Saccharomyces cerevisiae rpf2 delta 255-344 strain, C4 state.
MC18_ghma00000000_3	7a5k-assembly1_S6	0.019	51	23	52	63	110	53	126	0.566	0.381	5.429E-01	3.576E-01	1.726E-01	2.432E-01	32	7a5k-assembly1_S6 Structure of the human mitoribosome in the post translocation state bound to mtEF-G1
MC18_ghma00000000_3	6ywy-assembly1_3	0.033	30	25	52	71	94	53	95	0.528	0.253	5.736E-01	3.154E-01	1.888E-01	2.371E-01	29	6ywy-assembly1_3 The structure of the mitoribosome from Neurospora crassa with bound tRNA at the P-site
MC18_ghma00000000_3	5lyb-assembly2_sM	0.000	19	34	52	66	84	53	104	0.358	0.183	6.145E-01	3.164E-01	1.688E-01	2.336E-01	30	5lyb-assembly2_sM Crystal structure of the S.cerevisiae 80S ribosome in complex with the A-site bound aminoacyl-tRNA analog ACCPmn
MC18_ghma00000000_3	5dc3-assembly2_sM	0.105	19	34	52	66	84	53	104	0.358	0.183	6.099E-01	3.159E-01	1.686E-01	2.336E-01	30	5dc3-assembly2_sM Complex of yeast 80S ribosome with non-modified eIF5A
MC18_ghma00000000_3	9cpc-assembly1_1X	0.041	24	31	53	40	63	53	275	0.434	0.087	7.219E-01	3.803E-01	8.000E-02	2.194E-01	35	9cpc-assembly1_1X Atomic model of porcine brain ventricles cilia doublet microtubule (48-nm periodicity)
MC06_brassicogethes_aeneus_2	4n9g-assembly4_Z	0.055	36	1	32	1	34	33	36	0.970	0.944	5.918E-01	5.715E-01	5.419E-01	4.554E-01	46	4n9g-assembly4_Z Crystal Structure of a Computationally Designed RSV-Presenting Epitope Scaffold And Its Elicited Antibody 17HD9
MC06_brassicogethes_aeneus_2	7cth-assembly1_D	0.000	35	1	33	41	72	33	72	1.000	0.444	7.189E-01	6.903E-01	3.636E-01	4.517E-01	55	7cth-assembly1_D Cryo-EM structure of dengue virus serotype 2 in complex with the scFv fragment of the broadly neutralizing antibody EDE1 C10
MC06_brassicogethes_aeneus_2	7cth-assembly1_E-39	0.000	35	1	33	41	72	33	75	1.000	0.427	7.036E-01	6.767E-01	3.475E-01	4.351E-01	54	7cth-assembly1_E-39 Cryo-EM structure of dengue virus serotype 2 in complex with the scFv fragment of the broadly neutralizing antibody EDE1 C10
MC06_brassicogethes_aeneus_2	7cth-assembly1_E-5	0.000	35	1	33	41	72	33	75	1.000	0.427	7.036E-01	6.767E-01	3.475E-01	4.351E-01	54	7cth-assembly1_E-5 Cryo-EM structure of dengue virus serotype 2 in complex with the scFv fragment of the broadly neutralizing antibody EDE1 C10
MC06_brassicogethes_aeneus_2	7cth-assembly1_E-45	0.000	35	1	33	41	72	33	75	1.000	0.427	7.036E-01	6.767E-01	3.475E-01	4.351E-01	54	7cth-assembly1_E-45 Cryo-EM structure of dengue virus serotype 2 in complex with the scFv fragment of the broadly neutralizing antibody EDE1 C10
MC06_brassicogethes_aeneus_2	7cth-assembly1_E-25	0.000	35	1	33	41	72	33	75	1.000	0.427	7.036E-01	6.767E-01	3.475E-01	4.351E-01	54	7cth-assembly1_E-25 Cryo-EM structure of dengue virus serotype 2 in complex with the scFv fragment of the broadly neutralizing antibody EDE1 C10
MC06_brassicogethes_aeneus_2	7cth-assembly1_E-35	0.000	35	1	33	41	72	33	75	1.000	0.427	7.036E-01	6.767E-01	3.475E-01	4.351E-01	54	7cth-assembly1_E-35 Cryo-EM structure of dengue virus serotype 2 in complex with the scFv fragment of the broadly neutralizing antibody EDE1 C10
MC06_brassicogethes_aeneus_2	7cth-assembly1_E-15	0.000	35	1	33	41	72	33	75	1.000	0.427	7.036E-01	6.767E-01	3.475E-01	4.351E-01	54	7cth-assembly1_E-15 Cryo-EM structure of dengue virus serotype 2 in complex with the scFv fragment of the broadly neutralizing antibody EDE1 C10
MC06_brassicogethes_aeneus_2	7cth-assembly1_E-55	0.000	35	1	33	41	72	33	75	1.000	0.427	7.036E-01	6.767E-01	3.475E-01	4.351E-01	54	7cth-assembly1_E-55 Cryo-EM structure of dengue virus serotype 2 in complex with the scFv fragment of the broadly neutralizing antibody EDE1 C10
MC06_brassicogethes_aeneus_2	7cth-assembly1_E-48	0.000	35	1	33	41	72	33	75	1.000	0.427	7.036E-01	6.767E-01	3.475E-01	4.351E-01	54	7cth-assembly1_E-48 Cryo-EM structure of dengue virus serotype 2 in complex with the scFv fragment of the broadly neutralizing antibody EDE1 C10
MC06_brassicogethes_aeneus_2	7cth-assembly1_E-8	0.000	35	1	33	41	72	33	75	1.000	0.427	7.036E-01	6.767E-01	3.475E-01	4.351E-01	54	7cth-assembly1_E-8 Cryo-EM structure of dengue virus serotype 2 in complex with the scFv fragment of the broadly neutralizing antibody EDE1 C10
MC06_brassicogethes_aeneus_2	7cth-assembly1_E-28	0.000	35	1	33	41	72	33	75	1.000	0.427	7.036E-01	6.767E-01	3.475E-01	4.351E-01	54	7cth-assembly1_E-28 Cryo-EM structure of dengue virus serotype 2 in complex with the scFv fragment of the broadly neutralizing antibody EDE1 C10
MC06_brassicogethes_aeneus_2	7cth-assembly1_E-19	0.000	35	1	33	41	72	33	75	1.000	0.427	7.036E-01	6.767E-01	3.475E-01	4.351E-01	54	7cth-assembly1_E-19 Cryo-EM structure of dengue virus serotype 2 in complex with the scFv fragment of the broadly neutralizing antibody EDE1 C10
MC06_brassicogethes_aeneus_2	7cth-assembly1_E-59	0.000	35	1	33	41	72	33	75	1.000	0.427	7.036E-01	6.767E-01	3.475E-01	4.351E-01	54	7cth-assembly1_E-59 Cryo-EM structure of dengue virus serotype 2 in complex with the scFv fragment of the broadly neutralizing antibody EDE1 C10
MC06_brassicogethes_aeneus_2	7cth-assembly1_E-40	0.000	35	1	33	41	72	33	75	1.000	0.427	7.036E-01	6.767E-01	3.475E-01	4.351E-01	54	7cth-assembly1_E-40 Cryo-EM structure of dengue virus serotype 2 in complex with the scFv fragment of the broadly neutralizing antibody EDE1 C10
MC06_brassicogethes_aeneus_2	7cth-assembly1_E-31	0.000	35	1	33	41	72	33	75	1.000	0.427	7.036E-01	6.767E-01	3.475E-01	4.351E-01	54	7cth-assembly1_E-31 Cryo-EM structure of dengue virus serotype 2 in complex with the scFv fragment of the broadly neutralizing antibody EDE1 C10
MC06_brassicogethes_aeneus_2	7cth-assembly1_E-56	0.000	35	1	33	41	72	33	75	1.000	0.427	7.036E-01	6.767E-01	3.475E-01	4.351E-01	54	7cth-assembly1_E-56 Cryo-EM structure of dengue virus serotype 2 in complex with the scFv fragment of the broadly neutralizing antibody EDE1 C10
MC06_brassicogethes_aeneus_2	7cth-assembly1_E-41	0.000	35	1	33	41	72	33	75	1.000	0.427	7.036E-01	6.767E-01	3.475E-01	4.351E-01	54	7cth-assembly1_E-41 Cryo-EM structure of dengue virus serotype 2 in complex with the scFv fragment of the broadly neutralizing antibody EDE1 C10
MC06_brassicogethes_aeneus_2	7cth-assembly1_E-51	0.000	35	1	33	41	72	33	75	1.000	0.427	7.036E-01	6.767E-01	3.475E-01	4.351E-01	54	7cth-assembly1_E-51 Cryo-EM structure of dengue virus serotype 2 in complex with the scFv fragment of the broadly neutralizing antibody EDE1 C10
MC06_brassicogethes_aeneus_2	7cth-assembly1_E-11	0.000	35	1	33	41	72	33	75	1.000	0.427	7.036E-01	6.767E-01	3.475E-01	4.351E-01	54	7cth-assembly1_E-11 Cryo-EM structure of dengue virus serotype 2 in complex with the scFv fragment of the broadly neutralizing antibody EDE1 C10
MC06_brassicogethes_aeneus_2	7cth-assembly1_E-46	0.000	35	1	33	41	72	33	75	1.000	0.427	7.036E-01	6.767E-01	3.475E-01	4.351E-01	54	7cth-assembly1_E-46 Cryo-EM structure of dengue virus serotype 2 in complex with the scFv fragment of the broadly neutralizing antibody EDE1 C10
MC06_brassicogethes_aeneus_2	7cth-assembly1_E-16	0.000	35	1	33	41	72	33	75	1.000	0.427	7.036E-01	6.767E-01	3.475E-01	4.351E-01	54	7cth-assembly1_E-16 Cryo-EM structure of dengue virus serotype 2 in complex with the scFv fragment of the broadly neutralizing antibody EDE1 C10
MC06_brassicogethes_aeneus_2	7cth-assembly1_E-26	0.000	35	1	33	41	72	33	75	1.000	0.427	7.036E-01	6.767E-01	3.475E-01	4.351E-01	54	7cth-assembly1_E-26 Cryo-EM structure of dengue virus serotype 2 in complex with the scFv fragment of the broadly neutralizing antibody EDE1 C10
MC06_brassicogethes_aeneus_2	7cth-assembly1_E-36	0.000	35	1	33	41	72	33	75	1.000	0.427	7.036E-01	6.767E-01	3.475E-01	4.351E-01	54	7cth-assembly1_E-36 Cryo-EM structure of dengue virus serotype 2 in complex with the scFv fragment of the broadly neutralizing antibody EDE1 C10
MC06_brassicogethes_aeneus_2	7cth-assembly1_E-6	0.000	35	1	33	41	72	33	75	1.000	0.427	7.036E-01	6.767E-01	3.475E-01	4.351E-01	54	7cth-assembly1_E-6 Cryo-EM structure of dengue virus serotype 2 in complex with the scFv fragment of the broadly neutralizing antibody EDE1 C10
MC06_brassicogethes_aeneus_2	7cth-assembly1_E-21	0.000	35	1	33	41	72	33	75	1.000	0.427	7.036E-01	6.767E-01	3.475E-01	4.351E-01	54	7cth-assembly1_E-21 Cryo-EM structure of dengue virus serotype 2 in complex with the scFv fragment of the broadly neutralizing antibody EDE1 C10
MC06_brassicogethes_aeneus_2	7cth-assembly1_E-43	0.000	35	1	33	41	72	33	75	1.000	0.427	7.036E-01	6.767E-01	3.475E-01	4.351E-01	54	7cth-assembly1_E-43 Cryo-EM structure of dengue virus serotype 2 in complex with the scFv fragment of the broadly neutralizing antibody EDE1 C10
MC06_brassicogethes_aeneus_2	7cth-assembly1_E-23	0.000	35	1	33	41	72	33	75	1.000	0.427	7.036E-01	6.767E-01	3.475E-01	4.351E-01	54	7cth-assembly1_E-23 Cryo-EM structure of dengue virus serotype 2 in complex with the scFv fragment of the broadly neutralizing antibody EDE1 C10
MC06_brassicogethes_aeneus_2	7cth-assembly1_E-24	0.000	35	1	33	41	72	33	75	1.000	0.427	7.036E-01	6.767E-01	3.475E-01	4.351E-01	54	7cth-assembly1_E-24 Cryo-EM structure of dengue virus serotype 2 in complex with the scFv fragment of the broadly neutralizing antibody EDE1 C10
MC06_brassicogethes_aeneus_2	7cth-assembly1_E-4	0.000	35	1	33	41	72	33	75	1.000	0.427	7.036E-01	6.767E-01	3.475E-01	4.351E-01	54	7cth-assembly1_E-4 Cryo-EM structure of dengue virus serotype 2 in complex with the scFv fragment of the broadly neutralizing antibody EDE1 C10
MC06_brassicogethes_aeneus_2	7cth-assembly1_E-50	0.000	35	1	33	41	72	33	75	1.000	0.427	7.036E-01	6.767E-01	3.475E-01	4.351E-01	54	7cth-assembly1_E-50 Cryo-EM structure of dengue virus serotype 2 in complex with the scFv fragment of the broadly neutralizing antibody EDE1 C10
MC06_brassicogethes_aeneus_2	7cth-assembly1_E-3	0.000	35	1	33	41	72	33	75	1.000	0.427	7.036E-01	6.767E-01	3.475E-01	4.351E-01	54	7cth-assembly1_E-3 Cryo-EM structure of dengue virus serotype 2 in complex with the scFv fragment of the broadly neutralizing antibody EDE1 C10
MC06_brassicogethes_aeneus_2	7cth-assembly1_E-20	0.000	35	1	33	41	72	33	75	1.000	0.427	7.036E-01	6.767E-01	3.475E-01	4.351E-01	54	7cth-assembly1_E-20 Cryo-EM structure of dengue virus serotype 2 in complex with the scFv fragment of the broadly neutralizing antibody EDE1 C10
MC06_brassicogethes_aeneus_2	7cth-assembly1_E-30	0.000	35	1	33	41	72	33	75	1.000	0.427	7.036E-01	6.767E-01	3.475E-01	4.351E-01	54	7cth-assembly1_E-30 Cryo-EM structure of dengue virus serotype 2 in complex with the scFv fragment of the broadly neutralizing antibody EDE1 C10
MC06_brassicogethes_aeneus_2	7cth-assembly1_E-44	0.000	35	1	33	41	72	33	75	1.000	0.427	7.036E-01	6.767E-01	3.475E-01	4.351E-01	54	7cth-assembly1_E-44 Cryo-EM structure of dengue virus serotype 2 in complex with the scFv fragment of the broadly neutralizing antibody EDE1 C10
MC06_brassicogethes_aeneus_2	7cth-assembly1_E-10	0.000	35	1	33	41	72	33	75	1.000	0.427	7.036E-01	6.767E-01	3.475E-01	4.351E-01	54	7cth-assembly1_E-10 Cryo-EM structure of dengue virus serotype 2 in complex with the scFv fragment of the broadly neutralizing antibody EDE1 C10
MC06_brassicogethes_aeneus_2	7cth-assembly1_E-60	0.000	35	1	33	41	72	33	75	1.000	0.427	7.036E-01	6.767E-01	3.475E-01	4.351E-01	54	7cth-assembly1_E-60 Cryo-EM structure of dengue virus serotype 2 in complex with the scFv fragment of the broadly neutralizing antibody EDE1 C10
MC06_brassicogethes_aeneus_2	7cth-assembly1_E-18	0.000	35	1	33	41	72	33	75	1.000	0.427	7.036E-01	6.767E-01	3.475E-01	4.351E-01	54	7cth-assembly1_E-18 Cryo-EM structure of dengue virus serotype 2 in complex with the scFv fragment of the broadly neutralizing antibody EDE1 C10
MC06_brassicogethes_aeneus_2	7cth-assembly1_E-58	0.000	35	1	33	41	72	33	75	1.000	0.427	7.036E-01	6.767E-01	3.475E-01	4.351E-01	54	7cth-assembly1_E-58 Cryo-EM structure of dengue virus serotype 2 in complex with the scFv fragment of the broadly neutralizing antibody EDE1 C10
MC06_brassicogethes_aeneus_2	7cth-assembly1_E-49	0.000	35	1	33	41	72	33	75	1.000	0.427	7.036E-01	6.767E-01	3.475E-01	4.351E-01	54	7cth-assembly1_E-49 Cryo-EM structure of dengue virus serotype 2 in complex with the scFv fragment of the broadly neutralizing antibody EDE1 C10
MC06_brassicogethes_aeneus_2	7cth-assembly1_E-29	0.000	35	1	33	41	72	33	75	1.000	0.427	7.036E-01	6.767E-01	3.475E-01	4.351E-01	54	7cth-assembly1_E-29 Cryo-EM structure of dengue virus serotype 2 in complex with the scFv fragment of the broadly neutralizing antibody EDE1 C10
MC06_brassicogethes_aeneus_2	7cth-assembly1_E-9	0.000	35	1	33	41	72	33	75	1.000	0.427	7.036E-01	6.767E-01	3.475E-01	4.351E-01	54	7cth-assembly1_E-9 Cryo-EM structure of dengue virus serotype 2 in complex with the scFv fragment of the broadly neutralizing antibody EDE1 C10
MC06_brassicogethes_aeneus_2	7cth-assembly1_E-38	0.000	35	1	33	41	72	33	75	1.000	0.427	7.036E-01	6.767E-01	3.475E-01	4.351E-01	54	7cth-assembly1_E-38 Cryo-EM structure of dengue virus serotype 2 in complex with the scFv fragment of the broadly neutralizing antibody EDE1 C10
MC06_brassicogethes_aeneus_2	7cth-assembly1_E-34	0.000	35	1	33	41	72	33	75	1.000	0.427	7.036E-01	6.767E-01	3.475E-01	4.351E-01	54	7cth-assembly1_E-34 Cryo-EM structure of dengue virus serotype 2 in complex with the scFv fragment of the broadly neutralizing antibody EDE1 C10
MC06_brassicogethes_aeneus_2	7cth-assembly1_E-14	0.000	35	1	33	41	72	33	75	1.000	0.427	7.036E-01	6.767E-01	3.475E-01	4.351E-01	54	7cth-assembly1_E-14 Cryo-EM structure of dengue virus serotype 2 in complex with the scFv fragment of the broadly neutralizing antibody EDE1 C10
MC06_brassicogethes_aeneus_2	7cth-assembly1_E-12	0.000	35	1	33	41	72	33	75	1.000	0.427	7.036E-01	6.767E-01	3.475E-01	4.351E-01	54	7cth-assembly1_E-12 Cryo-EM structure of dengue virus serotype 2 in complex with the scFv fragment of the broadly neutralizing antibody EDE1 C10
MC06_brassicogethes_aeneus_2	7cth-assembly1_E-54	0.000	35	1	33	41	72	33	75	1.000	0.427	7.036E-01	6.767E-01	3.475E-01	4.351E-01	54	7cth-assembly1_E-54 Cryo-EM structure of dengue virus serotype 2 in complex with the scFv fragment of the broadly neutralizing antibody EDE1 C10
MC06_brassicogethes_aeneus_2	7cth-assembly1_E-52	0.000	35	1	33	41	72	33	75	1.000	0.427	7.036E-01	6.767E-01	3.475E-01	4.351E-01	54	7cth-assembly1_E-52 Cryo-EM structure of dengue virus serotype 2 in complex with the scFv fragment of the broadly neutralizing antibody EDE1 C10
MC06_brassicogethes_aeneus_2	7cth-assembly1_E-32	0.000	35	1	33	41	72	33	75	1.000	0.427	7.036E-01	6.767E-01	3.475E-01	4.351E-01	54	7cth-assembly1_E-32 Cryo-EM structure of dengue virus serotype 2 in complex with the scFv fragment of the broadly neutralizing antibody EDE1 C10
MC06_brassicogethes_aeneus_2	7cth-assembly1_E-13	0.000	35	1	33	41	72	33	75	1.000	0.427	7.036E-01	6.767E-01	3.475E-01	4.351E-01	54	7cth-assembly1_E-13 Cryo-EM structure of dengue virus serotype 2 in complex with the scFv fragment of the broadly neutralizing antibody EDE1 C10
MC06_brassicogethes_aeneus_2	7cth-assembly1_E-33	0.000	35	1	33	41	72	33	75	1.000	0.427	7.036E-01	6.767E-01	3.475E-01	4.351E-01	54	7cth-assembly1_E-33 Cryo-EM structure of dengue virus serotype 2 in complex with the scFv fragment of the broadly neutralizing antibody EDE1 C10
MC06_brassicogethes_aeneus_2	7cth-assembly1_E-53	0.000	35	1	33	41	72	33	75	1.000	0.427	7.036E-01	6.767E-01	3.475E-01	4.351E-01	54	7cth-assembly1_E-53 Cryo-EM structure of dengue virus serotype 2 in complex with the scFv fragment of the broadly neutralizing antibody EDE1 C10
MC06_brassicogethes_aeneus_2	7cth-assembly1_E-17	0.000	35	1	33	41	72	33	75	1.000	0.427	7.036E-01	6.767E-01	3.475E-01	4.351E-01	54	7cth-assembly1_E-17 Cryo-EM structure of dengue virus serotype 2 in complex with the scFv fragment of the broadly neutralizing antibody EDE1 C10
MC06_brassicogethes_aeneus_2	7cth-assembly1_E-22	0.000	35	1	33	41	72	33	75	1.000	0.427	7.036E-01	6.767E-01	3.475E-01	4.351E-01	54	7cth-assembly1_E-22 Cryo-EM structure of dengue virus serotype 2 in complex with the scFv fragment of the broadly neutralizing antibody EDE1 C10
MC06_brassicogethes_aeneus_2	7cth-assembly1_E-37	0.000	35	1	33	41	72	33	75	1.000	0.427	7.036E-01	6.767E-01	3.475E-01	4.351E-01	54	7cth-assembly1_E-37 Cryo-EM structure of dengue virus serotype 2 in complex with the scFv fragment of the broadly neutralizing antibody EDE1 C10
MC06_brassicogethes_aeneus_2	7cth-assembly1_E-57	0.000	35	1	33	41	72	33	75	1.000	0.427	7.036E-01	6.767E-01	3.475E-01	4.351E-01	54	7cth-assembly1_E-57 Cryo-EM structure of dengue virus serotype 2 in complex with the scFv fragment of the broadly neutralizing antibody EDE1 C10
MC06_brassicogethes_aeneus_2	7cth-assembly1_E-2	0.000	35	1	33	41	72	33	75	1.000	0.427	7.036E-01	6.767E-01	3.475E-01	4.351E-01	54	7cth-assembly1_E-2 Cryo-EM structure of dengue virus serotype 2 in complex with the scFv fragment of the broadly neutralizing antibody EDE1 C10
MC06_brassicogethes_aeneus_2	7cth-assembly1_E-42	0.000	35	1	33	41	72	33	75	1.000	0.427	7.036E-01	6.767E-01	3.475E-01	4.351E-01	54	7cth-assembly1_E-42 Cryo-EM structure of dengue virus serotype 2 in complex with the scFv fragment of the broadly neutralizing antibody EDE1 C10
MC06_brassicogethes_aeneus_2	7cth-assembly1_E-27	0.000	35	1	33	41	72	33	75	1.000	0.427	7.036E-01	6.767E-01	3.475E-01	4.351E-01	54	7cth-assembly1_E-27 Cryo-EM structure of dengue virus serotype 2 in complex with the scFv fragment of the broadly neutralizing antibody EDE1 C10
MC06_brassicogethes_aeneus_2	7cth-assembly1_E-47	0.000	35	1	33	41	72	33	75	1.000	0.427	7.036E-01	6.767E-01	3.475E-01	4.351E-01	54	7cth-assembly1_E-47 Cryo-EM structure of dengue virus serotype 2 in complex with the scFv fragment of the broadly neutralizing antibody EDE1 C10
MC06_brassicogethes_aeneus_2	7cth-assembly1_E-7	0.000	35	1	33	41	72	33	75	1.000	0.427	7.036E-01	6.767E-01	3.475E-01	4.351E-01	54	7cth-assembly1_E-7 Cryo-EM structure of dengue virus serotype 2 in complex with the scFv fragment of the broadly neutralizing antibody EDE1 C10
MC06_brassicogethes_aeneus_2	7sqc-assembly1_0J	0.066	30	1	30	18	46	33	56	0.909	0.518	5.902E-01	5.601E-01	4.037E-01	3.963E-01	44	7sqc-assembly1_0J Ciliary C1 central pair apparatus isolated from Chlamydomonas reinhardtii
MC06_brassicogethes_aeneus_2	5suy-assembly1_A	0.090	33	1	33	40	70	33	95	1.000	0.326	6.465E-01	6.181E-01	2.770E-01	3.655E-01	46	5suy-assembly1_A Domain-swapped dimer of human Dishevelled2 DEP domain: monoclinic crystal form crystallised from dimeric fraction
MC06_brassicogethes_aeneus_2	6owy-assembly1_A	0.058	34	1	32	26	53	33	90	0.970	0.311	6.441E-01	5.669E-01	2.456E-01	3.573E-01	48	6owy-assembly1_A Spy H96L:Im7 K20pI-Phe complex; multiple anomalous datasets contained herein for element identification
MC06_brassicogethes_aeneus_2	6owx-assembly1_A	0.058	34	1	32	25	52	33	89	0.970	0.315	6.385E-01	5.622E-01	2.484E-01	3.544E-01	47	6owx-assembly1_A Spy H96L:Im7 L18pI-Phe complex; multiple anomalous datasets contained herein for element identification
MC06_brassicogethes_aeneus_2	7edx-assembly1_j	0.025	40	3	33	16	52	33	95	0.939	0.389	5.927E-01	5.596E-01	2.407E-01	3.419E-01	45	7edx-assembly1_j p53-bound TFIID-based core PIC on HDM2 promoter
MC06_brassicogethes_aeneus_2	7enc-assembly1_Dj	0.000	42	2	33	14	49	33	95	0.970	0.379	5.612E-01	5.387E-01	2.289E-01	3.335E-01	44	7enc-assembly1_Dj TFIID-based PIC-Mediator holo-complex in fully-assembled state (hPIC-MED)
MC06_brassicogethes_aeneus_2	3g6i-assembly1_A-2	0.057	35	1	33	55	87	33	200	1.000	0.165	6.347E-01	6.239E-01	1.400E-01	3.262E-01	51	3g6i-assembly1_A-2 Crystal structure of an outer membrane protein, part of a putative carbohydrate binding complex (bt_1022) from bacteroides thetaiotaomicron vpi-5482 at 1.93 A resolution
MC06_brassicogethes_aeneus_2	6j9r-assembly1_A	0.040	50	1	28	76	123	33	125	0.848	0.384	5.991E-01	5.198E-01	1.697E-01	3.082E-01	45	6j9r-assembly1_A Coiled-coil Domain of Drosophila TRIM Protein Brat
MC06_brassicogethes_aeneus_2	8wb0-assembly1_p	0.026	38	1	33	394	426	33	1146	1.000	0.029	6.357E-01	6.223E-01	2.367E-02	2.706E-01	51	8wb0-assembly1_p De novo transcribing complex 17 (TC17), the early elongation complex with Pol II positioned 17nt downstream of TSS
MC06_brassicogethes_aeneus_2	4p08-assembly1_A	0.018	53	1	32	163	212	33	571	0.970	0.088	5.889E-01	5.655E-01	4.685E-02	2.563E-01	46	4p08-assembly1_A Engineered thermostable dimeric cocaine esterase
MC06_brassicogethes_aeneus_2	3ida-assembly1_A-2	0.037	53	1	32	163	212	33	572	0.970	0.087	5.794E-01	5.561E-01	4.725E-02	2.554E-01	46	3ida-assembly1_A-2 Thermostable Cocaine Esterase with mutations L169K and G173Q, bound to DTT adduct
MC20_hbua00000000_1	7t6d-assembly1_B	0.020	50	9	34	78	124	34	381	0.765	0.123	3.427E-01	3.290E-01	5.256E-02	1.409E-01	23	7t6d-assembly1_B CryoEM structure of the YejM/LapB complex
MC03_gaco00000000_1	5xnl-assembly1_p	0.023	130	1	58	24	151	67	186	0.866	0.688	7.683E-01	6.705E-01	2.665E-01	4.432E-01	62	5xnl-assembly1_p Structure of stacked C2S2M2-type PSII-LHCII supercomplex from Pisum sativum
MC03_gaco00000000_1	3nm7-assembly2_D	0.000	48	17	61	1	42	67	76	0.672	0.553	7.120E-01	4.744E-01	4.250E-01	4.224E-01	44	3nm7-assembly2_D Crystal Structure of Borrelia burgdorferi Pur-alpha
MC03_gaco00000000_1	5kpe-assembly1_A	0.052	57	10	63	46	99	67	120	0.806	0.450	6.756E-01	5.632E-01	3.413E-01	4.218E-01	51	5kpe-assembly1_A Solution NMR Structure of Denovo Beta Sheet Design Protein, Northeast Structural Genomics Consortium (NESG) Target OR664
MC03_gaco00000000_1	4f98-assembly1_A-2	0.051	58	7	62	13	62	67	62	0.836	0.806	5.855E-01	4.780E-01	5.043E-01	4.197E-01	41	4f98-assembly1_A-2 Crystal structure of a DUF2790 family protein (PA3229) from Pseudomonas aeruginosa PAO1 at 1.26 A resolution
MC03_gaco00000000_1	4z9c-assembly1_F	0.079	63	9	60	4	60	67	115	0.776	0.496	6.796E-01	5.444E-01	3.404E-01	4.135E-01	50	4z9c-assembly1_F EcPltAB Oxidized
MC03_gaco00000000_1	6lof-assembly1_A	0.039	101	6	66	27	125	67	162	0.910	0.611	6.619E-01	6.097E-01	2.946E-01	4.097E-01	53	6lof-assembly1_A Crystal structure of ZsYellow soaked by Cu2+
MC03_gaco00000000_1	3nm7-assembly1_A	0.020	48	16	61	2	43	67	84	0.687	0.500	7.102E-01	4.718E-01	3.889E-01	4.055E-01	44	3nm7-assembly1_A Crystal Structure of Borrelia burgdorferi Pur-alpha
MC03_gaco00000000_1	4j9a-assembly4_D	0.037	79	6	61	35	107	67	124	0.836	0.589	6.006E-01	5.178E-01	3.129E-01	3.804E-01	46	4j9a-assembly4_D Engineered Digoxigenin binder DIG10.3
MC03_gaco00000000_1	4kf5-assembly2_B	0.020	100	6	66	92	188	67	189	0.910	0.513	6.371E-01	5.879E-01	2.507E-01	3.781E-01	51	4kf5-assembly2_B Crystal Structure of Split GFP complexed with engineered sfCherry with an insertion of GFP fragment
MC03_gaco00000000_1	4rth-assembly1_A	0.024	125	1	59	8	132	67	167	0.881	0.749	6.282E-01	5.692E-01	2.770E-01	3.762E-01	49	4rth-assembly1_A The crystal structure of PsbP from Zea mays
MC03_gaco00000000_1	4n3d-assembly2_B	0.020	100	6	66	91	189	67	225	0.910	0.440	6.586E-01	6.061E-01	2.203E-01	3.761E-01	54	4n3d-assembly2_B Crystal structure of the dimeric variant EGFP-K162Q in P61 space group
MC03_gaco00000000_1	6aa7-assembly1_A	0.039	101	6	66	90	189	67	226	0.910	0.442	6.567E-01	6.077E-01	2.202E-01	3.748E-01	53	6aa7-assembly1_A Fluorescent protein from Acropora digitifera
MC03_gaco00000000_1	3iq2-assembly2_B	0.037	80	14	66	5	80	67	123	0.791	0.618	6.119E-01	5.069E-01	3.072E-01	3.726E-01	45	3iq2-assembly2_B Human sorting nexin 7, phox homology (PX) domain
MC03_gaco00000000_1	4rth-assembly2_B	0.016	121	1	57	10	130	67	166	0.851	0.729	6.356E-01	5.628E-01	2.741E-01	3.714E-01	48	4rth-assembly2_B The crystal structure of PsbP from Zea mays
MC03_gaco00000000_1	5nd9-assembly1_e	0.019	52	12	59	1	50	67	160	0.716	0.312	7.166E-01	5.399E-01	2.498E-01	3.694E-01	49	5nd9-assembly1_e Hibernating ribosome from Staphylococcus aureus (Rotated state)
MC03_gaco00000000_1	1yhg-assembly2_B	0.020	99	6	66	92	188	67	224	0.910	0.433	6.486E-01	5.981E-01	2.188E-01	3.686E-01	52	1yhg-assembly2_B Uncyclized precursor structure of S65G Y66S V68G GFP variant
MC03_gaco00000000_1	8ao1-assembly1_A	0.017	114	5	61	1	102	67	112	0.851	0.911	5.575E-01	4.857E-01	3.174E-01	3.682E-01	43	8ao1-assembly1_A solution structure of nanoFAST fluorogen-activating protein in the apo state
MC03_gaco00000000_1	8h2i-assembly1_bQ	0.026	115	2	61	2	112	67	162	0.896	0.685	5.942E-01	5.428E-01	2.681E-01	3.662E-01	47	8h2i-assembly1_bQ Near-atomic structure of five-fold averaged PBCV-1 capsid
MC03_gaco00000000_1	5zeb-assembly1_e	0.020	49	13	59	17	65	67	198	0.701	0.247	7.702E-01	5.648E-01	2.127E-01	3.662E-01	52	5zeb-assembly1_e M. Smegmatis P/P state 70S ribosome structure
MC03_gaco00000000_1	8p8w-assembly1_D	0.000	48	14	59	18	65	67	173	0.687	0.277	7.448E-01	5.428E-01	2.333E-01	3.637E-01	50	8p8w-assembly1_D Mycoplasma pneumoniae di-ribosome in chloramphenicol-treated cells (following 70S)
MC03_gaco00000000_1	4eaj-assembly1_A	0.048	82	9	60	4	77	67	100	0.776	0.740	5.656E-01	4.649E-01	3.378E-01	3.613E-01	41	4eaj-assembly1_A Co-crystal of AMPK core with AMP soaked with ATP
MC03_gaco00000000_1	1kq6-assembly1_A	0.046	86	13	65	1	82	67	140	0.791	0.586	6.156E-01	5.146E-01	2.820E-01	3.601E-01	45	1kq6-assembly1_A p47phox PX domain
MC03_gaco00000000_1	4v61-assembly1_AE	0.041	48	15	59	1	47	67	158	0.672	0.297	7.315E-01	5.232E-01	2.449E-01	3.596E-01	48	4v61-assembly1_AE Homology model for the Spinach chloroplast 30S subunit fitted to 9.4A cryo-EM map of the 70S chlororibosome.
MC03_gaco00000000_1	4j8a-assembly1_A	0.009	101	5	62	93	192	67	228	0.866	0.439	6.543E-01	5.833E-01	2.095E-01	3.581E-01	51	4j8a-assembly1_A Irradiated-state structure of sfGFP containing the unnatural amino acid p-azido-phenylalanine at residue 145
MC03_gaco00000000_1	7blq-assembly1_L	0.053	75	15	63	5	77	67	116	0.731	0.629	6.079E-01	4.795E-01	3.085E-01	3.575E-01	42	7blq-assembly1_L Vps26 dimer region of the fungal membrane-assembled retromer:Grd19 complex.
MC03_gaco00000000_1	7ssl-assembly1_J	0.000	47	15	59	1	47	67	157	0.672	0.299	7.199E-01	5.219E-01	2.488E-01	3.570E-01	47	7ssl-assembly1_J Pre translocation intermediate with EF-G bound to GDP and Pi (Structure III)
MC03_gaco00000000_1	5aii-assembly1_H	0.000	75	6	60	34	102	67	129	0.821	0.535	5.704E-01	4.901E-01	2.911E-01	3.519E-01	43	5aii-assembly1_H Discovery and characterization of thermophilic limonene-1,2-epoxide hydrolases from hot spring metagenomic libraries. CH55-sample-PEG complex
MC03_gaco00000000_1	7r81-assembly1_D2	0.066	60	9	59	29	86	67	210	0.761	0.276	6.949E-01	5.520E-01	2.029E-01	3.506E-01	50	7r81-assembly1_D2 Structure of the translating Neurospora crassa ribosome arrested by cycloheximide
MC03_gaco00000000_1	6ncl-assembly1_a5	0.040	99	8	61	45	139	67	189	0.806	0.503	6.339E-01	5.322E-01	2.225E-01	3.461E-01	47	6ncl-assembly1_a5 Near-atomic structure of icosahedrally averaged PBCV-1 capsid
MC03_gaco00000000_1	1wzn-assembly1_A	0.024	208	6	64	1	206	67	244	0.881	0.844	6.317E-01	5.677E-01	1.931E-01	3.460E-01	50	1wzn-assembly1_A Crystal Structure of the SAM-dependent methyltransferase from Pyrococcus horikoshii OT3
MC03_gaco00000000_1	9axv-assembly1_AF	0.068	58	9	59	32	88	67	216	0.761	0.264	6.842E-01	5.470E-01	1.983E-01	3.450E-01	49	9axv-assembly1_AF Translating S. pombe ribosome
MC03_gaco00000000_1	6xu6-assembly1_AC	0.114	61	9	59	35	93	67	227	0.761	0.260	6.899E-01	5.499E-01	1.889E-01	3.410E-01	49	6xu6-assembly1_AC Drosophila melanogaster Testis 80S ribosome
MC03_gaco00000000_1	3o52-assembly3_E-2	0.020	48	15	60	1	44	67	177	0.687	0.249	7.274E-01	5.085E-01	2.119E-01	3.405E-01	47	3o52-assembly3_E-2 Structure of the E.coli GDP-mannose hydrolase (yffh) in complex with tartrate
MC03_gaco00000000_1	3o52-assembly2_D	0.022	44	17	60	1	42	67	180	0.657	0.233	7.604E-01	5.025E-01	2.055E-01	3.371E-01	47	3o52-assembly2_D Structure of the E.coli GDP-mannose hydrolase (yffh) in complex with tartrate
MC03_gaco00000000_1	3u96-assembly1_A	0.028	106	4	61	68	169	67	282	0.866	0.362	6.420E-01	5.673E-01	1.625E-01	3.364E-01	51	3u96-assembly1_A Crystal Structure of YopHQ357F(Catalytic Domain, Residues 163-468) in complex with pNCS
MC03_gaco00000000_1	8ao0-assembly1_A	0.040	98	3	63	21	104	67	112	0.910	0.750	4.894E-01	4.536E-01	3.076E-01	3.360E-01	39	8ao0-assembly1_A Solution structure of nanoFAST/HBR-DOM2 complex
MC03_gaco00000000_1	3d2l-assembly1_A	0.008	234	10	65	1	226	67	238	0.836	0.950	6.407E-01	5.477E-01	1.784E-01	3.357E-01	49	3d2l-assembly1_A Crystal structure of SAM-dependent methyltransferase (ZP_00538691.1) from EXIGUOBACTERIUM SP. 255-15 at 1.90 A resolution
MC03_gaco00000000_1	4zi4-assembly1_A	0.028	106	4	61	68	169	67	282	0.866	0.362	6.393E-01	5.653E-01	1.621E-01	3.348E-01	51	4zi4-assembly1_A YopH W354H Yersinia enterocolitica PTPase bond with Divanadate glycerol ester in the active site
MC03_gaco00000000_1	1lyv-assembly1_A	0.019	103	4	60	69	169	67	283	0.851	0.357	6.514E-01	5.684E-01	1.651E-01	3.344E-01	50	1lyv-assembly1_A High-resolution structure of the catalytically inactive yersinia tyrosine phosphatase C403A mutant in complex with phosphate.
MC03_gaco00000000_1	4zn5-assembly1_A	0.028	106	4	61	68	169	67	282	0.866	0.362	6.363E-01	5.634E-01	1.621E-01	3.332E-01	50	4zn5-assembly1_A YopH W354Y Yersinia enterocolitica PTPase bond with Divanadate glycerol ester in the active site
MC03_gaco00000000_1	1fgu-assembly1_B	0.092	54	9	60	128	178	67	238	0.776	0.214	6.718E-01	5.372E-01	1.776E-01	3.318E-01	49	1fgu-assembly1_B SSDNA-BINDING DOMAIN OF THE LARGE SUBUNIT OF REPLICATION PROTEIN A
MC03_gaco00000000_1	8v34-assembly7_G	0.038	105	3	60	65	163	67	163	0.866	0.607	5.458E-01	4.894E-01	2.445E-01	3.255E-01	42	8v34-assembly7_G Crystal structure of S. aureus TarK N-terminal domain
MC03_gaco00000000_1	5ypz-assembly1_A	0.043	138	6	66	343	477	67	480	0.910	0.281	6.574E-01	6.054E-01	1.092E-01	3.217E-01	53	5ypz-assembly1_A Crystal structure of minor pilin CofB from CFA/III complexed with N-terminal peptide fragment of CofJ
MC03_gaco00000000_1	1jmc-assembly1_A	0.030	162	1	60	32	184	67	238	0.896	0.643	5.779E-01	5.290E-01	1.819E-01	3.207E-01	46	1jmc-assembly1_A SINGLE STRANDED DNA-BINDING DOMAIN OF HUMAN REPLICATION PROTEIN A BOUND TO SINGLE STRANDED DNA, RPA70 SUBUNIT, RESIDUES 183-420
MC03_gaco00000000_1	2mxc-assembly1_A	0.023	85	14	63	36	117	67	172	0.746	0.477	5.977E-01	4.793E-01	2.200E-01	3.169E-01	42	2mxc-assembly1_A Solution structure of the full length sorting nexin 3
MC03_gaco00000000_1	9fia-assembly1_HJ	0.017	58	9	59	94	149	67	355	0.761	0.158	7.026E-01	5.570E-01	1.248E-01	3.156E-01	50	9fia-assembly1_HJ SSU(body) structure derived from the SSU sample of the mitoribosome from T. gondii.
MC03_gaco00000000_1	6p29-assembly1_A	0.037	134	7	61	6	133	67	134	0.821	0.955	5.125E-01	4.479E-01	2.654E-01	3.136E-01	38	6p29-assembly1_A N-demethylindolmycin synthase (PluN2) in complex with N-demethylindolmycin
MC03_gaco00000000_1	5mkf-assembly1_B	0.016	300	1	65	30	323	67	481	0.970	0.611	6.086E-01	5.886E-01	1.086E-01	3.129E-01	51	5mkf-assembly1_B cryoEM Structure of Polycystin-2 in complex with calcium and lipids
MC03_gaco00000000_1	4qs4-assembly1_A	0.036	138	6	66	358	492	67	496	0.910	0.272	6.407E-01	5.917E-01	1.054E-01	3.115E-01	51	4qs4-assembly1_A Crystal Structure of CofB from Enterotoxigenic Escherichia coli
MC03_gaco00000000_1	6iab-assembly1_A	0.015	265	6	59	22	283	67	501	0.806	0.523	7.009E-01	5.837E-01	9.483E-02	3.112E-01	52	6iab-assembly1_A Tail fiber of Staphylococcus aureus phage P68
MC03_gaco00000000_1	4fzh-assembly1_A	0.005	357	1	61	92	445	67	486	0.910	0.728	6.328E-01	5.828E-01	1.057E-01	3.111E-01	51	4fzh-assembly1_A Structure of the Ulster Strain Newcastle Disease Virus Hemagglutinin-Neuraminidase Reveals Auto-Inhibitory Interactions Associated with Low Virulence
MC03_gaco00000000_1	4jf7-assembly1_A	0.005	368	1	61	139	500	67	501	0.910	0.723	6.300E-01	5.815E-01	9.907E-02	3.084E-01	51	4jf7-assembly1_A Structure of the parainfluenza virus 5 (PIV5) hemagglutinin-neuraminidase (HN) ectodomain
MC03_gaco00000000_1	6z89-assembly1_B-2	0.010	91	11	59	71	156	67	173	0.731	0.497	5.915E-01	4.620E-01	2.079E-01	3.072E-01	41	6z89-assembly1_B-2 human GTP cyclohydrolase I in complex with allosteric inhibitor
MC03_gaco00000000_1	5mke-assembly1_A	0.022	225	1	66	31	247	67	475	0.985	0.457	5.894E-01	5.763E-01	1.075E-01	3.069E-01	50	5mke-assembly1_A cryoEM Structure of Polycystin-2 in complex with cations and lipids
MC03_gaco00000000_1	2zbb-assembly2_D	0.012	158	1	67	87	228	67	255	1.000	0.557	5.111E-01	5.057E-01	1.692E-01	2.994E-01	43	2zbb-assembly2_D P43 crystal of DctBp
MC03_gaco00000000_1	6z89-assembly1_E-2	0.011	87	11	59	72	150	67	167	0.731	0.473	5.632E-01	4.393E-01	2.020E-01	2.951E-01	39	6z89-assembly1_E-2 human GTP cyclohydrolase I in complex with allosteric inhibitor
MC03_gaco00000000_1	8u72-assembly1_C	0.012	163	1	63	119	270	67	452	0.940	0.336	5.722E-01	5.393E-01	1.021E-01	2.904E-01	48	8u72-assembly1_C Cryo-EM structure of the SPARTA oligomer with guide RNA and target DNA
MC03_gaco00000000_1	8u72-assembly1_G	0.012	165	1	63	117	268	67	450	0.940	0.338	5.635E-01	5.310E-01	9.965E-02	2.858E-01	47	8u72-assembly1_G Cryo-EM structure of the SPARTA oligomer with guide RNA and target DNA
MC03_gaco00000000_1	3hq1-assembly1_A	0.024	121	1	60	445	557	67	573	0.896	0.197	5.886E-01	5.354E-01	8.228E-02	2.798E-01	47	3hq1-assembly1_A Crystal structure of Mycobacterium tuberculosis LeuA complexed with citrate and Mn2+
MC03_gaco00000000_1	7r3x-assembly1_A	0.028	140	7	67	33	165	67	1122	0.910	0.119	6.148E-01	5.661E-01	4.491E-02	2.762E-01	50	7r3x-assembly1_A The crystal structure of the L439V variant of Pol2CORE in complex with DNA and an incoming nucleotide
MC03_gaco00000000_1	4gop-assembly2_Z	0.105	57	7	60	131	183	67	433	0.806	0.122	6.031E-01	5.066E-01	1.025E-01	2.719E-01	44	4gop-assembly2_Z Structure and Conformational Change of a Replication Protein A Heterotrimer Bound to ssDNA
MC03_gaco00000000_1	3hpz-assembly1_A	0.025	117	3	61	446	556	67	571	0.881	0.194	5.841E-01	5.264E-01	8.336E-02	2.712E-01	46	3hpz-assembly1_A Crystal structure of Mycobacterium tuberculosis LeuA complexed with bromopyruvate
MC03_gaco00000000_1	4zph-assembly2_D	0.021	95	1	62	199	278	67	294	0.925	0.272	4.964E-01	4.646E-01	1.362E-01	2.674E-01	40	4zph-assembly2_D Crystal Structure of the Heterodimeric HIF-2a:ARNT Complex with Proflavine
MC03_gaco00000000_1	6c9f-assembly1_A	0.025	200	10	62	159	351	67	373	0.791	0.517	5.723E-01	4.777E-01	1.086E-01	2.637E-01	42	6c9f-assembly1_A AMP-activated protein kinase bound to pharmacological activator R734
MC03_gaco00000000_1	6c9g-assembly1_A	0.023	213	10	62	159	364	67	386	0.791	0.534	5.679E-01	4.738E-01	1.045E-01	2.608E-01	41	6c9g-assembly1_A AMP-activated protein kinase bound to pharmacological activator R739
MC03_gaco00000000_1	6c9j-assembly1_A	0.023	212	10	62	159	363	67	386	0.791	0.531	5.611E-01	4.703E-01	1.044E-01	2.582E-01	41	6c9j-assembly1_A AMP-activated protein kinase bound to pharmacological activator R734
MC03_gaco00000000_1	6c9h-assembly1_A	0.019	262	10	62	159	413	67	435	0.791	0.586	5.674E-01	4.749E-01	9.386E-02	2.551E-01	41	6c9h-assembly1_A non-phosphorylated AMP-activated protein kinase bound to pharmacological activator R734
MC03_gaco00000000_1	9ixm-assembly1_B	0.027	145	13	61	53	194	67	713	0.731	0.199	6.419E-01	5.021E-01	6.012E-02	2.549E-01	45	9ixm-assembly1_B Cryo-EM structure of Lactobacillus casei DdmDE bound with DNA
MC03_gaco00000000_1	4qfg-assembly1_A	0.026	192	10	60	159	344	67	366	0.761	0.508	5.598E-01	4.590E-01	1.076E-01	2.535E-01	40	4qfg-assembly1_A Structure of AMPK in complex with STAUROSPORINE inhibitor and in the absence of a synthetic activator
MC03_gaco00000000_1	7q3d-assembly1_B	0.016	121	2	60	328	436	67	453	0.881	0.241	5.250E-01	4.727E-01	9.142E-02	2.529E-01	41	7q3d-assembly1_B Structure of the human CPLANE complex
MC03_gaco00000000_1	6e4u-assembly1_A	0.020	193	10	59	159	345	67	366	0.746	0.511	5.636E-01	4.554E-01	1.059E-01	2.519E-01	40	6e4u-assembly1_A Structure of AMPK bound to activator
MC03_gaco00000000_1	7myj-assembly1_A	0.015	256	10	59	161	413	67	435	0.746	0.582	5.746E-01	4.673E-01	9.541E-02	2.491E-01	40	7myj-assembly1_A Structure of full length human AMPK (a2b1g1) in complex with a small molecule activator MSG011
MC03_gaco00000000_1	5zwo-assembly1_v	0.012	78	9	59	74	139	67	174	0.761	0.379	4.578E-01	3.770E-01	1.752E-01	2.478E-01	32	5zwo-assembly1_v Cryo-EM structure of the yeast B complex at average resolution of 3.9 angstrom
MC03_gaco00000000_1	5cs4-assembly3_A	0.023	42	17	58	328	368	67	402	0.627	0.102	6.444E-01	4.522E-01	9.341E-02	2.467E-01	40	5cs4-assembly3_A Crystal structure of domains AC3-AC5 of yeast acetyl-CoA carboxylase
MC03_gaco00000000_1	5iso-assembly2_C	0.019	257	10	59	159	409	67	429	0.746	0.585	5.669E-01	4.567E-01	9.160E-02	2.457E-01	40	5iso-assembly2_C STRUCTURE OF FULL LENGTH HUMAN AMPK (NON-PHOSPHORYLATED AT T-LOOP) IN COMPLEX WITH A SMALL MOLECULE ACTIVATOR, A BENZIMIDAZOLE DERIVATIVE (991)
MC03_gaco00000000_1	4rer-assembly1_A	0.014	283	10	61	159	435	67	459	0.776	0.603	5.528E-01	4.589E-01	8.845E-02	2.440E-01	40	4rer-assembly1_A Crystal structure of the phosphorylated human alpha1 beta2 gamma1 holo-AMPK complex bound to AMP and cyclodextrin
MC03_gaco00000000_1	6b2e-assembly1_A	0.018	271	11	59	159	423	67	443	0.731	0.598	5.705E-01	4.522E-01	8.741E-02	2.417E-01	39	6b2e-assembly1_A Structure of full length human AMPK (a2b2g1) in complex with a small molecule activator SC4.
MC03_gaco00000000_1	7wb1-assembly1_A	0.000	72	1	60	86	152	67	960	0.896	0.070	5.351E-01	4.935E-01	5.149E-02	2.380E-01	42	7wb1-assembly1_A PlmCasX-sgRNAv2-dsDNA ternary complex at nts loading state
MC03_gaco00000000_1	5i6e-assembly1_A	0.011	89	3	61	591	663	67	687	0.881	0.106	5.100E-01	4.567E-01	5.696E-02	2.360E-01	41	5i6e-assembly1_A Crystal structure of the central domain of yeast acetyl-CoA carboxylase
MC03_gaco00000000_1	7waz-assembly1_A	0.000	71	1	60	86	152	67	952	0.896	0.070	5.337E-01	4.932E-01	5.278E-02	2.347E-01	41	7waz-assembly1_A PlmCasX-sgRNAv1-dsDNA ternary complex at ts loading state
MC03_gaco00000000_1	7z8b-assembly1_C	0.037	53	10	60	8	56	67	1224	0.761	0.040	6.133E-01	4.835E-01	3.627E-02	2.318E-01	42	7z8b-assembly1_C Structure of CRL7FBXW8 reveals coupling with CUL1-RBX1/ROC1 for multi-cullin-RING E3-catalyzed ubiquitin ligation
MC03_gaco00000000_1	8b67-assembly1_A	0.020	143	8	67	28	161	67	1085	0.896	0.124	5.285E-01	4.851E-01	4.346E-02	2.314E-01	41	8b67-assembly1_A The crystal structure of M644G variant of DNA Pol Epsilon containing CTP in the polymerase active site
MC03_gaco00000000_1	8b76-assembly2_B	0.020	143	8	67	29	162	67	1121	0.896	0.120	5.290E-01	4.851E-01	4.219E-02	2.302E-01	41	8b76-assembly2_B The crystal structure of M644G variant of DNA Pol Epsilon containing dTTP in the polymerase active site
MC03_gaco00000000_1	9fia-assembly1_Bg	0.012	80	21	66	91	158	67	187	0.687	0.364	4.360E-01	3.350E-01	1.462E-01	2.166E-01	29	9fia-assembly1_Bg SSU(body) structure derived from the SSU sample of the mitoribosome from T. gondii.
MC03_gaco00000000_1	7dco-assembly1_v	0.025	79	8	59	107	172	67	207	0.776	0.319	4.116E-01	3.449E-01	1.432E-01	2.154E-01	29	7dco-assembly1_v Cryo-EM structure of the activated spliceosome (Bact complex) at an atomic resolution of 2.5 angstrom
MC03_gaco00000000_1	8wmh-assembly1_A	0.019	52	12	60	198	238	67	1198	0.731	0.034	5.732E-01	4.041E-01	3.023E-02	1.940E-01	35	8wmh-assembly1_A Structure of CbCas9 bound to 6-nucleotide complementary DNA substrate
MC07_aphodius_scrutator_2	7s58-assembly4_F	0.024	41	8	35	18	53	35	65	0.800	0.554	4.524E-01	4.026E-01	2.579E-01	2.843E-01	33	7s58-assembly4_F Crystal Structure of the tick evasin EVA-P974 complexed to human chemokine CCL7
MC07_aphodius_scrutator_2	6oqy-assembly1_A	0.108	37	4	35	90	119	35	237	0.914	0.127	5.084E-01	4.642E-01	9.545E-02	2.339E-01	37	6oqy-assembly1_A Human LRH-1 bound to the agonist 6N and a fragment of the Tif2 coregulator
MC07_aphodius_scrutator_2	1pk5-assembly1_A	0.125	32	4	35	93	119	35	242	0.914	0.112	5.319E-01	4.738E-01	9.966E-02	2.333E-01	36	1pk5-assembly1_A Crystal structure of the orphan nuclear receptor LRH-1
MC07_aphodius_scrutator_2	6oqx-assembly1_A	0.114	35	4	35	92	121	35	239	0.914	0.126	5.109E-01	4.683E-01	1.001E-01	2.294E-01	36	6oqx-assembly1_A Human Liver Receptor Homolog-1 bound to the agonist 5N and a fragment of the Tif2 coregulator
MC07_aphodius_scrutator_2	8ex9-assembly1_A	0.115	52	7	35	118	164	35	166	0.829	0.283	4.696E-01	4.245E-01	1.238E-01	2.271E-01	33	8ex9-assembly1_A ISDra2 TnpB in complex with reRNA and cognate DNA, conformation 2 (RuvC domain unresolved)
MC07_aphodius_scrutator_2	1zh7-assembly2_B	0.100	40	4	35	93	127	35	243	0.914	0.144	4.840E-01	4.592E-01	9.853E-02	2.248E-01	35	1zh7-assembly2_B Structural and Biochemical Basis for Selective Repression of the Orphan Nuclear Receptor LRH-1 by SHP
MC07_aphodius_scrutator_2	1pk5-assembly2_B	0.100	40	4	35	87	121	35	236	0.914	0.148	4.542E-01	4.326E-01	9.880E-02	2.157E-01	33	1pk5-assembly2_B Crystal structure of the orphan nuclear receptor LRH-1
MC07_aphodius_scrutator_2	3tx7-assembly1_B	0.114	35	4	35	77	106	35	218	0.914	0.138	4.582E-01	4.269E-01	1.058E-01	2.142E-01	32	3tx7-assembly1_B Crystal structure of LRH-1/beta-catenin complex
MC07_aphodius_scrutator_2	3htk-assembly1_C	0.000	26	5	28	207	231	35	254	0.686	0.098	3.997E-01	3.575E-01	7.481E-02	1.740E-01	27	3htk-assembly1_C Crystal structure of Mms21 and Smc5 complex
MC07_aphodius_scrutator_2	1j5o-assembly1_H	0.000	37	4	31	51	85	35	220	0.800	0.159	3.797E-01	3.570E-01	9.240E-02	1.727E-01	25	1j5o-assembly1_H CRYSTAL STRUCTURE OF MET184ILE MUTANT OF HIV-1 REVERSE TRANSCRIPTASE IN COMPLEX WITH DOUBLE STRANDED DNA TEMPLATE-PRIMER
MC07_aphodius_scrutator_2	8exa-assembly1_A	0.013	72	5	35	32	93	35	341	0.886	0.182	3.481E-01	3.242E-01	5.285E-02	1.557E-01	25	8exa-assembly1_A ISDra2 TnpB in complex with reRNA and cognate DNA, conformation 1 (RuvC domain resolved)
