gaco00000000_1	gaco00000000_1	1.000	67	1.000	1.000	1.015E+00	1.000E+00	1.000E+00	1.000E+00	100
gaco00000000_1	microcara_testacea_1	0.021	47	0.701	0.717	7.277E-01	4.633E-01	5.609E-01	4.658E-01	42
gaco00000000_1	copris_lunaris_3	0.019	51	0.701	0.847	6.463E-01	4.946E-01	5.429E-01	4.592E-01	44
gaco00000000_1	srr19974962_1	0.085	35	0.522	0.917	6.251E-01	3.753E-01	5.868E-01	4.048E-01	34
gaco00000000_1	sitophilus_zeamais_2	0.085	35	0.522	0.917	6.250E-01	3.753E-01	5.867E-01	4.047E-01	34
gaco00000000_1	gdmq00000000_1	0.085	35	0.522	0.917	6.226E-01	3.752E-01	5.851E-01	4.030E-01	33
gaco00000000_1	gbcx00000000_1	0.200	60	0.716	0.945	5.267E-01	4.118E-01	4.746E-01	3.846E-01	36
gaco00000000_1	gkjh00000000_2	0.106	47	0.612	0.797	5.562E-01	4.048E-01	4.418E-01	3.607E-01	34
gaco00000000_1	alurnus_ornatus_3	0.046	64	0.731	0.836	4.718E-01	3.721E-01	3.991E-01	3.387E-01	32
gaco00000000_1	gdof00000000_2	0.046	64	0.731	0.836	4.718E-01	3.721E-01	3.991E-01	3.387E-01	32
gaco00000000_1	anomala_sp_2	0.047	63	0.776	0.898	4.467E-01	3.781E-01	4.101E-01	3.269E-01	31
gaco00000000_1	gkjr00000000_1	0.017	57	0.791	0.875	5.050E-01	3.309E-01	4.673E-01	3.250E-01	29
gaco00000000_1	ocypus_brunnipes_1	0.017	57	0.791	0.875	5.050E-01	3.309E-01	4.673E-01	3.250E-01	29
gaco00000000_1	srr2083703_1	0.017	57	0.791	0.875	5.050E-01	3.309E-01	4.673E-01	3.250E-01	29
gaco00000000_1	catharsius_molossus_1	0.000	42	0.612	0.643	5.623E-01	3.075E-01	4.372E-01	3.225E-01	27
gaco00000000_1	gjbk00000000_1	0.000	42	0.612	0.643	5.623E-01	3.075E-01	4.372E-01	3.225E-01	27
gaco00000000_1	lepiserica_sp_5	0.156	64	0.687	0.898	4.204E-01	2.924E-01	3.788E-01	3.092E-01	27
gaco00000000_1	orphnus_sp_1	0.214	56	0.657	0.812	4.488E-01	2.881E-01	3.725E-01	3.071E-01	26
gaco00000000_1	migdolus_fryanus_4	0.080	62	0.806	0.706	4.250E-01	3.435E-01	3.402E-01	2.903E-01	29
gaco00000000_1	lepiserica_sp_4	0.131	61	0.716	0.656	4.192E-01	2.963E-01	3.070E-01	2.772E-01	27
gaco00000000_1	gkjd00000000_2	0.016	62	0.478	0.969	4.675E-01	3.202E-01	3.304E-01	2.763E-01	27
gaco00000000_1	srr1562205_1	0.166	60	0.716	0.656	4.165E-01	2.890E-01	2.993E-01	2.736E-01	26
gaco00000000_1	allokotarsa_sp_3	0.169	59	0.672	0.641	4.268E-01	2.749E-01	2.864E-01	2.683E-01	26
gaco00000000_1	ghma00000000_1	0.000	42	0.627	0.466	4.703E-01	2.915E-01	3.240E-01	2.668E-01	25
gaco00000000_1	migdolus_fryanus_1	0.036	82	0.881	0.891	3.461E-01	3.074E-01	3.171E-01	2.663E-01	26
gaco00000000_1	srr1562204_4	0.036	82	0.881	0.891	3.461E-01	3.074E-01	3.171E-01	2.663E-01	26
gaco00000000_1	diphucephala_sp_3	0.016	60	0.522	1.000	4.256E-01	2.673E-01	3.389E-01	2.644E-01	24
gaco00000000_1	gdmj00000000_1	0.069	43	0.537	0.700	4.554E-01	2.390E-01	3.541E-01	2.635E-01	21
gaco00000000_1	hydroscapha_redfordi_1	0.069	43	0.537	0.700	4.554E-01	2.390E-01	3.541E-01	2.635E-01	21
gaco00000000_1	gkke00000000_1	0.013	72	0.866	0.918	3.676E-01	2.832E-01	3.462E-01	2.611E-01	24
gaco00000000_1	diphucephala_sp_2	0.013	72	0.866	0.918	3.675E-01	2.832E-01	3.461E-01	2.609E-01	24
gaco00000000_1	gkke00000000_2	0.013	72	0.866	0.918	3.675E-01	2.832E-01	3.461E-01	2.609E-01	24
gaco00000000_1	phyllotocus_sp_3	0.045	66	0.821	0.762	3.592E-01	2.940E-01	3.050E-01	2.513E-01	24
gaco00000000_1	gkjd00000000_3	0.030	66	0.731	0.787	3.508E-01	2.832E-01	3.011E-01	2.462E-01	24
gaco00000000_1	ghxo00000000_6	0.022	44	0.567	0.775	3.899E-01	2.599E-01	3.561E-01	2.449E-01	22
gaco00000000_1	serica_brunnea_1	0.100	60	0.672	0.689	3.664E-01	2.612E-01	2.790E-01	2.439E-01	23
gaco00000000_1	allokotarsa_sp_2	0.000	50	0.552	0.588	3.692E-01	2.599E-01	2.572E-01	2.223E-01	22
gaco00000000_1	gkjj00000000_1	0.022	44	0.612	1.000	3.759E-01	2.453E-01	3.757E-01	2.167E-01	21
gaco00000000_1	aphodius_haemorrhoidalis_1	0.039	51	0.716	0.547	3.115E-01	2.389E-01	2.452E-01	1.977E-01	19
hygrobia_hermanni_1	hygrobia_hermanni_1	1.000	11	1.000	1.000	1.100E+00	1.000E+00	1.000E+00	1.000E+00	100
gjvn00000000_1	gjvn00000000_1	1.000	33	1.000	1.000	1.031E+00	1.000E+00	1.000E+00	1.000E+00	100
gjvn00000000_1	psylliodes_chrysocephalus_1	0.969	33	1.000	1.000	9.463E-01	9.213E-01	9.213E-01	8.424E-01	84
gjvn00000000_1	brassicogethes_aeneus_2	0.969	33	1.000	1.000	8.516E-01	8.329E-01	8.329E-01	7.008E-01	70
gjvn00000000_1	ceutorhynchus_napi_3	0.969	33	1.000	1.000	8.516E-01	8.329E-01	8.329E-01	7.008E-01	70
gjvn00000000_1	sitophilus_oryzae_2	0.212	33	1.000	0.722	6.917E-01	5.879E-01	5.524E-01	4.827E-01	49
allokotarsa_sp_3	allokotarsa_sp_3	1.000	64	1.000	1.000	1.016E+00	1.000E+00	1.000E+00	1.000E+00	100
allokotarsa_sp_3	lepiserica_sp_4	0.750	52	0.781	0.766	8.895E-01	6.795E-01	6.795E-01	6.605E-01	66
allokotarsa_sp_3	orphnus_sp_1	0.375	56	0.844	0.979	8.143E-01	6.096E-01	7.853E-01	6.532E-01	57
allokotarsa_sp_3	lepiserica_sp_5	0.362	58	0.891	0.959	8.041E-01	6.022E-01	7.617E-01	6.450E-01	57
allokotarsa_sp_3	srr1562205_1	0.233	60	0.906	0.906	7.634E-01	6.937E-01	6.937E-01	6.374E-01	63
allokotarsa_sp_3	gkjd00000000_2	0.791	48	0.750	0.734	8.645E-01	6.433E-01	6.433E-01	6.147E-01	61
allokotarsa_sp_3	phyllotocus_sp_3	0.491	57	0.891	0.746	8.371E-01	6.284E-01	6.373E-01	5.973E-01	59
allokotarsa_sp_3	migdolus_fryanus_4	0.250	60	0.906	0.750	7.749E-01	6.329E-01	6.016E-01	5.722E-01	58
allokotarsa_sp_3	srr1562205_4	0.254	59	0.891	0.735	7.836E-01	6.284E-01	5.966E-01	5.694E-01	58
allokotarsa_sp_3	srr1562204_2	0.176	68	0.953	0.794	7.033E-01	5.998E-01	5.700E-01	5.481E-01	56
allokotarsa_sp_3	migdolus_fryanus_1	0.245	61	0.828	0.906	6.909E-01	5.888E-01	5.888E-01	5.379E-01	53
allokotarsa_sp_3	srr1562204_4	0.245	61	0.828	0.906	6.909E-01	5.888E-01	5.888E-01	5.379E-01	53
allokotarsa_sp_3	serica_brunnea_1	0.425	47	0.688	0.754	7.780E-01	5.500E-01	5.742E-01	5.340E-01	52
allokotarsa_sp_3	gkjd00000000_3	0.425	47	0.688	0.754	7.679E-01	5.457E-01	5.695E-01	5.281E-01	51
allokotarsa_sp_3	allokotarsa_sp_2	0.194	77	0.875	0.926	6.208E-01	5.444E-01	5.155E-01	5.050E-01	51
allokotarsa_sp_3	gdmq00000000_1	0.027	37	0.547	0.778	6.006E-01	3.188E-01	5.045E-01	3.652E-01	29
allokotarsa_sp_3	sitophilus_zeamais_2	0.027	37	0.547	0.778	5.954E-01	3.179E-01	5.015E-01	3.632E-01	29
allokotarsa_sp_3	srr19974962_1	0.027	37	0.547	0.778	5.951E-01	3.178E-01	5.014E-01	3.631E-01	29
allokotarsa_sp_3	ghma00000000_1	0.089	56	0.703	0.845	5.114E-01	3.947E-01	4.241E-01	3.569E-01	34
allokotarsa_sp_3	gbcx00000000_1	0.032	62	0.703	0.945	4.509E-01	3.554E-01	3.942E-01	3.175E-01	30
allokotarsa_sp_3	gjvo00000000_1	0.034	58	0.734	0.738	4.216E-01	3.454E-01	3.417E-01	2.924E-01	29
allokotarsa_sp_3	psylliodes_chrysocephalus_2	0.034	58	0.734	0.738	4.216E-01	3.454E-01	3.417E-01	2.924E-01	29
allokotarsa_sp_3	gkjh00000000_2	0.095	42	0.438	0.712	5.126E-01	3.125E-01	3.323E-01	2.844E-01	27
allokotarsa_sp_3	gaco00000000_1	0.454	22	0.344	0.328	5.036E-01	2.730E-01	2.628E-01	2.621E-01	26
allokotarsa_sp_3	catharsius_molossus_2	0.018	54	0.469	0.869	3.889E-01	2.625E-01	2.711E-01	2.270E-01	22
allokotarsa_sp_3	gjbk00000000_2	0.018	54	0.469	0.869	3.889E-01	2.625E-01	2.711E-01	2.270E-01	22
allokotarsa_sp_3	gkke00000000_1	0.038	26	0.391	0.490	3.509E-01	2.301E-01	2.766E-01	2.157E-01	20
allokotarsa_sp_3	diphucephala_sp_2	0.038	26	0.391	0.490	3.512E-01	2.300E-01	2.765E-01	2.156E-01	20
allokotarsa_sp_3	gkke00000000_2	0.038	26	0.391	0.490	3.512E-01	2.300E-01	2.765E-01	2.156E-01	20
allokotarsa_sp_3	catharsius_molossus_1	0.021	46	0.531	0.810	3.248E-01	2.238E-01	2.918E-01	2.111E-01	19
allokotarsa_sp_3	gjbk00000000_1	0.021	46	0.531	0.810	3.248E-01	2.238E-01	2.918E-01	2.111E-01	19
gkjr00000000_1	gkjr00000000_1	1.000	40	1.000	1.000	1.026E+00	1.000E+00	1.000E+00	1.000E+00	100
gkjr00000000_1	ocypus_brunnipes_1	1.000	40	1.000	1.000	1.026E+00	1.000E+00	1.000E+00	1.000E+00	100
gkjr00000000_1	srr2083703_1	1.000	40	1.000	1.000	1.026E+00	1.000E+00	1.000E+00	1.000E+00	100
gkjr00000000_1	ghma00000000_1	0.375	40	0.925	0.621	6.193E-01	5.686E-01	4.317E-01	4.328E-01	47
gkjr00000000_1	dichotomius_satanas_2	0.320	50	0.900	0.810	5.848E-01	5.400E-01	4.149E-01	4.041E-01	44
gkjr00000000_1	sitophilus_zeamais_2	0.000	45	1.000	0.806	5.052E-01	4.150E-01	4.446E-01	3.904E-01	37
gkjr00000000_1	srr19974962_1	0.000	45	1.000	0.806	5.049E-01	4.149E-01	4.444E-01	3.903E-01	37
gkjr00000000_1	gdmq00000000_1	0.023	42	1.000	0.694	5.295E-01	4.140E-01	4.446E-01	3.870E-01	37
gkjr00000000_1	microcara_testacea_1	0.000	29	0.650	0.547	5.864E-01	4.595E-01	3.741E-01	3.589E-01	38
gkjr00000000_1	catharsius_molossus_1	0.419	31	0.725	0.667	5.191E-01	4.252E-01	4.116E-01	3.491E-01	35
gkjr00000000_1	gjbk00000000_1	0.419	31	0.725	0.667	5.191E-01	4.252E-01	4.116E-01	3.491E-01	35
gkjr00000000_1	catharsius_molossus_2	0.260	50	0.900	0.689	5.023E-01	4.590E-01	3.337E-01	3.463E-01	39
gkjr00000000_1	gjbk00000000_2	0.260	50	0.900	0.689	5.023E-01	4.590E-01	3.337E-01	3.463E-01	39
gkjr00000000_1	orphnus_sp_1	0.095	42	1.000	0.562	5.110E-01	4.105E-01	3.613E-01	3.409E-01	35
gkjr00000000_1	gaco00000000_1	0.017	57	0.875	0.791	5.050E-01	4.673E-01	3.309E-01	3.250E-01	35
gkjr00000000_1	srr1562205_1	0.025	40	0.975	0.344	6.010E-01	4.147E-01	2.789E-01	3.171E-01	37
gkjr00000000_1	phyllotocus_sp_3	0.017	57	0.950	0.810	3.889E-01	3.768E-01	2.948E-01	2.617E-01	27
ghxo00000000_6	ghxo00000000_6	1.000	40	1.000	1.000	1.026E+00	1.000E+00	1.000E+00	1.000E+00	100
ghxo00000000_6	gdmj00000000_1	0.714	42	1.000	1.000	8.860E-01	8.654E-01	8.654E-01	8.313E-01	83
ghxo00000000_6	hydroscapha_redfordi_1	0.714	42	1.000	1.000	8.860E-01	8.654E-01	8.654E-01	8.313E-01	83
ghxo00000000_6	ceutorhynchus_napi_1	0.048	41	0.975	1.000	5.358E-01	4.825E-01	5.297E-01	3.809E-01	37
ghxo00000000_6	lepiserica_sp_1	0.192	26	0.650	0.812	6.720E-01	2.721E-01	5.040E-01	3.456E-01	25
ghxo00000000_6	aphodius_haemorrhoidalis_1	0.044	45	0.875	0.594	4.790E-01	4.315E-01	3.039E-01	3.312E-01	38
ghxo00000000_6	alurnus_ornatus_3	0.000	55	0.900	0.787	4.680E-01	4.365E-01	3.293E-01	3.148E-01	34
ghxo00000000_6	gdof00000000_2	0.000	55	0.900	0.787	4.680E-01	4.365E-01	3.293E-01	3.148E-01	34
ghxo00000000_6	gaco00000000_1	0.015	65	1.000	0.806	3.599E-01	3.565E-01	2.693E-01	2.388E-01	25
maechidius_sp_1	maechidius_sp_1	1.000	30	1.000	1.000	1.034E+00	1.000E+00	1.000E+00	1.000E+00	100
gjbk00000000_2	gjbk00000000_2	1.000	61	1.000	1.000	1.017E+00	1.000E+00	1.000E+00	1.000E+00	100
gjbk00000000_2	catharsius_molossus_2	1.000	61	1.000	1.000	1.017E+00	1.000E+00	1.000E+00	1.000E+00	99
gjbk00000000_2	catharsius_molossus_1	0.472	55	0.902	0.952	7.574E-01	5.181E-01	7.126E-01	5.715E-01	48
gjbk00000000_2	gjbk00000000_1	0.472	55	0.902	0.952	7.574E-01	5.181E-01	7.126E-01	5.715E-01	48
gjbk00000000_2	ghma00000000_1	0.354	62	0.738	1.000	6.764E-01	5.181E-01	5.406E-01	4.873E-01	47
gjbk00000000_2	dichotomius_satanas_2	0.271	70	0.984	1.000	5.488E-01	5.215E-01	5.417E-01	4.695E-01	46
gjbk00000000_2	copris_lunaris_3	0.013	72	1.000	0.797	4.563E-01	3.822E-01	3.909E-01	3.265E-01	32
gjbk00000000_2	phyllotocus_sp_3	0.012	78	0.934	0.857	3.847E-01	3.491E-01	3.411E-01	2.986E-01	30
gjbk00000000_2	diphucephala_sp_2	0.075	40	0.574	0.653	4.765E-01	3.096E-01	3.642E-01	2.919E-01	27
gjbk00000000_2	gkke00000000_2	0.075	40	0.574	0.653	4.765E-01	3.096E-01	3.642E-01	2.919E-01	27
gjbk00000000_2	gbcx00000000_1	0.044	67	0.984	0.873	3.949E-01	3.464E-01	3.664E-01	2.811E-01	27
gjbk00000000_2	gdmq00000000_1	0.066	30	0.344	0.806	4.234E-01	2.560E-01	3.820E-01	2.777E-01	23
gjbk00000000_2	migdolus_fryanus_4	0.012	83	0.984	0.868	3.514E-01	3.405E-01	3.172E-01	2.757E-01	28
gjbk00000000_2	diphucephala_sp_3	0.100	40	0.492	0.816	4.494E-01	3.079E-01	3.546E-01	2.756E-01	26
gjbk00000000_2	aphodius_haemorrhoidalis_1	0.059	67	0.885	0.672	4.079E-01	3.251E-01	3.143E-01	2.738E-01	27
gjbk00000000_2	gdlg00000000_1	0.027	37	0.525	0.733	4.164E-01	2.972E-01	3.593E-01	2.730E-01	25
gjbk00000000_2	gkjr00000000_1	0.133	60	0.770	0.925	3.907E-01	2.746E-01	3.683E-01	2.712E-01	24
gjbk00000000_2	ocypus_brunnipes_1	0.133	60	0.770	0.925	3.907E-01	2.746E-01	3.683E-01	2.712E-01	24
gjbk00000000_2	srr2083703_1	0.133	60	0.770	0.925	3.907E-01	2.746E-01	3.683E-01	2.712E-01	24
gjbk00000000_2	allokotarsa_sp_3	0.032	62	0.934	0.625	4.074E-01	3.264E-01	3.166E-01	2.705E-01	27
gjbk00000000_2	sitophilus_zeamais_2	0.000	58	0.852	0.889	3.868E-01	2.819E-01	3.731E-01	2.703E-01	24
gjbk00000000_2	srr19974962_1	0.000	58	0.852	0.889	3.868E-01	2.819E-01	3.731E-01	2.703E-01	24
gjbk00000000_2	srr1562205_1	0.015	66	0.967	0.688	3.916E-01	3.265E-01	3.171E-01	2.661E-01	26
gjbk00000000_2	gkjd00000000_3	0.067	74	0.820	0.918	3.550E-01	3.086E-01	3.086E-01	2.622E-01	26
gjbk00000000_2	serica_brunnea_1	0.067	74	0.820	0.918	3.549E-01	3.085E-01	3.085E-01	2.622E-01	26
gjbk00000000_2	migdolus_fryanus_1	0.000	67	0.934	0.656	3.888E-01	3.098E-01	3.001E-01	2.569E-01	25
gjbk00000000_2	srr1562204_4	0.000	67	0.934	0.656	3.888E-01	3.098E-01	3.001E-01	2.569E-01	25
gjbk00000000_2	gkjj00000000_1	0.023	42	0.590	1.000	3.256E-01	2.294E-01	3.269E-01	1.962E-01	19
serica_brunnea_1	serica_brunnea_1	1.000	61	1.000	1.000	1.017E+00	1.000E+00	1.000E+00	1.000E+00	100
serica_brunnea_1	gkjd00000000_3	1.000	61	1.000	1.000	1.011E+00	9.942E-01	9.942E-01	9.908E-01	99
serica_brunnea_1	srr1562204_2	0.157	70	0.984	0.985	7.857E-01	7.642E-01	6.970E-01	6.752E-01	70
serica_brunnea_1	srr1562205_4	0.108	74	0.984	0.985	7.133E-01	6.936E-01	6.325E-01	6.141E-01	63
serica_brunnea_1	migdolus_fryanus_4	0.109	73	0.967	0.985	7.221E-01	6.923E-01	6.315E-01	6.137E-01	63
serica_brunnea_1	phyllotocus_sp_3	0.257	66	0.984	0.937	6.810E-01	6.539E-01	6.370E-01	5.893E-01	59
serica_brunnea_1	lepiserica_sp_5	0.666	48	0.754	0.898	7.340E-01	5.455E-01	6.592E-01	5.660E-01	51
serica_brunnea_1	orphnus_sp_1	0.285	49	0.754	0.896	7.194E-01	5.277E-01	6.471E-01	5.449E-01	49
serica_brunnea_1	lepiserica_sp_4	0.294	68	0.934	0.891	6.314E-01	5.879E-01	5.637E-01	5.417E-01	55
serica_brunnea_1	allokotarsa_sp_3	0.425	47	0.754	0.688	7.780E-01	5.742E-01	5.500E-01	5.340E-01	54
serica_brunnea_1	gkjd00000000_2	0.318	69	0.951	0.859	6.282E-01	5.655E-01	5.424E-01	5.242E-01	53
serica_brunnea_1	srr1562205_1	0.280	50	0.787	0.734	7.062E-01	5.601E-01	5.375E-01	5.166E-01	52
serica_brunnea_1	allokotarsa_sp_2	0.220	59	0.836	0.794	6.768E-01	5.717E-01	5.205E-01	5.137E-01	53
serica_brunnea_1	migdolus_fryanus_1	0.180	50	0.770	0.672	7.112E-01	5.256E-01	5.044E-01	4.797E-01	48
serica_brunnea_1	srr1562204_4	0.180	50	0.770	0.672	7.112E-01	5.256E-01	5.044E-01	4.797E-01	48
serica_brunnea_1	gbcx00000000_1	0.046	65	0.770	0.891	4.382E-01	3.557E-01	3.849E-01	3.282E-01	31
serica_brunnea_1	aphodius_haemorrhoidalis_1	0.071	56	0.754	0.828	4.602E-01	3.967E-01	3.854E-01	3.174E-01	32
serica_brunnea_1	gkke00000000_1	0.040	49	0.590	0.776	4.050E-01	2.671E-01	3.171E-01	2.658E-01	24
serica_brunnea_1	catharsius_molossus_2	0.067	74	0.918	0.820	3.550E-01	3.085E-01	3.085E-01	2.622E-01	26
serica_brunnea_1	gjbk00000000_2	0.067	74	0.918	0.820	3.549E-01	3.085E-01	3.085E-01	2.622E-01	26
serica_brunnea_1	gaco00000000_1	0.100	60	0.689	0.672	3.664E-01	2.790E-01	2.612E-01	2.439E-01	25
serica_brunnea_1	diphucephala_sp_2	0.025	79	1.000	1.000	3.298E-01	2.888E-01	3.265E-01	2.423E-01	23
serica_brunnea_1	gkke00000000_2	0.025	79	1.000	1.000	3.298E-01	2.888E-01	3.265E-01	2.423E-01	23
gdlg00000000_1	gdlg00000000_1	1.000	45	1.000	1.000	1.023E+00	1.000E+00	1.000E+00	1.000E+00	100
gdlg00000000_1	byturus_ochraceus_1	0.888	45	1.000	0.978	9.586E-01	9.184E-01	9.184E-01	8.938E-01	89
gdlg00000000_1	euoniticellus_fulvus_1	0.424	33	0.733	0.938	7.074E-01	5.265E-01	6.698E-01	5.036E-01	46
gdlg00000000_1	dichotomius_satanas_2	0.035	56	0.711	0.931	4.191E-01	3.547E-01	3.018E-01	2.704E-01	28
gdlg00000000_1	copris_lunaris_3	0.042	47	0.644	0.763	4.240E-01	3.466E-01	2.896E-01	2.675E-01	28
gdlg00000000_1	gkjh00000000_2	0.062	48	0.578	0.763	4.139E-01	3.247E-01	2.682E-01	2.508E-01	26
gdlg00000000_1	gjbk00000000_2	0.057	35	0.711	0.508	3.852E-01	3.394E-01	2.848E-01	2.469E-01	25
gdlg00000000_1	catharsius_molossus_2	0.057	35	0.711	0.508	3.852E-01	3.394E-01	2.848E-01	2.469E-01	25
gdlg00000000_1	gbcx00000000_1	0.016	60	0.867	0.855	3.381E-01	3.083E-01	2.720E-01	2.380E-01	24
migdolus_fryanus_4	migdolus_fryanus_4	1.000	68	1.000	1.000	1.015E+00	1.000E+00	1.000E+00	1.000E+00	100
migdolus_fryanus_4	srr1562205_4	1.000	68	1.000	1.000	1.004E+00	9.897E-01	9.897E-01	9.838E-01	98
migdolus_fryanus_4	srr1562204_2	0.763	72	1.000	1.000	7.821E-01	7.719E-01	7.719E-01	7.327E-01	73
migdolus_fryanus_4	phyllotocus_sp_3	0.253	67	0.971	0.937	8.104E-01	7.073E-01	7.554E-01	6.811E-01	66
migdolus_fryanus_4	serica_brunnea_1	0.109	73	0.985	0.967	7.221E-01	6.315E-01	6.923E-01	6.137E-01	58
migdolus_fryanus_4	gkjd00000000_3	0.157	70	0.985	0.967	7.147E-01	6.272E-01	6.860E-01	6.045E-01	57
migdolus_fryanus_4	srr1562205_1	0.333	63	0.779	0.953	7.909E-01	6.293E-01	6.632E-01	6.042E-01	58
migdolus_fryanus_4	orphnus_sp_1	0.307	52	0.735	0.979	7.749E-01	5.567E-01	7.485E-01	6.008E-01	52
migdolus_fryanus_4	lepiserica_sp_5	0.240	50	0.706	0.959	7.627E-01	5.493E-01	7.247E-01	5.844E-01	51
migdolus_fryanus_4	allokotarsa_sp_3	0.250	60	0.750	0.906	7.749E-01	6.016E-01	6.329E-01	5.722E-01	55
migdolus_fryanus_4	lepiserica_sp_4	0.205	73	0.956	0.922	6.821E-01	5.966E-01	6.281E-01	5.691E-01	55
migdolus_fryanus_4	migdolus_fryanus_1	0.551	49	0.721	0.750	7.855E-01	5.743E-01	6.054E-01	5.531E-01	53
migdolus_fryanus_4	srr1562204_4	0.551	49	0.721	0.750	7.855E-01	5.743E-01	6.054E-01	5.531E-01	53
migdolus_fryanus_4	gkjd00000000_2	0.184	76	0.985	0.891	6.705E-01	5.689E-01	5.992E-01	5.464E-01	53
migdolus_fryanus_4	allokotarsa_sp_2	0.200	70	0.882	0.824	5.994E-01	5.057E-01	5.057E-01	4.644E-01	46
migdolus_fryanus_4	ghma00000000_1	0.034	58	0.676	0.862	4.487E-01	3.510E-01	3.883E-01	3.110E-01	29
migdolus_fryanus_4	gaco00000000_1	0.080	62	0.706	0.806	4.250E-01	3.402E-01	3.435E-01	2.903E-01	28
migdolus_fryanus_4	gdmq00000000_1	0.074	27	0.368	0.750	4.823E-01	2.692E-01	4.204E-01	2.889E-01	24
migdolus_fryanus_4	sitophilus_zeamais_2	0.040	25	0.368	0.639	4.148E-01	2.532E-01	3.904E-01	2.884E-01	22
migdolus_fryanus_4	srr19974962_1	0.040	25	0.368	0.639	4.142E-01	2.530E-01	3.901E-01	2.880E-01	22
migdolus_fryanus_4	copris_lunaris_3	0.046	64	0.662	0.915	4.103E-01	3.151E-01	3.461E-01	2.846E-01	27
migdolus_fryanus_4	gjbk00000000_2	0.012	83	0.868	0.984	3.514E-01	3.172E-01	3.405E-01	2.757E-01	26
migdolus_fryanus_4	catharsius_molossus_2	0.012	83	0.868	0.984	3.514E-01	3.172E-01	3.404E-01	2.757E-01	26
migdolus_fryanus_4	gbcx00000000_1	0.000	83	1.000	0.782	3.896E-01	2.847E-01	3.308E-01	2.642E-01	24
migdolus_fryanus_4	dichotomius_satanas_2	0.013	76	0.941	0.897	3.422E-01	2.916E-01	3.197E-01	2.487E-01	24
migdolus_fryanus_4	gkjh00000000_2	0.020	49	0.706	0.407	4.050E-01	2.453E-01	2.728E-01	2.270E-01	21
gdnw00000000_1	cucujus_clavipes_1	1.000	33	1.000	1.000	1.031E+00	1.000E+00	1.000E+00	1.000E+00	100
gdnw00000000_1	gdnw00000000_1	1.000	33	1.000	1.000	1.031E+00	1.000E+00	1.000E+00	1.000E+00	100
gdnw00000000_1	gjvo00000000_1	0.243	37	0.970	0.477	6.413E-01	5.988E-01	3.390E-01	4.180E-01	51
gdnw00000000_1	psylliodes_chrysocephalus_2	0.243	37	0.970	0.477	6.413E-01	5.988E-01	3.390E-01	4.180E-01	51
catharsius_molossus_1	catharsius_molossus_1	1.000	42	1.000	1.000	1.024E+00	1.000E+00	1.000E+00	1.000E+00	100
catharsius_molossus_1	gjbk00000000_1	1.000	42	1.000	1.000	1.024E+00	1.000E+00	1.000E+00	1.000E+00	100
catharsius_molossus_1	ghma00000000_1	0.362	58	0.929	1.000	8.195E-01	7.562E-01	5.759E-01	6.104E-01	68
catharsius_molossus_1	gjbk00000000_2	0.472	55	0.952	0.902	7.574E-01	7.126E-01	5.181E-01	5.715E-01	65
catharsius_molossus_1	catharsius_molossus_2	0.472	55	0.952	0.902	7.574E-01	7.126E-01	5.180E-01	5.715E-01	65
catharsius_molossus_1	dichotomius_satanas_2	0.379	58	0.738	1.000	8.821E-01	6.632E-01	4.936E-01	5.484E-01	62
catharsius_molossus_1	gkjr00000000_1	0.433	30	0.643	0.725	5.130E-01	4.078E-01	4.208E-01	3.482E-01	34
catharsius_molossus_1	ocypus_brunnipes_1	0.433	30	0.643	0.725	5.130E-01	4.078E-01	4.208E-01	3.482E-01	34
catharsius_molossus_1	srr2083703_1	0.433	30	0.643	0.725	5.130E-01	4.078E-01	4.208E-01	3.482E-01	34
catharsius_molossus_1	gaco00000000_1	0.000	42	0.643	0.612	5.623E-01	4.372E-01	3.075E-01	3.225E-01	36
catharsius_molossus_1	copris_lunaris_3	0.050	60	0.762	1.000	4.891E-01	4.246E-01	3.410E-01	3.138E-01	33
catharsius_molossus_1	byturus_ochraceus_1	0.100	30	0.690	0.667	4.323E-01	3.745E-01	3.603E-01	2.992E-01	30
catharsius_molossus_1	diphucephala_sp_2	0.090	44	0.762	0.837	4.271E-01	3.781E-01	3.468E-01	2.981E-01	30
catharsius_molossus_1	gkke00000000_2	0.090	44	0.762	0.837	4.271E-01	3.781E-01	3.468E-01	2.981E-01	30
catharsius_molossus_1	gkke00000000_1	0.090	44	0.762	0.837	4.270E-01	3.777E-01	3.465E-01	2.980E-01	30
catharsius_molossus_1	gkjh00000000_2	0.057	52	0.762	0.864	4.358E-01	3.936E-01	3.244E-01	2.827E-01	29
catharsius_molossus_1	diphucephala_sp_3	0.105	38	0.786	0.612	4.154E-01	3.526E-01	3.205E-01	2.731E-01	28
catharsius_molossus_1	srr1562205_1	0.074	27	0.500	0.422	4.707E-01	3.457E-01	2.472E-01	2.720E-01	31
catharsius_molossus_1	lepiserica_sp_4	0.029	67	0.714	0.922	3.803E-01	3.175E-01	2.362E-01	2.328E-01	25
catharsius_molossus_1	phyllotocus_sp_3	0.063	63	0.952	0.857	3.186E-01	3.108E-01	2.559E-01	2.314E-01	25
catharsius_molossus_1	allokotarsa_sp_3	0.019	52	0.881	0.609	3.055E-01	2.883E-01	2.247E-01	2.030E-01	21
catharsius_molossus_1	migdolus_fryanus_1	0.000	29	0.690	0.266	2.938E-01	2.685E-01	1.986E-01	1.978E-01	21
catharsius_molossus_1	srr1562204_4	0.000	29	0.690	0.266	2.938E-01	2.685E-01	1.986E-01	1.978E-01	21
psylliodes_chrysocephalus_1	psylliodes_chrysocephalus_1	1.000	33	1.000	1.000	1.031E+00	1.000E+00	1.000E+00	1.000E+00	100
psylliodes_chrysocephalus_1	gjvn00000000_1	0.969	33	1.000	1.000	9.463E-01	9.213E-01	9.213E-01	8.424E-01	84
psylliodes_chrysocephalus_1	brassicogethes_aeneus_2	1.000	33	1.000	1.000	9.295E-01	9.059E-01	9.059E-01	8.110E-01	81
psylliodes_chrysocephalus_1	ceutorhynchus_napi_3	1.000	33	1.000	1.000	9.295E-01	9.059E-01	9.059E-01	8.110E-01	81
psylliodes_chrysocephalus_1	gjvo00000000_1	0.027	36	0.970	0.431	5.499E-01	4.952E-01	2.951E-01	3.401E-01	40
psylliodes_chrysocephalus_1	psylliodes_chrysocephalus_2	0.027	36	0.970	0.431	5.499E-01	4.952E-01	2.951E-01	3.401E-01	40
migdolus_fryanus_1	migdolus_fryanus_1	1.000	64	1.000	1.000	1.016E+00	1.000E+00	1.000E+00	1.000E+00	100
migdolus_fryanus_1	srr1562204_4	1.000	64	1.000	1.000	1.016E+00	1.000E+00	1.000E+00	1.000E+00	100
migdolus_fryanus_1	orphnus_sp_1	0.291	48	0.734	0.958	7.706E-01	5.798E-01	7.331E-01	5.946E-01	53
migdolus_fryanus_1	migdolus_fryanus_4	0.551	49	0.750	0.721	7.855E-01	6.054E-01	5.743E-01	5.531E-01	56
migdolus_fryanus_1	lepiserica_sp_5	0.280	50	0.750	1.000	6.991E-01	5.508E-01	6.780E-01	5.457E-01	49
migdolus_fryanus_1	srr1562205_4	0.551	49	0.750	0.721	7.711E-01	5.957E-01	5.656E-01	5.450E-01	55
migdolus_fryanus_1	srr1562205_1	0.596	62	0.922	0.859	6.806E-01	5.969E-01	5.969E-01	5.419E-01	54
migdolus_fryanus_1	allokotarsa_sp_3	0.245	61	0.906	0.828	6.909E-01	5.888E-01	5.888E-01	5.379E-01	53
migdolus_fryanus_1	phyllotocus_sp_3	0.361	47	0.734	0.730	7.697E-01	5.779E-01	5.857E-01	5.366E-01	53
migdolus_fryanus_1	srr1562204_2	0.500	48	0.672	0.706	7.902E-01	5.620E-01	5.336E-01	5.120E-01	52
migdolus_fryanus_1	lepiserica_sp_4	0.298	57	0.875	0.734	7.228E-01	5.607E-01	5.607E-01	5.101E-01	51
migdolus_fryanus_1	gkjd00000000_2	0.290	55	0.844	0.719	7.275E-01	5.531E-01	5.531E-01	5.068E-01	50
migdolus_fryanus_1	serica_brunnea_1	0.180	50	0.672	0.770	7.112E-01	5.044E-01	5.256E-01	4.797E-01	47
migdolus_fryanus_1	gkjd00000000_3	0.180	50	0.672	0.770	7.029E-01	4.998E-01	5.206E-01	4.755E-01	46
migdolus_fryanus_1	allokotarsa_sp_2	0.126	79	0.891	0.912	5.507E-01	4.927E-01	4.680E-01	4.461E-01	45
migdolus_fryanus_1	aphodius_haemorrhoidalis_1	0.046	65	0.750	0.875	4.734E-01	3.893E-01	3.893E-01	3.314E-01	33
migdolus_fryanus_1	sitophilus_zeamais_2	0.025	40	0.594	0.806	4.652E-01	2.962E-01	4.250E-01	3.052E-01	25
migdolus_fryanus_1	srr19974962_1	0.025	40	0.594	0.806	4.646E-01	2.959E-01	4.246E-01	3.050E-01	25
migdolus_fryanus_1	gdmq00000000_1	0.035	28	0.406	0.778	4.643E-01	2.930E-01	4.258E-01	3.027E-01	25
migdolus_fryanus_1	copris_lunaris_3	0.018	55	0.547	0.746	4.308E-01	2.779E-01	2.962E-01	2.560E-01	24
migdolus_fryanus_1	microcara_testacea_1	0.084	71	0.875	0.849	3.565E-01	2.826E-01	3.198E-01	2.522E-01	24
migdolus_fryanus_1	gaco00000000_1	0.101	79	0.859	0.851	3.234E-01	2.923E-01	2.854E-01	2.424E-01	24
migdolus_fryanus_1	anomala_sp_2	0.011	87	0.953	0.881	3.042E-01	2.622E-01	2.771E-01	2.289E-01	22
migdolus_fryanus_1	gkjh00000000_2	0.058	51	0.562	0.780	3.533E-01	2.673E-01	2.805E-01	2.237E-01	22
migdolus_fryanus_1	dichotomius_satanas_2	0.050	60	0.672	0.897	3.213E-01	2.665E-01	2.813E-01	2.185E-01	21
migdolus_fryanus_1	catharsius_molossus_1	0.000	68	0.859	0.738	3.130E-01	1.963E-01	2.632E-01	1.969E-01	17
migdolus_fryanus_1	gjbk00000000_1	0.000	68	0.859	0.738	3.130E-01	1.963E-01	2.632E-01	1.969E-01	17
migdolus_fryanus_1	gbcx00000000_1	0.037	53	0.672	0.655	2.944E-01	2.169E-01	2.385E-01	1.886E-01	18
srr1562205_4	srr1562205_4	1.000	68	1.000	1.000	1.015E+00	1.000E+00	1.000E+00	1.000E+00	100
srr1562205_4	migdolus_fryanus_4	1.000	68	1.000	1.000	1.004E+00	9.897E-01	9.897E-01	9.838E-01	98
srr1562205_4	srr1562204_2	0.722	72	1.000	1.000	7.836E-01	7.735E-01	7.735E-01	7.332E-01	73
srr1562205_4	phyllotocus_sp_3	0.253	67	0.971	0.937	8.040E-01	7.026E-01	7.500E-01	6.740E-01	65
srr1562205_4	serica_brunnea_1	0.108	74	0.985	0.984	7.133E-01	6.325E-01	6.936E-01	6.141E-01	58
srr1562205_4	gkjd00000000_3	0.123	73	0.985	0.984	7.070E-01	6.277E-01	6.877E-01	6.079E-01	58
srr1562205_4	srr1562205_1	0.333	63	0.779	0.953	7.805E-01	6.217E-01	6.550E-01	5.951E-01	58
srr1562205_4	orphnus_sp_1	0.326	52	0.735	0.979	7.677E-01	5.520E-01	7.417E-01	5.947E-01	51
srr1562205_4	lepiserica_sp_5	0.255	47	0.676	0.918	7.917E-01	5.485E-01	7.256E-01	5.862E-01	51
srr1562205_4	allokotarsa_sp_3	0.254	59	0.735	0.891	7.836E-01	5.966E-01	6.284E-01	5.694E-01	55
srr1562205_4	lepiserica_sp_4	0.205	73	0.956	0.922	6.795E-01	5.941E-01	6.256E-01	5.668E-01	55
srr1562205_4	gkjd00000000_2	0.184	76	0.985	0.891	6.692E-01	5.668E-01	5.971E-01	5.459E-01	53
srr1562205_4	migdolus_fryanus_1	0.551	49	0.721	0.750	7.711E-01	5.656E-01	5.957E-01	5.450E-01	53
srr1562205_4	srr1562204_4	0.551	49	0.721	0.750	7.711E-01	5.656E-01	5.957E-01	5.450E-01	53
srr1562205_4	allokotarsa_sp_2	0.238	63	0.838	0.809	6.088E-01	5.078E-01	5.078E-01	4.677E-01	46
srr1562205_4	ghma00000000_1	0.034	58	0.676	0.862	4.495E-01	3.509E-01	3.889E-01	3.103E-01	29
srr1562205_4	gaco00000000_1	0.080	62	0.706	0.806	4.290E-01	3.424E-01	3.458E-01	2.924E-01	29
srr1562205_4	sitophilus_zeamais_2	0.040	25	0.368	0.639	4.280E-01	2.543E-01	3.950E-01	2.896E-01	23
srr1562205_4	srr19974962_1	0.040	25	0.368	0.639	4.273E-01	2.541E-01	3.946E-01	2.892E-01	23
srr1562205_4	copris_lunaris_3	0.046	64	0.662	0.915	4.112E-01	3.151E-01	3.462E-01	2.842E-01	27
srr1562205_4	anomala_sp_2	0.032	61	0.647	0.864	4.145E-01	3.133E-01	3.444E-01	2.783E-01	26
srr1562205_4	gbcx00000000_1	0.098	61	0.588	0.836	3.956E-01	2.692E-01	3.158E-01	2.610E-01	24
srr1562205_4	gdmq00000000_1	0.115	26	0.368	0.694	3.798E-01	2.491E-01	3.661E-01	2.460E-01	21
srr1562205_4	gkjh00000000_2	0.111	27	0.353	0.458	3.477E-01	2.327E-01	2.566E-01	2.083E-01	20
ceutorhynchus_napi_3	brassicogethes_aeneus_2	1.000	33	1.000	1.000	1.031E+00	1.000E+00	1.000E+00	1.000E+00	100
ceutorhynchus_napi_3	ceutorhynchus_napi_3	1.000	33	1.000	1.000	1.031E+00	1.000E+00	1.000E+00	1.000E+00	100
ceutorhynchus_napi_3	psylliodes_chrysocephalus_1	1.000	33	1.000	1.000	9.295E-01	9.059E-01	9.059E-01	8.110E-01	81
ceutorhynchus_napi_3	gjvn00000000_1	0.969	33	1.000	1.000	8.516E-01	8.329E-01	8.329E-01	7.008E-01	70
ceutorhynchus_napi_3	sitophilus_oryzae_2	0.242	33	1.000	0.722	6.083E-01	5.314E-01	5.025E-01	4.271E-01	43
ocypus_brunnipes_1	gkjr00000000_1	1.000	40	1.000	1.000	1.026E+00	1.000E+00	1.000E+00	1.000E+00	100
ocypus_brunnipes_1	ocypus_brunnipes_1	1.000	40	1.000	1.000	1.026E+00	1.000E+00	1.000E+00	1.000E+00	100
ocypus_brunnipes_1	srr2083703_1	1.000	40	1.000	1.000	1.026E+00	1.000E+00	1.000E+00	1.000E+00	100
ocypus_brunnipes_1	ghma00000000_1	0.375	40	0.925	0.621	6.193E-01	5.686E-01	4.317E-01	4.328E-01	47
ocypus_brunnipes_1	dichotomius_satanas_2	0.320	50	0.900	0.810	5.848E-01	5.400E-01	4.149E-01	4.041E-01	44
ocypus_brunnipes_1	sitophilus_zeamais_2	0.000	45	1.000	0.806	5.052E-01	4.150E-01	4.446E-01	3.904E-01	37
ocypus_brunnipes_1	srr19974962_1	0.000	45	1.000	0.806	5.049E-01	4.149E-01	4.444E-01	3.903E-01	37
ocypus_brunnipes_1	gdmq00000000_1	0.023	42	1.000	0.694	5.295E-01	4.140E-01	4.446E-01	3.870E-01	37
ocypus_brunnipes_1	microcara_testacea_1	0.000	29	0.650	0.547	5.864E-01	4.595E-01	3.741E-01	3.589E-01	38
ocypus_brunnipes_1	catharsius_molossus_1	0.419	31	0.725	0.667	5.191E-01	4.252E-01	4.116E-01	3.491E-01	35
ocypus_brunnipes_1	gjbk00000000_1	0.419	31	0.725	0.667	5.191E-01	4.252E-01	4.116E-01	3.491E-01	35
ocypus_brunnipes_1	catharsius_molossus_2	0.260	50	0.900	0.689	5.023E-01	4.590E-01	3.337E-01	3.463E-01	39
ocypus_brunnipes_1	gjbk00000000_2	0.260	50	0.900	0.689	5.023E-01	4.590E-01	3.337E-01	3.463E-01	39
ocypus_brunnipes_1	orphnus_sp_1	0.095	42	1.000	0.562	5.110E-01	4.105E-01	3.613E-01	3.409E-01	35
ocypus_brunnipes_1	gaco00000000_1	0.017	57	0.875	0.791	5.050E-01	4.673E-01	3.309E-01	3.250E-01	35
ocypus_brunnipes_1	srr1562205_1	0.025	40	0.975	0.344	6.010E-01	4.147E-01	2.789E-01	3.171E-01	37
ocypus_brunnipes_1	phyllotocus_sp_3	0.017	57	0.950	0.810	3.889E-01	3.768E-01	2.948E-01	2.617E-01	27
gkjh00000000_2	gkjh00000000_2	1.000	59	1.000	1.000	1.017E+00	1.000E+00	1.000E+00	1.000E+00	100
gkjh00000000_2	copris_lunaris_3	0.044	67	0.932	1.000	5.268E-01	4.966E-01	4.966E-01	4.214E-01	42
gkjh00000000_2	alurnus_ornatus_3	0.049	61	0.864	0.836	5.221E-01	4.627E-01	4.513E-01	4.054E-01	40
gkjh00000000_2	gdof00000000_2	0.049	61	0.864	0.836	5.221E-01	4.627E-01	4.513E-01	4.054E-01	40
gkjh00000000_2	gdmq00000000_1	0.027	37	0.593	0.861	6.146E-01	3.701E-01	5.446E-01	4.031E-01	34
gkjh00000000_2	srr19974962_1	0.027	37	0.593	0.861	6.091E-01	3.679E-01	5.404E-01	3.994E-01	33
gkjh00000000_2	sitophilus_zeamais_2	0.000	30	0.492	0.806	6.307E-01	3.646E-01	5.372E-01	3.977E-01	33
gkjh00000000_2	gaco00000000_1	0.106	47	0.797	0.612	5.562E-01	4.418E-01	4.048E-01	3.607E-01	37
gkjh00000000_2	anomala_sp_2	0.238	63	0.864	0.915	4.631E-01	4.162E-01	4.162E-01	3.534E-01	35
gkjh00000000_2	gkjr00000000_1	0.019	51	0.864	0.750	5.080E-01	3.452E-01	4.435E-01	3.214E-01	29
gkjh00000000_2	ocypus_brunnipes_1	0.019	51	0.864	0.750	5.080E-01	3.452E-01	4.435E-01	3.214E-01	29
gkjh00000000_2	srr2083703_1	0.019	51	0.864	0.750	5.080E-01	3.452E-01	4.435E-01	3.214E-01	29
gkjh00000000_2	srr1562205_1	0.055	36	0.492	0.516	5.893E-01	3.384E-01	3.156E-01	3.038E-01	31
gkjh00000000_2	microcara_testacea_1	0.021	46	0.780	0.604	4.512E-01	3.417E-01	3.651E-01	2.905E-01	28
gkjh00000000_2	orphnus_sp_1	0.065	46	0.729	0.646	4.623E-01	3.062E-01	3.546E-01	2.859E-01	26
gkjh00000000_2	allokotarsa_sp_3	0.095	42	0.712	0.438	5.126E-01	3.323E-01	3.125E-01	2.844E-01	29
gkjh00000000_2	catharsius_molossus_1	0.057	52	0.864	0.762	4.358E-01	3.244E-01	3.936E-01	2.827E-01	27
gkjh00000000_2	gjbk00000000_1	0.057	52	0.864	0.762	4.358E-01	3.244E-01	3.936E-01	2.827E-01	27
gkjh00000000_2	lepiserica_sp_5	0.033	30	0.475	0.531	4.612E-01	2.808E-01	3.224E-01	2.636E-01	24
gkjh00000000_2	ghma00000000_1	0.013	75	0.915	0.897	3.361E-01	3.077E-01	3.112E-01	2.616E-01	26
gkjh00000000_2	gdlg00000000_1	0.062	48	0.763	0.578	4.139E-01	2.682E-01	3.247E-01	2.508E-01	23
gkjh00000000_2	gkjd00000000_3	0.000	53	0.831	0.590	3.856E-01	2.983E-01	2.921E-01	2.461E-01	24
gkjh00000000_2	phyllotocus_sp_3	0.056	53	0.729	0.540	3.886E-01	2.605E-01	2.473E-01	2.294E-01	23
gkjh00000000_2	migdolus_fryanus_4	0.020	49	0.407	0.706	4.050E-01	2.728E-01	2.453E-01	2.270E-01	23
gkjh00000000_2	srr1562205_4	0.122	49	0.661	0.544	3.531E-01	2.691E-01	2.455E-01	2.183E-01	22
gkjh00000000_2	migdolus_fryanus_1	0.000	78	0.881	0.859	2.943E-01	2.739E-01	2.610E-01	2.163E-01	21
gkjh00000000_2	srr1562204_4	0.000	78	0.881	0.859	2.943E-01	2.739E-01	2.610E-01	2.163E-01	21
scitalia_sp_1	scitalia_sp_1	1.000	43	1.000	1.000	1.024E+00	1.000E+00	1.000E+00	1.000E+00	100
psylliodes_chrysocephalus_2	gjvo00000000_1	1.000	65	1.000	1.000	1.016E+00	1.000E+00	1.000E+00	1.000E+00	100
psylliodes_chrysocephalus_2	psylliodes_chrysocephalus_2	1.000	65	1.000	1.000	1.016E+00	1.000E+00	1.000E+00	1.000E+00	100
psylliodes_chrysocephalus_2	cucujus_clavipes_1	0.243	37	0.477	0.970	6.413E-01	3.390E-01	5.988E-01	4.180E-01	32
psylliodes_chrysocephalus_2	gdnw00000000_1	0.243	37	0.477	0.970	6.413E-01	3.390E-01	5.988E-01	4.180E-01	32
psylliodes_chrysocephalus_2	allokotarsa_sp_2	0.175	57	0.723	0.647	5.384E-01	3.940E-01	3.799E-01	3.510E-01	35
psylliodes_chrysocephalus_2	psylliodes_chrysocephalus_1	0.027	36	0.431	0.970	5.499E-01	2.951E-01	4.952E-01	3.401E-01	27
psylliodes_chrysocephalus_2	lepiserica_sp_4	0.081	61	0.738	0.703	4.702E-01	3.521E-01	3.564E-01	3.187E-01	31
psylliodes_chrysocephalus_2	allokotarsa_sp_3	0.034	58	0.738	0.734	4.216E-01	3.417E-01	3.454E-01	2.924E-01	29
psylliodes_chrysocephalus_2	iclg00000000_1	0.052	19	0.262	1.000	3.027E-01	1.524E-01	2.838E-01	1.938E-01	13
ghma00000000_3	ghma00000000_3	1.000	53	1.000	1.000	1.019E+00	1.000E+00	1.000E+00	1.000E+00	100
gbcx00000000_1	gbcx00000000_1	1.000	55	1.000	1.000	1.019E+00	1.000E+00	1.000E+00	1.000E+00	100
gbcx00000000_1	gaco00000000_1	0.200	60	0.945	0.716	5.267E-01	4.746E-01	4.118E-01	3.846E-01	40
gbcx00000000_1	copris_lunaris_3	0.051	58	0.891	0.814	4.637E-01	4.199E-01	4.005E-01	3.454E-01	35
gbcx00000000_1	srr1562205_1	0.031	63	0.909	0.703	4.811E-01	4.085E-01	3.629E-01	3.435E-01	36
gbcx00000000_1	lepiserica_sp_5	0.129	62	0.836	0.837	4.414E-01	3.500E-01	3.824E-01	3.277E-01	31
gbcx00000000_1	allokotarsa_sp_3	0.032	62	0.945	0.703	4.509E-01	3.942E-01	3.554E-01	3.175E-01	32
gbcx00000000_1	gkjd00000000_3	0.126	63	0.873	0.689	4.491E-01	3.605E-01	3.321E-01	3.122E-01	32
gbcx00000000_1	serica_brunnea_1	0.112	62	0.855	0.672	4.557E-01	3.586E-01	3.298E-01	3.108E-01	32
gbcx00000000_1	gkjh00000000_2	0.085	70	0.964	0.881	3.945E-01	3.755E-01	3.580E-01	3.100E-01	31
gbcx00000000_1	srr1562204_2	0.112	62	0.855	0.603	4.412E-01	3.481E-01	2.930E-01	2.900E-01	31
gbcx00000000_1	allokotarsa_sp_2	0.078	64	0.855	0.603	4.331E-01	3.397E-01	2.849E-01	2.845E-01	30
gbcx00000000_1	orphnus_sp_1	0.033	60	0.855	0.854	3.944E-01	3.241E-01	3.544E-01	2.841E-01	27
gbcx00000000_1	gkjd00000000_2	0.152	59	0.873	0.609	4.301E-01	3.413E-01	3.056E-01	2.832E-01	29
gbcx00000000_1	phyllotocus_sp_3	0.049	61	0.927	0.698	4.052E-01	3.572E-01	3.288E-01	2.812E-01	28
gbcx00000000_1	migdolus_fryanus_4	0.000	83	0.782	1.000	3.896E-01	3.308E-01	2.847E-01	2.642E-01	27
gbcx00000000_1	diphucephala_sp_3	0.018	54	0.873	0.694	4.016E-01	3.004E-01	3.242E-01	2.634E-01	25
gbcx00000000_1	gkke00000000_1	0.018	54	0.873	0.694	3.955E-01	2.988E-01	3.222E-01	2.611E-01	25
gbcx00000000_1	srr1562205_4	0.098	61	0.836	0.588	3.956E-01	3.158E-01	2.692E-01	2.610E-01	27
gbcx00000000_1	catharsius_molossus_1	0.102	49	0.618	1.000	3.897E-01	3.071E-01	3.566E-01	2.589E-01	25
gbcx00000000_1	gjbk00000000_1	0.102	49	0.618	1.000	3.897E-01	3.071E-01	3.566E-01	2.589E-01	25
gbcx00000000_1	diphucephala_sp_2	0.057	52	0.855	0.673	3.937E-01	2.993E-01	3.217E-01	2.574E-01	25
gbcx00000000_1	gkke00000000_2	0.057	52	0.855	0.673	3.937E-01	2.993E-01	3.217E-01	2.574E-01	25
gbcx00000000_1	aphodius_haemorrhoidalis_1	0.014	68	0.873	0.750	3.286E-01	3.003E-01	2.713E-01	2.410E-01	24
gbcx00000000_1	lepiserica_sp_4	0.125	64	0.909	0.703	3.175E-01	2.843E-01	2.607E-01	2.226E-01	22
gbcx00000000_1	gdlg00000000_1	0.000	60	0.836	0.867	3.156E-01	2.557E-01	2.884E-01	2.222E-01	21
gbcx00000000_1	migdolus_fryanus_1	0.087	80	0.945	0.844	2.374E-01	2.303E-01	2.110E-01	1.774E-01	18
gbcx00000000_1	srr1562204_4	0.087	80	0.945	0.844	2.374E-01	2.303E-01	2.110E-01	1.774E-01	18
srr2083703_1	gkjr00000000_1	1.000	40	1.000	1.000	1.026E+00	1.000E+00	1.000E+00	1.000E+00	100
srr2083703_1	ocypus_brunnipes_1	1.000	40	1.000	1.000	1.026E+00	1.000E+00	1.000E+00	1.000E+00	100
srr2083703_1	srr2083703_1	1.000	40	1.000	1.000	1.026E+00	1.000E+00	1.000E+00	1.000E+00	100
srr2083703_1	ghma00000000_1	0.375	40	0.925	0.621	6.193E-01	5.686E-01	4.317E-01	4.328E-01	47
srr2083703_1	dichotomius_satanas_2	0.320	50	0.900	0.810	5.848E-01	5.400E-01	4.149E-01	4.041E-01	44
srr2083703_1	sitophilus_zeamais_2	0.000	45	1.000	0.806	5.052E-01	4.150E-01	4.446E-01	3.904E-01	37
srr2083703_1	srr19974962_1	0.000	45	1.000	0.806	5.049E-01	4.149E-01	4.444E-01	3.903E-01	37
srr2083703_1	gdmq00000000_1	0.023	42	1.000	0.694	5.295E-01	4.140E-01	4.446E-01	3.870E-01	37
srr2083703_1	microcara_testacea_1	0.000	29	0.650	0.547	5.864E-01	4.595E-01	3.741E-01	3.589E-01	38
srr2083703_1	catharsius_molossus_1	0.419	31	0.725	0.667	5.191E-01	4.252E-01	4.116E-01	3.491E-01	35
srr2083703_1	gjbk00000000_1	0.419	31	0.725	0.667	5.191E-01	4.252E-01	4.116E-01	3.491E-01	35
srr2083703_1	catharsius_molossus_2	0.260	50	0.900	0.689	5.023E-01	4.590E-01	3.337E-01	3.463E-01	39
srr2083703_1	gjbk00000000_2	0.260	50	0.900	0.689	5.023E-01	4.590E-01	3.337E-01	3.463E-01	39
srr2083703_1	orphnus_sp_1	0.095	42	1.000	0.562	5.110E-01	4.105E-01	3.613E-01	3.409E-01	35
srr2083703_1	gaco00000000_1	0.017	57	0.875	0.791	5.050E-01	4.673E-01	3.309E-01	3.250E-01	35
srr2083703_1	srr1562205_1	0.025	40	0.975	0.344	6.010E-01	4.147E-01	2.789E-01	3.171E-01	37
srr2083703_1	phyllotocus_sp_3	0.017	57	0.950	0.810	3.889E-01	3.768E-01	2.948E-01	2.617E-01	27
gjvo00000000_1	gjvo00000000_1	1.000	65	1.000	1.000	1.016E+00	1.000E+00	1.000E+00	1.000E+00	100
gjvo00000000_1	psylliodes_chrysocephalus_2	1.000	65	1.000	1.000	1.016E+00	1.000E+00	1.000E+00	1.000E+00	100
gjvo00000000_1	cucujus_clavipes_1	0.243	37	0.477	0.970	6.413E-01	3.390E-01	5.988E-01	4.180E-01	32
gjvo00000000_1	gdnw00000000_1	0.243	37	0.477	0.970	6.413E-01	3.390E-01	5.988E-01	4.180E-01	32
gjvo00000000_1	allokotarsa_sp_2	0.175	57	0.723	0.647	5.384E-01	3.940E-01	3.799E-01	3.510E-01	35
gjvo00000000_1	psylliodes_chrysocephalus_1	0.027	36	0.431	0.970	5.499E-01	2.951E-01	4.952E-01	3.401E-01	27
gjvo00000000_1	lepiserica_sp_4	0.081	61	0.738	0.703	4.702E-01	3.521E-01	3.564E-01	3.187E-01	31
gjvo00000000_1	allokotarsa_sp_3	0.034	58	0.738	0.734	4.216E-01	3.417E-01	3.454E-01	2.924E-01	29
gjvo00000000_1	iclg00000000_1	0.052	19	0.262	1.000	3.027E-01	1.524E-01	2.838E-01	1.938E-01	13
ceutorhynchus_napi_1	ceutorhynchus_napi_1	1.000	33	1.000	1.000	1.031E+00	1.000E+00	1.000E+00	1.000E+00	100
ceutorhynchus_napi_1	gdmj00000000_1	0.025	40	1.000	0.975	5.364E-01	5.290E-01	4.766E-01	3.861E-01	39
ceutorhynchus_napi_1	hydroscapha_redfordi_1	0.025	40	1.000	0.975	5.364E-01	5.290E-01	4.766E-01	3.861E-01	39
ceutorhynchus_napi_1	gkjr00000000_1	0.029	34	1.000	0.675	4.766E-01	4.517E-01	4.111E-01	3.438E-01	35
ceutorhynchus_napi_1	ocypus_brunnipes_1	0.029	34	1.000	0.675	4.766E-01	4.517E-01	4.111E-01	3.438E-01	35
ceutorhynchus_napi_1	srr2083703_1	0.029	34	1.000	0.675	4.766E-01	4.517E-01	4.111E-01	3.438E-01	35
ceutorhynchus_napi_1	ghmd00000000_4	0.147	34	0.848	0.906	4.250E-01	4.006E-01	4.057E-01	3.094E-01	30
ceutorhynchus_napi_1	gaco00000000_1	0.026	38	0.697	0.507	3.994E-01	3.634E-01	2.181E-01	2.430E-01	28
ceutorhynchus_napi_1	gdmq00000000_1	0.000	33	0.758	0.750	2.804E-01	2.781E-01	2.695E-01	1.949E-01	19
ceutorhynchus_napi_1	srr19974962_1	0.000	33	0.758	0.750	2.824E-01	2.794E-01	2.701E-01	1.936E-01	19
ceutorhynchus_napi_1	sitophilus_zeamais_2	0.000	33	0.758	0.750	2.824E-01	2.793E-01	2.701E-01	1.936E-01	19
gjbk00000000_1	catharsius_molossus_1	1.000	42	1.000	1.000	1.024E+00	1.000E+00	1.000E+00	1.000E+00	100
gjbk00000000_1	gjbk00000000_1	1.000	42	1.000	1.000	1.024E+00	1.000E+00	1.000E+00	1.000E+00	100
gjbk00000000_1	ghma00000000_1	0.362	58	0.929	1.000	8.195E-01	7.562E-01	5.759E-01	6.104E-01	68
gjbk00000000_1	gjbk00000000_2	0.472	55	0.952	0.902	7.574E-01	7.126E-01	5.181E-01	5.715E-01	65
gjbk00000000_1	catharsius_molossus_2	0.472	55	0.952	0.902	7.574E-01	7.126E-01	5.180E-01	5.715E-01	65
gjbk00000000_1	dichotomius_satanas_2	0.379	58	0.738	1.000	8.821E-01	6.632E-01	4.936E-01	5.484E-01	62
gjbk00000000_1	gkjr00000000_1	0.433	30	0.643	0.725	5.130E-01	4.078E-01	4.208E-01	3.482E-01	34
gjbk00000000_1	ocypus_brunnipes_1	0.433	30	0.643	0.725	5.130E-01	4.078E-01	4.208E-01	3.482E-01	34
gjbk00000000_1	srr2083703_1	0.433	30	0.643	0.725	5.130E-01	4.078E-01	4.208E-01	3.482E-01	34
gjbk00000000_1	gaco00000000_1	0.000	42	0.643	0.612	5.623E-01	4.372E-01	3.075E-01	3.225E-01	36
gjbk00000000_1	copris_lunaris_3	0.050	60	0.762	1.000	4.891E-01	4.246E-01	3.410E-01	3.138E-01	33
gjbk00000000_1	byturus_ochraceus_1	0.100	30	0.690	0.667	4.323E-01	3.745E-01	3.603E-01	2.992E-01	30
gjbk00000000_1	diphucephala_sp_2	0.090	44	0.762	0.837	4.271E-01	3.781E-01	3.468E-01	2.981E-01	30
gjbk00000000_1	gkke00000000_2	0.090	44	0.762	0.837	4.271E-01	3.781E-01	3.468E-01	2.981E-01	30
gjbk00000000_1	gkke00000000_1	0.090	44	0.762	0.837	4.270E-01	3.777E-01	3.465E-01	2.980E-01	30
gjbk00000000_1	gkjh00000000_2	0.057	52	0.762	0.864	4.358E-01	3.936E-01	3.244E-01	2.827E-01	29
gjbk00000000_1	diphucephala_sp_3	0.105	38	0.786	0.612	4.154E-01	3.526E-01	3.205E-01	2.731E-01	28
gjbk00000000_1	srr1562205_1	0.074	27	0.500	0.422	4.707E-01	3.457E-01	2.472E-01	2.720E-01	31
gjbk00000000_1	lepiserica_sp_4	0.029	67	0.714	0.922	3.803E-01	3.175E-01	2.362E-01	2.328E-01	25
gjbk00000000_1	phyllotocus_sp_3	0.063	63	0.952	0.857	3.186E-01	3.108E-01	2.559E-01	2.314E-01	25
gjbk00000000_1	allokotarsa_sp_3	0.019	52	0.881	0.609	3.055E-01	2.883E-01	2.247E-01	2.030E-01	21
gjbk00000000_1	migdolus_fryanus_1	0.000	29	0.690	0.266	2.938E-01	2.685E-01	1.986E-01	1.978E-01	21
gjbk00000000_1	srr1562204_4	0.000	29	0.690	0.266	2.938E-01	2.685E-01	1.986E-01	1.978E-01	21
aphodius_haemorrhoidalis_1	aphodius_haemorrhoidalis_1	1.000	64	1.000	1.000	1.016E+00	1.000E+00	1.000E+00	1.000E+00	100
aphodius_haemorrhoidalis_1	orphnus_sp_1	0.178	56	0.828	0.917	6.206E-01	4.606E-01	5.739E-01	4.558E-01	41
aphodius_haemorrhoidalis_1	phyllotocus_sp_3	0.094	74	0.938	0.937	5.162E-01	4.804E-01	4.860E-01	4.226E-01	42
aphodius_haemorrhoidalis_1	srr1562205_1	0.073	68	0.844	0.875	5.363E-01	4.657E-01	4.657E-01	4.147E-01	41
aphodius_haemorrhoidalis_1	migdolus_fryanus_1	0.080	62	0.891	0.750	5.660E-01	4.537E-01	4.537E-01	4.038E-01	40
aphodius_haemorrhoidalis_1	srr1562204_4	0.080	62	0.891	0.750	5.660E-01	4.537E-01	4.537E-01	4.038E-01	40
aphodius_haemorrhoidalis_1	lepiserica_sp_5	0.052	57	0.812	0.898	5.288E-01	4.050E-01	4.875E-01	3.782E-01	35
aphodius_haemorrhoidalis_1	gkjd00000000_3	0.089	56	0.844	0.754	4.868E-01	4.012E-01	4.135E-01	3.360E-01	33
aphodius_haemorrhoidalis_1	gdmj00000000_1	0.036	55	0.719	1.000	4.481E-01	3.106E-01	4.404E-01	3.291E-01	28
aphodius_haemorrhoidalis_1	hydroscapha_redfordi_1	0.036	55	0.719	1.000	4.481E-01	3.106E-01	4.404E-01	3.291E-01	28
aphodius_haemorrhoidalis_1	lepiserica_sp_1	0.073	41	0.609	1.000	6.092E-01	1.894E-01	5.711E-01	3.279E-01	18
aphodius_haemorrhoidalis_1	serica_brunnea_1	0.071	56	0.828	0.754	4.602E-01	3.854E-01	3.967E-01	3.174E-01	31
aphodius_haemorrhoidalis_1	ghxo00000000_6	0.017	56	0.734	0.975	4.062E-01	2.962E-01	3.961E-01	2.803E-01	25
aphodius_haemorrhoidalis_1	allokotarsa_sp_2	0.012	78	1.000	0.794	3.754E-01	3.369E-01	3.243E-01	2.755E-01	27
aphodius_haemorrhoidalis_1	gjbk00000000_2	0.056	71	0.953	0.705	4.042E-01	3.152E-01	3.255E-01	2.710E-01	26
aphodius_haemorrhoidalis_1	catharsius_molossus_2	0.056	71	0.953	0.705	4.042E-01	3.152E-01	3.254E-01	2.710E-01	26
aphodius_haemorrhoidalis_1	copris_lunaris_3	0.187	64	0.688	0.746	3.732E-01	2.733E-01	2.923E-01	2.620E-01	25
aphodius_haemorrhoidalis_1	alurnus_ornatus_3	0.062	64	0.750	0.820	3.540E-01	2.969E-01	3.059E-01	2.508E-01	24
aphodius_haemorrhoidalis_1	gdof00000000_2	0.062	64	0.750	0.820	3.540E-01	2.969E-01	3.059E-01	2.508E-01	24
aphodius_haemorrhoidalis_1	gbcx00000000_1	0.014	68	0.750	0.873	3.286E-01	2.713E-01	3.003E-01	2.410E-01	23
aphodius_haemorrhoidalis_1	gaco00000000_1	0.030	66	0.766	0.657	3.253E-01	2.591E-01	2.512E-01	2.192E-01	22
aphodius_haemorrhoidalis_1	euoniticellus_fulvus_1	0.000	58	0.688	1.000	3.245E-01	1.973E-01	3.194E-01	2.087E-01	17
aphodius_haemorrhoidalis_1	ghmd00000000_4	0.019	51	0.734	0.719	3.339E-01	1.936E-01	3.085E-01	2.031E-01	17
srr19974962_1	srr19974962_1	1.000	36	1.000	1.000	1.029E+00	1.000E+00	1.000E+00	1.000E+00	100
srr19974962_1	sitophilus_zeamais_2	1.000	36	1.000	1.000	1.029E+00	1.000E+00	1.000E+00	1.000E+00	99
srr19974962_1	gdmq00000000_1	0.972	36	1.000	1.000	1.017E+00	9.896E-01	9.896E-01	9.775E-01	97
srr19974962_1	gaco00000000_1	0.085	35	0.917	0.522	6.251E-01	5.868E-01	3.753E-01	4.048E-01	46
srr19974962_1	orphnus_sp_1	0.034	29	0.806	0.562	5.579E-01	4.933E-01	4.092E-01	4.009E-01	43
srr19974962_1	gkjh00000000_2	0.027	37	0.861	0.593	6.091E-01	5.404E-01	3.679E-01	3.994E-01	46
srr19974962_1	phyllotocus_sp_3	0.027	36	1.000	0.349	7.110E-01	5.000E-01	3.053E-01	3.742E-01	45
srr19974962_1	lepiserica_sp_5	0.076	26	0.722	0.490	5.568E-01	4.523E-01	3.629E-01	3.527E-01	38
srr19974962_1	ghma00000000_1	0.000	71	1.000	0.983	4.722E-01	4.626E-01	3.140E-01	3.417E-01	39
srr19974962_1	copris_lunaris_3	0.093	32	0.861	0.525	4.827E-01	4.557E-01	3.425E-01	3.111E-01	33
srr19974962_1	migdolus_fryanus_1	0.025	40	0.806	0.594	4.646E-01	4.246E-01	2.959E-01	3.050E-01	35
srr19974962_1	srr1562204_4	0.025	40	0.806	0.594	4.646E-01	4.246E-01	2.959E-01	3.050E-01	35
srr19974962_1	dichotomius_satanas_2	0.153	26	0.722	0.379	4.652E-01	4.005E-01	2.854E-01	2.912E-01	32
srr19974962_1	gbcx00000000_1	0.025	39	0.889	0.582	4.096E-01	3.807E-01	2.883E-01	2.780E-01	30
srr19974962_1	srr1562205_1	0.090	33	0.750	0.516	4.417E-01	4.096E-01	2.894E-01	2.737E-01	29
srr19974962_1	lepiserica_sp_4	0.103	29	0.806	0.391	4.353E-01	3.848E-01	2.705E-01	2.668E-01	29
srr19974962_1	catharsius_molossus_1	0.137	29	0.722	0.571	3.769E-01	3.454E-01	3.168E-01	2.654E-01	27
srr19974962_1	gjbk00000000_1	0.137	29	0.722	0.571	3.769E-01	3.454E-01	3.168E-01	2.654E-01	27
srr19974962_1	gkjd00000000_2	0.041	24	0.667	0.375	4.134E-01	3.876E-01	2.706E-01	2.648E-01	29
srr19974962_1	allokotarsa_sp_3	0.040	25	0.694	0.391	4.044E-01	3.852E-01	2.729E-01	2.625E-01	28
srr19974962_1	srr1562205_4	0.115	26	0.694	0.368	3.796E-01	3.649E-01	2.484E-01	2.467E-01	27
srr19974962_1	migdolus_fryanus_4	0.120	25	0.694	0.368	3.923E-01	3.633E-01	2.468E-01	2.457E-01	27
gkjd00000000_3	gkjd00000000_3	1.000	61	1.000	1.000	1.017E+00	1.000E+00	1.000E+00	1.000E+00	100
gkjd00000000_3	serica_brunnea_1	1.000	61	1.000	1.000	1.011E+00	9.942E-01	9.942E-01	9.908E-01	99
gkjd00000000_3	srr1562204_2	0.157	70	0.984	0.985	7.825E-01	7.609E-01	6.938E-01	6.729E-01	70
gkjd00000000_3	srr1562205_4	0.123	73	0.984	0.985	7.070E-01	6.877E-01	6.277E-01	6.079E-01	63
gkjd00000000_3	migdolus_fryanus_4	0.157	70	0.967	0.985	7.147E-01	6.860E-01	6.272E-01	6.045E-01	62
gkjd00000000_3	phyllotocus_sp_3	0.257	66	0.984	0.937	6.760E-01	6.493E-01	6.326E-01	5.847E-01	59
gkjd00000000_3	lepiserica_sp_5	0.632	49	0.754	0.898	7.285E-01	5.395E-01	6.532E-01	5.608E-01	51
gkjd00000000_3	lepiserica_sp_4	0.313	67	0.934	0.891	6.298E-01	5.852E-01	5.616E-01	5.381E-01	54
gkjd00000000_3	orphnus_sp_1	0.285	49	0.754	0.896	7.094E-01	5.203E-01	6.368E-01	5.371E-01	48
gkjd00000000_3	allokotarsa_sp_3	0.425	47	0.754	0.688	7.679E-01	5.695E-01	5.457E-01	5.281E-01	53
gkjd00000000_3	gkjd00000000_2	0.313	67	0.951	0.859	6.300E-01	5.668E-01	5.435E-01	5.228E-01	53
gkjd00000000_3	srr1562205_1	0.265	49	0.770	0.703	7.295E-01	5.548E-01	5.321E-01	5.116E-01	52
gkjd00000000_3	allokotarsa_sp_2	0.224	58	0.836	0.794	6.739E-01	5.711E-01	5.213E-01	5.115E-01	53
gkjd00000000_3	migdolus_fryanus_1	0.180	50	0.770	0.672	7.029E-01	5.206E-01	4.998E-01	4.755E-01	48
gkjd00000000_3	srr1562204_4	0.180	50	0.770	0.672	7.029E-01	5.206E-01	4.998E-01	4.755E-01	48
gkjd00000000_3	catharsius_molossus_1	0.015	65	0.934	0.929	4.855E-01	3.492E-01	4.560E-01	3.546E-01	31
gkjd00000000_3	gjbk00000000_1	0.015	65	0.934	0.929	4.855E-01	3.492E-01	4.560E-01	3.546E-01	31
gkjd00000000_3	aphodius_haemorrhoidalis_1	0.089	56	0.754	0.844	4.868E-01	4.135E-01	4.012E-01	3.360E-01	33
gkjd00000000_3	gbcx00000000_1	0.046	65	0.770	0.891	4.375E-01	3.553E-01	3.844E-01	3.274E-01	31
gkjd00000000_3	diphucephala_sp_2	0.012	78	1.000	1.000	3.508E-01	3.044E-01	3.469E-01	2.625E-01	25
gkjd00000000_3	gkke00000000_2	0.012	78	1.000	1.000	3.508E-01	3.044E-01	3.469E-01	2.625E-01	25
gkjd00000000_3	gkke00000000_1	0.012	78	1.000	1.000	3.508E-01	3.044E-01	3.469E-01	2.625E-01	25
gkjd00000000_3	catharsius_molossus_2	0.067	74	0.918	0.820	3.551E-01	3.086E-01	3.086E-01	2.622E-01	26
gkjd00000000_3	gjbk00000000_2	0.067	74	0.918	0.820	3.550E-01	3.086E-01	3.086E-01	2.622E-01	26
gkjd00000000_3	diphucephala_sp_3	0.026	75	1.000	1.000	3.380E-01	2.968E-01	3.346E-01	2.497E-01	24
gkjd00000000_3	gkjh00000000_2	0.000	53	0.590	0.831	3.856E-01	2.921E-01	2.983E-01	2.461E-01	24
gkjd00000000_3	gaco00000000_1	0.100	60	0.689	0.672	3.673E-01	2.799E-01	2.620E-01	2.447E-01	25
dichotomius_satanas_2	dichotomius_satanas_2	1.000	58	1.000	1.000	1.018E+00	1.000E+00	1.000E+00	1.000E+00	100
dichotomius_satanas_2	catharsius_molossus_1	0.379	58	1.000	0.738	8.821E-01	4.936E-01	6.632E-01	5.484E-01	47
dichotomius_satanas_2	gjbk00000000_1	0.379	58	1.000	0.738	8.821E-01	4.936E-01	6.632E-01	5.484E-01	47
dichotomius_satanas_2	ghma00000000_1	0.434	69	1.000	0.897	6.228E-01	5.575E-01	5.575E-01	5.218E-01	52
dichotomius_satanas_2	gjbk00000000_2	0.271	70	1.000	0.984	5.488E-01	5.417E-01	5.215E-01	4.695E-01	47
dichotomius_satanas_2	catharsius_molossus_2	0.271	70	1.000	0.984	5.487E-01	5.417E-01	5.215E-01	4.695E-01	47
dichotomius_satanas_2	srr19974962_1	0.033	30	0.379	0.833	5.685E-01	2.965E-01	4.353E-01	3.260E-01	27
dichotomius_satanas_2	sitophilus_zeamais_2	0.033	30	0.379	0.833	5.685E-01	2.964E-01	4.352E-01	3.259E-01	27
dichotomius_satanas_2	migdolus_fryanus_4	0.012	83	0.983	0.882	3.750E-01	3.664E-01	3.285E-01	2.951E-01	30
dichotomius_satanas_2	lepiserica_sp_5	0.015	64	0.966	0.816	4.179E-01	3.330E-01	3.690E-01	2.914E-01	28
dichotomius_satanas_2	gdmq00000000_1	0.153	26	0.379	0.722	4.689E-01	2.840E-01	3.993E-01	2.899E-01	25
dichotomius_satanas_2	gkjr00000000_1	0.160	50	0.828	0.925	4.199E-01	3.320E-01	4.024E-01	2.847E-01	27
dichotomius_satanas_2	ocypus_brunnipes_1	0.160	50	0.828	0.925	4.199E-01	3.320E-01	4.024E-01	2.847E-01	27
dichotomius_satanas_2	srr2083703_1	0.160	50	0.828	0.925	4.199E-01	3.320E-01	4.024E-01	2.847E-01	27
dichotomius_satanas_2	byturus_ochraceus_1	0.035	56	0.931	0.667	4.229E-01	2.973E-01	3.506E-01	2.687E-01	25
dichotomius_satanas_2	anomala_sp_2	0.018	54	0.741	0.797	3.913E-01	3.351E-01	3.318E-01	2.672E-01	26
dichotomius_satanas_2	lepiserica_sp_4	0.076	65	0.810	0.875	3.504E-01	3.179E-01	3.011E-01	2.465E-01	25
dichotomius_satanas_2	eophileurus_sp_2	0.050	20	0.345	0.485	4.796E-01	2.166E-01	3.385E-01	2.440E-01	20
dichotomius_satanas_2	gaco00000000_1	0.026	38	0.362	0.567	4.308E-01	2.793E-01	2.475E-01	2.420E-01	25
dichotomius_satanas_2	diphucephala_sp_3	0.014	68	1.000	0.755	3.580E-01	2.765E-01	3.069E-01	2.381E-01	23
dichotomius_satanas_2	allokotarsa_sp_2	0.030	65	1.000	0.632	3.392E-01	2.961E-01	2.718E-01	2.282E-01	23
dichotomius_satanas_2	migdolus_fryanus_1	0.050	60	0.897	0.672	3.213E-01	2.813E-01	2.665E-01	2.185E-01	22
dichotomius_satanas_2	srr1562204_4	0.050	60	0.897	0.672	3.213E-01	2.813E-01	2.665E-01	2.185E-01	22
phyllotocus_sp_3	phyllotocus_sp_3	1.000	63	1.000	1.000	1.016E+00	1.000E+00	1.000E+00	1.000E+00	100
phyllotocus_sp_3	migdolus_fryanus_4	0.253	67	0.937	0.971	8.104E-01	7.554E-01	7.073E-01	6.811E-01	70
phyllotocus_sp_3	srr1562205_4	0.253	67	0.937	0.971	8.040E-01	7.500E-01	7.026E-01	6.740E-01	69
phyllotocus_sp_3	orphnus_sp_1	0.562	48	0.746	0.979	8.012E-01	6.089E-01	7.726E-01	6.509E-01	57
phyllotocus_sp_3	lepiserica_sp_4	0.426	68	0.937	0.922	7.044E-01	6.542E-01	6.450E-01	6.194E-01	62
phyllotocus_sp_3	srr1562204_2	0.220	68	0.937	0.971	7.355E-01	6.869E-01	6.444E-01	6.153E-01	63
phyllotocus_sp_3	lepiserica_sp_5	0.391	46	0.714	0.918	7.961E-01	5.867E-01	7.281E-01	6.092E-01	55
phyllotocus_sp_3	allokotarsa_sp_3	0.491	57	0.746	0.891	8.371E-01	6.373E-01	6.284E-01	5.973E-01	60
phyllotocus_sp_3	srr1562205_1	0.271	59	0.778	0.922	8.032E-01	6.365E-01	6.278E-01	5.940E-01	59
phyllotocus_sp_3	gkjd00000000_2	0.500	64	0.889	0.875	7.044E-01	6.248E-01	6.161E-01	5.895E-01	59
phyllotocus_sp_3	serica_brunnea_1	0.257	66	0.937	0.984	6.810E-01	6.370E-01	6.539E-01	5.893E-01	58
phyllotocus_sp_3	gkjd00000000_3	0.257	66	0.937	0.984	6.760E-01	6.326E-01	6.493E-01	5.847E-01	57
phyllotocus_sp_3	migdolus_fryanus_1	0.361	47	0.730	0.734	7.697E-01	5.857E-01	5.779E-01	5.366E-01	53
phyllotocus_sp_3	srr1562204_4	0.361	47	0.730	0.734	7.697E-01	5.857E-01	5.779E-01	5.366E-01	53
phyllotocus_sp_3	allokotarsa_sp_2	0.245	61	0.810	0.779	6.498E-01	5.337E-01	4.993E-01	4.888E-01	50
phyllotocus_sp_3	aphodius_haemorrhoidalis_1	0.094	74	0.937	0.938	5.162E-01	4.860E-01	4.804E-01	4.226E-01	42
phyllotocus_sp_3	gdmq00000000_1	0.038	26	0.381	0.722	6.647E-01	3.265E-01	5.164E-01	3.773E-01	30
phyllotocus_sp_3	copris_lunaris_3	0.033	59	0.587	0.915	4.951E-01	3.432E-01	3.603E-01	3.084E-01	30
phyllotocus_sp_3	microcara_testacea_1	0.038	52	0.619	0.792	4.483E-01	3.179E-01	3.602E-01	3.032E-01	28
phyllotocus_sp_3	gbcx00000000_1	0.049	61	0.698	0.927	4.052E-01	3.288E-01	3.572E-01	2.812E-01	27
phyllotocus_sp_3	sitophilus_zeamais_2	0.080	25	0.397	0.694	4.160E-01	2.760E-01	3.882E-01	2.651E-01	23
phyllotocus_sp_3	srr19974962_1	0.080	25	0.397	0.694	4.158E-01	2.759E-01	3.880E-01	2.650E-01	23
phyllotocus_sp_3	gkjr00000000_1	0.050	59	0.841	0.925	3.960E-01	2.892E-01	3.783E-01	2.635E-01	24
phyllotocus_sp_3	ocypus_brunnipes_1	0.050	59	0.841	0.925	3.960E-01	2.892E-01	3.783E-01	2.635E-01	24
phyllotocus_sp_3	srr2083703_1	0.050	59	0.841	0.925	3.960E-01	2.892E-01	3.783E-01	2.635E-01	24
phyllotocus_sp_3	gaco00000000_1	0.046	65	0.762	0.821	3.491E-01	3.029E-01	2.916E-01	2.458E-01	24
phyllotocus_sp_3	catharsius_molossus_1	0.044	67	0.873	1.000	3.481E-01	2.743E-01	3.443E-01	2.445E-01	22
phyllotocus_sp_3	gjbk00000000_1	0.044	67	0.873	1.000	3.481E-01	2.743E-01	3.443E-01	2.445E-01	22
phyllotocus_sp_3	heteronyx_sp_3	0.093	43	0.556	0.583	3.933E-01	2.812E-01	2.908E-01	2.429E-01	24
phyllotocus_sp_3	anomala_sp_2	0.023	43	0.460	0.695	4.207E-01	2.722E-01	2.851E-01	2.404E-01	23
phyllotocus_sp_3	gkjh00000000_2	0.056	53	0.540	0.729	3.886E-01	2.473E-01	2.605E-01	2.294E-01	22
phyllotocus_sp_3	gjbk00000000_2	0.059	67	0.794	0.820	3.087E-01	2.694E-01	2.746E-01	2.218E-01	22
phyllotocus_sp_3	catharsius_molossus_2	0.059	67	0.794	0.820	3.087E-01	2.694E-01	2.746E-01	2.217E-01	22
lepiserica_sp_1	lepiserica_sp_1	1.000	16	1.000	1.000	1.067E+00	1.000E+00	1.000E+00	1.000E+00	100
lepiserica_sp_1	iclg00000000_1	0.500	16	1.000	1.000	4.800E-01	4.500E-01	4.500E-01	4.805E-01	48
lepiserica_sp_1	ghmd00000000_4	0.178	28	0.812	0.875	6.802E-01	5.102E-01	3.165E-01	3.621E-01	43
lepiserica_sp_1	ghxo00000000_6	0.192	26	0.812	0.650	6.720E-01	5.040E-01	2.721E-01	3.456E-01	43
lepiserica_sp_1	copris_lunaris_3	0.078	38	1.000	0.644	6.239E-01	5.849E-01	2.332E-01	3.343E-01	44
lepiserica_sp_1	aphodius_haemorrhoidalis_1	0.073	41	1.000	0.609	6.092E-01	5.711E-01	1.894E-01	3.279E-01	47
lepiserica_sp_1	sitophilus_oryzae_2	0.120	25	0.938	0.667	3.594E-01	3.145E-01	2.740E-01	2.173E-01	21
catharsius_molossus_2	catharsius_molossus_2	1.000	61	1.000	1.000	1.017E+00	1.000E+00	1.000E+00	1.000E+00	100
catharsius_molossus_2	gjbk00000000_2	1.000	61	1.000	1.000	1.017E+00	1.000E+00	1.000E+00	1.000E+00	99
catharsius_molossus_2	catharsius_molossus_1	0.472	55	0.902	0.952	7.574E-01	5.180E-01	7.126E-01	5.715E-01	48
catharsius_molossus_2	gjbk00000000_1	0.472	55	0.902	0.952	7.574E-01	5.180E-01	7.126E-01	5.715E-01	48
catharsius_molossus_2	ghma00000000_1	0.354	62	0.738	1.000	6.764E-01	5.181E-01	5.406E-01	4.873E-01	47
catharsius_molossus_2	dichotomius_satanas_2	0.271	70	0.984	1.000	5.487E-01	5.215E-01	5.417E-01	4.695E-01	46
catharsius_molossus_2	copris_lunaris_3	0.013	72	1.000	0.797	4.563E-01	3.822E-01	3.909E-01	3.264E-01	32
catharsius_molossus_2	phyllotocus_sp_3	0.012	78	0.934	0.857	3.847E-01	3.491E-01	3.411E-01	2.986E-01	30
catharsius_molossus_2	diphucephala_sp_2	0.075	40	0.574	0.653	4.765E-01	3.096E-01	3.641E-01	2.919E-01	27
catharsius_molossus_2	gkke00000000_2	0.075	40	0.574	0.653	4.765E-01	3.096E-01	3.641E-01	2.919E-01	27
catharsius_molossus_2	gbcx00000000_1	0.044	67	0.984	0.873	3.949E-01	3.464E-01	3.664E-01	2.810E-01	27
catharsius_molossus_2	gdmq00000000_1	0.066	30	0.344	0.806	4.231E-01	2.560E-01	3.818E-01	2.776E-01	23
catharsius_molossus_2	migdolus_fryanus_4	0.012	83	0.984	0.868	3.514E-01	3.404E-01	3.172E-01	2.757E-01	28
catharsius_molossus_2	diphucephala_sp_3	0.100	40	0.492	0.816	4.493E-01	3.079E-01	3.545E-01	2.756E-01	26
catharsius_molossus_2	aphodius_haemorrhoidalis_1	0.059	67	0.885	0.672	4.079E-01	3.251E-01	3.143E-01	2.738E-01	27
catharsius_molossus_2	gdlg00000000_1	0.027	37	0.525	0.733	4.163E-01	2.972E-01	3.593E-01	2.729E-01	25
catharsius_molossus_2	gkjr00000000_1	0.133	60	0.770	0.925	3.907E-01	2.746E-01	3.683E-01	2.712E-01	24
catharsius_molossus_2	ocypus_brunnipes_1	0.133	60	0.770	0.925	3.907E-01	2.746E-01	3.683E-01	2.712E-01	24
catharsius_molossus_2	srr2083703_1	0.133	60	0.770	0.925	3.907E-01	2.746E-01	3.683E-01	2.712E-01	24
catharsius_molossus_2	allokotarsa_sp_3	0.032	62	0.934	0.625	4.074E-01	3.264E-01	3.166E-01	2.705E-01	27
catharsius_molossus_2	sitophilus_zeamais_2	0.000	58	0.852	0.889	3.868E-01	2.819E-01	3.731E-01	2.703E-01	24
catharsius_molossus_2	srr19974962_1	0.000	58	0.852	0.889	3.868E-01	2.819E-01	3.731E-01	2.703E-01	24
catharsius_molossus_2	srr1562205_1	0.015	66	0.967	0.688	3.915E-01	3.265E-01	3.171E-01	2.660E-01	26
catharsius_molossus_2	gkjd00000000_3	0.067	74	0.820	0.918	3.551E-01	3.086E-01	3.086E-01	2.622E-01	26
catharsius_molossus_2	serica_brunnea_1	0.067	74	0.820	0.918	3.550E-01	3.085E-01	3.085E-01	2.622E-01	26
catharsius_molossus_2	migdolus_fryanus_1	0.000	67	0.934	0.656	3.888E-01	3.098E-01	3.001E-01	2.567E-01	25
catharsius_molossus_2	srr1562204_4	0.000	67	0.934	0.656	3.888E-01	3.098E-01	3.001E-01	2.567E-01	25
catharsius_molossus_2	gkjj00000000_1	0.023	42	0.590	1.000	3.255E-01	2.293E-01	3.269E-01	1.961E-01	19
gkjd00000000_2	gkjd00000000_2	1.000	64	1.000	1.000	1.016E+00	1.000E+00	1.000E+00	1.000E+00	100
gkjd00000000_2	lepiserica_sp_4	0.877	57	0.875	0.891	8.537E-01	7.463E-01	7.463E-01	7.078E-01	70
gkjd00000000_2	orphnus_sp_1	0.510	47	0.719	0.958	8.143E-01	5.992E-01	7.708E-01	6.429E-01	56
gkjd00000000_2	allokotarsa_sp_3	0.770	48	0.719	0.750	8.799E-01	6.417E-01	6.417E-01	6.138E-01	61
gkjd00000000_2	srr1562205_1	0.301	53	0.750	0.812	8.213E-01	6.276E-01	6.276E-01	5.954E-01	59
gkjd00000000_2	phyllotocus_sp_3	0.468	64	0.875	0.905	7.065E-01	6.179E-01	6.266E-01	5.907E-01	58
gkjd00000000_2	lepiserica_sp_5	0.477	44	0.672	0.878	7.891E-01	5.486E-01	6.941E-01	5.855E-01	52
gkjd00000000_2	migdolus_fryanus_4	0.186	75	0.891	0.985	6.708E-01	6.006E-01	5.703E-01	5.471E-01	56
gkjd00000000_2	srr1562205_4	0.184	76	0.891	0.985	6.692E-01	5.971E-01	5.668E-01	5.459E-01	55
gkjd00000000_2	srr1562204_2	0.146	75	0.891	0.985	6.609E-01	5.921E-01	5.621E-01	5.397E-01	55
gkjd00000000_2	serica_brunnea_1	0.318	69	0.859	0.951	6.282E-01	5.424E-01	5.655E-01	5.242E-01	51
gkjd00000000_2	gkjd00000000_3	0.313	67	0.859	0.951	6.300E-01	5.435E-01	5.668E-01	5.228E-01	51
gkjd00000000_2	migdolus_fryanus_1	0.290	55	0.719	0.844	7.275E-01	5.531E-01	5.531E-01	5.068E-01	50
gkjd00000000_2	srr1562204_4	0.290	55	0.719	0.844	7.275E-01	5.531E-01	5.531E-01	5.068E-01	50
gkjd00000000_2	allokotarsa_sp_2	0.259	54	0.719	0.691	6.642E-01	4.936E-01	4.679E-01	4.537E-01	46
gkjd00000000_2	gdmq00000000_1	0.038	26	0.375	0.722	6.828E-01	3.189E-01	5.207E-01	3.830E-01	30
gkjd00000000_2	sitophilus_zeamais_2	0.000	26	0.375	0.694	6.363E-01	3.094E-01	4.999E-01	3.662E-01	29
gkjd00000000_2	srr19974962_1	0.000	26	0.375	0.694	6.354E-01	3.094E-01	4.996E-01	3.659E-01	29
gkjd00000000_2	ghma00000000_1	0.070	57	0.656	0.845	5.061E-01	3.781E-01	4.058E-01	3.390E-01	33
gkjd00000000_2	gbcx00000000_1	0.152	59	0.609	0.873	4.301E-01	3.056E-01	3.413E-01	2.832E-01	26
gkjd00000000_2	copris_lunaris_3	0.062	64	0.703	0.932	3.831E-01	3.098E-01	3.268E-01	2.682E-01	26
gkjd00000000_2	gaco00000000_1	0.000	44	0.531	0.597	4.107E-01	2.906E-01	2.814E-01	2.460E-01	24
gkjj00000000_1	gkjj00000000_1	1.000	28	1.000	1.000	1.037E+00	1.000E+00	1.000E+00	1.000E+00	100
gkjj00000000_1	ghmd00000000_4	0.083	36	1.000	0.906	4.435E-01	4.383E-01	4.128E-01	3.068E-01	30
gkjj00000000_1	dichotomius_satanas_2	0.034	58	1.000	0.879	4.665E-01	4.593E-01	2.778E-01	3.017E-01	35
gkjj00000000_1	gjbk00000000_2	0.023	42	1.000	0.590	3.256E-01	3.269E-01	2.294E-01	1.962E-01	19
gkjj00000000_1	catharsius_molossus_2	0.023	42	1.000	0.590	3.255E-01	3.269E-01	2.293E-01	1.961E-01	19
srr1562204_4	migdolus_fryanus_1	1.000	64	1.000	1.000	1.016E+00	1.000E+00	1.000E+00	1.000E+00	100
srr1562204_4	srr1562204_4	1.000	64	1.000	1.000	1.016E+00	1.000E+00	1.000E+00	1.000E+00	100
srr1562204_4	orphnus_sp_1	0.291	48	0.734	0.958	7.706E-01	5.798E-01	7.331E-01	5.946E-01	53
srr1562204_4	migdolus_fryanus_4	0.551	49	0.750	0.721	7.855E-01	6.054E-01	5.743E-01	5.531E-01	56
srr1562204_4	lepiserica_sp_5	0.280	50	0.750	1.000	6.991E-01	5.508E-01	6.780E-01	5.457E-01	49
srr1562204_4	srr1562205_4	0.551	49	0.750	0.721	7.711E-01	5.957E-01	5.656E-01	5.450E-01	55
srr1562204_4	srr1562205_1	0.596	62	0.922	0.859	6.806E-01	5.969E-01	5.969E-01	5.419E-01	54
srr1562204_4	allokotarsa_sp_3	0.245	61	0.906	0.828	6.909E-01	5.888E-01	5.888E-01	5.379E-01	53
srr1562204_4	phyllotocus_sp_3	0.361	47	0.734	0.730	7.697E-01	5.779E-01	5.857E-01	5.366E-01	53
srr1562204_4	srr1562204_2	0.500	48	0.672	0.706	7.902E-01	5.620E-01	5.336E-01	5.120E-01	52
srr1562204_4	lepiserica_sp_4	0.298	57	0.875	0.734	7.228E-01	5.607E-01	5.607E-01	5.101E-01	51
srr1562204_4	gkjd00000000_2	0.290	55	0.844	0.719	7.275E-01	5.531E-01	5.531E-01	5.068E-01	50
srr1562204_4	serica_brunnea_1	0.180	50	0.672	0.770	7.112E-01	5.044E-01	5.256E-01	4.797E-01	47
srr1562204_4	gkjd00000000_3	0.180	50	0.672	0.770	7.029E-01	4.998E-01	5.206E-01	4.755E-01	46
srr1562204_4	allokotarsa_sp_2	0.126	79	0.891	0.912	5.507E-01	4.927E-01	4.680E-01	4.461E-01	45
srr1562204_4	aphodius_haemorrhoidalis_1	0.046	65	0.750	0.875	4.734E-01	3.893E-01	3.893E-01	3.314E-01	33
srr1562204_4	sitophilus_zeamais_2	0.025	40	0.594	0.806	4.652E-01	2.962E-01	4.250E-01	3.052E-01	25
srr1562204_4	srr19974962_1	0.025	40	0.594	0.806	4.646E-01	2.959E-01	4.246E-01	3.050E-01	25
srr1562204_4	gdmq00000000_1	0.035	28	0.406	0.778	4.643E-01	2.930E-01	4.258E-01	3.027E-01	25
srr1562204_4	copris_lunaris_3	0.018	55	0.547	0.746	4.308E-01	2.779E-01	2.962E-01	2.560E-01	24
srr1562204_4	microcara_testacea_1	0.084	71	0.875	0.849	3.565E-01	2.826E-01	3.198E-01	2.522E-01	24
srr1562204_4	gaco00000000_1	0.101	79	0.859	0.851	3.234E-01	2.923E-01	2.854E-01	2.424E-01	24
srr1562204_4	anomala_sp_2	0.011	87	0.953	0.881	3.042E-01	2.622E-01	2.771E-01	2.289E-01	22
srr1562204_4	gkjh00000000_2	0.058	51	0.562	0.780	3.533E-01	2.673E-01	2.805E-01	2.237E-01	22
srr1562204_4	dichotomius_satanas_2	0.050	60	0.672	0.897	3.213E-01	2.665E-01	2.813E-01	2.185E-01	21
srr1562204_4	catharsius_molossus_1	0.000	68	0.859	0.738	3.130E-01	1.963E-01	2.632E-01	1.969E-01	17
srr1562204_4	gjbk00000000_1	0.000	68	0.859	0.738	3.130E-01	1.963E-01	2.632E-01	1.969E-01	17
srr1562204_4	gbcx00000000_1	0.037	53	0.672	0.655	2.944E-01	2.169E-01	2.385E-01	1.886E-01	18
lepiserica_sp_5	lepiserica_sp_5	1.000	49	1.000	1.000	1.021E+00	1.000E+00	1.000E+00	1.000E+00	100
lepiserica_sp_5	orphnus_sp_1	0.347	46	0.939	0.938	7.919E-01	7.229E-01	7.357E-01	6.818E-01	67
lepiserica_sp_5	allokotarsa_sp_3	0.362	58	0.959	0.891	8.041E-01	7.617E-01	6.022E-01	6.450E-01	71
lepiserica_sp_5	lepiserica_sp_4	0.533	45	0.898	0.672	8.256E-01	7.220E-01	5.661E-01	6.135E-01	68
lepiserica_sp_5	phyllotocus_sp_3	0.391	46	0.918	0.714	7.964E-01	7.289E-01	5.880E-01	6.104E-01	66
lepiserica_sp_5	srr1562205_1	0.263	57	0.959	0.875	7.729E-01	7.336E-01	5.841E-01	6.102E-01	67
lepiserica_sp_5	srr1562205_4	0.255	47	0.918	0.676	7.917E-01	7.256E-01	5.485E-01	5.862E-01	65
lepiserica_sp_5	gkjd00000000_2	0.477	44	0.878	0.672	7.891E-01	6.941E-01	5.486E-01	5.855E-01	64
lepiserica_sp_5	migdolus_fryanus_4	0.240	50	0.959	0.706	7.627E-01	7.247E-01	5.493E-01	5.844E-01	65
lepiserica_sp_5	serica_brunnea_1	0.666	48	0.898	0.754	7.340E-01	6.592E-01	5.455E-01	5.660E-01	61
lepiserica_sp_5	gkjd00000000_3	0.632	49	0.898	0.754	7.285E-01	6.532E-01	5.395E-01	5.608E-01	61
lepiserica_sp_5	migdolus_fryanus_1	0.280	50	1.000	0.750	6.991E-01	6.780E-01	5.508E-01	5.457E-01	59
lepiserica_sp_5	srr1562204_4	0.280	50	1.000	0.750	6.991E-01	6.780E-01	5.508E-01	5.457E-01	59
lepiserica_sp_5	srr1562204_2	0.153	52	0.918	0.735	7.398E-01	6.807E-01	5.198E-01	5.449E-01	60
lepiserica_sp_5	allokotarsa_sp_2	0.166	66	0.918	0.868	6.759E-01	6.180E-01	4.651E-01	5.035E-01	56
lepiserica_sp_5	aphodius_haemorrhoidalis_1	0.089	56	0.898	0.812	5.981E-01	5.453E-01	4.451E-01	4.363E-01	47
lepiserica_sp_5	gdmq00000000_1	0.076	26	0.490	0.722	5.732E-01	3.651E-01	4.576E-01	3.550E-01	32
lepiserica_sp_5	sitophilus_zeamais_2	0.076	26	0.490	0.722	5.570E-01	3.630E-01	4.524E-01	3.528E-01	32
lepiserica_sp_5	srr19974962_1	0.076	26	0.490	0.722	5.568E-01	3.629E-01	4.523E-01	3.527E-01	32
lepiserica_sp_5	gbcx00000000_1	0.129	62	0.837	0.836	4.414E-01	3.824E-01	3.500E-01	3.277E-01	34
lepiserica_sp_5	ghma00000000_1	0.052	57	0.857	0.862	4.518E-01	4.093E-01	3.694E-01	3.255E-01	33
lepiserica_sp_5	gaco00000000_1	0.156	64	0.898	0.687	4.204E-01	3.788E-01	2.924E-01	3.092E-01	34
lepiserica_sp_5	gkjr00000000_1	0.068	44	0.571	1.000	3.988E-01	3.075E-01	3.473E-01	2.630E-01	25
lepiserica_sp_5	ocypus_brunnipes_1	0.068	44	0.571	1.000	3.988E-01	3.075E-01	3.473E-01	2.630E-01	25
lepiserica_sp_5	srr2083703_1	0.068	44	0.571	1.000	3.988E-01	3.075E-01	3.473E-01	2.630E-01	25
lepiserica_sp_5	microcara_testacea_1	0.071	28	0.551	0.528	4.117E-01	3.285E-01	3.127E-01	2.619E-01	26
lepiserica_sp_5	dichotomius_satanas_2	0.029	67	0.837	0.948	3.748E-01	3.415E-01	3.090E-01	2.619E-01	26
lepiserica_sp_5	diphucephala_sp_2	0.000	49	0.510	0.939	3.910E-01	2.896E-01	2.896E-01	2.421E-01	24
lepiserica_sp_5	gkke00000000_2	0.000	49	0.510	0.939	3.910E-01	2.896E-01	2.896E-01	2.421E-01	24
lepiserica_sp_5	gkke00000000_1	0.000	49	0.510	0.939	3.907E-01	2.895E-01	2.895E-01	2.420E-01	24
lepiserica_sp_5	byturus_ochraceus_1	0.038	52	0.776	0.844	3.281E-01	2.837E-01	2.980E-01	2.305E-01	22
lepiserica_sp_5	catharsius_molossus_1	0.000	45	0.776	0.714	3.095E-01	2.565E-01	2.779E-01	2.125E-01	20
lepiserica_sp_5	gjbk00000000_1	0.000	45	0.776	0.714	3.095E-01	2.565E-01	2.779E-01	2.125E-01	20
cucujus_clavipes_1	cucujus_clavipes_1	1.000	33	1.000	1.000	1.031E+00	1.000E+00	1.000E+00	1.000E+00	100
cucujus_clavipes_1	gdnw00000000_1	1.000	33	1.000	1.000	1.031E+00	1.000E+00	1.000E+00	1.000E+00	100
cucujus_clavipes_1	gjvo00000000_1	0.243	37	0.970	0.477	6.413E-01	5.988E-01	3.390E-01	4.180E-01	51
cucujus_clavipes_1	psylliodes_chrysocephalus_2	0.243	37	0.970	0.477	6.413E-01	5.988E-01	3.390E-01	4.180E-01	51
gkke00000000_2	diphucephala_sp_2	1.000	49	1.000	1.000	1.021E+00	1.000E+00	1.000E+00	1.000E+00	100
gkke00000000_2	gkke00000000_2	1.000	49	1.000	1.000	1.021E+00	1.000E+00	1.000E+00	1.000E+00	100
gkke00000000_2	gkke00000000_1	1.000	49	1.000	1.000	1.021E+00	1.000E+00	1.000E+00	9.999E-01	99
gkke00000000_2	diphucephala_sp_3	0.920	50	1.000	1.000	8.724E-01	8.565E-01	8.565E-01	8.091E-01	80
gkke00000000_2	dichotomius_satanas_2	0.080	62	0.939	0.879	4.149E-01	3.934E-01	3.516E-01	3.130E-01	32
gkke00000000_2	lepiserica_sp_5	0.000	27	0.469	0.510	5.862E-01	3.172E-01	3.172E-01	2.989E-01	29
gkke00000000_2	catharsius_molossus_1	0.090	44	0.837	0.762	4.271E-01	3.468E-01	3.781E-01	2.981E-01	28
gkke00000000_2	gjbk00000000_1	0.090	44	0.837	0.762	4.271E-01	3.468E-01	3.781E-01	2.981E-01	28
gkke00000000_2	allokotarsa_sp_2	0.074	54	0.816	0.676	4.154E-01	3.698E-01	3.007E-01	2.794E-01	30
gkke00000000_2	gbcx00000000_1	0.035	56	0.714	0.873	4.126E-01	3.397E-01	3.154E-01	2.717E-01	27
gkke00000000_2	aphodius_haemorrhoidalis_1	0.016	60	0.837	0.766	3.923E-01	3.504E-01	2.960E-01	2.684E-01	28
gkke00000000_2	gkjd00000000_3	0.012	78	1.000	1.000	3.508E-01	3.469E-01	3.044E-01	2.625E-01	27
gkke00000000_2	gaco00000000_1	0.013	72	0.918	0.866	3.675E-01	3.461E-01	2.832E-01	2.609E-01	27
gkke00000000_2	orphnus_sp_1	0.018	55	1.000	0.625	3.899E-01	3.057E-01	3.097E-01	2.514E-01	25
gkke00000000_2	srr1562204_2	0.029	68	0.918	0.721	3.370E-01	3.169E-01	2.513E-01	2.425E-01	26
gkke00000000_2	serica_brunnea_1	0.025	79	1.000	1.000	3.298E-01	3.265E-01	2.888E-01	2.423E-01	24
gkke00000000_2	lepiserica_sp_4	0.045	44	0.735	0.547	3.637E-01	3.081E-01	2.600E-01	2.333E-01	24
gkke00000000_2	allokotarsa_sp_3	0.038	26	0.490	0.391	3.512E-01	2.765E-01	2.300E-01	2.156E-01	23
geotrupes_spiniger_2	geotrupes_spiniger_2	1.000	12	1.000	1.000	1.091E+00	1.000E+00	1.000E+00	1.000E+00	100
aphodius_scrutator_2	aphodius_scrutator_2	1.000	35	1.000	1.000	1.029E+00	1.000E+00	1.000E+00	1.000E+00	100
aphodius_scrutator_2	byturus_ochraceus_1	0.371	35	0.914	0.778	7.390E-01	6.840E-01	5.676E-01	5.352E-01	56
aphodius_scrutator_2	euoniticellus_fulvus_1	0.531	32	0.886	1.000	6.145E-01	5.642E-01	5.943E-01	4.601E-01	45
aphodius_scrutator_2	eophileurus_sp_2	0.097	41	0.914	0.909	4.313E-01	3.906E-01	4.024E-01	3.322E-01	32
ghmd00000000_4	ghmd00000000_4	1.000	32	1.000	1.000	1.032E+00	1.000E+00	1.000E+00	1.000E+00	100
ghmd00000000_4	lepiserica_sp_1	0.178	28	0.875	0.812	6.802E-01	3.165E-01	5.102E-01	3.621E-01	29
ghmd00000000_4	gdmj00000000_1	0.083	36	0.906	0.675	4.534E-01	4.078E-01	3.495E-01	3.221E-01	34
ghmd00000000_4	hydroscapha_redfordi_1	0.083	36	0.906	0.675	4.534E-01	4.078E-01	3.495E-01	3.221E-01	34
ghmd00000000_4	ceutorhynchus_napi_1	0.133	30	0.906	0.485	5.547E-01	3.719E-01	3.634E-01	3.160E-01	31
ghmd00000000_4	eophileurus_sp_2	0.131	38	0.906	0.939	3.711E-01	3.535E-01	3.486E-01	2.568E-01	25
ghmd00000000_4	ghma00000000_1	0.051	58	1.000	0.914	3.977E-01	3.934E-01	2.812E-01	2.560E-01	27
ghmd00000000_4	alurnus_ornatus_3	0.020	49	1.000	0.721	3.535E-01	3.507E-01	2.533E-01	2.247E-01	23
ghmd00000000_4	gdof00000000_2	0.020	49	1.000	0.721	3.535E-01	3.507E-01	2.533E-01	2.247E-01	23
ghmd00000000_4	copris_lunaris_3	0.032	61	0.906	0.898	3.517E-01	3.332E-01	2.247E-01	2.240E-01	25
ghmd00000000_4	aphodius_haemorrhoidalis_1	0.019	51	0.719	0.734	3.339E-01	3.085E-01	1.936E-01	2.031E-01	23
lepiserica_sp_4	lepiserica_sp_4	1.000	64	1.000	1.000	1.016E+00	1.000E+00	1.000E+00	1.000E+00	100
lepiserica_sp_4	gkjd00000000_2	0.877	57	0.891	0.875	8.537E-01	7.463E-01	7.463E-01	7.078E-01	70
lepiserica_sp_4	allokotarsa_sp_3	0.750	52	0.766	0.781	8.895E-01	6.795E-01	6.795E-01	6.605E-01	66
lepiserica_sp_4	orphnus_sp_1	0.458	48	0.719	0.938	8.309E-01	5.978E-01	7.713E-01	6.445E-01	56
lepiserica_sp_4	phyllotocus_sp_3	0.426	68	0.922	0.937	7.044E-01	6.450E-01	6.542E-01	6.194E-01	61
lepiserica_sp_4	lepiserica_sp_5	0.533	45	0.672	0.898	8.256E-01	5.661E-01	7.220E-01	6.135E-01	54
lepiserica_sp_4	srr1562205_1	0.333	51	0.766	0.781	8.198E-01	6.392E-01	6.392E-01	6.019E-01	60
lepiserica_sp_4	migdolus_fryanus_4	0.205	73	0.922	0.956	6.821E-01	6.281E-01	5.966E-01	5.691E-01	58
lepiserica_sp_4	srr1562205_4	0.205	73	0.922	0.956	6.795E-01	6.256E-01	5.941E-01	5.668E-01	58
lepiserica_sp_4	srr1562204_2	0.166	72	0.922	0.956	6.643E-01	6.118E-01	5.825E-01	5.558E-01	56
lepiserica_sp_4	serica_brunnea_1	0.294	68	0.891	0.934	6.314E-01	5.637E-01	5.879E-01	5.417E-01	53
lepiserica_sp_4	gkjd00000000_3	0.313	67	0.891	0.934	6.298E-01	5.616E-01	5.852E-01	5.381E-01	52
lepiserica_sp_4	migdolus_fryanus_1	0.298	57	0.734	0.875	7.228E-01	5.607E-01	5.607E-01	5.101E-01	51
lepiserica_sp_4	srr1562204_4	0.298	57	0.734	0.875	7.228E-01	5.607E-01	5.607E-01	5.101E-01	51
lepiserica_sp_4	allokotarsa_sp_2	0.283	53	0.719	0.676	7.054E-01	5.183E-01	4.906E-01	4.813E-01	49
lepiserica_sp_4	gdmq00000000_1	0.000	35	0.328	0.972	7.075E-01	2.917E-01	4.901E-01	3.645E-01	28
lepiserica_sp_4	ghma00000000_1	0.017	58	0.703	0.845	5.003E-01	3.831E-01	4.119E-01	3.515E-01	34
lepiserica_sp_4	copris_lunaris_3	0.056	53	0.562	0.898	5.149E-01	3.560E-01	3.775E-01	3.196E-01	31
lepiserica_sp_4	gjvo00000000_1	0.081	61	0.703	0.738	4.702E-01	3.564E-01	3.521E-01	3.187E-01	32
lepiserica_sp_4	psylliodes_chrysocephalus_2	0.081	61	0.703	0.738	4.702E-01	3.564E-01	3.521E-01	3.187E-01	32
lepiserica_sp_4	microcara_testacea_1	0.080	50	0.641	0.774	4.526E-01	3.239E-01	3.729E-01	3.066E-01	28
lepiserica_sp_4	gbcx00000000_1	0.147	61	0.641	0.855	4.470E-01	3.155E-01	3.547E-01	3.023E-01	28
lepiserica_sp_4	srr19974962_1	0.027	36	0.281	1.000	6.117E-01	2.423E-01	3.950E-01	2.897E-01	22
lepiserica_sp_4	sitophilus_zeamais_2	0.027	36	0.281	1.000	6.112E-01	2.423E-01	3.949E-01	2.896E-01	22
lepiserica_sp_4	gkjh00000000_2	0.148	27	0.391	0.458	4.728E-01	2.820E-01	3.003E-01	2.784E-01	26
lepiserica_sp_4	gaco00000000_1	0.131	61	0.656	0.716	4.192E-01	3.070E-01	2.963E-01	2.772E-01	28
lepiserica_sp_4	catharsius_molossus_1	0.000	73	0.906	0.881	3.888E-01	2.518E-01	3.489E-01	2.695E-01	23
lepiserica_sp_4	gjbk00000000_1	0.000	73	0.906	0.881	3.888E-01	2.518E-01	3.489E-01	2.695E-01	23
lepiserica_sp_4	byturus_ochraceus_1	0.014	71	0.969	0.889	3.552E-01	2.722E-01	3.342E-01	2.419E-01	22
lepiserica_sp_4	gjbk00000000_2	0.027	72	0.891	0.787	3.374E-01	2.851E-01	2.934E-01	2.362E-01	23
lepiserica_sp_4	catharsius_molossus_2	0.027	72	0.891	0.787	3.374E-01	2.850E-01	2.934E-01	2.362E-01	23
lepiserica_sp_4	gkke00000000_1	0.045	44	0.547	0.735	3.641E-01	2.602E-01	3.085E-01	2.336E-01	22
lepiserica_sp_4	diphucephala_sp_2	0.045	44	0.547	0.735	3.637E-01	2.600E-01	3.081E-01	2.333E-01	22
lepiserica_sp_4	gkke00000000_2	0.045	44	0.547	0.735	3.637E-01	2.600E-01	3.081E-01	2.333E-01	22
euwallacea_fornicatus_1	euwallacea_fornicatus_1	1.000	31	1.000	1.000	1.033E+00	1.000E+00	1.000E+00	1.000E+00	100
byturus_ochraceus_1	byturus_ochraceus_1	1.000	45	1.000	1.000	1.023E+00	1.000E+00	1.000E+00	1.000E+00	100
byturus_ochraceus_1	gdlg00000000_1	0.888	45	0.978	1.000	9.586E-01	9.184E-01	9.184E-01	8.938E-01	89
byturus_ochraceus_1	aphodius_scrutator_2	0.371	35	0.778	0.914	7.390E-01	5.676E-01	6.840E-01	5.352E-01	50
byturus_ochraceus_1	euoniticellus_fulvus_1	0.411	34	0.733	1.000	6.825E-01	5.244E-01	6.694E-01	5.033E-01	46
byturus_ochraceus_1	catharsius_molossus_1	0.078	38	0.667	0.762	4.326E-01	3.423E-01	3.580E-01	2.882E-01	28
byturus_ochraceus_1	gjbk00000000_1	0.078	38	0.667	0.762	4.326E-01	3.423E-01	3.580E-01	2.882E-01	28
byturus_ochraceus_1	ghma00000000_1	0.041	48	0.667	0.793	4.512E-01	3.661E-01	3.081E-01	2.825E-01	29
byturus_ochraceus_1	dichotomius_satanas_2	0.035	56	0.667	0.931	4.229E-01	3.506E-01	2.973E-01	2.687E-01	28
byturus_ochraceus_1	lepiserica_sp_5	0.038	52	0.844	0.776	3.281E-01	2.980E-01	2.837E-01	2.305E-01	23
byturus_ochraceus_1	aphodius_haemorrhoidalis_1	0.052	38	0.511	0.578	3.421E-01	2.829E-01	2.236E-01	2.199E-01	24
diphucephala_sp_3	diphucephala_sp_3	1.000	49	1.000	1.000	1.021E+00	1.000E+00	1.000E+00	1.000E+00	100
diphucephala_sp_3	diphucephala_sp_2	0.920	50	1.000	1.000	8.724E-01	8.565E-01	8.565E-01	8.091E-01	80
diphucephala_sp_3	gkke00000000_2	0.920	50	1.000	1.000	8.724E-01	8.565E-01	8.565E-01	8.091E-01	80
diphucephala_sp_3	gkke00000000_1	0.920	50	1.000	1.000	8.718E-01	8.559E-01	8.559E-01	8.084E-01	80
diphucephala_sp_3	ghma00000000_1	0.063	47	0.939	0.638	4.838E-01	4.139E-01	3.734E-01	3.247E-01	33
diphucephala_sp_3	dichotomius_satanas_2	0.081	61	0.939	0.879	4.119E-01	3.926E-01	3.539E-01	3.049E-01	31
diphucephala_sp_3	catharsius_molossus_1	0.086	46	0.837	0.762	4.329E-01	3.358E-01	3.706E-01	2.921E-01	28
diphucephala_sp_3	gjbk00000000_1	0.086	46	0.837	0.762	4.329E-01	3.358E-01	3.706E-01	2.921E-01	28
diphucephala_sp_3	allokotarsa_sp_2	0.019	52	0.673	0.735	4.550E-01	3.628E-01	2.918E-01	2.774E-01	30
diphucephala_sp_3	catharsius_molossus_2	0.045	66	0.755	0.934	4.134E-01	3.483E-01	3.006E-01	2.756E-01	29
diphucephala_sp_3	gjbk00000000_2	0.045	66	0.755	0.934	4.134E-01	3.483E-01	3.006E-01	2.755E-01	29
diphucephala_sp_3	gbcx00000000_1	0.035	56	0.714	0.873	4.128E-01	3.395E-01	3.146E-01	2.719E-01	27
diphucephala_sp_3	gaco00000000_1	0.016	60	1.000	0.522	4.256E-01	3.389E-01	2.673E-01	2.644E-01	28
diphucephala_sp_3	gkjd00000000_3	0.026	75	1.000	1.000	3.380E-01	3.346E-01	2.968E-01	2.497E-01	25
gdmq00000000_1	gdmq00000000_1	1.000	36	1.000	1.000	1.029E+00	1.000E+00	1.000E+00	1.000E+00	100
gdmq00000000_1	srr19974962_1	0.972	36	1.000	1.000	1.017E+00	9.896E-01	9.896E-01	9.775E-01	97
gdmq00000000_1	sitophilus_zeamais_2	0.972	36	1.000	1.000	1.017E+00	9.895E-01	9.895E-01	9.775E-01	97
gdmq00000000_1	orphnus_sp_1	0.034	29	0.806	0.562	5.670E-01	4.982E-01	4.120E-01	4.079E-01	44
gdmq00000000_1	gkjh00000000_2	0.027	37	0.861	0.593	6.146E-01	5.446E-01	3.701E-01	4.031E-01	46
gdmq00000000_1	gaco00000000_1	0.083	36	0.917	0.522	5.948E-01	5.606E-01	3.624E-01	3.838E-01	44
gdmq00000000_1	phyllotocus_sp_3	0.038	26	0.722	0.381	6.647E-01	5.164E-01	3.265E-01	3.773E-01	44
gdmq00000000_1	allokotarsa_sp_3	0.035	28	0.778	0.406	6.166E-01	5.035E-01	3.179E-01	3.645E-01	43
gdmq00000000_1	lepiserica_sp_4	0.000	35	0.972	0.328	7.075E-01	4.901E-01	2.917E-01	3.645E-01	44
gdmq00000000_1	lepiserica_sp_5	0.076	26	0.722	0.490	5.732E-01	4.576E-01	3.651E-01	3.550E-01	38
gdmq00000000_1	ghma00000000_1	0.000	33	0.917	0.362	5.916E-01	4.705E-01	3.154E-01	3.506E-01	40
gdmq00000000_1	copris_lunaris_3	0.093	32	0.861	0.525	4.844E-01	4.570E-01	3.434E-01	3.119E-01	33
gdmq00000000_1	migdolus_fryanus_1	0.035	28	0.778	0.406	4.643E-01	4.258E-01	2.930E-01	3.027E-01	34
gdmq00000000_1	srr1562204_4	0.035	28	0.778	0.406	4.643E-01	4.258E-01	2.930E-01	3.027E-01	34
gdmq00000000_1	dichotomius_satanas_2	0.153	26	0.722	0.379	4.689E-01	3.993E-01	2.840E-01	2.899E-01	32
gdmq00000000_1	migdolus_fryanus_4	0.074	27	0.750	0.368	4.823E-01	4.204E-01	2.692E-01	2.889E-01	33
gdmq00000000_1	srr1562205_1	0.085	35	0.750	0.531	4.653E-01	4.286E-01	2.972E-01	2.866E-01	31
gdmq00000000_1	gbcx00000000_1	0.029	34	0.861	0.545	4.059E-01	3.749E-01	2.907E-01	2.759E-01	29
gdmq00000000_1	gkjd00000000_2	0.041	24	0.667	0.375	4.003E-01	3.869E-01	2.709E-01	2.636E-01	29
gdmq00000000_1	srr1562205_4	0.120	25	0.694	0.368	3.921E-01	3.641E-01	2.476E-01	2.453E-01	27
gdmq00000000_1	catharsius_molossus_1	0.115	26	0.694	0.571	3.375E-01	3.172E-01	2.971E-01	2.428E-01	24
gdmq00000000_1	gjbk00000000_1	0.115	26	0.694	0.571	3.375E-01	3.172E-01	2.971E-01	2.428E-01	24
alurnus_ornatus_3	alurnus_ornatus_3	1.000	61	1.000	1.000	1.017E+00	1.000E+00	1.000E+00	1.000E+00	100
alurnus_ornatus_3	gdof00000000_2	1.000	61	1.000	1.000	1.017E+00	1.000E+00	1.000E+00	1.000E+00	100
alurnus_ornatus_3	anomala_sp_2	0.393	66	0.918	0.915	5.995E-01	5.342E-01	5.492E-01	5.008E-01	49
alurnus_ornatus_3	gkjh00000000_2	0.049	61	0.836	0.864	5.221E-01	4.513E-01	4.627E-01	4.054E-01	40
alurnus_ornatus_3	copris_lunaris_3	0.193	62	0.852	0.881	5.235E-01	4.635E-01	4.745E-01	4.036E-01	40
alurnus_ornatus_3	serica_brunnea_1	0.063	63	0.869	0.738	4.775E-01	3.789E-01	3.789E-01	3.361E-01	33
alurnus_ornatus_3	srr1562205_1	0.063	79	1.000	0.969	4.118E-01	4.076E-01	3.956E-01	3.321E-01	33
alurnus_ornatus_3	microcara_testacea_1	0.000	66	0.885	0.887	4.455E-01	3.699E-01	4.072E-01	3.293E-01	31
alurnus_ornatus_3	gaco00000000_1	0.046	64	0.918	0.791	4.328E-01	3.949E-01	3.725E-01	3.169E-01	32
alurnus_ornatus_3	ghxo00000000_6	0.000	55	0.787	0.900	4.680E-01	3.293E-01	4.365E-01	3.148E-01	28
alurnus_ornatus_3	gdmj00000000_1	0.035	56	0.787	0.925	4.341E-01	3.180E-01	4.134E-01	2.925E-01	27
alurnus_ornatus_3	hydroscapha_redfordi_1	0.035	56	0.787	0.925	4.341E-01	3.180E-01	4.134E-01	2.925E-01	27
alurnus_ornatus_3	ghma00000000_1	0.029	68	0.852	0.828	3.589E-01	3.061E-01	3.162E-01	2.600E-01	25
alurnus_ornatus_3	aphodius_haemorrhoidalis_1	0.062	64	0.820	0.750	3.540E-01	3.059E-01	2.969E-01	2.508E-01	25
alurnus_ornatus_3	euoniticellus_fulvus_1	0.083	48	0.754	0.812	3.906E-01	2.705E-01	3.855E-01	2.423E-01	23
alurnus_ornatus_3	ghmd00000000_4	0.020	49	0.721	1.000	3.535E-01	2.533E-01	3.507E-01	2.247E-01	21
allokotarsa_sp_2	allokotarsa_sp_2	1.000	68	1.000	1.000	1.015E+00	1.000E+00	1.000E+00	1.000E+00	100
allokotarsa_sp_2	orphnus_sp_1	0.128	70	0.912	0.979	6.624E-01	4.764E-01	6.399E-01	5.141E-01	44
allokotarsa_sp_2	serica_brunnea_1	0.220	59	0.794	0.836	6.768E-01	5.205E-01	5.717E-01	5.137E-01	49
allokotarsa_sp_2	gkjd00000000_3	0.224	58	0.794	0.836	6.739E-01	5.213E-01	5.711E-01	5.115E-01	48
allokotarsa_sp_2	allokotarsa_sp_3	0.194	77	0.926	0.875	6.208E-01	5.155E-01	5.444E-01	5.050E-01	49
allokotarsa_sp_2	lepiserica_sp_5	0.166	66	0.868	0.918	6.759E-01	4.651E-01	6.180E-01	5.035E-01	43
allokotarsa_sp_2	phyllotocus_sp_3	0.245	61	0.779	0.810	6.498E-01	4.993E-01	5.337E-01	4.888E-01	47
allokotarsa_sp_2	srr1562204_2	0.230	65	0.809	0.853	6.329E-01	5.247E-01	5.247E-01	4.845E-01	48
allokotarsa_sp_2	lepiserica_sp_4	0.283	53	0.676	0.719	7.054E-01	4.906E-01	5.183E-01	4.813E-01	46
allokotarsa_sp_2	srr1562205_1	0.133	75	0.971	0.828	6.250E-01	4.983E-01	5.249E-01	4.784E-01	46
allokotarsa_sp_2	migdolus_fryanus_4	0.202	69	0.809	0.882	6.122E-01	5.074E-01	5.074E-01	4.706E-01	47
allokotarsa_sp_2	srr1562205_4	0.238	63	0.809	0.838	6.088E-01	5.078E-01	5.078E-01	4.677E-01	46
allokotarsa_sp_2	gkjd00000000_2	0.259	54	0.691	0.719	6.642E-01	4.679E-01	4.936E-01	4.537E-01	44
allokotarsa_sp_2	migdolus_fryanus_1	0.126	79	0.912	0.891	5.507E-01	4.680E-01	4.927E-01	4.461E-01	43
allokotarsa_sp_2	srr1562204_4	0.126	79	0.912	0.891	5.507E-01	4.680E-01	4.927E-01	4.461E-01	43
allokotarsa_sp_2	gjvo00000000_1	0.189	58	0.662	0.738	5.269E-01	3.804E-01	3.944E-01	3.503E-01	34
allokotarsa_sp_2	psylliodes_chrysocephalus_2	0.189	58	0.662	0.738	5.269E-01	3.804E-01	3.944E-01	3.503E-01	34
allokotarsa_sp_2	aphodius_haemorrhoidalis_1	0.045	66	0.765	0.875	4.678E-01	3.906E-01	4.067E-01	3.388E-01	33
allokotarsa_sp_2	gbcx00000000_1	0.078	64	0.603	0.855	4.331E-01	2.849E-01	3.397E-01	2.845E-01	26
allokotarsa_sp_2	diphucephala_sp_2	0.074	54	0.676	0.816	4.154E-01	3.007E-01	3.698E-01	2.794E-01	25
allokotarsa_sp_2	gkke00000000_2	0.074	54	0.676	0.816	4.154E-01	3.007E-01	3.698E-01	2.794E-01	25
allokotarsa_sp_2	gkke00000000_1	0.074	54	0.676	0.816	4.154E-01	3.007E-01	3.698E-01	2.793E-01	25
allokotarsa_sp_2	copris_lunaris_3	0.000	53	0.603	0.661	3.844E-01	2.689E-01	2.973E-01	2.446E-01	23
allokotarsa_sp_2	dichotomius_satanas_2	0.030	65	0.632	1.000	3.392E-01	2.718E-01	2.961E-01	2.282E-01	22
allokotarsa_sp_2	gaco00000000_1	0.000	50	0.588	0.552	3.692E-01	2.572E-01	2.599E-01	2.223E-01	22
allokotarsa_sp_2	eophileurus_sp_2	0.027	37	0.456	0.939	3.492E-01	2.339E-01	3.432E-01	2.115E-01	20
microcara_testacea_1	microcara_testacea_1	1.000	53	1.000	1.000	1.019E+00	1.000E+00	1.000E+00	1.000E+00	100
microcara_testacea_1	copris_lunaris_3	0.074	54	0.811	0.864	6.104E-01	5.225E-01	4.832E-01	4.353E-01	44
microcara_testacea_1	gaco00000000_1	0.211	52	0.830	0.746	6.080E-01	5.324E-01	4.494E-01	4.225E-01	44
microcara_testacea_1	gkjr00000000_1	0.000	29	0.547	0.650	5.864E-01	3.741E-01	4.595E-01	3.589E-01	33
microcara_testacea_1	ocypus_brunnipes_1	0.000	29	0.547	0.650	5.864E-01	3.741E-01	4.595E-01	3.589E-01	33
microcara_testacea_1	srr2083703_1	0.000	29	0.547	0.650	5.864E-01	3.741E-01	4.595E-01	3.589E-01	33
microcara_testacea_1	aphodius_haemorrhoidalis_1	0.088	34	0.642	0.516	5.758E-01	4.193E-01	3.639E-01	3.481E-01	36
microcara_testacea_1	alurnus_ornatus_3	0.000	66	0.887	0.885	4.455E-01	4.072E-01	3.699E-01	3.293E-01	34
microcara_testacea_1	gdof00000000_2	0.000	66	0.887	0.885	4.455E-01	4.072E-01	3.699E-01	3.293E-01	34
microcara_testacea_1	anomala_sp_2	0.062	48	0.698	0.746	4.714E-01	3.864E-01	3.605E-01	3.092E-01	31
microcara_testacea_1	lepiserica_sp_4	0.080	50	0.774	0.641	4.526E-01	3.729E-01	3.239E-01	3.066E-01	32
microcara_testacea_1	gkjh00000000_2	0.021	46	0.604	0.780	4.512E-01	3.651E-01	3.417E-01	2.905E-01	29
microcara_testacea_1	srr1562205_1	0.074	54	0.736	0.625	4.343E-01	3.387E-01	2.907E-01	2.847E-01	30
microcara_testacea_1	phyllotocus_sp_3	0.058	51	0.755	0.635	4.071E-01	3.383E-01	2.993E-01	2.734E-01	28
microcara_testacea_1	lepiserica_sp_5	0.100	30	0.528	0.551	4.236E-01	3.109E-01	3.276E-01	2.671E-01	26
microcara_testacea_1	migdolus_fryanus_1	0.114	70	0.849	0.875	3.583E-01	3.245E-01	2.871E-01	2.542E-01	26
microcara_testacea_1	srr1562204_4	0.114	70	0.849	0.875	3.583E-01	3.245E-01	2.871E-01	2.542E-01	26
microcara_testacea_1	allokotarsa_sp_3	0.088	68	0.943	0.734	3.394E-01	3.135E-01	2.765E-01	2.482E-01	25
hbua00000000_1	hbua00000000_1	1.000	34	1.000	1.000	1.030E+00	1.000E+00	1.000E+00	1.000E+00	100
hbua00000000_1	aphodius_haemorrhoidalis_1	0.102	49	0.853	0.719	4.344E-01	4.051E-01	2.705E-01	2.675E-01	29
sitophilus_oryzae_2	sitophilus_oryzae_2	1.000	36	1.000	1.000	1.029E+00	1.000E+00	1.000E+00	1.000E+00	100
sitophilus_oryzae_2	gjvn00000000_1	0.212	33	0.722	1.000	6.917E-01	5.524E-01	5.879E-01	4.827E-01	47
sitophilus_oryzae_2	brassicogethes_aeneus_2	0.242	33	0.722	1.000	6.083E-01	5.025E-01	5.314E-01	4.271E-01	42
sitophilus_oryzae_2	ceutorhynchus_napi_3	0.242	33	0.722	1.000	6.083E-01	5.025E-01	5.314E-01	4.271E-01	42
sitophilus_oryzae_2	lepiserica_sp_1	0.076	26	0.667	1.000	3.142E-01	2.532E-01	2.957E-01	1.870E-01	20
sitophilus_oryzae_2	iclg00000000_1	0.000	19	0.417	0.875	3.854E-01	2.096E-01	3.131E-01	1.826E-01	18
heteronyx_sp_3	heteronyx_sp_3	1.000	60	1.000	1.000	1.017E+00	1.000E+00	1.000E+00	1.000E+00	100
heteronyx_sp_3	phyllotocus_sp_3	0.073	41	0.583	0.556	3.485E-01	2.703E-01	2.622E-01	2.199E-01	22
sitophilus_zeamais_2	sitophilus_zeamais_2	1.000	36	1.000	1.000	1.029E+00	1.000E+00	1.000E+00	1.000E+00	100
sitophilus_zeamais_2	srr19974962_1	1.000	36	1.000	1.000	1.029E+00	1.000E+00	1.000E+00	1.000E+00	99
sitophilus_zeamais_2	gdmq00000000_1	0.972	36	1.000	1.000	1.017E+00	9.895E-01	9.895E-01	9.775E-01	97
sitophilus_zeamais_2	gaco00000000_1	0.085	35	0.917	0.522	6.250E-01	5.867E-01	3.753E-01	4.047E-01	46
sitophilus_zeamais_2	orphnus_sp_1	0.034	29	0.806	0.562	5.588E-01	4.939E-01	4.096E-01	4.013E-01	43
sitophilus_zeamais_2	gkjh00000000_2	0.027	37	0.861	0.593	6.091E-01	5.404E-01	3.680E-01	3.993E-01	46
sitophilus_zeamais_2	phyllotocus_sp_3	0.027	36	1.000	0.349	7.111E-01	5.001E-01	3.053E-01	3.742E-01	45
sitophilus_zeamais_2	lepiserica_sp_5	0.076	26	0.722	0.490	5.570E-01	4.549E-01	3.635E-01	3.528E-01	38
sitophilus_zeamais_2	ghma00000000_1	0.000	71	1.000	0.983	4.718E-01	4.623E-01	3.139E-01	3.413E-01	39
sitophilus_zeamais_2	copris_lunaris_3	0.093	32	0.861	0.525	4.824E-01	4.554E-01	3.424E-01	3.108E-01	33
sitophilus_zeamais_2	migdolus_fryanus_1	0.025	40	0.806	0.594	4.652E-01	4.250E-01	2.962E-01	3.052E-01	35
sitophilus_zeamais_2	srr1562204_4	0.025	40	0.806	0.594	4.652E-01	4.250E-01	2.962E-01	3.052E-01	35
sitophilus_zeamais_2	dichotomius_satanas_2	0.153	26	0.722	0.379	4.648E-01	4.003E-01	2.853E-01	2.911E-01	32
sitophilus_zeamais_2	gbcx00000000_1	0.083	36	0.833	0.600	4.072E-01	3.763E-01	2.928E-01	2.777E-01	30
sitophilus_zeamais_2	srr1562205_1	0.090	33	0.750	0.516	4.421E-01	4.100E-01	2.896E-01	2.740E-01	29
sitophilus_zeamais_2	lepiserica_sp_4	0.103	29	0.806	0.391	4.355E-01	3.849E-01	2.706E-01	2.669E-01	29
sitophilus_zeamais_2	catharsius_molossus_1	0.137	29	0.722	0.571	3.771E-01	3.453E-01	3.166E-01	2.652E-01	27
sitophilus_zeamais_2	gjbk00000000_1	0.137	29	0.722	0.571	3.771E-01	3.453E-01	3.166E-01	2.652E-01	27
sitophilus_zeamais_2	gkjd00000000_2	0.041	24	0.667	0.375	4.136E-01	3.877E-01	2.706E-01	2.649E-01	29
sitophilus_zeamais_2	allokotarsa_sp_3	0.040	25	0.694	0.391	4.046E-01	3.854E-01	2.730E-01	2.626E-01	28
sitophilus_zeamais_2	srr1562205_4	0.115	26	0.694	0.368	3.795E-01	3.649E-01	2.485E-01	2.467E-01	27
sitophilus_zeamais_2	migdolus_fryanus_4	0.120	25	0.694	0.368	3.884E-01	3.622E-01	2.464E-01	2.458E-01	27
eophileurus_sp_2	eophileurus_sp_2	1.000	33	1.000	1.000	1.031E+00	1.000E+00	1.000E+00	1.000E+00	100
eophileurus_sp_2	aphodius_scrutator_2	0.097	41	0.909	0.914	4.313E-01	4.024E-01	3.906E-01	3.322E-01	33
eophileurus_sp_2	ghmd00000000_4	0.131	38	0.939	0.906	3.711E-01	3.486E-01	3.535E-01	2.568E-01	25
eophileurus_sp_2	gjbk00000000_2	0.000	17	0.455	0.279	5.538E-01	3.451E-01	2.073E-01	2.455E-01	29
eophileurus_sp_2	catharsius_molossus_2	0.000	17	0.455	0.279	5.538E-01	3.451E-01	2.073E-01	2.455E-01	29
eophileurus_sp_2	allokotarsa_sp_2	0.027	37	0.939	0.456	3.492E-01	3.432E-01	2.339E-01	2.115E-01	22
eophileurus_sp_2	heteronyx_sp_3	0.033	60	0.788	0.833	2.939E-01	2.806E-01	1.936E-01	1.857E-01	20
iclg00000000_1	iclg00000000_1	1.000	16	1.000	1.000	1.067E+00	1.000E+00	1.000E+00	1.000E+00	100
iclg00000000_1	lepiserica_sp_1	0.500	16	1.000	1.000	4.800E-01	4.500E-01	4.500E-01	4.805E-01	48
orphnus_sp_1	orphnus_sp_1	1.000	48	1.000	1.000	1.021E+00	1.000E+00	1.000E+00	1.000E+00	100
orphnus_sp_1	srr1562205_1	0.258	58	1.000	0.906	8.443E-01	8.295E-01	6.465E-01	6.863E-01	76
orphnus_sp_1	lepiserica_sp_5	0.347	46	0.938	0.939	7.919E-01	7.357E-01	7.229E-01	6.818E-01	68
orphnus_sp_1	allokotarsa_sp_3	0.375	56	0.979	0.844	8.143E-01	7.853E-01	6.096E-01	6.532E-01	72
orphnus_sp_1	phyllotocus_sp_3	0.562	48	0.979	0.746	8.012E-01	7.726E-01	6.089E-01	6.509E-01	72
orphnus_sp_1	lepiserica_sp_4	0.458	48	0.938	0.719	8.309E-01	7.713E-01	5.978E-01	6.445E-01	71
orphnus_sp_1	gkjd00000000_2	0.510	47	0.958	0.719	8.143E-01	7.708E-01	5.992E-01	6.429E-01	71
orphnus_sp_1	migdolus_fryanus_4	0.321	56	0.979	0.794	7.743E-01	7.479E-01	5.559E-01	6.010E-01	67
orphnus_sp_1	srr1562205_4	0.326	52	0.979	0.735	7.677E-01	7.417E-01	5.520E-01	5.947E-01	67
orphnus_sp_1	migdolus_fryanus_1	0.291	48	0.958	0.734	7.706E-01	7.331E-01	5.798E-01	5.946E-01	65
orphnus_sp_1	srr1562204_4	0.291	48	0.958	0.734	7.706E-01	7.331E-01	5.798E-01	5.946E-01	65
orphnus_sp_1	srr1562204_2	0.245	53	0.938	0.765	7.379E-01	6.894E-01	5.174E-01	5.491E-01	61
orphnus_sp_1	serica_brunnea_1	0.285	49	0.896	0.754	7.194E-01	6.471E-01	5.277E-01	5.449E-01	59
orphnus_sp_1	gkjd00000000_3	0.285	49	0.896	0.754	7.094E-01	6.368E-01	5.203E-01	5.371E-01	58
orphnus_sp_1	allokotarsa_sp_2	0.128	70	0.979	0.912	6.624E-01	6.399E-01	4.764E-01	5.141E-01	58
orphnus_sp_1	aphodius_haemorrhoidalis_1	0.178	56	0.917	0.828	6.206E-01	5.739E-01	4.606E-01	4.558E-01	49
orphnus_sp_1	gdmq00000000_1	0.034	29	0.562	0.806	5.670E-01	4.120E-01	4.982E-01	4.079E-01	37
orphnus_sp_1	sitophilus_zeamais_2	0.034	29	0.562	0.806	5.588E-01	4.096E-01	4.939E-01	4.013E-01	36
orphnus_sp_1	srr19974962_1	0.034	29	0.562	0.806	5.579E-01	4.092E-01	4.933E-01	4.009E-01	36
orphnus_sp_1	ghma00000000_1	0.086	58	0.854	0.845	4.956E-01	4.386E-01	3.818E-01	3.548E-01	37
orphnus_sp_1	gkjr00000000_1	0.095	42	0.562	1.000	5.110E-01	3.613E-01	4.105E-01	3.409E-01	32
orphnus_sp_1	ocypus_brunnipes_1	0.095	42	0.562	1.000	5.110E-01	3.613E-01	4.105E-01	3.409E-01	32
orphnus_sp_1	srr2083703_1	0.095	42	0.562	1.000	5.110E-01	3.613E-01	4.105E-01	3.409E-01	32
orphnus_sp_1	gaco00000000_1	0.214	56	0.812	0.657	4.488E-01	3.725E-01	2.881E-01	3.071E-01	34
orphnus_sp_1	copris_lunaris_3	0.055	36	0.583	0.576	5.172E-01	3.729E-01	3.184E-01	3.043E-01	32
orphnus_sp_1	gbcx00000000_1	0.120	58	0.792	0.855	4.097E-01	3.567E-01	3.261E-01	2.974E-01	30
orphnus_sp_1	gjbk00000000_2	0.031	63	0.833	0.967	4.288E-01	3.890E-01	3.390E-01	2.912E-01	30
orphnus_sp_1	catharsius_molossus_2	0.031	63	0.833	0.967	4.288E-01	3.889E-01	3.390E-01	2.912E-01	30
orphnus_sp_1	gkjh00000000_2	0.065	46	0.646	0.729	4.623E-01	3.546E-01	3.062E-01	2.859E-01	30
orphnus_sp_1	diphucephala_sp_2	0.018	55	0.625	1.000	3.899E-01	3.097E-01	3.057E-01	2.514E-01	25
orphnus_sp_1	gkke00000000_2	0.018	55	0.625	1.000	3.899E-01	3.097E-01	3.057E-01	2.514E-01	25
orphnus_sp_1	gkke00000000_1	0.018	55	0.625	1.000	3.888E-01	3.092E-01	3.052E-01	2.508E-01	25
orphnus_sp_1	catharsius_molossus_1	0.021	46	0.854	0.667	3.500E-01	2.785E-01	3.009E-01	2.300E-01	22
orphnus_sp_1	gjbk00000000_1	0.021	46	0.854	0.667	3.500E-01	2.785E-01	3.009E-01	2.300E-01	22
euoniticellus_fulvus_1	euoniticellus_fulvus_1	1.000	32	1.000	1.000	1.032E+00	1.000E+00	1.000E+00	1.000E+00	100
euoniticellus_fulvus_1	gdlg00000000_1	0.424	33	0.938	0.733	7.074E-01	6.698E-01	5.265E-01	5.036E-01	54
euoniticellus_fulvus_1	aphodius_scrutator_2	0.531	32	0.969	0.857	6.320E-01	5.997E-01	5.676E-01	4.623E-01	46
euoniticellus_fulvus_1	ghma00000000_1	0.040	50	0.938	0.741	5.122E-01	4.843E-01	3.117E-01	3.363E-01	38
euoniticellus_fulvus_1	alurnus_ornatus_3	0.102	49	0.906	0.705	4.263E-01	4.045E-01	2.640E-01	2.675E-01	29
euoniticellus_fulvus_1	gdof00000000_2	0.102	49	0.906	0.705	4.263E-01	4.045E-01	2.640E-01	2.675E-01	29
euoniticellus_fulvus_1	aphodius_haemorrhoidalis_1	0.000	58	1.000	0.688	3.245E-01	3.194E-01	1.973E-01	2.087E-01	23
gkke00000000_1	gkke00000000_1	1.000	49	1.000	1.000	1.021E+00	1.000E+00	1.000E+00	1.000E+00	100
gkke00000000_1	diphucephala_sp_2	1.000	49	1.000	1.000	1.021E+00	1.000E+00	1.000E+00	9.999E-01	99
gkke00000000_1	gkke00000000_2	1.000	49	1.000	1.000	1.021E+00	1.000E+00	1.000E+00	9.999E-01	99
gkke00000000_1	diphucephala_sp_3	0.920	50	1.000	1.000	8.718E-01	8.559E-01	8.559E-01	8.084E-01	80
gkke00000000_1	dichotomius_satanas_2	0.080	62	0.939	0.879	4.151E-01	3.936E-01	3.518E-01	3.133E-01	32
gkke00000000_1	lepiserica_sp_5	0.000	27	0.469	0.510	5.869E-01	3.173E-01	3.173E-01	2.991E-01	29
gkke00000000_1	catharsius_molossus_1	0.090	44	0.837	0.762	4.270E-01	3.465E-01	3.777E-01	2.980E-01	28
gkke00000000_1	gjbk00000000_1	0.090	44	0.837	0.762	4.270E-01	3.465E-01	3.777E-01	2.980E-01	28
gkke00000000_1	allokotarsa_sp_2	0.074	54	0.816	0.676	4.154E-01	3.698E-01	3.007E-01	2.793E-01	30
gkke00000000_1	gbcx00000000_1	0.035	56	0.714	0.873	4.123E-01	3.397E-01	3.154E-01	2.716E-01	27
gkke00000000_1	aphodius_haemorrhoidalis_1	0.016	60	0.837	0.766	3.925E-01	3.505E-01	2.961E-01	2.686E-01	28
gkke00000000_1	serica_brunnea_1	0.040	49	0.776	0.590	4.050E-01	3.171E-01	2.671E-01	2.658E-01	28
gkke00000000_1	gkjd00000000_3	0.012	78	1.000	1.000	3.508E-01	3.469E-01	3.044E-01	2.625E-01	27
gkke00000000_1	gaco00000000_1	0.013	72	0.918	0.866	3.676E-01	3.462E-01	2.832E-01	2.611E-01	27
gkke00000000_1	orphnus_sp_1	0.018	55	1.000	0.625	3.888E-01	3.052E-01	3.092E-01	2.508E-01	24
gkke00000000_1	srr1562204_2	0.029	68	0.918	0.721	3.370E-01	3.169E-01	2.512E-01	2.425E-01	26
gkke00000000_1	lepiserica_sp_4	0.045	44	0.735	0.547	3.641E-01	3.085E-01	2.602E-01	2.336E-01	24
gkke00000000_1	allokotarsa_sp_3	0.038	26	0.490	0.391	3.509E-01	2.766E-01	2.301E-01	2.157E-01	23
gkke00000000_1	phyllotocus_sp_3	0.063	47	0.714	0.540	3.164E-01	2.681E-01	2.293E-01	2.016E-01	21
gdof00000000_2	alurnus_ornatus_3	1.000	61	1.000	1.000	1.017E+00	1.000E+00	1.000E+00	1.000E+00	100
gdof00000000_2	gdof00000000_2	1.000	61	1.000	1.000	1.017E+00	1.000E+00	1.000E+00	1.000E+00	100
gdof00000000_2	anomala_sp_2	0.393	66	0.918	0.915	5.995E-01	5.342E-01	5.492E-01	5.008E-01	49
gdof00000000_2	gkjh00000000_2	0.049	61	0.836	0.864	5.221E-01	4.513E-01	4.627E-01	4.054E-01	40
gdof00000000_2	copris_lunaris_3	0.193	62	0.852	0.881	5.235E-01	4.635E-01	4.745E-01	4.036E-01	40
gdof00000000_2	serica_brunnea_1	0.063	63	0.869	0.738	4.775E-01	3.789E-01	3.789E-01	3.361E-01	33
gdof00000000_2	srr1562205_1	0.063	79	1.000	0.969	4.118E-01	4.076E-01	3.956E-01	3.321E-01	33
gdof00000000_2	microcara_testacea_1	0.000	66	0.885	0.887	4.455E-01	3.699E-01	4.072E-01	3.293E-01	31
gdof00000000_2	gaco00000000_1	0.046	64	0.918	0.791	4.328E-01	3.949E-01	3.725E-01	3.169E-01	32
gdof00000000_2	ghxo00000000_6	0.000	55	0.787	0.900	4.680E-01	3.293E-01	4.365E-01	3.148E-01	28
gdof00000000_2	gdmj00000000_1	0.035	56	0.787	0.925	4.341E-01	3.180E-01	4.134E-01	2.925E-01	27
gdof00000000_2	hydroscapha_redfordi_1	0.035	56	0.787	0.925	4.341E-01	3.180E-01	4.134E-01	2.925E-01	27
gdof00000000_2	ghma00000000_1	0.029	68	0.852	0.828	3.589E-01	3.061E-01	3.162E-01	2.600E-01	25
gdof00000000_2	aphodius_haemorrhoidalis_1	0.062	64	0.820	0.750	3.540E-01	3.059E-01	2.969E-01	2.508E-01	25
gdof00000000_2	euoniticellus_fulvus_1	0.083	48	0.754	0.812	3.906E-01	2.705E-01	3.855E-01	2.423E-01	23
gdof00000000_2	ghmd00000000_4	0.020	49	0.721	1.000	3.535E-01	2.533E-01	3.507E-01	2.247E-01	21
srr1562204_2	srr1562204_2	1.000	68	1.000	1.000	1.015E+00	1.000E+00	1.000E+00	1.000E+00	100
srr1562204_2	srr1562205_4	0.722	72	1.000	1.000	7.836E-01	7.735E-01	7.735E-01	7.332E-01	73
srr1562204_2	migdolus_fryanus_4	0.763	72	1.000	1.000	7.821E-01	7.719E-01	7.719E-01	7.327E-01	73
srr1562204_2	serica_brunnea_1	0.157	70	0.985	0.984	7.857E-01	6.970E-01	7.642E-01	6.752E-01	64
srr1562204_2	gkjd00000000_3	0.157	70	0.985	0.984	7.825E-01	6.938E-01	7.609E-01	6.729E-01	64
srr1562204_2	phyllotocus_sp_3	0.220	68	0.971	0.937	7.355E-01	6.444E-01	6.869E-01	6.153E-01	59
srr1562204_2	lepiserica_sp_4	0.166	72	0.956	0.922	6.643E-01	5.825E-01	6.118E-01	5.558E-01	54
srr1562204_2	orphnus_sp_1	0.245	53	0.765	0.938	7.379E-01	5.174E-01	6.894E-01	5.491E-01	48
srr1562204_2	allokotarsa_sp_3	0.176	68	0.794	0.953	7.033E-01	5.700E-01	5.998E-01	5.481E-01	53
srr1562204_2	lepiserica_sp_5	0.153	52	0.735	0.918	7.398E-01	5.198E-01	6.807E-01	5.449E-01	48
srr1562204_2	srr1562205_1	0.281	64	0.794	0.922	7.020E-01	5.678E-01	5.983E-01	5.445E-01	53
srr1562204_2	gkjd00000000_2	0.146	75	0.985	0.891	6.609E-01	5.621E-01	5.921E-01	5.397E-01	52
srr1562204_2	migdolus_fryanus_1	0.500	48	0.706	0.672	7.902E-01	5.336E-01	5.620E-01	5.120E-01	49
srr1562204_2	srr1562204_4	0.500	48	0.706	0.672	7.902E-01	5.336E-01	5.620E-01	5.120E-01	49
srr1562204_2	allokotarsa_sp_2	0.230	65	0.853	0.809	6.329E-01	5.247E-01	5.247E-01	4.845E-01	48
srr1562204_2	gjbk00000000_2	0.038	78	0.941	0.885	4.147E-01	3.557E-01	3.814E-01	3.071E-01	29
srr1562204_2	catharsius_molossus_2	0.038	78	0.941	0.885	4.147E-01	3.556E-01	3.814E-01	3.071E-01	29
srr1562204_2	gbcx00000000_1	0.112	62	0.603	0.855	4.412E-01	2.930E-01	3.481E-01	2.900E-01	26
srr1562204_2	diphucephala_sp_2	0.029	68	0.721	0.918	3.370E-01	2.513E-01	3.169E-01	2.425E-01	22
srr1562204_2	gkke00000000_2	0.029	68	0.721	0.918	3.370E-01	2.513E-01	3.169E-01	2.425E-01	22
srr1562204_2	gkke00000000_1	0.029	68	0.721	0.918	3.370E-01	2.512E-01	3.169E-01	2.425E-01	22
copris_lunaris_3	copris_lunaris_3	1.000	59	1.000	1.000	1.017E+00	1.000E+00	1.000E+00	1.000E+00	100
copris_lunaris_3	gaco00000000_1	0.060	50	0.831	0.701	6.582E-01	5.475E-01	4.954E-01	4.673E-01	48
copris_lunaris_3	microcara_testacea_1	0.074	54	0.864	0.811	6.104E-01	4.832E-01	5.225E-01	4.353E-01	42
copris_lunaris_3	gkjh00000000_2	0.044	67	1.000	0.932	5.268E-01	4.966E-01	4.966E-01	4.214E-01	42
copris_lunaris_3	alurnus_ornatus_3	0.193	62	0.881	0.852	5.235E-01	4.745E-01	4.635E-01	4.036E-01	40
copris_lunaris_3	gdof00000000_2	0.193	62	0.881	0.852	5.235E-01	4.745E-01	4.635E-01	4.036E-01	40
copris_lunaris_3	gbcx00000000_1	0.051	58	0.814	0.891	4.637E-01	4.005E-01	4.199E-01	3.454E-01	33
copris_lunaris_3	gjbk00000000_2	0.013	72	0.797	1.000	4.563E-01	3.909E-01	3.822E-01	3.265E-01	32
copris_lunaris_3	catharsius_molossus_2	0.013	72	0.797	1.000	4.563E-01	3.909E-01	3.822E-01	3.264E-01	32
copris_lunaris_3	lepiserica_sp_4	0.056	53	0.898	0.562	5.149E-01	3.775E-01	3.560E-01	3.196E-01	32
copris_lunaris_3	catharsius_molossus_1	0.050	60	1.000	0.762	4.891E-01	3.410E-01	4.246E-01	3.138E-01	29
copris_lunaris_3	gjbk00000000_1	0.050	60	1.000	0.762	4.891E-01	3.410E-01	4.246E-01	3.138E-01	29
copris_lunaris_3	ghma00000000_1	0.078	76	1.000	0.879	4.056E-01	3.639E-01	3.682E-01	3.098E-01	30
copris_lunaris_3	orphnus_sp_1	0.057	35	0.576	0.583	4.982E-01	3.165E-01	3.683E-01	3.042E-01	28
copris_lunaris_3	phyllotocus_sp_3	0.037	54	0.915	0.571	4.715E-01	3.557E-01	3.407E-01	2.935E-01	29
copris_lunaris_3	dichotomius_satanas_2	0.060	66	0.966	0.793	4.032E-01	3.450E-01	3.486E-01	2.897E-01	28
copris_lunaris_3	srr1562205_1	0.000	47	0.763	0.438	5.309E-01	3.196E-01	2.994E-01	2.827E-01	29
copris_lunaris_3	allokotarsa_sp_3	0.000	42	0.712	0.438	4.851E-01	3.214E-01	3.023E-01	2.791E-01	28
copris_lunaris_3	lepiserica_sp_5	0.027	36	0.593	0.510	4.763E-01	2.889E-01	3.322E-01	2.744E-01	25
copris_lunaris_3	aphodius_haemorrhoidalis_1	0.187	64	0.746	0.688	3.732E-01	2.923E-01	2.733E-01	2.620E-01	27
copris_lunaris_3	sitophilus_zeamais_2	0.090	33	0.525	0.833	4.061E-01	2.955E-01	3.859E-01	2.576E-01	24
copris_lunaris_3	srr19974962_1	0.090	33	0.525	0.833	4.060E-01	2.954E-01	3.858E-01	2.575E-01	24
copris_lunaris_3	gdmq00000000_1	0.090	33	0.525	0.833	4.040E-01	2.937E-01	3.831E-01	2.565E-01	24
copris_lunaris_3	migdolus_fryanus_1	0.018	55	0.746	0.547	4.308E-01	2.962E-01	2.779E-01	2.560E-01	26
copris_lunaris_3	srr1562204_4	0.018	55	0.746	0.547	4.308E-01	2.962E-01	2.779E-01	2.560E-01	26
copris_lunaris_3	srr1562205_4	0.000	66	0.932	0.662	3.774E-01	3.186E-01	2.905E-01	2.558E-01	26
copris_lunaris_3	gdmj00000000_1	0.070	57	0.814	0.950	3.646E-01	2.835E-01	3.527E-01	2.500E-01	23
copris_lunaris_3	hydroscapha_redfordi_1	0.070	57	0.814	0.950	3.646E-01	2.835E-01	3.527E-01	2.500E-01	23
copris_lunaris_3	allokotarsa_sp_2	0.000	53	0.661	0.603	3.844E-01	2.973E-01	2.689E-01	2.446E-01	25
copris_lunaris_3	ghmd00000000_4	0.032	61	0.898	0.906	3.517E-01	2.247E-01	3.332E-01	2.240E-01	19
ghma00000000_1	ghma00000000_1	1.000	58	1.000	1.000	1.018E+00	1.000E+00	1.000E+00	1.000E+00	100
ghma00000000_1	catharsius_molossus_1	0.362	58	1.000	0.929	8.195E-01	5.759E-01	7.562E-01	6.104E-01	53
ghma00000000_1	gjbk00000000_1	0.362	58	1.000	0.929	8.195E-01	5.759E-01	7.562E-01	6.104E-01	53
ghma00000000_1	dichotomius_satanas_2	0.434	69	0.897	1.000	6.228E-01	5.575E-01	5.575E-01	5.218E-01	52
ghma00000000_1	gjbk00000000_2	0.375	64	0.793	0.951	6.733E-01	5.496E-01	5.271E-01	4.925E-01	50
ghma00000000_1	catharsius_molossus_2	0.375	64	0.793	0.951	6.732E-01	5.495E-01	5.270E-01	4.924E-01	50
ghma00000000_1	gkjr00000000_1	0.375	40	0.621	0.925	6.193E-01	4.317E-01	5.686E-01	4.328E-01	38
ghma00000000_1	ocypus_brunnipes_1	0.375	40	0.621	0.925	6.193E-01	4.317E-01	5.686E-01	4.328E-01	38
ghma00000000_1	srr2083703_1	0.375	40	0.621	0.925	6.193E-01	4.317E-01	5.686E-01	4.328E-01	38
ghma00000000_1	orphnus_sp_1	0.086	58	0.845	0.854	4.956E-01	3.818E-01	4.386E-01	3.548E-01	33
ghma00000000_1	gdmq00000000_1	0.000	33	0.362	0.917	5.916E-01	3.154E-01	4.705E-01	3.506E-01	29
ghma00000000_1	srr19974962_1	0.000	71	0.983	1.000	4.722E-01	3.140E-01	4.626E-01	3.417E-01	29
ghma00000000_1	sitophilus_zeamais_2	0.000	71	0.983	1.000	4.718E-01	3.139E-01	4.623E-01	3.413E-01	29
ghma00000000_1	euoniticellus_fulvus_1	0.040	50	0.741	0.938	5.122E-01	3.117E-01	4.843E-01	3.363E-01	28
ghma00000000_1	allokotarsa_sp_3	0.070	57	0.845	0.703	4.847E-01	4.094E-01	3.827E-01	3.352E-01	34
ghma00000000_1	migdolus_fryanus_4	0.034	58	0.845	0.647	4.791E-01	3.971E-01	3.547E-01	3.263E-01	34
ghma00000000_1	diphucephala_sp_3	0.063	47	0.638	0.939	4.838E-01	3.734E-01	4.139E-01	3.247E-01	31
ghma00000000_1	gkjd00000000_2	0.051	58	0.845	0.688	4.718E-01	3.938E-01	3.685E-01	3.242E-01	33
ghma00000000_1	gkjh00000000_2	0.072	69	0.845	0.831	4.199E-01	3.658E-01	3.611E-01	3.204E-01	32
ghma00000000_1	copris_lunaris_3	0.046	65	0.862	0.831	4.021E-01	3.578E-01	3.538E-01	2.979E-01	29
ghma00000000_1	byturus_ochraceus_1	0.041	48	0.793	0.667	4.512E-01	3.081E-01	3.661E-01	2.825E-01	26
ghma00000000_1	migdolus_fryanus_1	0.018	54	0.828	0.641	4.079E-01	3.404E-01	3.207E-01	2.728E-01	27
ghma00000000_1	srr1562204_4	0.018	54	0.828	0.641	4.079E-01	3.404E-01	3.207E-01	2.728E-01	27
ghma00000000_1	gbcx00000000_1	0.014	70	0.828	0.927	3.602E-01	3.143E-01	3.258E-01	2.713E-01	26
ghma00000000_1	gaco00000000_1	0.000	42	0.466	0.627	4.703E-01	3.240E-01	2.915E-01	2.668E-01	27
ghma00000000_1	ghmd00000000_4	0.031	64	0.914	0.969	3.775E-01	2.538E-01	3.683E-01	2.463E-01	22
anomala_sp_2	anomala_sp_2	1.000	59	1.000	1.000	1.017E+00	1.000E+00	1.000E+00	1.000E+00	100
anomala_sp_2	alurnus_ornatus_3	0.409	66	0.915	0.918	5.995E-01	5.491E-01	5.342E-01	5.008E-01	50
anomala_sp_2	gdof00000000_2	0.409	66	0.915	0.918	5.995E-01	5.491E-01	5.342E-01	5.008E-01	50
anomala_sp_2	gdmq00000000_1	0.032	31	0.525	0.694	6.100E-01	3.288E-01	4.886E-01	3.604E-01	30
anomala_sp_2	srr19974962_1	0.032	31	0.525	0.694	6.128E-01	3.287E-01	4.886E-01	3.596E-01	30
anomala_sp_2	sitophilus_zeamais_2	0.031	32	0.525	0.694	5.987E-01	3.244E-01	4.804E-01	3.573E-01	30
anomala_sp_2	gkjh00000000_2	0.238	63	0.915	0.864	4.631E-01	4.162E-01	4.162E-01	3.534E-01	35
anomala_sp_2	copris_lunaris_3	0.062	64	0.915	0.847	4.534E-01	4.061E-01	4.061E-01	3.377E-01	33
anomala_sp_2	gaco00000000_1	0.047	63	0.898	0.776	4.467E-01	4.101E-01	3.781E-01	3.269E-01	33
anomala_sp_2	srr1562205_4	0.032	61	0.864	0.647	4.145E-01	3.444E-01	3.133E-01	2.783E-01	28
anomala_sp_2	dichotomius_satanas_2	0.018	54	0.797	0.741	3.913E-01	3.318E-01	3.351E-01	2.672E-01	26
anomala_sp_2	gkjd00000000_2	0.052	57	0.847	0.641	3.572E-01	2.970E-01	2.829E-01	2.376E-01	24
anomala_sp_2	phyllotocus_sp_3	0.089	56	0.814	0.603	3.691E-01	2.922E-01	2.805E-01	2.362E-01	23
anomala_sp_2	srr1562205_1	0.013	75	0.983	0.844	3.102E-01	2.941E-01	2.808E-01	2.319E-01	23
anomala_sp_2	migdolus_fryanus_1	0.011	87	0.881	0.953	3.042E-01	2.771E-01	2.622E-01	2.289E-01	23
anomala_sp_2	srr1562204_4	0.011	87	0.881	0.953	3.042E-01	2.771E-01	2.622E-01	2.289E-01	23
hydroscapha_redfordi_1	gdmj00000000_1	1.000	40	1.000	1.000	1.026E+00	1.000E+00	1.000E+00	1.000E+00	100
hydroscapha_redfordi_1	hydroscapha_redfordi_1	1.000	40	1.000	1.000	1.026E+00	1.000E+00	1.000E+00	1.000E+00	100
hydroscapha_redfordi_1	ghxo00000000_6	0.714	42	1.000	1.000	8.860E-01	8.654E-01	8.654E-01	8.313E-01	83
hydroscapha_redfordi_1	aphodius_scrutator_2	0.131	38	0.800	0.857	5.341E-01	4.311E-01	4.742E-01	3.950E-01	37
hydroscapha_redfordi_1	ceutorhynchus_napi_1	0.025	40	0.975	1.000	5.364E-01	4.766E-01	5.290E-01	3.861E-01	38
hydroscapha_redfordi_1	ghma00000000_1	0.119	42	1.000	0.517	5.703E-01	4.780E-01	3.628E-01	3.597E-01	39
hydroscapha_redfordi_1	aphodius_haemorrhoidalis_1	0.036	55	1.000	0.719	4.481E-01	4.404E-01	3.106E-01	3.291E-01	37
hydroscapha_redfordi_1	ghmd00000000_4	0.083	36	0.675	0.906	4.534E-01	3.495E-01	4.078E-01	3.221E-01	30
hydroscapha_redfordi_1	microcara_testacea_1	0.030	33	0.475	0.623	5.992E-01	3.542E-01	2.774E-01	2.946E-01	32
hydroscapha_redfordi_1	alurnus_ornatus_3	0.035	56	0.925	0.787	4.341E-01	4.134E-01	3.180E-01	2.925E-01	31
hydroscapha_redfordi_1	gdof00000000_2	0.035	56	0.925	0.787	4.341E-01	4.134E-01	3.180E-01	2.925E-01	31
hydroscapha_redfordi_1	gaco00000000_1	0.069	43	0.700	0.537	4.554E-01	3.541E-01	2.390E-01	2.635E-01	30
hydroscapha_redfordi_1	copris_lunaris_3	0.000	67	1.000	0.881	3.299E-01	3.264E-01	2.642E-01	2.281E-01	23
srr1562205_1	srr1562205_1	1.000	64	1.000	1.000	1.016E+00	1.000E+00	1.000E+00	1.000E+00	100
srr1562205_1	orphnus_sp_1	0.258	58	0.906	1.000	8.443E-01	6.465E-01	8.295E-01	6.863E-01	60
srr1562205_1	allokotarsa_sp_3	0.233	60	0.906	0.906	7.634E-01	6.937E-01	6.937E-01	6.374E-01	63
srr1562205_1	lepiserica_sp_5	0.263	57	0.875	0.959	7.729E-01	5.841E-01	7.336E-01	6.102E-01	54
srr1562205_1	migdolus_fryanus_4	0.333	63	0.953	0.779	7.909E-01	6.632E-01	6.293E-01	6.042E-01	61
srr1562205_1	lepiserica_sp_4	0.333	51	0.781	0.766	8.198E-01	6.392E-01	6.392E-01	6.019E-01	60
srr1562205_1	gkjd00000000_2	0.307	52	0.797	0.750	8.243E-01	6.285E-01	6.285E-01	5.958E-01	59
srr1562205_1	srr1562205_4	0.333	63	0.953	0.779	7.805E-01	6.550E-01	6.217E-01	5.951E-01	60
srr1562205_1	phyllotocus_sp_3	0.271	59	0.922	0.778	8.032E-01	6.278E-01	6.365E-01	5.940E-01	59
srr1562205_1	srr1562204_2	0.281	64	0.922	0.794	7.020E-01	5.983E-01	5.678E-01	5.445E-01	55
srr1562205_1	migdolus_fryanus_1	0.596	62	0.859	0.922	6.806E-01	5.969E-01	5.969E-01	5.419E-01	54
srr1562205_1	srr1562204_4	0.596	62	0.859	0.922	6.806E-01	5.969E-01	5.969E-01	5.419E-01	54
srr1562205_1	serica_brunnea_1	0.280	50	0.734	0.787	7.062E-01	5.375E-01	5.601E-01	5.166E-01	50
srr1562205_1	gkjd00000000_3	0.265	49	0.703	0.770	7.295E-01	5.321E-01	5.548E-01	5.116E-01	50
srr1562205_1	allokotarsa_sp_2	0.133	75	0.828	0.971	6.250E-01	5.249E-01	4.983E-01	4.784E-01	48
srr1562205_1	aphodius_haemorrhoidalis_1	0.073	68	0.875	0.844	5.363E-01	4.657E-01	4.657E-01	4.147E-01	41
srr1562205_1	gbcx00000000_1	0.031	63	0.703	0.909	4.811E-01	3.629E-01	4.085E-01	3.435E-01	32
srr1562205_1	alurnus_ornatus_3	0.063	79	0.969	1.000	4.118E-01	3.956E-01	4.076E-01	3.321E-01	32
srr1562205_1	gdof00000000_2	0.063	79	0.969	1.000	4.118E-01	3.956E-01	4.076E-01	3.321E-01	32
srr1562205_1	ghma00000000_1	0.053	56	0.672	0.845	4.744E-01	3.694E-01	3.947E-01	3.215E-01	31
srr1562205_1	gkjr00000000_1	0.025	40	0.344	0.975	6.010E-01	2.789E-01	4.147E-01	3.171E-01	26
srr1562205_1	ocypus_brunnipes_1	0.025	40	0.344	0.975	6.010E-01	2.789E-01	4.147E-01	3.171E-01	26
srr1562205_1	srr2083703_1	0.025	40	0.344	0.975	6.010E-01	2.789E-01	4.147E-01	3.171E-01	26
srr1562205_1	gdmq00000000_1	0.085	35	0.531	0.750	4.653E-01	2.972E-01	4.286E-01	2.866E-01	26
srr1562205_1	microcara_testacea_1	0.074	54	0.625	0.736	4.343E-01	2.907E-01	3.387E-01	2.847E-01	26
srr1562205_1	copris_lunaris_3	0.000	34	0.422	0.559	5.244E-01	2.941E-01	3.142E-01	2.789E-01	27
srr1562205_1	sitophilus_zeamais_2	0.090	33	0.516	0.750	4.421E-01	2.896E-01	4.100E-01	2.740E-01	25
srr1562205_1	srr19974962_1	0.090	33	0.516	0.750	4.417E-01	2.894E-01	4.096E-01	2.737E-01	25
srr1562205_1	gaco00000000_1	0.166	60	0.656	0.716	4.165E-01	2.993E-01	2.890E-01	2.736E-01	27
srr1562205_1	gjbk00000000_2	0.015	66	0.688	0.967	3.916E-01	3.171E-01	3.265E-01	2.661E-01	26
srr1562205_1	catharsius_molossus_2	0.015	66	0.688	0.967	3.915E-01	3.171E-01	3.265E-01	2.660E-01	26
srr1562205_1	catharsius_molossus_1	0.024	41	0.391	0.857	4.018E-01	2.330E-01	3.157E-01	2.372E-01	21
srr1562205_1	gjbk00000000_1	0.024	41	0.391	0.857	4.018E-01	2.330E-01	3.157E-01	2.372E-01	21
srr1562205_1	anomala_sp_2	0.013	75	0.844	0.983	3.102E-01	2.808E-01	2.941E-01	2.319E-01	22
gdmj00000000_1	gdmj00000000_1	1.000	40	1.000	1.000	1.026E+00	1.000E+00	1.000E+00	1.000E+00	100
gdmj00000000_1	hydroscapha_redfordi_1	1.000	40	1.000	1.000	1.026E+00	1.000E+00	1.000E+00	1.000E+00	100
gdmj00000000_1	ghxo00000000_6	0.714	42	1.000	1.000	8.860E-01	8.654E-01	8.654E-01	8.313E-01	83
gdmj00000000_1	aphodius_scrutator_2	0.131	38	0.800	0.857	5.341E-01	4.311E-01	4.742E-01	3.950E-01	37
gdmj00000000_1	ceutorhynchus_napi_1	0.025	40	0.975	1.000	5.364E-01	4.766E-01	5.290E-01	3.861E-01	38
gdmj00000000_1	ghma00000000_1	0.119	42	1.000	0.517	5.703E-01	4.780E-01	3.628E-01	3.597E-01	39
gdmj00000000_1	aphodius_haemorrhoidalis_1	0.036	55	1.000	0.719	4.481E-01	4.404E-01	3.106E-01	3.291E-01	37
gdmj00000000_1	ghmd00000000_4	0.083	36	0.675	0.906	4.534E-01	3.495E-01	4.078E-01	3.221E-01	30
gdmj00000000_1	microcara_testacea_1	0.030	33	0.475	0.623	5.992E-01	3.542E-01	2.774E-01	2.946E-01	32
gdmj00000000_1	alurnus_ornatus_3	0.035	56	0.925	0.787	4.341E-01	4.134E-01	3.180E-01	2.925E-01	31
gdmj00000000_1	gdof00000000_2	0.035	56	0.925	0.787	4.341E-01	4.134E-01	3.180E-01	2.925E-01	31
gdmj00000000_1	gaco00000000_1	0.069	43	0.700	0.537	4.554E-01	3.541E-01	2.390E-01	2.635E-01	30
gdmj00000000_1	copris_lunaris_3	0.000	67	1.000	0.881	3.299E-01	3.264E-01	2.642E-01	2.281E-01	23
brassicogethes_aeneus_2	brassicogethes_aeneus_2	1.000	33	1.000	1.000	1.031E+00	1.000E+00	1.000E+00	1.000E+00	100
brassicogethes_aeneus_2	ceutorhynchus_napi_3	1.000	33	1.000	1.000	1.031E+00	1.000E+00	1.000E+00	1.000E+00	100
brassicogethes_aeneus_2	psylliodes_chrysocephalus_1	1.000	33	1.000	1.000	9.295E-01	9.059E-01	9.059E-01	8.110E-01	81
brassicogethes_aeneus_2	gjvn00000000_1	0.969	33	1.000	1.000	8.516E-01	8.329E-01	8.329E-01	7.008E-01	70
brassicogethes_aeneus_2	sitophilus_oryzae_2	0.242	33	1.000	0.722	6.083E-01	5.314E-01	5.025E-01	4.271E-01	43
diphucephala_sp_2	diphucephala_sp_2	1.000	49	1.000	1.000	1.021E+00	1.000E+00	1.000E+00	1.000E+00	100
diphucephala_sp_2	gkke00000000_2	1.000	49	1.000	1.000	1.021E+00	1.000E+00	1.000E+00	1.000E+00	100
diphucephala_sp_2	gkke00000000_1	1.000	49	1.000	1.000	1.021E+00	1.000E+00	1.000E+00	9.999E-01	99
diphucephala_sp_2	diphucephala_sp_3	0.920	50	1.000	1.000	8.724E-01	8.565E-01	8.565E-01	8.091E-01	80
diphucephala_sp_2	dichotomius_satanas_2	0.080	62	0.939	0.879	4.149E-01	3.934E-01	3.516E-01	3.130E-01	32
diphucephala_sp_2	lepiserica_sp_5	0.000	27	0.469	0.510	5.862E-01	3.172E-01	3.172E-01	2.989E-01	29
diphucephala_sp_2	catharsius_molossus_1	0.090	44	0.837	0.762	4.271E-01	3.468E-01	3.781E-01	2.981E-01	28
diphucephala_sp_2	gjbk00000000_1	0.090	44	0.837	0.762	4.271E-01	3.468E-01	3.781E-01	2.981E-01	28
diphucephala_sp_2	allokotarsa_sp_2	0.074	54	0.816	0.676	4.154E-01	3.698E-01	3.007E-01	2.794E-01	30
diphucephala_sp_2	gbcx00000000_1	0.035	56	0.714	0.873	4.126E-01	3.397E-01	3.154E-01	2.717E-01	27
diphucephala_sp_2	aphodius_haemorrhoidalis_1	0.016	60	0.837	0.766	3.923E-01	3.504E-01	2.960E-01	2.684E-01	28
diphucephala_sp_2	gkjd00000000_3	0.012	78	1.000	1.000	3.508E-01	3.469E-01	3.044E-01	2.625E-01	27
diphucephala_sp_2	gaco00000000_1	0.013	72	0.918	0.866	3.675E-01	3.461E-01	2.832E-01	2.609E-01	27
diphucephala_sp_2	orphnus_sp_1	0.018	55	1.000	0.625	3.899E-01	3.057E-01	3.097E-01	2.514E-01	25
diphucephala_sp_2	srr1562204_2	0.029	68	0.918	0.721	3.370E-01	3.169E-01	2.513E-01	2.425E-01	26
diphucephala_sp_2	serica_brunnea_1	0.025	79	1.000	1.000	3.298E-01	3.265E-01	2.888E-01	2.423E-01	24
diphucephala_sp_2	lepiserica_sp_4	0.045	44	0.735	0.547	3.637E-01	3.081E-01	2.600E-01	2.333E-01	24
diphucephala_sp_2	allokotarsa_sp_3	0.038	26	0.490	0.391	3.512E-01	2.765E-01	2.300E-01	2.156E-01	23
