MC25_sitophilus_oryzae_2	AF-P0CJ22-F1-model_v6	0.055	36	36	37	0.861	0.865	6.064E-01	5.373E-01	5.268E-01	4.623E-01	46	AF-P0CJ22-F1-model_v6 Neuropeptide Y1-like conopeptide
MC25_sitophilus_oryzae_2	AF-P0CJ23-F1-model_v6	0.057	35	36	37	0.861	0.865	6.073E-01	5.398E-01	5.295E-01	4.611E-01	46	AF-P0CJ23-F1-model_v6 Neuropeptide Y2-like conopeptide
MC25_sitophilus_oryzae_2	AF-Q69Z14-F1-model_v6	0.090	44	36	67	0.861	0.657	7.300E-01	6.512E-01	3.940E-01	4.571E-01	54	AF-Q69Z14-F1-model_v6 V-type proton ATPase subunit e
MC25_sitophilus_oryzae_2	AF-P81028-F1-model_v6	0.108	37	36	36	0.917	0.861	6.008E-01	5.311E-01	5.311E-01	4.561E-01	45	AF-P81028-F1-model_v6 Peptide YY-like
MC25_sitophilus_oryzae_2	AF-P80167-F1-model_v6	0.105	38	36	36	1.000	0.750	6.436E-01	5.328E-01	5.328E-01	4.484E-01	44	AF-P80167-F1-model_v6 Neuropeptide Y
MC25_sitophilus_oryzae_2	AF-O28043-F1-model_v6	0.068	44	36	63	0.917	0.683	6.298E-01	5.863E-01	3.855E-01	4.154E-01	47	AF-O28043-F1-model_v6 Uncharacterized protein AF_2240
MC25_sitophilus_oryzae_2	AF-O31819-F1-model_v6	0.025	40	36	57	0.917	0.596	5.781E-01	5.297E-01	3.639E-01	4.079E-01	47	AF-O31819-F1-model_v6 Aspartyl-phosphate phosphatase YnzD
MC25_sitophilus_oryzae_2	AF-Q8EUW1-F1-model_v6	0.036	55	36	94	1.000	0.532	6.331E-01	6.206E-01	2.788E-01	4.037E-01	54	AF-Q8EUW1-F1-model_v6 Nucleoid-associated protein MYPE8070
MC25_sitophilus_oryzae_2	AF-Q74AR8-F1-model_v6	0.050	60	36	150	0.944	0.393	7.422E-01	6.978E-01	2.002E-01	4.032E-01	61	AF-Q74AR8-F1-model_v6 Endoribonuclease YbeY
MC25_sitophilus_oryzae_2	AF-B5ZAS3-F1-model_v6	0.000	55	36	99	1.000	0.505	6.448E-01	6.318E-01	2.689E-01	4.031E-01	54	AF-B5ZAS3-F1-model_v6 Nucleoid-associated protein UUR10_0100
MC25_sitophilus_oryzae_2	AF-O34604-F1-model_v6	0.047	63	36	76	0.889	0.829	6.489E-01	5.895E-01	3.262E-01	4.006E-01	49	AF-O34604-F1-model_v6 Uncharacterized protein YvkN
MC25_sitophilus_oryzae_2	AF-Q39T29-F1-model_v6	0.050	60	36	150	0.944	0.393	7.391E-01	6.953E-01	2.000E-01	4.003E-01	60	AF-Q39T29-F1-model_v6 Endoribonuclease YbeY
MC25_sitophilus_oryzae_2	AF-Q9PR57-F1-model_v6	0.000	55	36	99	1.000	0.505	6.420E-01	6.292E-01	2.685E-01	4.001E-01	54	AF-Q9PR57-F1-model_v6 Nucleoid-associated protein UU088
MC25_sitophilus_oryzae_2	AF-P39609-F1-model_v6	0.015	66	36	82	0.944	0.768	6.335E-01	5.960E-01	3.036E-01	3.995E-01	51	AF-P39609-F1-model_v6 Uncharacterized protein YwdA
MC25_sitophilus_oryzae_2	AF-B1AI74-F1-model_v6	0.000	55	36	99	1.000	0.505	6.405E-01	6.278E-01	2.681E-01	3.989E-01	54	AF-B1AI74-F1-model_v6 Nucleoid-associated protein UPA3_0088
MC25_sitophilus_oryzae_2	AF-O68253-F1-model_v6	0.054	37	36	74	0.861	0.473	6.479E-01	5.778E-01	3.246E-01	3.985E-01	49	AF-O68253-F1-model_v6 Probable tetrachloroethene reductive dehalogenase membrane anchor protein
MC25_sitophilus_oryzae_2	AF-P64472-F1-model_v6	0.097	41	36	78	0.833	0.526	6.645E-01	5.788E-01	3.158E-01	3.961E-01	49	AF-P64472-F1-model_v6 Uncharacterized protein YdhI
MC25_sitophilus_oryzae_2	AF-Q9Z9E2-F1-model_v6	0.000	55	36	96	1.000	0.521	6.249E-01	6.128E-01	2.729E-01	3.955E-01	53	AF-Q9Z9E2-F1-model_v6 Nucleoid-associated protein CPn_0039/CP_0736/CPj0039/CpB0043
MC25_sitophilus_oryzae_2	AF-P64473-F1-model_v6	0.097	41	36	78	0.806	0.526	6.854E-01	5.857E-01	3.127E-01	3.951E-01	49	AF-P64473-F1-model_v6 Uncharacterized protein YdhI
MC25_sitophilus_oryzae_2	AF-Q823S6-F1-model_v6	0.018	55	36	96	1.000	0.521	6.267E-01	6.143E-01	2.721E-01	3.951E-01	53	AF-Q823S6-F1-model_v6 Nucleoid-associated protein CCA_00330
MC25_sitophilus_oryzae_2	AF-P64471-F1-model_v6	0.097	41	36	78	0.806	0.526	6.854E-01	5.846E-01	3.124E-01	3.951E-01	49	AF-P64471-F1-model_v6 Uncharacterized protein YdhI
MC25_sitophilus_oryzae_2	AF-B0B7Q3-F1-model_v6	0.035	56	36	96	1.000	0.521	6.243E-01	6.116E-01	2.702E-01	3.948E-01	53	AF-B0B7Q3-F1-model_v6 Nucleoid-associated protein CTL0589
MC25_sitophilus_oryzae_2	AF-Q5L6F1-F1-model_v6	0.018	55	36	96	1.000	0.521	6.314E-01	6.188E-01	2.728E-01	3.947E-01	52	AF-Q5L6F1-F1-model_v6 Nucleoid-associated protein CAB326
MC25_sitophilus_oryzae_2	AF-Q3KM24-F1-model_v6	0.035	56	36	96	1.000	0.521	6.243E-01	6.116E-01	2.701E-01	3.946E-01	53	AF-Q3KM24-F1-model_v6 Nucleoid-associated protein CTA_0363
MC25_sitophilus_oryzae_2	AF-Q9P9T3-F1-model_v6	0.000	31	36	77	0.833	0.390	6.700E-01	5.778E-01	3.097E-01	3.943E-01	49	AF-Q9P9T3-F1-model_v6 Uncharacterized protein XF_1567/XF_1672
MC25_sitophilus_oryzae_2	AF-Q9PK58-F1-model_v6	0.036	55	36	96	1.000	0.521	6.253E-01	6.129E-01	2.711E-01	3.942E-01	52	AF-Q9PK58-F1-model_v6 Nucleoid-associated protein TC_0612
MC25_sitophilus_oryzae_2	AF-O84339-F1-model_v6	0.035	56	36	96	1.000	0.521	6.235E-01	6.108E-01	2.700E-01	3.938E-01	52	AF-O84339-F1-model_v6 Nucleoid-associated protein CT_335
MC25_sitophilus_oryzae_2	AF-A1QZS2-F1-model_v6	0.038	26	36	66	0.667	0.394	7.021E-01	5.443E-01	3.244E-01	3.903E-01	47	AF-A1QZS2-F1-model_v6 Large ribosomal subunit protein uL29
MC25_sitophilus_oryzae_2	AF-B0BBW8-F1-model_v6	0.036	55	36	96	1.000	0.521	6.185E-01	6.064E-01	2.698E-01	3.901E-01	52	AF-B0BBW8-F1-model_v6 Nucleoid-associated protein CTLon_0586
MC25_sitophilus_oryzae_2	AF-P81309-F1-model_v6	0.043	46	36	82	0.917	0.537	6.296E-01	5.818E-01	2.976E-01	3.894E-01	49	AF-P81309-F1-model_v6 Uncharacterized protein MJ0526.1
MC25_sitophilus_oryzae_2	AF-Q969L4-F1-model_v6	0.000	103	36	123	0.861	0.829	7.267E-01	6.410E-01	2.220E-01	3.893E-01	56	AF-Q969L4-F1-model_v6 U7 snRNA-associated Sm-like protein LSm10
MC25_sitophilus_oryzae_2	AF-Q3C258-F1-model_v6	0.071	42	36	70	0.917	0.571	6.063E-01	5.628E-01	3.379E-01	3.891E-01	46	AF-Q3C258-F1-model_v6 U-actitoxin-Aeq5a
MC25_sitophilus_oryzae_2	AF-B0B7P7-F1-model_v6	0.050	40	36	72	1.000	0.444	6.150E-01	5.582E-01	3.178E-01	3.850E-01	47	AF-B0B7P7-F1-model_v6 Exodeoxyribonuclease 7 small subunit
MC25_sitophilus_oryzae_2	AF-Q01246-F1-model_v6	0.048	41	36	66	0.944	0.545	5.660E-01	5.361E-01	3.397E-01	3.818E-01	45	AF-Q01246-F1-model_v6 Type 3 secretion system chaperone YscE
MC25_sitophilus_oryzae_2	AF-O68692-F1-model_v6	0.024	41	36	66	0.944	0.545	5.670E-01	5.372E-01	3.407E-01	3.818E-01	45	AF-O68692-F1-model_v6 Type 3 secretion system chaperone YscE
MC25_sitophilus_oryzae_2	AF-P0DUE4-F1-model_v6	0.038	78	36	82	1.000	0.927	5.943E-01	5.847E-01	3.184E-01	3.812E-01	46	AF-P0DUE4-F1-model_v6 DinI-like protein Z3305/ECs2939 in prophage CP-933V
MC25_sitophilus_oryzae_2	AF-Q61835-F1-model_v6	0.017	56	36	88	0.861	0.636	6.606E-01	5.856E-01	2.821E-01	3.809E-01	49	AF-Q61835-F1-model_v6 FXYD domain-containing ion transport regulator 3
MC25_sitophilus_oryzae_2	AF-A1RC71-F1-model_v6	0.042	71	36	112	1.000	0.625	6.321E-01	6.204E-01	2.514E-01	3.805E-01	52	AF-A1RC71-F1-model_v6 UPF0060 membrane protein AAur_4166
MC25_sitophilus_oryzae_2	AF-Q8QZX5-F1-model_v6	0.000	107	36	122	0.944	0.869	6.739E-01	6.352E-01	2.322E-01	3.800E-01	53	AF-Q8QZX5-F1-model_v6 U7 snRNA-associated Sm-like protein LSm10
MC25_sitophilus_oryzae_2	AF-B0JWX2-F1-model_v6	0.016	123	36	145	1.000	0.848	6.870E-01	6.760E-01	2.196E-01	3.795E-01	54	AF-B0JWX2-F1-model_v6 Putative pre-16S rRNA nuclease
MC25_sitophilus_oryzae_2	AF-P81103-F1-model_v6	0.076	39	36	81	0.889	0.481	6.218E-01	5.739E-01	3.129E-01	3.794E-01	46	AF-P81103-F1-model_v6 V-type proton ATPase subunit e 1
MC25_sitophilus_oryzae_2	AF-P43805-F1-model_v6	0.051	39	36	106	0.861	0.368	6.903E-01	6.228E-01	2.583E-01	3.790E-01	51	AF-P43805-F1-model_v6 Protein translocase subunit SecE
MC25_sitophilus_oryzae_2	AF-O15342-F1-model_v6	0.076	39	36	81	0.889	0.481	6.206E-01	5.731E-01	3.128E-01	3.787E-01	46	AF-O15342-F1-model_v6 V-type proton ATPase subunit e 1
MC25_sitophilus_oryzae_2	AF-Q5RAV0-F1-model_v6	0.076	39	36	81	0.889	0.481	6.203E-01	5.727E-01	3.126E-01	3.786E-01	46	AF-Q5RAV0-F1-model_v6 V-type proton ATPase subunit e 1
MC25_sitophilus_oryzae_2	AF-Q9PTW3-F1-model_v6	0.038	77	36	76	0.833	0.961	6.372E-01	5.477E-01	2.910E-01	3.783E-01	47	AF-Q9PTW3-F1-model_v6 Frizzled-3 (Fragment)
MC25_sitophilus_oryzae_2	AF-A0A1W2PQU2-F1-model_v6	0.075	40	36	76	0.861	0.500	6.207E-01	5.510E-01	3.017E-01	3.775E-01	47	AF-A0A1W2PQU2-F1-model_v6 KANTR integral membrane protein
MC25_sitophilus_oryzae_2	AF-Q09158-F1-model_v6	0.032	62	36	108	0.972	0.565	6.335E-01	6.128E-01	2.600E-01	3.772E-01	50	AF-Q09158-F1-model_v6 Nitrogenase iron protein (Fragment)
MC25_sitophilus_oryzae_2	AF-Q9CQD8-F1-model_v6	0.081	37	36	81	0.861	0.457	6.387E-01	5.821E-01	3.150E-01	3.771E-01	46	AF-Q9CQD8-F1-model_v6 V-type proton ATPase subunit e 1
MC25_sitophilus_oryzae_2	AF-Q9BDP4-F1-model_v6	0.081	37	36	81	0.889	0.444	6.304E-01	5.784E-01	3.093E-01	3.771E-01	46	AF-Q9BDP4-F1-model_v6 V-type proton ATPase subunit e 1
MC25_sitophilus_oryzae_2	AF-Q9XL48-F1-model_v6	0.000	45	36	98	0.944	0.429	6.306E-01	5.943E-01	2.595E-01	3.770E-01	50	AF-Q9XL48-F1-model_v6 NADH-ubiquinone oxidoreductase chain 4L
MC25_sitophilus_oryzae_2	AF-Q24PU6-F1-model_v6	0.070	71	36	108	1.000	0.648	6.207E-01	6.089E-01	2.575E-01	3.770E-01	51	AF-Q24PU6-F1-model_v6 UPF0060 membrane protein DSY4157
MC25_sitophilus_oryzae_2	AF-Q86BE9-F1-model_v6	0.066	60	36	101	1.000	0.554	6.094E-01	5.975E-01	2.563E-01	3.769E-01	51	AF-Q86BE9-F1-model_v6 Gamma-secretase subunit pen-2
MC25_sitophilus_oryzae_2	AF-Q7Y8J9-F1-model_v6	0.044	45	36	98	0.944	0.429	6.327E-01	5.963E-01	2.615E-01	3.767E-01	50	AF-Q7Y8J9-F1-model_v6 NADH-ubiquinone oxidoreductase chain 4L
MC25_sitophilus_oryzae_2	AF-Q794C0-F1-model_v6	0.081	37	36	81	0.861	0.457	6.384E-01	5.818E-01	3.150E-01	3.765E-01	46	AF-Q794C0-F1-model_v6 V-type proton ATPase subunit e 1
MC25_sitophilus_oryzae_2	AF-Q6QI68-F1-model_v6	0.050	59	36	101	1.000	0.554	6.018E-01	5.906E-01	2.585E-01	3.756E-01	50	AF-Q6QI68-F1-model_v6 Gamma-secretase subunit PEN-2
MC25_sitophilus_oryzae_2	AF-P15554-F1-model_v6	0.044	45	36	97	0.944	0.433	6.233E-01	5.881E-01	2.613E-01	3.752E-01	50	AF-P15554-F1-model_v6 NADH-ubiquinone oxidoreductase chain 4L
MC25_sitophilus_oryzae_2	AF-Q5G235-F1-model_v6	0.067	59	36	101	1.000	0.554	6.010E-01	5.898E-01	2.581E-01	3.751E-01	50	AF-Q5G235-F1-model_v6 Gamma-secretase subunit PEN-2
MC25_sitophilus_oryzae_2	AF-Q9XL62-F1-model_v6	0.000	48	36	98	0.917	0.480	6.280E-01	5.837E-01	2.634E-01	3.734E-01	49	AF-Q9XL62-F1-model_v6 NADH-ubiquinone oxidoreductase chain 4L
MC25_sitophilus_oryzae_2	AF-Q04QI5-F1-model_v6	0.044	67	36	142	1.000	0.465	6.459E-01	6.326E-01	1.999E-01	3.733E-01	55	AF-Q04QI5-F1-model_v6 Large ribosomal subunit protein uL11
MC25_sitophilus_oryzae_2	AF-Q7GF83-F1-model_v6	0.000	45	36	98	0.944	0.429	6.270E-01	5.914E-01	2.605E-01	3.731E-01	49	AF-Q7GF83-F1-model_v6 NADH-ubiquinone oxidoreductase chain 4L
MC25_sitophilus_oryzae_2	AF-Q4L6M3-F1-model_v6	0.025	40	36	76	0.944	0.461	5.792E-01	5.469E-01	3.039E-01	3.729E-01	46	AF-Q4L6M3-F1-model_v6 Exodeoxyribonuclease 7 small subunit
MC25_sitophilus_oryzae_2	AF-O21783-F1-model_v6	0.000	45	36	98	0.944	0.429	6.262E-01	5.907E-01	2.603E-01	3.727E-01	49	AF-O21783-F1-model_v6 NADH-ubiquinone oxidoreductase chain 4L
MC25_sitophilus_oryzae_2	AF-P62436-F1-model_v6	0.044	67	36	142	1.000	0.465	6.408E-01	6.279E-01	1.997E-01	3.722E-01	55	AF-P62436-F1-model_v6 Large ribosomal subunit protein uL11
MC25_sitophilus_oryzae_2	AF-B0SSI8-F1-model_v6	0.044	67	36	141	1.000	0.468	6.433E-01	6.301E-01	2.007E-01	3.721E-01	55	AF-B0SSI8-F1-model_v6 Large ribosomal subunit protein uL11
MC25_sitophilus_oryzae_2	AF-Q054E6-F1-model_v6	0.044	67	36	142	1.000	0.465	6.440E-01	6.307E-01	1.996E-01	3.721E-01	55	AF-Q054E6-F1-model_v6 Large ribosomal subunit protein uL11
MC25_sitophilus_oryzae_2	AF-Q5BU77-F1-model_v6	0.000	45	36	98	0.944	0.429	6.262E-01	5.911E-01	2.609E-01	3.719E-01	49	AF-Q5BU77-F1-model_v6 NADH-ubiquinone oxidoreductase chain 4L
MC25_sitophilus_oryzae_2	AF-B0SAG5-F1-model_v6	0.044	67	36	141	1.000	0.468	6.436E-01	6.304E-01	2.008E-01	3.719E-01	55	AF-B0SAG5-F1-model_v6 Large ribosomal subunit protein uL11
MC25_sitophilus_oryzae_2	AF-Q8CP39-F1-model_v6	0.025	39	36	76	0.944	0.461	5.761E-01	5.446E-01	3.075E-01	3.717E-01	45	AF-Q8CP39-F1-model_v6 Exodeoxyribonuclease 7 small subunit
MC25_sitophilus_oryzae_2	AF-A5U5Z1-F1-model_v6	0.056	71	36	110	1.000	0.636	6.171E-01	6.059E-01	2.525E-01	3.715E-01	50	AF-A5U5Z1-F1-model_v6 UPF0060 membrane protein MRA_2668
MC25_sitophilus_oryzae_2	AF-P26481-F1-model_v6	0.027	36	36	109	0.806	0.330	7.012E-01	6.024E-01	2.369E-01	3.714E-01	51	AF-P26481-F1-model_v6 Nitrogenase-stabilizing/protective protein NifW
MC25_sitophilus_oryzae_2	AF-A7X2P9-F1-model_v6	0.025	40	36	76	0.944	0.461	5.765E-01	5.449E-01	3.043E-01	3.709E-01	45	AF-A7X2P9-F1-model_v6 Exodeoxyribonuclease 7 small subunit
MC25_sitophilus_oryzae_2	AF-Q2FY47-F1-model_v6	0.025	40	36	76	0.944	0.461	5.766E-01	5.449E-01	3.044E-01	3.706E-01	45	AF-Q2FY47-F1-model_v6 Exodeoxyribonuclease 7 small subunit
MC25_sitophilus_oryzae_2	AF-P67460-F1-model_v6	0.025	40	36	76	0.944	0.461	5.762E-01	5.446E-01	3.043E-01	3.705E-01	45	AF-P67460-F1-model_v6 Exodeoxyribonuclease 7 small subunit
MC25_sitophilus_oryzae_2	AF-O21558-F1-model_v6	0.022	45	36	98	0.944	0.429	6.223E-01	5.877E-01	2.604E-01	3.698E-01	49	AF-O21558-F1-model_v6 NADH-ubiquinone oxidoreductase chain 4L
MC25_sitophilus_oryzae_2	AF-Q8ZQX4-F1-model_v6	0.000	52	36	110	1.000	0.464	6.145E-01	6.042E-01	2.538E-01	3.693E-01	49	AF-Q8ZQX4-F1-model_v6 Uncharacterized lipoprotein ChiQ
MC25_sitophilus_oryzae_2	AF-P55397-F1-model_v6	0.083	36	36	99	0.861	0.323	6.656E-01	5.880E-01	2.459E-01	3.689E-01	50	AF-P55397-F1-model_v6 Probable conjugal transfer protein TrbD
MC25_sitophilus_oryzae_2	AF-A5IT51-F1-model_v6	0.000	40	36	76	0.944	0.461	5.802E-01	5.499E-01	3.084E-01	3.689E-01	45	AF-A5IT51-F1-model_v6 Exodeoxyribonuclease 7 small subunit
MC25_sitophilus_oryzae_2	AF-P67149-F1-model_v6	0.027	74	36	108	0.972	0.676	6.166E-01	5.928E-01	2.462E-01	3.689E-01	50	AF-P67149-F1-model_v6 UPF0060 membrane protein SA2130
MC25_sitophilus_oryzae_2	AF-Q6G943-F1-model_v6	0.000	40	36	76	0.944	0.461	5.791E-01	5.489E-01	3.082E-01	3.681E-01	44	AF-Q6G943-F1-model_v6 Exodeoxyribonuclease 7 small subunit
MC25_sitophilus_oryzae_2	AF-Q97HD1-F1-model_v6	0.050	40	36	77	0.944	0.455	5.746E-01	5.429E-01	2.983E-01	3.680E-01	45	AF-Q97HD1-F1-model_v6 Exodeoxyribonuclease 7 small subunit
MC25_sitophilus_oryzae_2	AF-B3PM35-F1-model_v6	0.023	84	36	95	0.833	0.884	6.532E-01	5.772E-01	2.660E-01	3.680E-01	48	AF-B3PM35-F1-model_v6 Nucleoid-associated protein MARTH_orf159
MC25_sitophilus_oryzae_2	AF-A1TAK2-F1-model_v6	0.042	71	36	108	1.000	0.648	6.138E-01	6.031E-01	2.576E-01	3.678E-01	49	AF-A1TAK2-F1-model_v6 UPF0060 membrane protein Mvan_3406
MC25_sitophilus_oryzae_2	AF-O84673-F1-model_v6	0.025	80	36	83	1.000	0.843	5.561E-01	5.442E-01	2.650E-01	3.676E-01	48	AF-O84673-F1-model_v6 Uncharacterized protein CT_666
MC25_sitophilus_oryzae_2	AF-Q9ANL1-F1-model_v6	0.027	36	36	113	0.806	0.319	7.082E-01	6.061E-01	2.297E-01	3.674E-01	51	AF-Q9ANL1-F1-model_v6 Nitrogenase-stabilizing/protective protein NifW
MC25_sitophilus_oryzae_2	AF-Q5HDL7-F1-model_v6	0.027	74	36	108	0.972	0.676	6.151E-01	5.914E-01	2.461E-01	3.673E-01	50	AF-Q5HDL7-F1-model_v6 UPF0060 membrane protein SACOL2333
MC25_sitophilus_oryzae_2	AF-Q9PIQ3-F1-model_v6	0.024	82	36	133	1.000	0.594	6.225E-01	6.101E-01	2.050E-01	3.667E-01	53	AF-Q9PIQ3-F1-model_v6 Bacteriohemerythrin
MC25_sitophilus_oryzae_2	AF-Q2FGL1-F1-model_v6	0.000	40	36	76	0.944	0.461	5.809E-01	5.505E-01	3.086E-01	3.667E-01	44	AF-Q2FGL1-F1-model_v6 Exodeoxyribonuclease 7 small subunit
MC25_sitophilus_oryzae_2	AF-A6U1Z4-F1-model_v6	0.000	40	36	76	0.944	0.461	5.807E-01	5.504E-01	3.086E-01	3.667E-01	44	AF-A6U1Z4-F1-model_v6 Exodeoxyribonuclease 7 small subunit
MC25_sitophilus_oryzae_2	AF-B2HEY1-F1-model_v6	0.056	71	36	110	1.000	0.636	6.104E-01	6.000E-01	2.529E-01	3.663E-01	49	AF-B2HEY1-F1-model_v6 UPF0060 membrane protein MMAR_2961
MC25_sitophilus_oryzae_2	AF-A6U465-F1-model_v6	0.070	71	36	108	1.000	0.648	6.082E-01	5.975E-01	2.543E-01	3.663E-01	49	AF-A6U465-F1-model_v6 UPF0060 membrane protein SaurJH1_2408
MC25_sitophilus_oryzae_2	AF-A5IVC1-F1-model_v6	0.070	71	36	108	1.000	0.648	6.076E-01	5.966E-01	2.543E-01	3.661E-01	49	AF-A5IVC1-F1-model_v6 UPF0060 membrane protein SaurJH9_2364
MC25_sitophilus_oryzae_2	AF-Q9CWB5-F1-model_v6	0.008	115	36	130	1.000	0.885	6.395E-01	6.291E-01	2.339E-01	3.660E-01	50	AF-Q9CWB5-F1-model_v6 Pyroglutamyl-peptidase 1-like protein
MC25_sitophilus_oryzae_2	AF-Q13TF8-F1-model_v6	0.059	67	36	143	1.000	0.462	6.350E-01	6.222E-01	1.975E-01	3.660E-01	54	AF-Q13TF8-F1-model_v6 Large ribosomal subunit protein uL11
MC25_sitophilus_oryzae_2	AF-B5FBS8-F1-model_v6	0.010	92	36	120	0.889	0.758	6.773E-01	6.180E-01	2.241E-01	3.658E-01	51	AF-B5FBS8-F1-model_v6 Fumarate reductase subunit D
MC25_sitophilus_oryzae_2	AF-C1DH23-F1-model_v6	0.000	41	36	115	0.833	0.357	6.939E-01	6.061E-01	2.289E-01	3.657E-01	51	AF-C1DH23-F1-model_v6 Nitrogenase-stabilizing/protective protein NifW
MC25_sitophilus_oryzae_2	AF-P65641-F1-model_v6	0.085	35	36	71	0.778	0.465	6.293E-01	5.204E-01	2.966E-01	3.655E-01	45	AF-P65641-F1-model_v6 Protein bdm homolog
MC25_sitophilus_oryzae_2	AF-A5ELP2-F1-model_v6	0.059	67	36	142	1.000	0.465	6.386E-01	6.259E-01	2.006E-01	3.654E-01	53	AF-A5ELP2-F1-model_v6 Large ribosomal subunit protein uL11
MC25_sitophilus_oryzae_2	AF-Q1QN48-F1-model_v6	0.074	67	36	142	1.000	0.465	6.375E-01	6.248E-01	1.999E-01	3.653E-01	53	AF-Q1QN48-F1-model_v6 Large ribosomal subunit protein uL11
MC25_sitophilus_oryzae_2	AF-P0C332-F1-model_v6	0.000	55	36	101	0.972	0.475	6.016E-01	5.770E-01	2.402E-01	3.652E-01	49	AF-P0C332-F1-model_v6 NAD(P)H-quinone oxidoreductase subunit 4L, chloroplastic
MC25_sitophilus_oryzae_2	AF-Q2VZR7-F1-model_v6	0.027	74	36	107	0.806	0.692	6.922E-01	5.862E-01	2.336E-01	3.651E-01	50	AF-Q2VZR7-F1-model_v6 Nucleoid-associated protein amb4104
MC25_sitophilus_oryzae_2	AF-B1JU10-F1-model_v6	0.059	67	36	143	1.000	0.462	6.346E-01	6.218E-01	1.973E-01	3.651E-01	54	AF-B1JU10-F1-model_v6 Large ribosomal subunit protein uL11
MC25_sitophilus_oryzae_2	AF-A6QJI0-F1-model_v6	0.070	71	36	108	1.000	0.648	6.059E-01	5.950E-01	2.543E-01	3.650E-01	49	AF-A6QJI0-F1-model_v6 UPF0060 membrane protein NWMN_2240
MC25_sitophilus_oryzae_2	AF-Q3JMP9-F1-model_v6	0.059	67	36	143	1.000	0.462	6.345E-01	6.218E-01	1.975E-01	3.648E-01	54	AF-Q3JMP9-F1-model_v6 Large ribosomal subunit protein uL11
MC25_sitophilus_oryzae_2	AF-A0K3L3-F1-model_v6	0.059	67	36	143	1.000	0.462	6.334E-01	6.207E-01	1.970E-01	3.647E-01	54	AF-A0K3L3-F1-model_v6 Large ribosomal subunit protein uL11
MC25_sitophilus_oryzae_2	AF-P0CV10-F1-model_v6	0.050	40	36	183	0.861	0.219	7.588E-01	6.695E-01	1.578E-01	3.646E-01	57	AF-P0CV10-F1-model_v6 Secreted RxLR effector protein 41
MC25_sitophilus_oryzae_2	AF-Q8DCB1-F1-model_v6	0.016	125	36	140	1.000	0.886	6.617E-01	6.514E-01	2.199E-01	3.646E-01	51	AF-Q8DCB1-F1-model_v6 Putative pre-16S rRNA nuclease
MC25_sitophilus_oryzae_2	AF-A9ADI1-F1-model_v6	0.059	67	36	143	1.000	0.462	6.337E-01	6.209E-01	1.973E-01	3.644E-01	53	AF-A9ADI1-F1-model_v6 Large ribosomal subunit protein uL11
MC25_sitophilus_oryzae_2	AF-A4JAM8-F1-model_v6	0.059	67	36	143	1.000	0.462	6.336E-01	6.209E-01	1.972E-01	3.644E-01	53	AF-A4JAM8-F1-model_v6 Large ribosomal subunit protein uL11
MC25_sitophilus_oryzae_2	AF-Q6G6Y2-F1-model_v6	0.070	71	36	108	1.000	0.648	6.053E-01	5.943E-01	2.538E-01	3.643E-01	49	AF-Q6G6Y2-F1-model_v6 UPF0060 membrane protein SAS2231
MC25_sitophilus_oryzae_2	AF-Q5WG37-F1-model_v6	0.032	62	36	93	0.917	0.645	6.187E-01	5.738E-01	2.701E-01	3.643E-01	47	AF-Q5WG37-F1-model_v6 Spore morphogenesis and germination protein YwcE
MC25_sitophilus_oryzae_2	AF-B1YRB8-F1-model_v6	0.059	67	36	143	1.000	0.462	6.333E-01	6.205E-01	1.971E-01	3.643E-01	53	AF-B1YRB8-F1-model_v6 Large ribosomal subunit protein uL11
MC25_sitophilus_oryzae_2	AF-P14888-F1-model_v6	0.000	41	36	115	0.833	0.357	6.915E-01	6.046E-01	2.287E-01	3.642E-01	50	AF-P14888-F1-model_v6 Nitrogenase-stabilizing/protective protein NifW
MC25_sitophilus_oryzae_2	AF-Q62GJ3-F1-model_v6	0.059	67	36	143	1.000	0.462	6.334E-01	6.207E-01	1.972E-01	3.641E-01	53	AF-Q62GJ3-F1-model_v6 Large ribosomal subunit protein uL11
MC25_sitophilus_oryzae_2	AF-Q39KH9-F1-model_v6	0.059	67	36	143	1.000	0.462	6.328E-01	6.201E-01	1.970E-01	3.640E-01	53	AF-Q39KH9-F1-model_v6 Large ribosomal subunit protein uL11
MC25_sitophilus_oryzae_2	AF-A2S7G2-F1-model_v6	0.059	67	36	143	1.000	0.462	6.328E-01	6.201E-01	1.972E-01	3.640E-01	53	AF-A2S7G2-F1-model_v6 Large ribosomal subunit protein uL11
MC25_sitophilus_oryzae_2	AF-Q6GE96-F1-model_v6	0.070	71	36	108	1.000	0.648	6.046E-01	5.938E-01	2.541E-01	3.636E-01	48	AF-Q6GE96-F1-model_v6 UPF0060 membrane protein SAR2425
MC25_sitophilus_oryzae_2	AF-Q63PZ9-F1-model_v6	0.059	67	36	143	1.000	0.462	6.325E-01	6.198E-01	1.972E-01	3.636E-01	53	AF-Q63PZ9-F1-model_v6 Large ribosomal subunit protein uL11
MC25_sitophilus_oryzae_2	AF-Q2IXS8-F1-model_v6	0.059	67	36	142	1.000	0.465	6.354E-01	6.228E-01	1.997E-01	3.634E-01	53	AF-Q2IXS8-F1-model_v6 Large ribosomal subunit protein uL11
MC25_sitophilus_oryzae_2	AF-P62441-F1-model_v6	0.074	67	36	142	1.000	0.465	6.351E-01	6.225E-01	1.998E-01	3.632E-01	53	AF-P62441-F1-model_v6 Large ribosomal subunit protein uL11
MC25_sitophilus_oryzae_2	AF-B3R7U0-F1-model_v6	0.074	67	36	143	1.000	0.462	6.316E-01	6.190E-01	1.971E-01	3.631E-01	53	AF-B3R7U0-F1-model_v6 Large ribosomal subunit protein uL11
MC25_sitophilus_oryzae_2	AF-Q1LI16-F1-model_v6	0.074	67	36	143	1.000	0.462	6.316E-01	6.190E-01	1.970E-01	3.630E-01	53	AF-Q1LI16-F1-model_v6 Large ribosomal subunit protein uL11
MC25_sitophilus_oryzae_2	AF-P9WIG7-F1-model_v6	0.009	102	36	99	0.917	0.990	6.207E-01	5.719E-01	2.415E-01	3.630E-01	49	AF-P9WIG7-F1-model_v6 PE family immunomodulator PE35
MC25_sitophilus_oryzae_2	AF-P67148-F1-model_v6	0.070	71	36	108	1.000	0.648	6.040E-01	5.931E-01	2.539E-01	3.629E-01	48	AF-P67148-F1-model_v6 UPF0060 membrane protein SAV2339
MC25_sitophilus_oryzae_2	AF-A4YSH5-F1-model_v6	0.059	67	36	142	1.000	0.465	6.345E-01	6.220E-01	1.996E-01	3.627E-01	53	AF-A4YSH5-F1-model_v6 Large ribosomal subunit protein uL11
MC25_sitophilus_oryzae_2	AF-P65642-F1-model_v6	0.093	32	36	71	0.750	0.423	6.409E-01	5.171E-01	2.934E-01	3.627E-01	44	AF-P65642-F1-model_v6 Protein bdm homolog
MC25_sitophilus_oryzae_2	AF-B3QC05-F1-model_v6	0.074	67	36	142	1.000	0.465	6.340E-01	6.215E-01	1.996E-01	3.625E-01	53	AF-B3QC05-F1-model_v6 Large ribosomal subunit protein uL11
MC25_sitophilus_oryzae_2	AF-B8JLV7-F1-model_v6	0.023	42	36	104	0.833	0.404	6.540E-01	5.765E-01	2.456E-01	3.625E-01	49	AF-B8JLV7-F1-model_v6 Vacuolar ATPase assembly integral membrane protein vma21
MC25_sitophilus_oryzae_2	AF-B7KFR8-F1-model_v6	0.057	52	36	212	1.000	0.245	7.092E-01	6.965E-01	1.544E-01	3.625E-01	57	AF-B7KFR8-F1-model_v6 Transcription antitermination protein NusB
MC25_sitophilus_oryzae_2	AF-P67150-F1-model_v6	0.070	71	36	108	1.000	0.648	6.029E-01	5.921E-01	2.539E-01	3.624E-01	48	AF-P67150-F1-model_v6 UPF0060 membrane protein MW2259
MC25_sitophilus_oryzae_2	AF-Q2YYZ8-F1-model_v6	0.070	71	36	108	1.000	0.648	6.027E-01	5.918E-01	2.535E-01	3.624E-01	48	AF-Q2YYZ8-F1-model_v6 UPF0060 membrane protein SAB2216c
MC25_sitophilus_oryzae_2	AF-Q211C4-F1-model_v6	0.059	67	36	142	1.000	0.465	6.343E-01	6.217E-01	1.996E-01	3.623E-01	53	AF-Q211C4-F1-model_v6 Large ribosomal subunit protein uL11
MC25_sitophilus_oryzae_2	AF-Q07KJ7-F1-model_v6	0.059	67	36	142	1.000	0.465	6.336E-01	6.211E-01	1.995E-01	3.622E-01	53	AF-Q07KJ7-F1-model_v6 Large ribosomal subunit protein uL11
MC25_sitophilus_oryzae_2	AF-Q46WD0-F1-model_v6	0.074	67	36	143	1.000	0.462	6.308E-01	6.183E-01	1.970E-01	3.621E-01	53	AF-Q46WD0-F1-model_v6 Large ribosomal subunit protein uL11
MC25_sitophilus_oryzae_2	AF-B2UF71-F1-model_v6	0.074	67	36	143	1.000	0.462	6.311E-01	6.185E-01	1.970E-01	3.621E-01	53	AF-B2UF71-F1-model_v6 Large ribosomal subunit protein uL11
MC25_sitophilus_oryzae_2	AF-Q2YB09-F1-model_v6	0.044	68	36	143	1.000	0.462	6.308E-01	6.182E-01	1.949E-01	3.621E-01	53	AF-Q2YB09-F1-model_v6 Large ribosomal subunit protein uL11
MC25_sitophilus_oryzae_2	AF-Q8XUZ4-F1-model_v6	0.074	67	36	143	1.000	0.462	6.313E-01	6.187E-01	1.970E-01	3.621E-01	53	AF-Q8XUZ4-F1-model_v6 Large ribosomal subunit protein uL11
MC25_sitophilus_oryzae_2	AF-P67265-F1-model_v6	0.064	62	36	99	1.000	0.525	5.711E-01	5.591E-01	2.340E-01	3.620E-01	49	AF-P67265-F1-model_v6 Nucleoid-associated protein SAG1747
MC25_sitophilus_oryzae_2	AF-B3PK26-F1-model_v6	0.029	68	36	143	1.000	0.462	6.317E-01	6.190E-01	1.947E-01	3.620E-01	53	AF-B3PK26-F1-model_v6 Large ribosomal subunit protein uL11
MC25_sitophilus_oryzae_2	AF-Q4L448-F1-model_v6	0.076	39	36	100	0.944	0.340	6.147E-01	5.812E-01	2.522E-01	3.612E-01	48	AF-Q4L448-F1-model_v6 Putative antiporter subunit mnhF2
MC25_sitophilus_oryzae_2	AF-A1VXW3-F1-model_v6	0.023	84	36	133	1.000	0.594	6.173E-01	6.045E-01	1.986E-01	3.610E-01	53	AF-A1VXW3-F1-model_v6 Bacteriohemerythrin
MC25_sitophilus_oryzae_2	AF-Q0AXK9-F1-model_v6	0.069	43	36	71	0.806	0.592	6.064E-01	5.209E-01	3.079E-01	3.604E-01	43	AF-Q0AXK9-F1-model_v6 DNA-directed RNA polymerase subunit omega
MC25_sitophilus_oryzae_2	AF-B9KL79-F1-model_v6	0.066	75	36	150	1.000	0.493	6.378E-01	6.251E-01	1.900E-01	3.604E-01	53	AF-B9KL79-F1-model_v6 Large ribosomal subunit protein uL11
MC25_sitophilus_oryzae_2	AF-Q2K9M8-F1-model_v6	0.073	68	36	143	1.000	0.469	6.275E-01	6.149E-01	1.966E-01	3.602E-01	53	AF-Q2K9M8-F1-model_v6 Large ribosomal subunit protein uL11
MC25_sitophilus_oryzae_2	AF-Q8YW56-F1-model_v6	0.038	52	36	211	1.000	0.246	7.046E-01	6.921E-01	1.553E-01	3.593E-01	56	AF-Q8YW56-F1-model_v6 Transcription antitermination protein NusB
MC25_sitophilus_oryzae_2	AF-Q5NLF0-F1-model_v6	0.055	36	36	108	0.806	0.333	6.843E-01	5.880E-01	2.358E-01	3.591E-01	49	AF-Q5NLF0-F1-model_v6 Nitrogenase-stabilizing/protective protein NifW
MC25_sitophilus_oryzae_2	AF-Q2FVS6-F1-model_v6	0.069	72	36	108	1.000	0.648	6.000E-01	5.894E-01	2.516E-01	3.591E-01	48	AF-Q2FVS6-F1-model_v6 UPF0060 membrane protein SAOUHSC_02615
MC25_sitophilus_oryzae_2	AF-Q6P3W2-2-F1-model_v6	0.000	36	36	85	0.944	0.329	6.564E-01	5.421E-01	2.599E-01	3.588E-01	46	AF-Q6P3W2-2-F1-model_v6 DnaJ homolog subfamily C member 24
MC25_sitophilus_oryzae_2	AF-Q98AT3-F1-model_v6	0.055	36	36	127	0.806	0.283	6.903E-01	5.939E-01	2.055E-01	3.570E-01	51	AF-Q98AT3-F1-model_v6 Nitrogenase-stabilizing/protective protein NifW
MC25_sitophilus_oryzae_2	AF-Q9C7I3-F1-model_v6	0.035	57	36	151	1.000	0.377	6.395E-01	6.276E-01	1.959E-01	3.568E-01	52	AF-Q9C7I3-F1-model_v6 MLP-like protein 168
MC25_sitophilus_oryzae_2	AF-B7ICX7-F1-model_v6	0.016	124	36	134	0.861	0.925	6.891E-01	6.074E-01	1.983E-01	3.568E-01	52	AF-B7ICX7-F1-model_v6 Endoribonuclease YbeY
MC25_sitophilus_oryzae_2	AF-Q8KLB6-F1-model_v6	0.051	39	36	127	0.806	0.307	7.133E-01	6.095E-01	2.068E-01	3.566E-01	51	AF-Q8KLB6-F1-model_v6 Nitrogenase-stabilizing/protective protein NifW
MC25_sitophilus_oryzae_2	AF-Q9PHN2-F1-model_v6	0.038	78	36	127	0.972	0.591	6.178E-01	5.931E-01	2.074E-01	3.564E-01	51	AF-Q9PHN2-F1-model_v6 Putative pre-16S rRNA nuclease
MC25_sitophilus_oryzae_2	AF-Q6GJ45-F1-model_v6	0.048	41	36	114	0.861	0.333	6.521E-01	5.715E-01	2.112E-01	3.562E-01	50	AF-Q6GJ45-F1-model_v6 Putative antiporter subunit mnhC2
MC25_sitophilus_oryzae_2	AF-P0A104-F1-model_v6	0.000	78	36	135	1.000	0.563	6.271E-01	6.161E-01	2.112E-01	3.560E-01	50	AF-P0A104-F1-model_v6 ATP synthase protein I
MC25_sitophilus_oryzae_2	AF-B3PM28-F1-model_v6	0.014	69	36	147	1.000	0.449	6.233E-01	6.121E-01	1.918E-01	3.557E-01	52	AF-B3PM28-F1-model_v6 Large ribosomal subunit protein uL11
MC25_sitophilus_oryzae_2	AF-B7I356-F1-model_v6	0.043	69	36	142	1.000	0.465	6.075E-01	5.968E-01	1.962E-01	3.555E-01	52	AF-B7I356-F1-model_v6 Large ribosomal subunit protein uL11
MC25_sitophilus_oryzae_2	AF-Q10436-F1-model_v6	0.061	49	36	235	1.000	0.209	7.044E-01	6.914E-01	1.380E-01	3.555E-01	57	AF-Q10436-F1-model_v6 Uncharacterized protein C12B10.02c
MC25_sitophilus_oryzae_2	AF-Q8G6T7-F1-model_v6	0.022	44	36	306	0.972	0.144	7.353E-01	7.058E-01	1.058E-01	3.554E-01	60	AF-Q8G6T7-F1-model_v6 Protease HtpX homolog
MC25_sitophilus_oryzae_2	AF-C4LBV6-F1-model_v6	0.044	68	36	142	1.000	0.465	6.158E-01	6.048E-01	1.987E-01	3.554E-01	52	AF-C4LBV6-F1-model_v6 Large ribosomal subunit protein uL11
MC25_sitophilus_oryzae_2	AF-Q9BY08-3-F1-model_v6	0.048	41	36	102	0.917	0.353	6.203E-01	5.746E-01	2.423E-01	3.554E-01	47	AF-Q9BY08-3-F1-model_v6 Emopamil-binding protein-like
MC25_sitophilus_oryzae_2	AF-Q9NV29-F1-model_v6	0.000	64	36	134	0.944	0.448	6.434E-01	6.040E-01	1.941E-01	3.553E-01	52	AF-Q9NV29-F1-model_v6 Transmembrane protein 100
MC25_sitophilus_oryzae_2	AF-A8FL56-F1-model_v6	0.038	78	36	127	0.972	0.591	6.167E-01	5.921E-01	2.072E-01	3.553E-01	51	AF-A8FL56-F1-model_v6 Putative pre-16S rRNA nuclease
MC25_sitophilus_oryzae_2	AF-B0UHY2-F1-model_v6	0.067	74	36	149	1.000	0.490	6.293E-01	6.170E-01	1.905E-01	3.553E-01	52	AF-B0UHY2-F1-model_v6 Large ribosomal subunit protein uL11
MC25_sitophilus_oryzae_2	AF-Q5LMP9-F1-model_v6	0.028	69	36	141	1.000	0.468	6.103E-01	5.997E-01	1.988E-01	3.552E-01	51	AF-Q5LMP9-F1-model_v6 Large ribosomal subunit protein uL11
MC25_sitophilus_oryzae_2	AF-B2V7H6-F1-model_v6	0.052	57	36	152	0.972	0.368	6.540E-01	6.311E-01	1.934E-01	3.552E-01	52	AF-B2V7H6-F1-model_v6 Endoribonuclease YbeY
MC25_sitophilus_oryzae_2	AF-A7HWQ0-F1-model_v6	0.074	67	36	142	1.000	0.465	6.205E-01	6.090E-01	1.983E-01	3.552E-01	52	AF-A7HWQ0-F1-model_v6 Large ribosomal subunit protein uL11
MC25_sitophilus_oryzae_2	AF-P47131-F1-model_v6	0.027	72	36	105	1.000	0.638	5.834E-01	5.720E-01	2.368E-01	3.548E-01	48	AF-P47131-F1-model_v6 TMEM14 protein homolog YJR085C
MC25_sitophilus_oryzae_2	AF-P57460-F1-model_v6	0.000	81	36	109	0.889	0.725	6.371E-01	5.715E-01	2.224E-01	3.547E-01	49	AF-P57460-F1-model_v6 Protein-export membrane protein SecG
MC25_sitophilus_oryzae_2	AF-Q1GK54-F1-model_v6	0.043	69	36	141	1.000	0.468	6.085E-01	5.981E-01	1.989E-01	3.547E-01	51	AF-Q1GK54-F1-model_v6 Large ribosomal subunit protein uL11
MC25_sitophilus_oryzae_2	AF-Q83KB5-F1-model_v6	0.000	73	36	128	0.861	0.562	6.616E-01	5.775E-01	1.934E-01	3.545E-01	52	AF-Q83KB5-F1-model_v6 Probable 4-amino-4-deoxy-L-arabinose-phosphoundecaprenol flippase subunit ArnF
MC25_sitophilus_oryzae_2	AF-Q1CII1-F1-model_v6	0.013	75	36	128	0.861	0.562	6.586E-01	5.727E-01	1.874E-01	3.545E-01	52	AF-Q1CII1-F1-model_v6 Probable 4-amino-4-deoxy-L-arabinose-phosphoundecaprenol flippase subunit ArnF
MC25_sitophilus_oryzae_2	AF-Q92QI1-F1-model_v6	0.044	68	36	142	1.000	0.465	6.158E-01	6.053E-01	2.009E-01	3.542E-01	51	AF-Q92QI1-F1-model_v6 Large ribosomal subunit protein uL11
MC25_sitophilus_oryzae_2	AF-Q93PD4-F1-model_v6	0.013	75	36	128	0.861	0.562	6.581E-01	5.724E-01	1.875E-01	3.541E-01	52	AF-Q93PD4-F1-model_v6 Probable 4-amino-4-deoxy-L-arabinose-phosphoundecaprenol flippase subunit ArnF
MC25_sitophilus_oryzae_2	AF-P53875-F1-model_v6	0.060	82	36	158	1.000	0.513	6.340E-01	6.224E-01	1.865E-01	3.541E-01	52	AF-P53875-F1-model_v6 Large ribosomal subunit protein uL11m
MC25_sitophilus_oryzae_2	AF-Q160X3-F1-model_v6	0.043	69	36	141	1.000	0.468	6.085E-01	5.981E-01	1.990E-01	3.540E-01	51	AF-Q160X3-F1-model_v6 Large ribosomal subunit protein uL11
MC25_sitophilus_oryzae_2	AF-A4TIM8-F1-model_v6	0.013	75	36	128	0.861	0.562	6.575E-01	5.720E-01	1.874E-01	3.538E-01	52	AF-A4TIM8-F1-model_v6 Probable 4-amino-4-deoxy-L-arabinose-phosphoundecaprenol flippase subunit ArnF
MC25_sitophilus_oryzae_2	AF-B1JJ34-F1-model_v6	0.013	75	36	128	0.861	0.562	6.577E-01	5.720E-01	1.874E-01	3.537E-01	52	AF-B1JJ34-F1-model_v6 Probable 4-amino-4-deoxy-L-arabinose-phosphoundecaprenol flippase subunit ArnF
MC25_sitophilus_oryzae_2	AF-Q6G3X9-F1-model_v6	0.044	68	36	142	1.000	0.465	6.150E-01	6.045E-01	2.011E-01	3.536E-01	51	AF-Q6G3X9-F1-model_v6 Large ribosomal subunit protein uL11
MC25_sitophilus_oryzae_2	AF-Q6C265-F1-model_v6	0.072	69	36	112	1.000	0.536	5.780E-01	5.654E-01	2.098E-01	3.534E-01	50	AF-Q6C265-F1-model_v6 Mediator of RNA polymerase II transcription subunit 22
MC25_sitophilus_oryzae_2	AF-Q33752-F1-model_v6	0.014	71	36	109	0.889	0.615	6.298E-01	5.672E-01	2.186E-01	3.530E-01	49	AF-Q33752-F1-model_v6 Cytochrome c oxidase subunit 3 (Fragment)
MC25_sitophilus_oryzae_2	AF-B9KCI0-F1-model_v6	0.012	78	36	128	0.972	0.586	6.139E-01	5.895E-01	2.059E-01	3.530E-01	50	AF-B9KCI0-F1-model_v6 Putative pre-16S rRNA nuclease
MC25_sitophilus_oryzae_2	AF-A9ISE8-F1-model_v6	0.044	68	36	142	1.000	0.465	6.166E-01	6.061E-01	2.015E-01	3.528E-01	51	AF-A9ISE8-F1-model_v6 Large ribosomal subunit protein uL11
MC25_sitophilus_oryzae_2	AF-B1XPN9-F1-model_v6	0.047	63	36	163	0.972	0.380	6.591E-01	6.363E-01	1.824E-01	3.526E-01	52	AF-B1XPN9-F1-model_v6 Endoribonuclease YbeY
MC25_sitophilus_oryzae_2	AF-P0ACZ1-F1-model_v6	0.024	41	36	96	0.972	0.344	6.029E-01	5.554E-01	2.431E-01	3.526E-01	47	AF-P0ACZ1-F1-model_v6 Uncharacterized protein YebG
MC25_sitophilus_oryzae_2	AF-A1USC4-F1-model_v6	0.044	68	36	142	1.000	0.465	6.154E-01	6.049E-01	2.011E-01	3.521E-01	51	AF-A1USC4-F1-model_v6 Large ribosomal subunit protein uL11
MC25_sitophilus_oryzae_2	AF-Q3ILQ4-F1-model_v6	0.028	69	36	142	1.000	0.465	6.057E-01	5.954E-01	1.973E-01	3.521E-01	51	AF-Q3ILQ4-F1-model_v6 Large ribosomal subunit protein uL11
MC25_sitophilus_oryzae_2	AF-Q3BWZ5-F1-model_v6	0.043	69	36	142	1.000	0.465	6.092E-01	5.986E-01	1.973E-01	3.521E-01	51	AF-Q3BWZ5-F1-model_v6 Large ribosomal subunit protein uL11
MC25_sitophilus_oryzae_2	AF-Q80Y83-16-F1-model_v6	0.033	90	36	116	1.000	0.724	5.763E-01	5.645E-01	2.131E-01	3.520E-01	50	AF-Q80Y83-16-F1-model_v6 Dixin
MC25_sitophilus_oryzae_2	AF-Q8RTJ5-F1-model_v6	0.043	69	36	142	1.000	0.465	6.062E-01	5.957E-01	1.969E-01	3.516E-01	51	AF-Q8RTJ5-F1-model_v6 Large ribosomal subunit protein uL11
MC25_sitophilus_oryzae_2	AF-O66470-F1-model_v6	0.013	73	36	116	0.917	0.612	6.343E-01	5.874E-01	2.230E-01	3.516E-01	48	AF-O66470-F1-model_v6 Uncharacterized protein aq_058
MC25_sitophilus_oryzae_2	AF-Q4URC8-F1-model_v6	0.043	69	36	142	1.000	0.465	6.068E-01	5.963E-01	1.969E-01	3.516E-01	51	AF-Q4URC8-F1-model_v6 Large ribosomal subunit protein uL11
MC25_sitophilus_oryzae_2	AF-Q0ABI6-F1-model_v6	0.028	69	36	143	1.000	0.462	6.068E-01	5.954E-01	1.953E-01	3.515E-01	51	AF-Q0ABI6-F1-model_v6 Large ribosomal subunit protein uL11
MC25_sitophilus_oryzae_2	AF-Q21M97-F1-model_v6	0.014	69	36	143	1.000	0.462	6.062E-01	5.948E-01	1.954E-01	3.515E-01	51	AF-Q21M97-F1-model_v6 Large ribosomal subunit protein uL11
MC25_sitophilus_oryzae_2	AF-Q90ZN1-F1-model_v6	0.014	68	36	177	1.000	0.373	6.521E-01	6.404E-01	1.694E-01	3.515E-01	53	AF-Q90ZN1-F1-model_v6 Anti-apoptotic protein NR13
MC25_sitophilus_oryzae_2	AF-Q98N70-F1-model_v6	0.057	69	36	142	1.000	0.465	6.092E-01	5.988E-01	1.983E-01	3.514E-01	51	AF-Q98N70-F1-model_v6 Large ribosomal subunit protein uL11
MC25_sitophilus_oryzae_2	AF-A5VR19-F1-model_v6	0.044	68	36	142	1.000	0.465	6.114E-01	6.010E-01	2.007E-01	3.514E-01	51	AF-A5VR19-F1-model_v6 Large ribosomal subunit protein uL11
MC25_sitophilus_oryzae_2	AF-B0RU93-F1-model_v6	0.043	69	36	142	1.000	0.465	6.083E-01	5.977E-01	1.973E-01	3.514E-01	51	AF-B0RU93-F1-model_v6 Large ribosomal subunit protein uL11
MC25_sitophilus_oryzae_2	AF-A0QNJ3-F1-model_v6	0.019	101	36	97	1.000	0.928	5.596E-01	5.482E-01	2.348E-01	3.513E-01	47	AF-A0QNJ3-F1-model_v6 Uncharacterized PE family protein PE35
MC25_sitophilus_oryzae_2	AF-P41785-F1-model_v6	0.057	35	36	101	0.944	0.297	6.450E-01	5.549E-01	2.324E-01	3.512E-01	48	AF-P41785-F1-model_v6 Protein PrgJ
MC25_sitophilus_oryzae_2	AF-Q8PNT4-F1-model_v6	0.043	69	36	142	1.000	0.465	6.079E-01	5.969E-01	1.971E-01	3.511E-01	51	AF-Q8PNT4-F1-model_v6 Large ribosomal subunit protein uL11
MC25_sitophilus_oryzae_2	AF-A6U847-F1-model_v6	0.058	68	36	142	1.000	0.465	6.133E-01	6.028E-01	2.001E-01	3.510E-01	51	AF-A6U847-F1-model_v6 Large ribosomal subunit protein uL11
MC25_sitophilus_oryzae_2	AF-Q57CP4-F1-model_v6	0.044	68	36	142	1.000	0.465	6.104E-01	6.000E-01	2.005E-01	3.509E-01	51	AF-Q57CP4-F1-model_v6 Large ribosomal subunit protein uL11
MC25_sitophilus_oryzae_2	AF-A9M3X8-F1-model_v6	0.028	69	36	144	1.000	0.458	6.053E-01	5.944E-01	1.934E-01	3.509E-01	51	AF-A9M3X8-F1-model_v6 Large ribosomal subunit protein uL11
MC25_sitophilus_oryzae_2	AF-Q8DVS3-F1-model_v6	0.079	63	36	99	1.000	0.535	5.662E-01	5.548E-01	2.343E-01	3.504E-01	47	AF-Q8DVS3-F1-model_v6 Nucleoid-associated protein SMU_394c
MC25_sitophilus_oryzae_2	AF-Q8PY53-F1-model_v6	0.059	67	36	161	1.000	0.410	6.295E-01	6.171E-01	1.780E-01	3.500E-01	52	AF-Q8PY53-F1-model_v6 Large ribosomal subunit protein uL11
MC25_sitophilus_oryzae_2	AF-Q6BMU6-F1-model_v6	0.021	95	36	101	0.889	0.891	6.085E-01	5.427E-01	2.239E-01	3.499E-01	48	AF-Q6BMU6-F1-model_v6 Transcription and mRNA export factor SUS1
MC25_sitophilus_oryzae_2	AF-Q15YB5-F1-model_v6	0.043	69	36	142	1.000	0.465	6.053E-01	5.948E-01	1.963E-01	3.498E-01	51	AF-Q15YB5-F1-model_v6 Large ribosomal subunit protein uL11
MC25_sitophilus_oryzae_2	AF-Q5WWW5-F1-model_v6	0.014	139	36	143	1.000	0.958	6.273E-01	6.161E-01	2.002E-01	3.497E-01	50	AF-Q5WWW5-F1-model_v6 Ribonuclease H
MC25_sitophilus_oryzae_2	AF-B8G7M3-F1-model_v6	0.011	88	36	100	0.861	0.870	6.304E-01	5.686E-01	2.532E-01	3.497E-01	45	AF-B8G7M3-F1-model_v6 Nucleoid-associated protein Cagg_3200
MC25_sitophilus_oryzae_2	AF-Q5M4Z6-F1-model_v6	0.068	44	36	299	0.972	0.147	7.211E-01	6.929E-01	1.077E-01	3.496E-01	59	AF-Q5M4Z6-F1-model_v6 Protease HtpX homolog
MC25_sitophilus_oryzae_2	AF-Q9P6Q0-F1-model_v6	0.026	38	36	112	0.917	0.304	6.159E-01	5.655E-01	2.158E-01	3.495E-01	49	AF-Q9P6Q0-F1-model_v6 Mediator of RNA polymerase II transcription subunit 11
MC25_sitophilus_oryzae_2	AF-A7Z9A2-F1-model_v6	0.056	71	36	114	0.972	0.561	5.862E-01	5.614E-01	2.073E-01	3.495E-01	49	AF-A7Z9A2-F1-model_v6 Flagellar protein FliT
MC25_sitophilus_oryzae_2	AF-Q5ZVQ7-F1-model_v6	0.014	139	36	143	1.000	0.958	6.263E-01	6.151E-01	2.001E-01	3.489E-01	50	AF-Q5ZVQ7-F1-model_v6 Ribonuclease H
MC25_sitophilus_oryzae_2	AF-A4VSS3-F1-model_v6	0.048	62	36	99	1.000	0.525	5.637E-01	5.526E-01	2.336E-01	3.487E-01	47	AF-A4VSS3-F1-model_v6 Nucleoid-associated protein SSU05_0194
MC25_sitophilus_oryzae_2	AF-Q7WYU3-F1-model_v6	0.017	117	36	199	0.972	0.578	6.803E-01	6.529E-01	1.455E-01	3.487E-01	55	AF-Q7WYU3-F1-model_v6 Putative AgrB-like protein
MC25_sitophilus_oryzae_2	AF-Q49VH4-F1-model_v6	0.081	37	36	100	0.917	0.330	6.121E-01	5.728E-01	2.536E-01	3.485E-01	45	AF-Q49VH4-F1-model_v6 Putative antiporter subunit mnhF2
MC25_sitophilus_oryzae_2	AF-A9WEA9-F1-model_v6	0.011	88	36	100	0.861	0.870	6.278E-01	5.668E-01	2.530E-01	3.485E-01	45	AF-A9WEA9-F1-model_v6 Nucleoid-associated protein Caur_0522
MC25_sitophilus_oryzae_2	AF-Q99VY7-F1-model_v6	0.081	37	36	100	0.917	0.330	6.106E-01	5.713E-01	2.530E-01	3.484E-01	45	AF-Q99VY7-F1-model_v6 Putative antiporter subunit mnhF2
MC25_sitophilus_oryzae_2	AF-B9LJ33-F1-model_v6	0.011	88	36	100	0.861	0.870	6.274E-01	5.664E-01	2.529E-01	3.483E-01	45	AF-B9LJ33-F1-model_v6 Nucleoid-associated protein Chy400_0558
MC25_sitophilus_oryzae_2	AF-Q3AUM7-F1-model_v6	0.049	61	36	180	0.972	0.333	6.662E-01	6.422E-01	1.668E-01	3.482E-01	53	AF-Q3AUM7-F1-model_v6 Endoribonuclease YbeY
MC25_sitophilus_oryzae_2	AF-P59805-F1-model_v6	0.025	39	36	98	0.889	0.378	6.087E-01	5.545E-01	2.492E-01	3.479E-01	46	AF-P59805-F1-model_v6 ESAT-6-like protein EsxM
MC25_sitophilus_oryzae_2	AF-P0C948-F1-model_v6	0.081	37	36	100	0.917	0.330	6.098E-01	5.706E-01	2.530E-01	3.478E-01	45	AF-P0C948-F1-model_v6 Putative antiporter subunit mnhF2
MC25_sitophilus_oryzae_2	AF-O83685-F1-model_v6	0.048	41	36	105	0.889	0.362	6.154E-01	5.564E-01	2.302E-01	3.478E-01	47	AF-O83685-F1-model_v6 Uncharacterized protein TP_0679
MC25_sitophilus_oryzae_2	AF-Q93JR5-F1-model_v6	0.055	36	36	127	0.806	0.283	6.919E-01	5.945E-01	2.051E-01	3.476E-01	49	AF-Q93JR5-F1-model_v6 Nitrogenase-stabilizing/protective protein NifW
MC25_sitophilus_oryzae_2	AF-A1VYZ5-F1-model_v6	0.026	76	36	127	0.972	0.591	6.077E-01	5.854E-01	2.128E-01	3.475E-01	49	AF-A1VYZ5-F1-model_v6 Putative pre-16S rRNA nuclease
MC25_sitophilus_oryzae_2	AF-A6TZA4-F1-model_v6	0.081	37	36	100	0.917	0.330	6.098E-01	5.707E-01	2.531E-01	3.475E-01	45	AF-A6TZA4-F1-model_v6 Putative antiporter subunit mnhF2
MC25_sitophilus_oryzae_2	AF-P9WIG6-F1-model_v6	0.010	98	36	98	0.861	0.959	6.153E-01	5.434E-01	2.342E-01	3.474E-01	47	AF-P9WIG6-F1-model_v6 PE family immunomodulator PE35
MC25_sitophilus_oryzae_2	AF-Q2YSV2-F1-model_v6	0.081	37	36	100	0.917	0.330	6.089E-01	5.699E-01	2.528E-01	3.474E-01	45	AF-Q2YSV2-F1-model_v6 Putative antiporter subunit mnhF2
MC25_sitophilus_oryzae_2	AF-Q2YM11-F1-model_v6	0.044	68	36	142	1.000	0.465	6.122E-01	6.015E-01	1.999E-01	3.473E-01	50	AF-Q2YM11-F1-model_v6 Large ribosomal subunit protein uL11
MC25_sitophilus_oryzae_2	AF-P03899-F1-model_v6	0.027	36	36	115	0.944	0.261	6.587E-01	5.672E-01	2.121E-01	3.472E-01	49	AF-P03899-F1-model_v6 NADH-ubiquinone oxidoreductase chain 3
MC25_sitophilus_oryzae_2	AF-A7IKP6-F1-model_v6	0.053	75	36	149	1.000	0.490	6.149E-01	6.044E-01	1.925E-01	3.471E-01	50	AF-A7IKP6-F1-model_v6 Large ribosomal subunit protein uL11
MC25_sitophilus_oryzae_2	AF-Q7A723-F1-model_v6	0.081	37	36	100	0.917	0.330	6.090E-01	5.700E-01	2.529E-01	3.471E-01	45	AF-Q7A723-F1-model_v6 Putative antiporter subunit mnhF2
MC25_sitophilus_oryzae_2	AF-A4FYM2-F1-model_v6	0.031	96	36	258	0.917	0.372	7.305E-01	6.715E-01	1.170E-01	3.471E-01	57	AF-A4FYM2-F1-model_v6 Ribosomal RNA large subunit methyltransferase E
MC25_sitophilus_oryzae_2	AF-A5IQI0-F1-model_v6	0.081	37	36	100	0.917	0.330	6.094E-01	5.704E-01	2.529E-01	3.471E-01	45	AF-A5IQI0-F1-model_v6 Putative antiporter subunit mnhF2
MC25_sitophilus_oryzae_2	AF-P18034-F1-model_v6	0.032	62	36	115	1.000	0.470	5.776E-01	5.657E-01	2.093E-01	3.470E-01	49	AF-P18034-F1-model_v6 Protein TrbA
MC25_sitophilus_oryzae_2	AF-Q6GBK2-F1-model_v6	0.081	37	36	100	0.917	0.330	6.087E-01	5.698E-01	2.528E-01	3.470E-01	45	AF-Q6GBK2-F1-model_v6 Putative antiporter subunit mnhF2
MC25_sitophilus_oryzae_2	AF-O30300-F1-model_v6	0.022	45	36	129	0.917	0.341	6.351E-01	5.869E-01	2.030E-01	3.469E-01	49	AF-O30300-F1-model_v6 UPF0148 protein AF_2370
MC25_sitophilus_oryzae_2	AF-Q0Q2J5-F1-model_v6	0.081	37	36	100	0.917	0.330	6.090E-01	5.700E-01	2.529E-01	3.469E-01	45	AF-Q0Q2J5-F1-model_v6 Putative antiporter subunit mnhF2
MC25_sitophilus_oryzae_2	AF-A7WZ82-F1-model_v6	0.081	37	36	100	0.917	0.330	6.083E-01	5.694E-01	2.527E-01	3.469E-01	45	AF-A7WZ82-F1-model_v6 Putative antiporter subunit mnhF2
MC25_sitophilus_oryzae_2	AF-P0CF98-F1-model_v6	0.000	42	36	89	0.833	0.472	6.108E-01	5.511E-01	2.798E-01	3.466E-01	43	AF-P0CF98-F1-model_v6 Flagellar biosynthetic protein FliQ
MC25_sitophilus_oryzae_2	AF-Q2FJ10-F1-model_v6	0.081	37	36	100	0.917	0.330	6.100E-01	5.701E-01	2.527E-01	3.466E-01	45	AF-Q2FJ10-F1-model_v6 Putative antiporter subunit mnhF2
MC25_sitophilus_oryzae_2	AF-Q5FMS7-F1-model_v6	0.068	44	36	298	0.972	0.148	7.168E-01	6.891E-01	1.080E-01	3.466E-01	58	AF-Q5FMS7-F1-model_v6 Protease HtpX homolog
MC25_sitophilus_oryzae_2	AF-Q7A1M9-F1-model_v6	0.081	37	36	100	0.917	0.330	6.088E-01	5.698E-01	2.529E-01	3.465E-01	45	AF-Q7A1M9-F1-model_v6 Putative antiporter subunit mnhF2
MC25_sitophilus_oryzae_2	AF-Q9Z7J5-F1-model_v6	0.000	40	36	84	0.972	0.369	5.875E-01	5.163E-01	2.537E-01	3.464E-01	45	AF-Q9Z7J5-F1-model_v6 Uncharacterized protein CPn_0710/CP_0036/CPj0710/CpB0737
MC25_sitophilus_oryzae_2	AF-B4UN38-F1-model_v6	0.000	91	36	100	0.889	0.870	6.005E-01	5.347E-01	2.216E-01	3.462E-01	48	AF-B4UN38-F1-model_v6 Transcription and mRNA export factor SUS1
MC25_sitophilus_oryzae_2	AF-Q6GJ42-F1-model_v6	0.081	37	36	100	0.917	0.330	6.071E-01	5.684E-01	2.525E-01	3.461E-01	45	AF-Q6GJ42-F1-model_v6 Putative antiporter subunit mnhF2
MC25_sitophilus_oryzae_2	AF-A6QET8-F1-model_v6	0.081	37	36	100	0.917	0.330	6.084E-01	5.696E-01	2.529E-01	3.461E-01	45	AF-A6QET8-F1-model_v6 Putative antiporter subunit mnhF2
MC25_sitophilus_oryzae_2	AF-A9A6B9-F1-model_v6	0.031	96	36	258	0.917	0.372	7.290E-01	6.704E-01	1.169E-01	3.461E-01	57	AF-A9A6B9-F1-model_v6 Ribosomal RNA large subunit methyltransferase E
MC25_sitophilus_oryzae_2	AF-B3QTP2-F1-model_v6	0.094	53	36	141	0.944	0.369	6.399E-01	6.049E-01	1.991E-01	3.461E-01	50	AF-B3QTP2-F1-model_v6 Endoribonuclease YbeY
MC25_sitophilus_oryzae_2	AF-B3QZV1-F1-model_v6	0.018	53	36	148	0.972	0.351	6.414E-01	6.198E-01	1.973E-01	3.461E-01	50	AF-B3QZV1-F1-model_v6 Endoribonuclease YbeY
MC25_sitophilus_oryzae_2	AF-Q5HI40-F1-model_v6	0.081	37	36	100	0.917	0.330	6.084E-01	5.695E-01	2.528E-01	3.461E-01	45	AF-Q5HI40-F1-model_v6 Putative antiporter subunit mnhF2
MC25_sitophilus_oryzae_2	AF-P32495-F1-model_v6	0.036	109	36	156	1.000	0.686	6.309E-01	6.190E-01	1.835E-01	3.460E-01	51	AF-P32495-F1-model_v6 H/ACA ribonucleoprotein complex subunit NHP2
MC25_sitophilus_oryzae_2	AF-C0H417-F1-model_v6	0.050	40	36	118	0.833	0.339	6.658E-01	5.940E-01	2.257E-01	3.458E-01	47	AF-C0H417-F1-model_v6 Uncharacterized membrane protein YnzK
MC25_sitophilus_oryzae_2	AF-B3LN41-F1-model_v6	0.021	92	36	96	0.861	0.906	5.971E-01	5.221E-01	2.261E-01	3.457E-01	47	AF-B3LN41-F1-model_v6 Transcription and mRNA export factor SUS1
MC25_sitophilus_oryzae_2	AF-B2IK51-F1-model_v6	0.029	67	36	142	1.000	0.465	6.140E-01	6.040E-01	2.034E-01	3.457E-01	49	AF-B2IK51-F1-model_v6 Large ribosomal subunit protein uL11
MC25_sitophilus_oryzae_2	AF-A5V8Y2-F1-model_v6	0.000	65	36	169	0.972	0.379	6.553E-01	6.322E-01	1.756E-01	3.453E-01	52	AF-A5V8Y2-F1-model_v6 Endoribonuclease YbeY
MC25_sitophilus_oryzae_2	AF-Q3SSY4-F1-model_v6	0.044	68	36	142	1.000	0.465	6.055E-01	5.953E-01	1.999E-01	3.452E-01	49	AF-Q3SSY4-F1-model_v6 Large ribosomal subunit protein uL11
MC25_sitophilus_oryzae_2	AF-B3EDK3-F1-model_v6	0.037	53	36	144	0.944	0.361	6.416E-01	6.067E-01	1.960E-01	3.452E-01	50	AF-B3EDK3-F1-model_v6 Endoribonuclease YbeY
MC25_sitophilus_oryzae_2	AF-Q8NWB4-F1-model_v6	0.015	64	36	155	0.944	0.400	6.476E-01	6.117E-01	1.807E-01	3.452E-01	51	AF-Q8NWB4-F1-model_v6 Endoribonuclease YbeY
MC25_sitophilus_oryzae_2	AF-A6ZL57-F1-model_v6	0.021	91	36	96	0.861	0.906	5.956E-01	5.237E-01	2.289E-01	3.451E-01	47	AF-A6ZL57-F1-model_v6 Transcription and mRNA export factor SUS1
MC25_sitophilus_oryzae_2	AF-A8Z149-F1-model_v6	0.081	37	36	100	0.917	0.330	6.065E-01	5.679E-01	2.525E-01	3.451E-01	45	AF-A8Z149-F1-model_v6 Putative antiporter subunit mnhF2
MC25_sitophilus_oryzae_2	AF-J4KMY5-F1-model_v6	0.046	64	36	190	1.000	0.337	6.678E-01	6.575E-01	1.688E-01	3.450E-01	52	AF-J4KMY5-F1-model_v6 Secretory phospholipase A2
MC25_sitophilus_oryzae_2	AF-Q7MWS9-F1-model_v6	0.016	123	36	151	0.889	0.815	6.691E-01	6.060E-01	1.813E-01	3.449E-01	51	AF-Q7MWS9-F1-model_v6 Endoribonuclease YbeY
MC25_sitophilus_oryzae_2	AF-P75191-F1-model_v6	0.068	88	36	122	0.972	0.672	5.976E-01	5.748E-01	2.053E-01	3.448E-01	49	AF-P75191-F1-model_v6 Uncharacterized protein MPN_594
MC25_sitophilus_oryzae_2	AF-P85524-F1-model_v6	0.000	48	36	150	1.000	0.320	6.230E-01	6.122E-01	1.979E-01	3.446E-01	50	AF-P85524-F1-model_v6 Kirola
MC25_sitophilus_oryzae_2	AF-P0ACZ0-F1-model_v6	0.032	31	36	96	0.722	0.323	6.731E-01	5.456E-01	2.386E-01	3.446E-01	46	AF-P0ACZ0-F1-model_v6 Uncharacterized protein YebG
MC25_sitophilus_oryzae_2	AF-B0C7R9-F1-model_v6	0.046	64	36	176	0.972	0.358	6.562E-01	6.331E-01	1.695E-01	3.445E-01	52	AF-B0C7R9-F1-model_v6 Endoribonuclease YbeY
MC25_sitophilus_oryzae_2	AF-P52093-F1-model_v6	0.015	133	36	167	0.944	0.772	6.464E-01	6.047E-01	1.571E-01	3.443E-01	53	AF-P52093-F1-model_v6 Bacterial non-heme ferritin
MC25_sitophilus_oryzae_2	AF-B4S8Y8-F1-model_v6	0.000	53	36	141	0.944	0.369	6.366E-01	6.022E-01	1.992E-01	3.441E-01	49	AF-B4S8Y8-F1-model_v6 Endoribonuclease YbeY
MC25_sitophilus_oryzae_2	AF-A8MG66-F1-model_v6	0.016	60	36	151	0.972	0.391	6.386E-01	6.166E-01	1.925E-01	3.438E-01	50	AF-A8MG66-F1-model_v6 Endoribonuclease YbeY
MC25_sitophilus_oryzae_2	AF-P45922-F1-model_v6	0.018	53	36	103	0.889	0.505	6.015E-01	5.489E-01	2.356E-01	3.437E-01	46	AF-P45922-F1-model_v6 Uncharacterized protein YqbF
MC25_sitophilus_oryzae_2	AF-Q91W53-2-F1-model_v6	0.111	45	36	153	1.000	0.294	6.196E-01	6.091E-01	1.945E-01	3.437E-01	50	AF-Q91W53-2-F1-model_v6 Golgin subfamily A member 7
MC25_sitophilus_oryzae_2	AF-Q53461-F1-model_v6	0.058	86	36	131	1.000	0.634	6.065E-01	5.961E-01	2.094E-01	3.432E-01	48	AF-Q53461-F1-model_v6 Cruxhalorhodopsin-1 (Fragment)
MC25_sitophilus_oryzae_2	AF-Q8EPX8-F1-model_v6	0.030	65	36	154	0.972	0.416	6.395E-01	6.181E-01	1.900E-01	3.430E-01	50	AF-Q8EPX8-F1-model_v6 Endoribonuclease YbeY
MC25_sitophilus_oryzae_2	AF-Q67S27-F1-model_v6	0.016	62	36	156	0.972	0.397	6.436E-01	6.217E-01	1.905E-01	3.429E-01	50	AF-Q67S27-F1-model_v6 Endoribonuclease YbeY
MC25_sitophilus_oryzae_2	AF-P15616-F1-model_v6	0.076	39	36	85	0.833	0.459	5.802E-01	5.240E-01	2.827E-01	3.427E-01	42	AF-P15616-F1-model_v6 Uncharacterized mitochondrial protein ORF15
MC25_sitophilus_oryzae_2	AF-A8Z5Q5-F1-model_v6	0.008	122	36	141	0.917	0.851	6.342E-01	5.852E-01	1.874E-01	3.427E-01	50	AF-A8Z5Q5-F1-model_v6 Endoribonuclease YbeY
MC25_sitophilus_oryzae_2	AF-P19771-F1-model_v6	0.028	35	36	74	0.750	0.459	5.975E-01	5.090E-01	2.911E-01	3.427E-01	41	AF-P19771-F1-model_v6 Insertion element IS986 uncharacterized 8.2 kDa protein
MC25_sitophilus_oryzae_2	AF-A5D3W2-F1-model_v6	0.032	61	36	152	0.944	0.388	6.502E-01	6.168E-01	1.873E-01	3.424E-01	50	AF-A5D3W2-F1-model_v6 Endoribonuclease YbeY
MC25_sitophilus_oryzae_2	AF-Q3AEZ6-F1-model_v6	0.018	55	36	143	0.972	0.378	6.304E-01	6.093E-01	2.019E-01	3.424E-01	49	AF-Q3AEZ6-F1-model_v6 Endoribonuclease YbeY
MC25_sitophilus_oryzae_2	AF-C4K1I1-F1-model_v6	0.057	69	36	167	0.944	0.401	6.474E-01	6.115E-01	1.682E-01	3.422E-01	52	AF-C4K1I1-F1-model_v6 Endoribonuclease YbeY
MC25_sitophilus_oryzae_2	AF-Q9NRQ2-2-F1-model_v6	0.020	50	36	224	1.000	0.223	6.834E-01	6.723E-01	1.473E-01	3.421E-01	54	AF-Q9NRQ2-2-F1-model_v6 Phospholipid scramblase 4
MC25_sitophilus_oryzae_2	AF-Q7J3C3-F1-model_v6	0.016	61	36	98	0.889	0.622	5.859E-01	5.408E-01	2.560E-01	3.421E-01	44	AF-Q7J3C3-F1-model_v6 NADH-ubiquinone oxidoreductase chain 4L
MC25_sitophilus_oryzae_2	AF-Q10UY5-F1-model_v6	0.030	65	36	183	0.972	0.350	6.609E-01	6.375E-01	1.639E-01	3.420E-01	52	AF-Q10UY5-F1-model_v6 Endoribonuclease YbeY
MC25_sitophilus_oryzae_2	AF-A9BD43-F1-model_v6	0.049	61	36	189	0.972	0.323	6.644E-01	6.406E-01	1.621E-01	3.420E-01	52	AF-A9BD43-F1-model_v6 Endoribonuclease YbeY
MC25_sitophilus_oryzae_2	AF-B8DE46-F1-model_v6	0.014	69	36	161	0.972	0.422	6.436E-01	6.211E-01	1.825E-01	3.418E-01	50	AF-B8DE46-F1-model_v6 Endoribonuclease YbeY
MC25_sitophilus_oryzae_2	AF-Q3A575-F1-model_v6	0.023	129	36	150	0.917	0.853	6.424E-01	5.922E-01	1.787E-01	3.418E-01	51	AF-Q3A575-F1-model_v6 Endoribonuclease YbeY
MC25_sitophilus_oryzae_2	AF-Q92BP5-F1-model_v6	0.014	68	36	161	0.972	0.422	6.444E-01	6.220E-01	1.854E-01	3.416E-01	50	AF-Q92BP5-F1-model_v6 Endoribonuclease YbeY
MC25_sitophilus_oryzae_2	AF-Q65EC2-F1-model_v6	0.052	38	36	113	0.944	0.310	5.959E-01	5.614E-01	2.192E-01	3.416E-01	47	AF-Q65EC2-F1-model_v6 Flagellar protein FliT
MC25_sitophilus_oryzae_2	AF-Q9P7G8-F1-model_v6	0.035	56	36	118	0.944	0.449	6.028E-01	5.712E-01	2.179E-01	3.415E-01	47	AF-Q9P7G8-F1-model_v6 UPF0382 membrane protein C1782.12c
MC25_sitophilus_oryzae_2	AF-Q569C0-F1-model_v6	0.000	64	36	134	0.944	0.448	6.219E-01	5.857E-01	1.919E-01	3.412E-01	49	AF-Q569C0-F1-model_v6 Transmembrane protein 100
MC25_sitophilus_oryzae_2	AF-Q9ZLI1-F1-model_v6	0.015	133	36	167	0.944	0.772	6.408E-01	5.998E-01	1.566E-01	3.411E-01	52	AF-Q9ZLI1-F1-model_v6 Bacterial non-heme ferritin
MC25_sitophilus_oryzae_2	AF-Q8Y747-F1-model_v6	0.014	70	36	161	0.972	0.422	6.447E-01	6.215E-01	1.794E-01	3.410E-01	50	AF-Q8Y747-F1-model_v6 Endoribonuclease YbeY
MC25_sitophilus_oryzae_2	AF-Q9ZE37-F1-model_v6	0.028	70	36	234	1.000	0.295	6.525E-01	6.394E-01	1.286E-01	3.410E-01	55	AF-Q9ZE37-F1-model_v6 tRNA (guanine-N(1)-)-methyltransferase
MC25_sitophilus_oryzae_2	AF-Q9SK39-F1-model_v6	0.016	61	36	100	0.861	0.570	6.057E-01	5.320E-01	2.247E-01	3.410E-01	46	AF-Q9SK39-F1-model_v6 Probable steroid-binding protein 3
MC25_sitophilus_oryzae_2	AF-A8ESU8-F1-model_v6	0.046	43	36	110	1.000	0.364	5.630E-01	5.526E-01	2.341E-01	3.409E-01	46	AF-A8ESU8-F1-model_v6 Large ribosomal subunit protein uL22
MC25_sitophilus_oryzae_2	AF-A9A9N0-F1-model_v6	0.078	64	36	159	0.944	0.396	6.385E-01	6.022E-01	1.744E-01	3.408E-01	51	AF-A9A9N0-F1-model_v6 Large ribosomal subunit protein uL11
MC25_sitophilus_oryzae_2	AF-A5W7I1-F1-model_v6	0.083	48	36	75	0.806	0.627	5.804E-01	4.931E-01	2.796E-01	3.407E-01	42	AF-A5W7I1-F1-model_v6 UPF0270 protein Pput_3967
MC25_sitophilus_oryzae_2	AF-C1KVB2-F1-model_v6	0.014	70	36	161	0.972	0.422	6.443E-01	6.212E-01	1.794E-01	3.407E-01	50	AF-C1KVB2-F1-model_v6 Endoribonuclease YbeY
MC25_sitophilus_oryzae_2	AF-B6EPM6-F1-model_v6	0.000	49	36	80	0.806	0.600	5.868E-01	5.005E-01	2.702E-01	3.405E-01	42	AF-B6EPM6-F1-model_v6 UPF0270 protein VSAL_I0295
MC25_sitophilus_oryzae_2	AF-P19114-F1-model_v6	0.010	93	36	155	1.000	0.581	6.171E-01	6.055E-01	1.792E-01	3.404E-01	50	AF-P19114-F1-model_v6 Interleukin-2
MC25_sitophilus_oryzae_2	AF-Q68XX9-F1-model_v6	0.028	70	36	234	1.000	0.295	6.535E-01	6.404E-01	1.287E-01	3.404E-01	55	AF-Q68XX9-F1-model_v6 tRNA (guanine-N(1)-)-methyltransferase
MC25_sitophilus_oryzae_2	AF-C5D4S8-F1-model_v6	0.000	64	36	156	0.972	0.410	6.399E-01	6.184E-01	1.906E-01	3.402E-01	49	AF-C5D4S8-F1-model_v6 Endoribonuclease YbeY
MC25_sitophilus_oryzae_2	AF-Q6MDZ8-F1-model_v6	0.078	51	36	98	1.000	0.469	5.438E-01	5.332E-01	2.433E-01	3.402E-01	45	AF-Q6MDZ8-F1-model_v6 Nucleoid-associated protein pc0477
MC25_sitophilus_oryzae_2	AF-I6Y8K5-F1-model_v6	0.043	92	36	175	0.944	0.509	6.453E-01	6.065E-01	1.542E-01	3.399E-01	52	AF-I6Y8K5-F1-model_v6 PE-PGRS family protein PE_PGRS8
MC25_sitophilus_oryzae_2	AF-P0DOB0-F1-model_v6	0.000	40	36	98	0.917	0.378	5.807E-01	5.399E-01	2.451E-01	3.399E-01	44	AF-P0DOB0-F1-model_v6 ESAT-6-like protein EsxJ
MC25_sitophilus_oryzae_2	AF-A6LRP7-F1-model_v6	0.026	75	36	167	0.972	0.449	6.424E-01	6.205E-01	1.792E-01	3.399E-01	50	AF-A6LRP7-F1-model_v6 Endoribonuclease YbeY
MC25_sitophilus_oryzae_2	AF-B2V2J8-F1-model_v6	0.026	75	36	166	0.972	0.452	6.397E-01	6.180E-01	1.799E-01	3.398E-01	50	AF-B2V2J8-F1-model_v6 Endoribonuclease YbeY
MC25_sitophilus_oryzae_2	AF-P46382-F1-model_v6	0.023	86	36	123	1.000	0.659	5.837E-01	5.732E-01	2.107E-01	3.396E-01	47	AF-P46382-F1-model_v6 Probable ketoamine kinase in tonB 3'region (Fragment)
MC25_sitophilus_oryzae_2	AF-Q61BP6-F1-model_v6	0.025	40	36	86	0.806	0.465	6.036E-01	5.275E-01	2.691E-01	3.390E-01	42	AF-Q61BP6-F1-model_v6 Mitochondrial import inner membrane translocase subunit Tim10
MC25_sitophilus_oryzae_2	AF-B1HTJ4-F1-model_v6	0.015	64	36	157	0.972	0.408	6.374E-01	6.163E-01	1.894E-01	3.390E-01	49	AF-B1HTJ4-F1-model_v6 Endoribonuclease YbeY
MC25_sitophilus_oryzae_2	AF-Q7TSG1-4-F1-model_v6	0.125	24	36	87	0.583	0.276	7.145E-01	5.026E-01	2.242E-01	3.389E-01	45	AF-Q7TSG1-4-F1-model_v6 Centrosomal protein of 120 kDa
MC25_sitophilus_oryzae_2	AF-Q953J9-F1-model_v6	0.032	61	36	98	0.889	0.622	5.771E-01	5.357E-01	2.559E-01	3.389E-01	44	AF-Q953J9-F1-model_v6 NADH-ubiquinone oxidoreductase chain 4L
MC25_sitophilus_oryzae_2	AF-P68651-F1-model_v6	0.000	76	36	146	0.917	0.500	6.412E-01	5.925E-01	1.803E-01	3.388E-01	50	AF-P68651-F1-model_v6 P21 prophage-derived protein NinB
MC25_sitophilus_oryzae_2	AF-A1BH76-F1-model_v6	0.000	54	36	142	0.944	0.359	6.273E-01	5.943E-01	1.918E-01	3.388E-01	49	AF-A1BH76-F1-model_v6 Endoribonuclease YbeY
MC25_sitophilus_oryzae_2	AF-Q42596-F1-model_v6	0.125	48	36	134	0.778	0.358	6.899E-01	5.785E-01	1.873E-01	3.388E-01	49	AF-Q42596-F1-model_v6 Thionin-2.1
MC25_sitophilus_oryzae_2	AF-A0A194XK05-F1-model_v6	0.025	40	36	124	1.000	0.258	6.268E-01	5.661E-01	1.978E-01	3.386E-01	48	AF-A0A194XK05-F1-model_v6 Probbale cyclic ether formation enzyme scpZ
MC25_sitophilus_oryzae_2	AF-C3L3F6-F1-model_v6	0.013	76	36	166	0.972	0.452	6.388E-01	6.170E-01	1.769E-01	3.386E-01	50	AF-C3L3F6-F1-model_v6 Endoribonuclease YbeY
MC25_sitophilus_oryzae_2	AF-A0LT03-F1-model_v6	0.000	67	36	164	0.972	0.402	6.404E-01	6.188E-01	1.796E-01	3.384E-01	50	AF-A0LT03-F1-model_v6 Endoribonuclease YbeY
MC25_sitophilus_oryzae_2	AF-Q46HJ0-F1-model_v6	0.033	60	36	184	0.972	0.326	6.499E-01	6.275E-01	1.648E-01	3.380E-01	51	AF-Q46HJ0-F1-model_v6 Endoribonuclease YbeY
MC25_sitophilus_oryzae_2	AF-P9WNI9-F1-model_v6	0.027	37	36	96	0.917	0.344	5.787E-01	5.401E-01	2.504E-01	3.379E-01	44	AF-P9WNI9-F1-model_v6 ESAT-6-like protein EsxR
MC25_sitophilus_oryzae_2	AF-C4Z060-F1-model_v6	0.000	78	36	169	0.972	0.462	6.413E-01	6.192E-01	1.767E-01	3.379E-01	50	AF-C4Z060-F1-model_v6 Endoribonuclease YbeY
MC25_sitophilus_oryzae_2	AF-B2TM06-F1-model_v6	0.026	75	36	166	0.972	0.452	6.375E-01	6.162E-01	1.798E-01	3.377E-01	50	AF-B2TM06-F1-model_v6 Endoribonuclease YbeY
MC25_sitophilus_oryzae_2	AF-Q6L2I0-F1-model_v6	0.037	53	36	81	0.889	0.605	5.570E-01	5.011E-01	2.613E-01	3.376E-01	43	AF-Q6L2I0-F1-model_v6 Acylphosphatase
MC25_sitophilus_oryzae_2	AF-Q5H4Y3-F1-model_v6	0.022	45	36	140	0.944	0.293	6.148E-01	5.788E-01	1.836E-01	3.376E-01	49	AF-Q5H4Y3-F1-model_v6 ATP synthase epsilon chain
MC25_sitophilus_oryzae_2	AF-C4ZA59-F1-model_v6	0.000	74	36	165	0.972	0.448	6.375E-01	6.178E-01	1.807E-01	3.375E-01	50	AF-C4ZA59-F1-model_v6 Endoribonuclease YbeY
MC25_sitophilus_oryzae_2	AF-P9WNJ7-F1-model_v6	0.009	103	36	98	1.000	0.939	5.473E-01	5.364E-01	2.286E-01	3.374E-01	45	AF-P9WNJ7-F1-model_v6 ESAT-6-like protein EsxK
MC25_sitophilus_oryzae_2	AF-Q9AC14-F1-model_v6	0.037	54	36	157	0.944	0.331	6.388E-01	6.047E-01	1.781E-01	3.374E-01	50	AF-Q9AC14-F1-model_v6 Endoribonuclease YbeY
MC25_sitophilus_oryzae_2	AF-Q0A4P0-F1-model_v6	0.018	53	36	206	1.000	0.257	6.349E-01	6.246E-01	1.518E-01	3.373E-01	52	AF-Q0A4P0-F1-model_v6 Probable GTP-binding protein EngB
MC25_sitophilus_oryzae_2	AF-A4IR19-F1-model_v6	0.000	64	36	156	0.972	0.410	6.331E-01	6.124E-01	1.902E-01	3.370E-01	49	AF-A4IR19-F1-model_v6 Endoribonuclease YbeY
MC25_sitophilus_oryzae_2	AF-B1LBP9-F1-model_v6	0.058	51	36	150	0.972	0.340	6.229E-01	6.023E-01	1.959E-01	3.368E-01	48	AF-B1LBP9-F1-model_v6 Endoribonuclease YbeY
MC25_sitophilus_oryzae_2	AF-A1KJ30-F1-model_v6	0.006	320	36	468	1.000	0.684	7.097E-01	6.953E-01	7.174E-02	3.368E-01	60	AF-A1KJ30-F1-model_v6 Phosphatidylglycerol--prolipoprotein diacylglyceryl transferase
MC25_sitophilus_oryzae_2	AF-A7FXK4-F1-model_v6	0.013	76	36	166	0.972	0.452	6.355E-01	6.141E-01	1.767E-01	3.367E-01	50	AF-A7FXK4-F1-model_v6 Endoribonuclease YbeY
MC25_sitophilus_oryzae_2	AF-O06474-F1-model_v6	0.000	39	36	140	1.000	0.221	6.494E-01	5.701E-01	1.758E-01	3.366E-01	50	AF-O06474-F1-model_v6 HTH-type transcriptional regulator YfmP
MC25_sitophilus_oryzae_2	AF-Q979C4-F1-model_v6	0.019	51	36	124	0.889	0.411	6.208E-01	5.639E-01	2.091E-01	3.366E-01	47	AF-Q979C4-F1-model_v6 Prefoldin subunit beta
MC25_sitophilus_oryzae_2	AF-B1KZM6-F1-model_v6	0.013	76	36	166	0.972	0.452	6.365E-01	6.150E-01	1.768E-01	3.366E-01	50	AF-B1KZM6-F1-model_v6 Endoribonuclease YbeY
MC25_sitophilus_oryzae_2	AF-Q0I6S3-F1-model_v6	0.065	61	36	177	0.972	0.339	6.468E-01	6.245E-01	1.679E-01	3.365E-01	51	AF-Q0I6S3-F1-model_v6 Endoribonuclease YbeY
MC25_sitophilus_oryzae_2	AF-A6LG55-F1-model_v6	0.017	114	36	142	0.889	0.789	6.387E-01	5.756E-01	1.801E-01	3.364E-01	49	AF-A6LG55-F1-model_v6 Endoribonuclease YbeY
MC25_sitophilus_oryzae_2	AF-Q0CS98-F1-model_v6	0.012	156	36	356	1.000	0.438	6.925E-01	6.798E-01	9.350E-02	3.361E-01	58	AF-Q0CS98-F1-model_v6 MFS-type transporter tazK
MC25_sitophilus_oryzae_2	AF-A5I629-F1-model_v6	0.013	76	36	166	0.972	0.452	6.344E-01	6.131E-01	1.766E-01	3.359E-01	50	AF-A5I629-F1-model_v6 Endoribonuclease YbeY
MC25_sitophilus_oryzae_2	AF-P9WNK7-F1-model_v6	0.020	96	36	95	0.861	0.958	5.934E-01	5.197E-01	2.270E-01	3.358E-01	45	AF-P9WNK7-F1-model_v6 6 kDa early secretory antigenic target
MC25_sitophilus_oryzae_2	AF-Q9X1J7-F1-model_v6	0.058	51	36	150	0.972	0.340	6.219E-01	6.014E-01	1.958E-01	3.358E-01	48	AF-Q9X1J7-F1-model_v6 Endoribonuclease YbeY
MC25_sitophilus_oryzae_2	AF-Q5KX10-F1-model_v6	0.000	66	36	156	0.972	0.410	6.294E-01	6.079E-01	1.837E-01	3.356E-01	49	AF-Q5KX10-F1-model_v6 Endoribonuclease YbeY
MC25_sitophilus_oryzae_2	AF-Q7NAN6-F1-model_v6	0.000	44	36	100	0.972	0.430	5.579E-01	5.407E-01	2.572E-01	3.355E-01	43	AF-Q7NAN6-F1-model_v6 Nucleoid-associated protein MYCGA6000
MC25_sitophilus_oryzae_2	AF-Q5HAK7-F1-model_v6	0.013	151	36	209	0.972	0.713	6.553E-01	6.297E-01	1.398E-01	3.353E-01	53	AF-Q5HAK7-F1-model_v6 Guanylate kinase
MC25_sitophilus_oryzae_2	AF-Q290F0-F1-model_v6	0.027	37	36	143	0.944	0.238	6.075E-01	5.762E-01	1.859E-01	3.353E-01	49	AF-Q290F0-F1-model_v6 Mediator of RNA polymerase II transcription subunit 9
MC25_sitophilus_oryzae_2	AF-C1FVS9-F1-model_v6	0.013	76	36	166	0.972	0.452	6.334E-01	6.123E-01	1.765E-01	3.352E-01	50	AF-C1FVS9-F1-model_v6 Endoribonuclease YbeY
MC25_sitophilus_oryzae_2	AF-Q8WYL5-3-F1-model_v6	0.012	80	36	148	1.000	0.520	5.967E-01	5.856E-01	1.844E-01	3.352E-01	49	AF-Q8WYL5-3-F1-model_v6 Protein phosphatase Slingshot homolog 1
MC25_sitophilus_oryzae_2	AF-O43414-3-F1-model_v6	0.000	37	36	128	0.944	0.258	6.070E-01	5.552E-01	1.881E-01	3.352E-01	49	AF-O43414-3-F1-model_v6 ERI1 exoribonuclease 3
MC25_sitophilus_oryzae_2	AF-Q5R5K6-2-F1-model_v6	0.016	59	36	100	0.944	0.540	5.659E-01	5.348E-01	2.352E-01	3.351E-01	44	AF-Q5R5K6-2-F1-model_v6 Galectin-related protein
MC25_sitophilus_oryzae_2	AF-Q03JB0-F1-model_v6	0.042	47	36	99	0.972	0.424	5.398E-01	5.200E-01	2.403E-01	3.351E-01	44	AF-Q03JB0-F1-model_v6 Nucleoid-associated protein STER_1560
MC25_sitophilus_oryzae_2	AF-A2T358-F1-model_v6	0.000	85	36	197	0.917	0.421	6.724E-01	6.194E-01	1.419E-01	3.351E-01	53	AF-A2T358-F1-model_v6 ATP-dependent Clp protease proteolytic subunit
MC25_sitophilus_oryzae_2	AF-P0DSK5-F1-model_v6	0.078	38	36	114	1.000	0.263	6.323E-01	5.493E-01	2.100E-01	3.349E-01	46	AF-P0DSK5-F1-model_v6 U-myrmeciitoxin(01)-Mg8a
MC25_sitophilus_oryzae_2	AF-A7GHG5-F1-model_v6	0.013	75	36	166	0.972	0.452	6.356E-01	6.143E-01	1.793E-01	3.349E-01	49	AF-A7GHG5-F1-model_v6 Endoribonuclease YbeY
MC25_sitophilus_oryzae_2	AF-P62075-F1-model_v6	0.026	38	36	95	0.806	0.400	6.057E-01	5.287E-01	2.479E-01	3.348E-01	43	AF-P62075-F1-model_v6 Mitochondrial import inner membrane translocase subunit Tim13
MC25_sitophilus_oryzae_2	AF-A3DEC2-F1-model_v6	0.028	71	36	162	0.972	0.426	6.332E-01	6.111E-01	1.776E-01	3.345E-01	49	AF-A3DEC2-F1-model_v6 Endoribonuclease YbeY
MC25_sitophilus_oryzae_2	AF-Q3B368-F1-model_v6	0.037	54	36	137	0.889	0.394	6.304E-01	5.727E-01	1.917E-01	3.344E-01	48	AF-Q3B368-F1-model_v6 Endoribonuclease YbeY
MC25_sitophilus_oryzae_2	AF-B9JYQ6-F1-model_v6	0.038	52	36	126	1.000	0.365	5.775E-01	5.663E-01	1.995E-01	3.344E-01	47	AF-B9JYQ6-F1-model_v6 Methylglyoxal synthase
MC25_sitophilus_oryzae_2	AF-Q58T39-F1-model_v6	0.010	94	36	144	1.000	0.632	5.852E-01	5.736E-01	1.829E-01	3.343E-01	49	AF-Q58T39-F1-model_v6 Maximins 10/H15
MC25_sitophilus_oryzae_2	AF-B1ILL2-F1-model_v6	0.013	76	36	166	0.972	0.452	6.334E-01	6.119E-01	1.765E-01	3.343E-01	49	AF-B1ILL2-F1-model_v6 Endoribonuclease YbeY
MC25_sitophilus_oryzae_2	AF-Q9UZ84-F1-model_v6	0.076	39	36	105	0.944	0.324	5.610E-01	5.323E-01	2.315E-01	3.343E-01	45	AF-Q9UZ84-F1-model_v6 UPF0148 protein PYRAB12700
MC25_sitophilus_oryzae_2	AF-A1ZB62-F1-model_v6	0.000	59	36	76	0.639	0.750	6.528E-01	4.741E-01	2.435E-01	3.343E-01	43	AF-A1ZB62-F1-model_v6 Bomanin Tailed 2
MC25_sitophilus_oryzae_2	AF-Q5M340-F1-model_v6	0.042	47	36	99	0.972	0.424	5.388E-01	5.190E-01	2.401E-01	3.342E-01	44	AF-Q5M340-F1-model_v6 Nucleoid-associated protein stu1598
MC25_sitophilus_oryzae_2	AF-Q46106-F1-model_v6	0.015	132	36	167	0.944	0.772	6.277E-01	5.882E-01	1.578E-01	3.341E-01	51	AF-Q46106-F1-model_v6 Bacterial non-heme ferritin
MC25_sitophilus_oryzae_2	AF-Q13UD3-F1-model_v6	0.037	53	36	153	0.944	0.346	6.320E-01	5.988E-01	1.870E-01	3.341E-01	48	AF-Q13UD3-F1-model_v6 Endoribonuclease YbeY
MC25_sitophilus_oryzae_2	AF-Q9K6W2-F1-model_v6	0.078	38	36	119	1.000	0.252	6.350E-01	5.470E-01	1.979E-01	3.341E-01	47	AF-Q9K6W2-F1-model_v6 Flagellar protein FliT
MC25_sitophilus_oryzae_2	AF-P0CB36-F1-model_v6	0.057	52	36	125	1.000	0.368	5.753E-01	5.643E-01	2.007E-01	3.340E-01	47	AF-P0CB36-F1-model_v6 Methylglyoxal synthase
MC25_sitophilus_oryzae_2	AF-Q96DZ7-2-F1-model_v6	0.013	76	36	183	0.944	0.399	6.509E-01	6.138E-01	1.510E-01	3.339E-01	52	AF-Q96DZ7-2-F1-model_v6 Transmembrane 4 L6 family member 19
MC25_sitophilus_oryzae_2	AF-O83656-F1-model_v6	0.000	62	36	160	0.972	0.375	6.239E-01	6.016E-01	1.763E-01	3.339E-01	49	AF-O83656-F1-model_v6 Endoribonuclease YbeY
MC25_sitophilus_oryzae_2	AF-Q3BP16-F1-model_v6	0.022	45	36	140	0.944	0.293	6.080E-01	5.731E-01	1.830E-01	3.338E-01	49	AF-Q3BP16-F1-model_v6 ATP synthase epsilon chain
MC25_sitophilus_oryzae_2	AF-Q0BK61-F1-model_v6	0.054	37	36	110	0.944	0.273	6.293E-01	5.495E-01	2.150E-01	3.338E-01	46	AF-Q0BK61-F1-model_v6 NADH-quinone oxidoreductase subunit K
MC25_sitophilus_oryzae_2	AF-Q650C1-F1-model_v6	0.035	114	36	139	0.889	0.806	6.357E-01	5.733E-01	1.834E-01	3.338E-01	49	AF-Q650C1-F1-model_v6 Endoribonuclease YbeY
MC25_sitophilus_oryzae_2	AF-Q9MIY2-F1-model_v6	0.032	61	36	98	0.889	0.622	5.666E-01	5.288E-01	2.551E-01	3.338E-01	43	AF-Q9MIY2-F1-model_v6 NADH-ubiquinone oxidoreductase chain 4L
MC25_sitophilus_oryzae_2	AF-P08943-F1-model_v6	0.057	35	36	103	0.833	0.340	6.164E-01	5.448E-01	2.367E-01	3.338E-01	44	AF-P08943-F1-model_v6 Viscotoxin-B (Fragment)
MC25_sitophilus_oryzae_2	AF-Q5LYH7-F1-model_v6	0.042	47	36	99	0.972	0.424	5.383E-01	5.186E-01	2.400E-01	3.337E-01	44	AF-Q5LYH7-F1-model_v6 Nucleoid-associated protein str1598
MC25_sitophilus_oryzae_2	AF-B6IPJ0-F1-model_v6	0.068	44	36	107	0.972	0.402	5.450E-01	5.288E-01	2.414E-01	3.336E-01	44	AF-B6IPJ0-F1-model_v6 Nucleoid-associated protein RC1_2305
MC25_sitophilus_oryzae_2	AF-C0RMI7-F1-model_v6	0.057	52	36	125	1.000	0.368	5.745E-01	5.636E-01	2.006E-01	3.335E-01	47	AF-C0RMI7-F1-model_v6 Methylglyoxal synthase
MC25_sitophilus_oryzae_2	AF-P47132-F1-model_v6	0.061	49	36	116	0.972	0.388	5.750E-01	5.547E-01	2.186E-01	3.335E-01	45	AF-P47132-F1-model_v6 Putative uncharacterized protein YJR087W
MC25_sitophilus_oryzae_2	AF-P0A3Q3-F1-model_v6	0.057	52	36	125	1.000	0.368	5.742E-01	5.632E-01	2.005E-01	3.334E-01	47	AF-P0A3Q3-F1-model_v6 Methylglyoxal synthase
MC25_sitophilus_oryzae_2	AF-Q5LIY0-F1-model_v6	0.035	114	36	139	0.889	0.806	6.347E-01	5.724E-01	1.833E-01	3.333E-01	49	AF-Q5LIY0-F1-model_v6 Endoribonuclease YbeY
MC25_sitophilus_oryzae_2	AF-Q58T89-F1-model_v6	0.021	91	36	144	1.000	0.611	5.801E-01	5.684E-01	1.800E-01	3.331E-01	49	AF-Q58T89-F1-model_v6 Maximins 6/Hv
MC25_sitophilus_oryzae_2	AF-Q2YJP0-F1-model_v6	0.057	52	36	125	1.000	0.368	5.744E-01	5.634E-01	2.007E-01	3.331E-01	47	AF-Q2YJP0-F1-model_v6 Methylglyoxal synthase
MC25_sitophilus_oryzae_2	AF-B2S1E3-F1-model_v6	0.052	57	36	143	0.944	0.399	6.064E-01	5.762E-01	1.932E-01	3.331E-01	48	AF-B2S1E3-F1-model_v6 Ribosome maturation factor RimP
MC25_sitophilus_oryzae_2	AF-Q8M9Y9-F1-model_v6	0.021	91	36	201	1.000	0.443	6.335E-01	6.217E-01	1.475E-01	3.331E-01	52	AF-Q8M9Y9-F1-model_v6 ATP-dependent Clp protease proteolytic subunit
MC25_sitophilus_oryzae_2	AF-G5EEM0-2-F1-model_v6	0.028	70	36	143	1.000	0.490	6.124E-01	6.037E-01	2.093E-01	3.330E-01	46	AF-G5EEM0-2-F1-model_v6 Nuclear hormone receptor 114
MC25_sitophilus_oryzae_2	AF-P9WNK6-F1-model_v6	0.020	96	36	95	0.861	0.947	5.892E-01	5.163E-01	2.238E-01	3.330E-01	45	AF-P9WNK6-F1-model_v6 6 kDa early secretory antigenic target
MC25_sitophilus_oryzae_2	AF-Q70UT9-F1-model_v6	0.032	61	36	98	0.889	0.622	5.760E-01	5.368E-01	2.568E-01	3.330E-01	42	AF-Q70UT9-F1-model_v6 NADH-ubiquinone oxidoreductase chain 4L
MC25_sitophilus_oryzae_2	AF-A6H5K6-F1-model_v6	0.011	86	36	195	0.917	0.436	6.581E-01	6.072E-01	1.446E-01	3.329E-01	52	AF-A6H5K6-F1-model_v6 ATP-dependent Clp protease proteolytic subunit
MC25_sitophilus_oryzae_2	AF-Q2S0T3-F1-model_v6	0.031	63	36	157	0.972	0.389	6.311E-01	6.107E-01	1.837E-01	3.328E-01	48	AF-Q2S0T3-F1-model_v6 Endoribonuclease YbeY
MC25_sitophilus_oryzae_2	AF-Q54I57-F1-model_v6	0.000	34	36	90	0.750	0.378	6.139E-01	5.178E-01	2.475E-01	3.328E-01	43	AF-Q54I57-F1-model_v6 c-Myc-binding protein homolog
MC25_sitophilus_oryzae_2	AF-Q07V70-F1-model_v6	0.016	62	36	172	0.972	0.349	6.317E-01	6.092E-01	1.663E-01	3.328E-01	50	AF-Q07V70-F1-model_v6 Endoribonuclease YbeY
MC25_sitophilus_oryzae_2	AF-Q9Z0S6-5-F1-model_v6	0.048	41	36	174	0.944	0.218	6.386E-01	6.034E-01	1.582E-01	3.328E-01	51	AF-Q9Z0S6-5-F1-model_v6 Claudin-10
MC25_sitophilus_oryzae_2	AF-A6WYJ6-F1-model_v6	0.057	52	36	125	1.000	0.368	5.734E-01	5.625E-01	2.005E-01	3.328E-01	47	AF-A6WYJ6-F1-model_v6 Methylglyoxal synthase
MC25_sitophilus_oryzae_2	AF-P0A3Q2-F1-model_v6	0.057	52	36	125	1.000	0.368	5.740E-01	5.631E-01	2.006E-01	3.327E-01	47	AF-P0A3Q2-F1-model_v6 Methylglyoxal synthase
MC25_sitophilus_oryzae_2	AF-A9MCX4-F1-model_v6	0.057	52	36	125	1.000	0.368	5.747E-01	5.638E-01	2.007E-01	3.327E-01	47	AF-A9MCX4-F1-model_v6 Methylglyoxal synthase
MC25_sitophilus_oryzae_2	AF-Q23444-3-F1-model_v6	0.018	55	36	143	0.944	0.364	6.244E-01	5.916E-01	1.883E-01	3.327E-01	48	AF-Q23444-3-F1-model_v6 Man(5)GlcNAc(2)-PP-dolichol translocation protein RFT1
MC25_sitophilus_oryzae_2	AF-O14223-F1-model_v6	0.041	96	36	132	1.000	0.697	5.669E-01	5.581E-01	2.021E-01	3.326E-01	47	AF-O14223-F1-model_v6 Golgi apparatus membrane protein tvp15
MC25_sitophilus_oryzae_2	AF-Q5WHE2-F1-model_v6	0.014	67	36	160	0.944	0.406	6.390E-01	6.060E-01	1.762E-01	3.324E-01	49	AF-Q5WHE2-F1-model_v6 Endoribonuclease YbeY
MC25_sitophilus_oryzae_2	AF-A6KZP3-F1-model_v6	0.035	113	36	138	0.889	0.812	6.243E-01	5.666E-01	1.864E-01	3.323E-01	48	AF-A6KZP3-F1-model_v6 Endoribonuclease YbeY
MC25_sitophilus_oryzae_2	AF-B2SC33-F1-model_v6	0.057	52	36	125	1.000	0.368	5.733E-01	5.625E-01	2.006E-01	3.323E-01	47	AF-B2SC33-F1-model_v6 Methylglyoxal synthase
MC25_sitophilus_oryzae_2	AF-Q6LX80-F1-model_v6	0.081	37	36	223	0.833	0.166	7.379E-01	6.431E-01	1.276E-01	3.322E-01	53	AF-Q6LX80-F1-model_v6 RNA-free ribonuclease P
MC25_sitophilus_oryzae_2	AF-Q9P7F9-F1-model_v6	0.020	100	36	173	1.000	0.561	6.207E-01	6.092E-01	1.637E-01	3.322E-01	50	AF-Q9P7F9-F1-model_v6 Copper transport protein ctr5
MC25_sitophilus_oryzae_2	AF-Q6GHS9-F1-model_v6	0.000	51	36	165	1.000	0.297	6.029E-01	5.919E-01	1.720E-01	3.321E-01	49	AF-Q6GHS9-F1-model_v6 Fibrinogen-binding protein
MC25_sitophilus_oryzae_2	AF-A5VVV1-F1-model_v6	0.057	52	36	125	1.000	0.368	5.730E-01	5.621E-01	2.004E-01	3.321E-01	47	AF-A5VVV1-F1-model_v6 Methylglyoxal synthase
MC25_sitophilus_oryzae_2	AF-A7NEK0-F1-model_v6	0.054	37	36	110	0.944	0.273	6.281E-01	5.486E-01	2.147E-01	3.320E-01	45	AF-A7NEK0-F1-model_v6 NADH-quinone oxidoreductase subunit K
MC25_sitophilus_oryzae_2	AF-Q6YXM7-F1-model_v6	0.000	85	36	199	0.917	0.417	6.632E-01	6.108E-01	1.398E-01	3.320E-01	52	AF-Q6YXM7-F1-model_v6 ATP-dependent Clp protease proteolytic subunit
MC25_sitophilus_oryzae_2	AF-O25828-F1-model_v6	0.020	147	36	180	1.000	0.817	6.265E-01	6.153E-01	1.656E-01	3.320E-01	50	AF-O25828-F1-model_v6 DNA replication regulator protein HobA
MC25_sitophilus_oryzae_2	AF-Q5HGS6-F1-model_v6	0.000	53	36	165	1.000	0.309	6.056E-01	5.941E-01	1.707E-01	3.319E-01	50	AF-Q5HGS6-F1-model_v6 Fibrinogen-binding protein
MC25_sitophilus_oryzae_2	AF-P68800-F1-model_v6	0.000	53	36	165	1.000	0.309	6.055E-01	5.939E-01	1.707E-01	3.319E-01	50	AF-P68800-F1-model_v6 Fibrinogen-binding protein
MC25_sitophilus_oryzae_2	AF-Q8NX50-F1-model_v6	0.000	51	36	165	1.000	0.297	6.018E-01	5.908E-01	1.719E-01	3.318E-01	49	AF-Q8NX50-F1-model_v6 Fibrinogen-binding protein
MC25_sitophilus_oryzae_2	AF-A0QNJ6-F1-model_v6	0.000	95	36	95	0.861	0.947	5.831E-01	5.131E-01	2.270E-01	3.316E-01	44	AF-A0QNJ6-F1-model_v6 ESAT-6-like protein EsxA
MC25_sitophilus_oryzae_2	AF-Q3ZYT5-F1-model_v6	0.007	142	36	166	0.861	0.855	6.690E-01	5.945E-01	1.619E-01	3.314E-01	50	AF-Q3ZYT5-F1-model_v6 Endoribonuclease YbeY
MC25_sitophilus_oryzae_2	AF-P0ADL6-F1-model_v6	0.012	83	36	120	1.000	0.608	5.558E-01	5.444E-01	1.933E-01	3.311E-01	47	AF-P0ADL6-F1-model_v6 Inner membrane protein YidG
MC25_sitophilus_oryzae_2	AF-Q5FM05-F1-model_v6	0.020	48	36	111	1.000	0.387	5.455E-01	5.357E-01	2.195E-01	3.311E-01	45	AF-Q5FM05-F1-model_v6 Nucleoid-associated protein LBA0378
MC25_sitophilus_oryzae_2	AF-A5UMH1-F1-model_v6	0.068	44	36	132	0.889	0.318	6.153E-01	5.558E-01	1.865E-01	3.310E-01	48	AF-A5UMH1-F1-model_v6 Small ribosomal subunit protein uS15
MC25_sitophilus_oryzae_2	AF-P0CS00-F1-model_v6	0.052	38	36	99	0.806	0.384	6.082E-01	5.294E-01	2.394E-01	3.309E-01	43	AF-P0CS00-F1-model_v6 Mitochondrial import inner membrane translocase subunit TIM13
MC25_sitophilus_oryzae_2	AF-Q4AAH6-F1-model_v6	0.023	43	36	150	0.861	0.287	6.458E-01	5.675E-01	1.717E-01	3.308E-01	49	AF-Q4AAH6-F1-model_v6 Endoribonuclease YbeY
MC25_sitophilus_oryzae_2	AF-Q601H8-F1-model_v6	0.022	44	36	150	0.861	0.287	6.489E-01	5.700E-01	1.698E-01	3.307E-01	49	AF-Q601H8-F1-model_v6 Endoribonuclease YbeY
MC25_sitophilus_oryzae_2	AF-Q8FVD4-F1-model_v6	0.005	193	36	242	1.000	0.798	6.613E-01	6.501E-01	1.330E-01	3.306E-01	53	AF-Q8FVD4-F1-model_v6 UPF0309 protein BRA0910/BS1330_II0902
MC25_sitophilus_oryzae_2	AF-A8GLY7-F1-model_v6	0.007	136	36	259	0.861	0.525	7.291E-01	6.455E-01	1.129E-01	3.303E-01	54	AF-A8GLY7-F1-model_v6 Phosphatidylglycerol--prolipoprotein diacylglyceryl transferase
MC25_sitophilus_oryzae_2	AF-Q2GEF3-F1-model_v6	0.053	56	36	143	0.944	0.385	6.041E-01	5.740E-01	1.940E-01	3.302E-01	47	AF-Q2GEF3-F1-model_v6 Endoribonuclease YbeY
MC25_sitophilus_oryzae_2	AF-Q9Y816-F1-model_v6	0.042	70	36	142	1.000	0.458	5.729E-01	5.613E-01	1.823E-01	3.300E-01	48	AF-Q9Y816-F1-model_v6 Uncharacterized protein C1105.13c
MC25_sitophilus_oryzae_2	AF-Q6F1K1-F1-model_v6	0.016	60	36	169	0.972	0.355	6.355E-01	6.147E-01	1.776E-01	3.299E-01	48	AF-Q6F1K1-F1-model_v6 Endoribonuclease YbeY
MC25_sitophilus_oryzae_2	AF-Q2KDT8-F1-model_v6	0.057	52	36	126	1.000	0.365	5.709E-01	5.602E-01	1.987E-01	3.299E-01	46	AF-Q2KDT8-F1-model_v6 Methylglyoxal synthase
MC25_sitophilus_oryzae_2	AF-A9WW58-F1-model_v6	0.057	52	36	125	1.000	0.368	5.720E-01	5.613E-01	2.003E-01	3.299E-01	46	AF-A9WW58-F1-model_v6 Methylglyoxal synthase
MC25_sitophilus_oryzae_2	AF-Q87AP2-F1-model_v6	0.016	61	36	161	0.944	0.373	6.231E-01	5.893E-01	1.733E-01	3.299E-01	49	AF-Q87AP2-F1-model_v6 Endoribonuclease YbeY
MC25_sitophilus_oryzae_2	AF-Q57AA9-F1-model_v6	0.033	60	36	168	0.972	0.345	6.230E-01	6.006E-01	1.688E-01	3.297E-01	49	AF-Q57AA9-F1-model_v6 Endoribonuclease YbeY
MC25_sitophilus_oryzae_2	AF-B0U4P3-F1-model_v6	0.016	61	36	161	0.944	0.373	6.231E-01	5.893E-01	1.733E-01	3.297E-01	49	AF-B0U4P3-F1-model_v6 Endoribonuclease YbeY
MC25_sitophilus_oryzae_2	AF-P45642-F1-model_v6	0.007	133	36	230	1.000	0.557	6.257E-01	6.125E-01	1.196E-01	3.296E-01	54	AF-P45642-F1-model_v6 Somatolactin
MC25_sitophilus_oryzae_2	AF-B2I8U3-F1-model_v6	0.016	61	36	161	0.944	0.373	6.269E-01	5.931E-01	1.734E-01	3.294E-01	49	AF-B2I8U3-F1-model_v6 Endoribonuclease YbeY
MC25_sitophilus_oryzae_2	AF-A9A450-F1-model_v6	0.042	47	36	304	1.000	0.148	6.519E-01	6.382E-01	9.945E-02	3.291E-01	56	AF-A9A450-F1-model_v6 Malate dehydrogenase
MC25_sitophilus_oryzae_2	AF-P75162-F1-model_v6	0.051	39	36	352	0.944	0.108	7.204E-01	6.801E-01	8.933E-02	3.290E-01	56	AF-P75162-F1-model_v6 Uncharacterized protein MPN_635
MC25_sitophilus_oryzae_2	AF-B8FUL3-F1-model_v6	0.015	64	36	157	0.944	0.395	6.324E-01	6.002E-01	1.794E-01	3.290E-01	48	AF-B8FUL3-F1-model_v6 Endoribonuclease YbeY
MC25_sitophilus_oryzae_2	AF-Q25626-F1-model_v6	0.011	90	36	215	0.889	0.414	6.838E-01	6.169E-01	1.305E-01	3.290E-01	53	AF-Q25626-F1-model_v6 S-crystallin 3
MC25_sitophilus_oryzae_2	AF-Q24SU4-F1-model_v6	0.015	64	36	157	0.944	0.395	6.320E-01	5.999E-01	1.794E-01	3.289E-01	48	AF-Q24SU4-F1-model_v6 Endoribonuclease YbeY
MC25_sitophilus_oryzae_2	AF-B3PKA4-F1-model_v6	0.000	48	36	71	0.972	0.521	4.976E-01	4.801E-01	2.827E-01	3.288E-01	39	AF-B3PKA4-F1-model_v6 Small ribosomal subunit protein bS21
MC25_sitophilus_oryzae_2	AF-C3MBY3-F1-model_v6	0.057	52	36	126	1.000	0.365	5.704E-01	5.597E-01	1.986E-01	3.288E-01	46	AF-C3MBY3-F1-model_v6 Methylglyoxal synthase
MC25_sitophilus_oryzae_2	AF-Q2JU40-F1-model_v6	0.023	42	36	163	0.889	0.252	6.411E-01	5.795E-01	1.615E-01	3.287E-01	50	AF-Q2JU40-F1-model_v6 Endoribonuclease YbeY
MC25_sitophilus_oryzae_2	AF-Q66GI1-F1-model_v6	0.034	116	36	152	1.000	0.724	5.887E-01	5.773E-01	1.702E-01	3.286E-01	49	AF-Q66GI1-F1-model_v6 CASP-like protein 5C1
MC25_sitophilus_oryzae_2	AF-Q8UIV6-F1-model_v6	0.057	52	36	127	1.000	0.362	5.716E-01	5.608E-01	1.972E-01	3.285E-01	46	AF-Q8UIV6-F1-model_v6 Methylglyoxal synthase
MC25_sitophilus_oryzae_2	AF-B9J6R7-F1-model_v6	0.057	52	36	126	1.000	0.365	5.711E-01	5.604E-01	1.987E-01	3.285E-01	46	AF-B9J6R7-F1-model_v6 Methylglyoxal synthase
MC25_sitophilus_oryzae_2	AF-P0DML3-3-F1-model_v6	0.014	68	36	122	0.917	0.500	5.918E-01	5.425E-01	1.876E-01	3.284E-01	47	AF-P0DML3-3-F1-model_v6 Chorionic somatomammotropin hormone 2
MC25_sitophilus_oryzae_2	AF-Q5EA19-F1-model_v6	0.000	70	36	202	0.833	0.342	6.904E-01	6.041E-01	1.335E-01	3.283E-01	52	AF-Q5EA19-F1-model_v6 ADP-ribosylation factor-like protein 15
MC25_sitophilus_oryzae_2	AF-Q9PEX5-F1-model_v6	0.016	61	36	161	0.944	0.373	6.190E-01	5.865E-01	1.746E-01	3.282E-01	48	AF-Q9PEX5-F1-model_v6 Endoribonuclease YbeY
MC25_sitophilus_oryzae_2	AF-Q1G309-F1-model_v6	0.041	24	36	73	0.583	0.329	6.240E-01	4.694E-01	2.550E-01	3.281E-01	41	AF-Q1G309-F1-model_v6 Signaling peptide TAXIMIN 2
MC25_sitophilus_oryzae_2	AF-Q5QZH3-F1-model_v6	0.023	129	36	138	1.000	0.906	5.661E-01	5.548E-01	1.831E-01	3.277E-01	48	AF-Q5QZH3-F1-model_v6 ATP synthase epsilon chain
MC25_sitophilus_oryzae_2	AF-B3PXK7-F1-model_v6	0.057	52	36	126	1.000	0.365	5.702E-01	5.595E-01	1.985E-01	3.277E-01	46	AF-B3PXK7-F1-model_v6 Methylglyoxal synthase
MC25_sitophilus_oryzae_2	AF-P30906-F1-model_v6	0.030	65	36	163	0.889	0.380	6.419E-01	5.770E-01	1.569E-01	3.275E-01	50	AF-P30906-F1-model_v6 Uncharacterized 17.3 kDa protein in cblS 5'region
MC25_sitophilus_oryzae_2	AF-P45566-F1-model_v6	0.045	22	36	80	0.556	0.275	6.620E-01	4.711E-01	2.284E-01	3.275E-01	43	AF-P45566-F1-model_v6 Uncharacterized membrane protein YhdT
MC25_sitophilus_oryzae_2	AF-B6YQQ8-F1-model_v6	0.000	54	36	139	0.972	0.374	5.974E-01	5.781E-01	1.990E-01	3.274E-01	46	AF-B6YQQ8-F1-model_v6 Endoribonuclease YbeY
MC25_sitophilus_oryzae_2	AF-Q5FFZ9-F1-model_v6	0.013	151	36	209	0.972	0.713	6.437E-01	6.192E-01	1.391E-01	3.274E-01	51	AF-Q5FFZ9-F1-model_v6 Guanylate kinase
MC25_sitophilus_oryzae_2	AF-O86954-F1-model_v6	0.017	56	36	108	1.000	0.509	5.505E-01	5.422E-01	2.447E-01	3.274E-01	42	AF-O86954-F1-model_v6 Probable endonuclease 4 (Fragment)
MC25_sitophilus_oryzae_2	AF-Q92731-3-F1-model_v6	0.066	45	36	323	0.833	0.139	7.553E-01	6.490E-01	8.814E-02	3.273E-01	56	AF-Q92731-3-F1-model_v6 Estrogen receptor beta
MC25_sitophilus_oryzae_2	AF-Q9NZL9-5-F1-model_v6	0.013	74	36	83	1.000	0.711	4.915E-01	4.801E-01	2.265E-01	3.272E-01	43	AF-Q9NZL9-5-F1-model_v6 Methionine adenosyltransferase 2 subunit beta
MC25_sitophilus_oryzae_2	AF-B0TJZ1-F1-model_v6	0.009	111	36	135	1.000	0.822	5.950E-01	5.868E-01	2.174E-01	3.272E-01	44	AF-B0TJZ1-F1-model_v6 Transcription antitermination protein NusB
MC25_sitophilus_oryzae_2	AF-Q1LR89-F1-model_v6	0.075	53	36	197	0.944	0.269	6.496E-01	6.143E-01	1.503E-01	3.271E-01	50	AF-Q1LR89-F1-model_v6 Endoribonuclease YbeY
MC25_sitophilus_oryzae_2	AF-Q96QS1-4-F1-model_v6	0.027	36	36	124	0.889	0.266	6.025E-01	5.433E-01	1.930E-01	3.270E-01	46	AF-Q96QS1-4-F1-model_v6 Tetraspanin-32
MC25_sitophilus_oryzae_2	AF-Q32ZL2-F1-model_v6	0.066	75	36	321	1.000	0.234	6.787E-01	6.663E-01	1.017E-01	3.270E-01	55	AF-Q32ZL2-F1-model_v6 Phospholipid phosphatase-related protein type 5
MC25_sitophilus_oryzae_2	AF-Q1WSU4-F1-model_v6	0.000	63	36	104	1.000	0.510	5.440E-01	5.339E-01	2.209E-01	3.267E-01	44	AF-Q1WSU4-F1-model_v6 Nucleoid-associated protein LSL_1227
MC25_sitophilus_oryzae_2	AF-B2IA62-F1-model_v6	0.017	168	36	289	0.889	0.581	7.027E-01	6.308E-01	1.004E-01	3.267E-01	55	AF-B2IA62-F1-model_v6 Protease HtpX
MC25_sitophilus_oryzae_2	AF-Q6FTX0-F1-model_v6	0.000	142	36	193	1.000	0.715	6.150E-01	6.031E-01	1.460E-01	3.266E-01	51	AF-Q6FTX0-F1-model_v6 2',3'-cyclic-nucleotide 3'-phosphodiesterase
MC25_sitophilus_oryzae_2	AF-Q9K794-F1-model_v6	0.017	113	36	197	1.000	0.569	6.204E-01	6.089E-01	1.497E-01	3.266E-01	50	AF-Q9K794-F1-model_v6 Putative AgrB-like protein
MC25_sitophilus_oryzae_2	AF-A6TM61-F1-model_v6	0.000	85	36	194	0.917	0.423	6.562E-01	6.059E-01	1.408E-01	3.264E-01	51	AF-A6TM61-F1-model_v6 ATP-dependent Clp protease proteolytic subunit
MC25_sitophilus_oryzae_2	AF-Q8YCZ1-F1-model_v6	0.005	193	36	242	1.000	0.798	6.529E-01	6.420E-01	1.325E-01	3.264E-01	52	AF-Q8YCZ1-F1-model_v6 UPF0309 protein BMEII0386
MC25_sitophilus_oryzae_2	AF-Q9XAI3-F1-model_v6	0.042	47	36	115	0.972	0.365	5.526E-01	5.311E-01	2.090E-01	3.262E-01	45	AF-Q9XAI3-F1-model_v6 Nucleoid-associated protein SCO3619
MC25_sitophilus_oryzae_2	AF-Q0TPR3-F1-model_v6	0.000	49	36	154	1.000	0.299	5.783E-01	5.674E-01	1.741E-01	3.262E-01	48	AF-Q0TPR3-F1-model_v6 Ribosome maturation factor RimP
MC25_sitophilus_oryzae_2	AF-B4SQK2-F1-model_v6	0.032	61	36	161	0.944	0.366	6.250E-01	5.919E-01	1.719E-01	3.262E-01	48	AF-B4SQK2-F1-model_v6 Endoribonuclease YbeY
MC25_sitophilus_oryzae_2	AF-B2KCS5-F1-model_v6	0.022	88	36	195	0.917	0.436	6.535E-01	6.027E-01	1.389E-01	3.261E-01	51	AF-B2KCS5-F1-model_v6 ATP-dependent Clp protease proteolytic subunit
MC25_sitophilus_oryzae_2	AF-A8H1Q6-F1-model_v6	0.009	111	36	135	1.000	0.822	5.952E-01	5.871E-01	2.175E-01	3.260E-01	44	AF-A8H1Q6-F1-model_v6 Transcription antitermination protein NusB
MC25_sitophilus_oryzae_2	AF-C0ZB81-F1-model_v6	0.014	71	36	159	0.972	0.434	6.170E-01	5.988E-01	1.795E-01	3.259E-01	47	AF-C0ZB81-F1-model_v6 Endoribonuclease YbeY
MC25_sitophilus_oryzae_2	AF-Q9NQF3-F1-model_v6	0.060	83	36	203	1.000	0.394	6.247E-01	6.130E-01	1.415E-01	3.259E-01	51	AF-Q9NQF3-F1-model_v6 Serine hydrolase-like protein
MC25_sitophilus_oryzae_2	AF-Q82EQ8-F1-model_v6	0.040	50	36	113	1.000	0.407	5.412E-01	5.332E-01	2.191E-01	3.259E-01	44	AF-Q82EQ8-F1-model_v6 Nucleoid-associated protein SAV_4556
MC25_sitophilus_oryzae_2	AF-Q1QS72-F1-model_v6	0.016	60	36	190	0.944	0.316	6.376E-01	6.047E-01	1.546E-01	3.256E-01	50	AF-Q1QS72-F1-model_v6 Endoribonuclease YbeY
MC25_sitophilus_oryzae_2	AF-Q9KEI9-F1-model_v6	0.021	93	36	196	1.000	0.464	6.134E-01	6.023E-01	1.477E-01	3.255E-01	50	AF-Q9KEI9-F1-model_v6 Ribonuclease H
MC25_sitophilus_oryzae_2	AF-B9K877-F1-model_v6	0.021	139	36	149	0.944	0.893	6.158E-01	5.807E-01	1.699E-01	3.252E-01	48	AF-B9K877-F1-model_v6 Endoribonuclease YbeY
MC25_sitophilus_oryzae_2	AF-Q6C5P0-F1-model_v6	0.052	38	36	143	0.944	0.245	6.013E-01	5.673E-01	1.805E-01	3.251E-01	47	AF-Q6C5P0-F1-model_v6 Mediator of RNA polymerase II transcription subunit 10
MC25_sitophilus_oryzae_2	AF-Q7SBR3-F1-model_v6	0.000	22	36	86	0.556	0.256	6.918E-01	4.799E-01	2.155E-01	3.251E-01	43	AF-Q7SBR3-F1-model_v6 Mitochondrial import inner membrane translocase subunit tim13
MC25_sitophilus_oryzae_2	AF-Q8N8D7-F1-model_v6	0.007	142	36	197	1.000	0.711	6.083E-01	5.977E-01	1.485E-01	3.250E-01	50	AF-Q8N8D7-F1-model_v6 Sodium/potassium-transporting ATPase subunit beta-1-interacting protein 3
MC25_sitophilus_oryzae_2	AF-B2FJ87-F1-model_v6	0.032	61	36	161	0.944	0.366	6.224E-01	5.900E-01	1.722E-01	3.249E-01	48	AF-B2FJ87-F1-model_v6 Endoribonuclease YbeY
MC25_sitophilus_oryzae_2	AF-P0DY42-F1-model_v6	0.076	39	36	162	1.000	0.204	6.384E-01	5.946E-01	1.678E-01	3.249E-01	48	AF-P0DY42-F1-model_v6 Phospholipase A2
MC25_sitophilus_oryzae_2	AF-A0LM16-F1-model_v6	0.040	49	36	110	1.000	0.391	5.364E-01	5.262E-01	2.176E-01	3.247E-01	44	AF-A0LM16-F1-model_v6 Nucleoid-associated protein Sfum_2790
MC25_sitophilus_oryzae_2	AF-P0CS25-F1-model_v6	0.000	81	36	104	0.861	0.740	5.855E-01	5.203E-01	2.184E-01	3.246E-01	44	AF-P0CS25-F1-model_v6 Vacuolar ATPase assembly integral membrane protein VMA21
MC25_sitophilus_oryzae_2	AF-Q1ACH6-F1-model_v6	0.010	91	36	219	1.000	0.406	6.207E-01	6.087E-01	1.333E-01	3.244E-01	51	AF-Q1ACH6-F1-model_v6 ATP-dependent Clp protease proteolytic subunit
MC25_sitophilus_oryzae_2	AF-Q2P263-F1-model_v6	0.016	61	36	161	0.944	0.373	6.119E-01	5.801E-01	1.741E-01	3.242E-01	48	AF-Q2P263-F1-model_v6 Endoribonuclease YbeY
MC25_sitophilus_oryzae_2	AF-Q3KCB7-F1-model_v6	0.068	44	36	134	0.944	0.284	5.802E-01	5.441E-01	1.757E-01	3.241E-01	47	AF-Q3KCB7-F1-model_v6 Probable 4-amino-4-deoxy-L-arabinose-phosphoundecaprenol flippase subunit ArnF
MC25_sitophilus_oryzae_2	AF-Q47RN4-F1-model_v6	0.007	140	36	155	0.972	0.877	6.029E-01	5.805E-01	1.696E-01	3.241E-01	48	AF-Q47RN4-F1-model_v6 Endoribonuclease YbeY
MC25_sitophilus_oryzae_2	AF-P0A2U4-F1-model_v6	0.019	51	36	155	0.972	0.303	5.856E-01	5.629E-01	1.689E-01	3.241E-01	48	AF-P0A2U4-F1-model_v6 Chaperone protein IpgC
MC25_sitophilus_oryzae_2	AF-C4L408-F1-model_v6	0.037	54	36	158	0.861	0.342	6.306E-01	5.542E-01	1.613E-01	3.240E-01	49	AF-C4L408-F1-model_v6 Endoribonuclease YbeY
MC25_sitophilus_oryzae_2	AF-Q03E58-F1-model_v6	0.041	48	36	104	0.972	0.423	5.495E-01	5.338E-01	2.417E-01	3.240E-01	42	AF-Q03E58-F1-model_v6 Nucleoid-associated protein PEPE_1483
MC25_sitophilus_oryzae_2	AF-B1MN42-F1-model_v6	0.000	135	36	170	0.833	0.794	6.705E-01	5.831E-01	1.563E-01	3.239E-01	49	AF-B1MN42-F1-model_v6 Endoribonuclease YbeY
MC25_sitophilus_oryzae_2	AF-Q87BR7-F1-model_v6	0.013	144	36	248	0.972	0.577	6.571E-01	6.333E-01	1.224E-01	3.239E-01	52	AF-Q87BR7-F1-model_v6 Probable S-methyl-5'-thioinosine phosphorylase
MC25_sitophilus_oryzae_2	AF-C1ANN6-F1-model_v6	0.003	320	36	468	1.000	0.684	6.861E-01	6.725E-01	7.113E-02	3.239E-01	57	AF-C1ANN6-F1-model_v6 Phosphatidylglycerol--prolipoprotein diacylglyceryl transferase
MC25_sitophilus_oryzae_2	AF-Q8P8B2-F1-model_v6	0.016	61	36	161	0.944	0.366	6.232E-01	5.905E-01	1.720E-01	3.238E-01	48	AF-Q8P8B2-F1-model_v6 Endoribonuclease YbeY
MC25_sitophilus_oryzae_2	AF-Q2NKU6-F1-model_v6	0.000	35	36	99	0.806	0.343	5.875E-01	5.201E-01	2.377E-01	3.238E-01	42	AF-Q2NKU6-F1-model_v6 Protein dpy-30 homolog
MC25_sitophilus_oryzae_2	AF-Q1JD48-F1-model_v6	0.013	76	36	165	0.972	0.455	6.184E-01	6.006E-01	1.767E-01	3.237E-01	47	AF-Q1JD48-F1-model_v6 Endoribonuclease YbeY
MC25_sitophilus_oryzae_2	AF-Q3TYD4-2-F1-model_v6	0.022	88	36	202	0.944	0.431	6.461E-01	6.127E-01	1.437E-01	3.237E-01	50	AF-Q3TYD4-2-F1-model_v6 Arylsulfatase G
MC25_sitophilus_oryzae_2	AF-Q8NQU3-F1-model_v6	0.014	205	36	316	1.000	0.649	6.806E-01	6.685E-01	1.041E-01	3.237E-01	54	AF-Q8NQU3-F1-model_v6 Arginine transport system permease protein ArgU
MC25_sitophilus_oryzae_2	AF-B0RRV9-F1-model_v6	0.016	61	36	161	0.944	0.366	6.229E-01	5.903E-01	1.720E-01	3.237E-01	48	AF-B0RRV9-F1-model_v6 Endoribonuclease YbeY
MC25_sitophilus_oryzae_2	AF-Q3THW5-F1-model_v6	0.051	39	36	128	0.778	0.305	6.564E-01	5.504E-01	1.896E-01	3.236E-01	46	AF-Q3THW5-F1-model_v6 Histone H2A.V
MC25_sitophilus_oryzae_2	AF-A0A0U1RQS6-F1-model_v6	0.031	63	36	177	0.861	0.356	6.469E-01	5.815E-01	1.542E-01	3.235E-01	49	AF-A0A0U1RQS6-F1-model_v6 Transmembrane protein 275
MC25_sitophilus_oryzae_2	AF-A2RG22-F1-model_v6	0.013	76	36	165	0.972	0.455	6.179E-01	6.002E-01	1.767E-01	3.235E-01	47	AF-A2RG22-F1-model_v6 Endoribonuclease YbeY
MC25_sitophilus_oryzae_2	AF-Q4I6B0-F1-model_v6	0.000	67	36	82	0.833	0.780	5.528E-01	4.876E-01	2.567E-01	3.234E-01	40	AF-Q4I6B0-F1-model_v6 Mitochondrial import inner membrane translocase subunit TIM13
MC25_sitophilus_oryzae_2	AF-A0A182BSS2-F1-model_v6	0.000	114	36	124	1.000	0.879	5.535E-01	5.430E-01	1.981E-01	3.233E-01	45	AF-A0A182BSS2-F1-model_v6 Secreted RxLR effector protein 49
MC25_sitophilus_oryzae_2	AF-Q1JI69-F1-model_v6	0.013	76	36	165	0.972	0.455	6.179E-01	6.002E-01	1.767E-01	3.232E-01	47	AF-Q1JI69-F1-model_v6 Endoribonuclease YbeY
MC25_sitophilus_oryzae_2	AF-Q97QB0-F1-model_v6	0.010	194	36	203	1.000	0.936	6.188E-01	6.069E-01	1.387E-01	3.232E-01	51	AF-Q97QB0-F1-model_v6 V-type ATP synthase subunit D
MC25_sitophilus_oryzae_2	AF-B2IP45-F1-model_v6	0.010	194	36	203	1.000	0.936	6.186E-01	6.068E-01	1.385E-01	3.232E-01	51	AF-B2IP45-F1-model_v6 V-type ATP synthase subunit D
MC25_sitophilus_oryzae_2	AF-Q6NCM6-F1-model_v6	0.000	58	36	190	0.944	0.305	6.357E-01	6.031E-01	1.546E-01	3.232E-01	49	AF-Q6NCM6-F1-model_v6 Endoribonuclease YbeY
MC25_sitophilus_oryzae_2	AF-Q0KCT4-F1-model_v6	0.038	129	36	723	1.000	0.177	6.910E-01	6.770E-01	4.579E-02	3.232E-01	60	AF-Q0KCT4-F1-model_v6 Polyribonucleotide nucleotidyltransferase
MC25_sitophilus_oryzae_2	AF-Q8PJR6-F1-model_v6	0.016	61	36	161	0.944	0.373	6.175E-01	5.856E-01	1.739E-01	3.231E-01	47	AF-Q8PJR6-F1-model_v6 Endoribonuclease YbeY
MC25_sitophilus_oryzae_2	AF-B5XK72-F1-model_v6	0.013	76	36	165	0.972	0.455	6.174E-01	5.998E-01	1.766E-01	3.231E-01	47	AF-B5XK72-F1-model_v6 Endoribonuclease YbeY
MC25_sitophilus_oryzae_2	AF-Q9PK27-F1-model_v6	0.035	139	36	184	0.833	0.755	6.722E-01	5.927E-01	1.481E-01	3.231E-01	50	AF-Q9PK27-F1-model_v6 Shikimate kinase
MC25_sitophilus_oryzae_2	AF-A9H4G8-F1-model_v6	0.026	38	36	114	0.944	0.272	5.972E-01	5.340E-01	2.058E-01	3.231E-01	44	AF-A9H4G8-F1-model_v6 UPF0060 membrane protein GDI3492/Gdia_2889
MC25_sitophilus_oryzae_2	AF-Q4PT07-F1-model_v6	0.038	77	36	341	1.000	0.220	6.756E-01	6.631E-01	9.228E-02	3.230E-01	55	AF-Q4PT07-F1-model_v6 Probable long-chain-alcohol O-fatty-acyltransferase 9
MC25_sitophilus_oryzae_2	AF-A5IN77-F1-model_v6	0.006	156	36	197	0.917	0.777	6.513E-01	6.053E-01	1.407E-01	3.230E-01	50	AF-A5IN77-F1-model_v6 Thymidylate kinase
MC25_sitophilus_oryzae_2	AF-P67140-F1-model_v6	0.013	76	36	165	0.972	0.455	6.176E-01	6.000E-01	1.766E-01	3.229E-01	47	AF-P67140-F1-model_v6 Endoribonuclease YbeY
MC25_sitophilus_oryzae_2	AF-Q1J824-F1-model_v6	0.013	76	36	165	0.972	0.455	6.173E-01	5.997E-01	1.766E-01	3.229E-01	47	AF-Q1J824-F1-model_v6 Endoribonuclease YbeY
MC25_sitophilus_oryzae_2	AF-Q8RBB6-F1-model_v6	0.115	52	36	129	1.000	0.357	5.649E-01	5.543E-01	1.935E-01	3.228E-01	46	AF-Q8RBB6-F1-model_v6 Methylglyoxal synthase
MC25_sitophilus_oryzae_2	AF-B5E550-F1-model_v6	0.010	194	36	203	1.000	0.936	6.179E-01	6.061E-01	1.387E-01	3.225E-01	51	AF-B5E550-F1-model_v6 V-type ATP synthase subunit D
MC25_sitophilus_oryzae_2	AF-Q8R0L1-2-F1-model_v6	0.066	45	36	272	1.000	0.151	6.578E-01	6.456E-01	1.100E-01	3.225E-01	53	AF-Q8R0L1-2-F1-model_v6 Signal-transducing adaptor protein 2
MC25_sitophilus_oryzae_2	AF-Q9Y7I1-F1-model_v6	0.045	22	36	78	0.583	0.282	6.004E-01	4.666E-01	2.420E-01	3.224E-01	41	AF-Q9Y7I1-F1-model_v6 Uncharacterized protein C1B3.20
MC25_sitophilus_oryzae_2	AF-Q0SU08-F1-model_v6	0.076	52	36	119	1.000	0.387	5.567E-01	5.467E-01	2.077E-01	3.223E-01	44	AF-Q0SU08-F1-model_v6 Methylglyoxal synthase
MC25_sitophilus_oryzae_2	AF-P0DF40-F1-model_v6	0.013	76	36	165	0.972	0.455	6.168E-01	5.992E-01	1.766E-01	3.223E-01	47	AF-P0DF40-F1-model_v6 Endoribonuclease YbeY
MC25_sitophilus_oryzae_2	AF-P13083-F1-model_v6	0.027	37	36	126	0.861	0.262	6.030E-01	5.320E-01	1.847E-01	3.222E-01	46	AF-P13083-F1-model_v6 Pancreatic polypeptide prohormone
MC25_sitophilus_oryzae_2	AF-B7MG26-F1-model_v6	0.040	50	36	128	0.889	0.367	5.968E-01	5.383E-01	1.863E-01	3.222E-01	46	AF-B7MG26-F1-model_v6 Probable 4-amino-4-deoxy-L-arabinose-phosphoundecaprenol flippase subunit ArnF
MC25_sitophilus_oryzae_2	AF-Q01250-F1-model_v6	0.026	38	36	115	1.000	0.235	6.519E-01	5.222E-01	1.881E-01	3.219E-01	46	AF-Q01250-F1-model_v6 Yop proteins translocation protein I
MC25_sitophilus_oryzae_2	AF-B2FN30-F1-model_v6	0.011	172	36	288	0.889	0.597	7.028E-01	6.343E-01	1.022E-01	3.219E-01	54	AF-B2FN30-F1-model_v6 Protease HtpX
MC25_sitophilus_oryzae_2	AF-A5W192-F1-model_v6	0.048	41	36	137	0.861	0.292	6.069E-01	5.373E-01	1.826E-01	3.219E-01	47	AF-A5W192-F1-model_v6 NADH-quinone oxidoreductase subunit A
MC25_sitophilus_oryzae_2	AF-Q4A8K7-F1-model_v6	0.023	43	36	150	0.861	0.287	6.287E-01	5.591E-01	1.724E-01	3.219E-01	47	AF-Q4A8K7-F1-model_v6 Endoribonuclease YbeY
MC25_sitophilus_oryzae_2	AF-Q9Y826-F1-model_v6	0.025	78	36	185	1.000	0.400	5.992E-01	5.877E-01	1.488E-01	3.218E-01	49	AF-Q9Y826-F1-model_v6 Meiotic expression up-regulated protein 31
MC25_sitophilus_oryzae_2	AF-P34264-F1-model_v6	0.073	68	36	195	1.000	0.344	6.144E-01	6.043E-01	1.545E-01	3.217E-01	49	AF-P34264-F1-model_v6 Large ribosomal subunit protein uL11m
MC25_sitophilus_oryzae_2	AF-P60746-F1-model_v6	0.020	99	36	144	0.917	0.660	5.940E-01	5.453E-01	1.666E-01	3.217E-01	48	AF-P60746-F1-model_v6 Large ribosomal subunit protein uL24
MC25_sitophilus_oryzae_2	AF-P67142-F1-model_v6	0.012	77	36	165	0.972	0.455	6.163E-01	5.973E-01	1.734E-01	3.216E-01	47	AF-P67142-F1-model_v6 Endoribonuclease YbeY
MC25_sitophilus_oryzae_2	AF-Q8XLN2-F1-model_v6	0.076	52	36	119	1.000	0.387	5.556E-01	5.457E-01	2.075E-01	3.216E-01	44	AF-Q8XLN2-F1-model_v6 Methylglyoxal synthase
MC25_sitophilus_oryzae_2	AF-A5VJE6-F1-model_v6	0.078	38	36	190	0.889	0.184	6.355E-01	5.664E-01	1.319E-01	3.215E-01	51	AF-A5VJE6-F1-model_v6 Protein GrpE
MC25_sitophilus_oryzae_2	AF-Q0TRM9-F1-model_v6	0.076	52	36	119	1.000	0.387	5.554E-01	5.454E-01	2.075E-01	3.215E-01	44	AF-Q0TRM9-F1-model_v6 Methylglyoxal synthase
MC25_sitophilus_oryzae_2	AF-F1NNL1-F1-model_v6	0.011	261	36	320	0.833	0.816	7.407E-01	6.414E-01	8.948E-02	3.214E-01	55	AF-F1NNL1-F1-model_v6 Transmembrane protein 231
MC25_sitophilus_oryzae_2	AF-Q88FH7-F1-model_v6	0.050	40	36	137	0.861	0.292	6.109E-01	5.420E-01	1.873E-01	3.214E-01	46	AF-Q88FH7-F1-model_v6 NADH-quinone oxidoreductase subunit A
MC25_sitophilus_oryzae_2	AF-Q5XDG5-F1-model_v6	0.013	76	36	165	0.972	0.455	6.159E-01	5.984E-01	1.765E-01	3.214E-01	47	AF-Q5XDG5-F1-model_v6 Endoribonuclease YbeY
MC25_sitophilus_oryzae_2	AF-Q631J1-F1-model_v6	0.018	110	36	270	0.833	0.407	7.194E-01	6.219E-01	1.030E-01	3.214E-01	54	AF-Q631J1-F1-model_v6 Phosphatidylglycerol--prolipoprotein diacylglyceryl transferase
MC25_sitophilus_oryzae_2	AF-Q8ENI4-F1-model_v6	0.038	52	36	117	0.833	0.410	6.106E-01	5.204E-01	1.907E-01	3.212E-01	45	AF-Q8ENI4-F1-model_v6 Flagellar protein FliT
MC25_sitophilus_oryzae_2	AF-Q9P7Y3-F1-model_v6	0.050	40	36	132	0.861	0.303	6.214E-01	5.586E-01	1.954E-01	3.211E-01	45	AF-Q9P7Y3-F1-model_v6 V-type ATPase assembly factor pkr1
MC25_sitophilus_oryzae_2	AF-C4L9Y9-F1-model_v6	0.020	49	36	366	1.000	0.131	6.698E-01	6.570E-01	8.711E-02	3.211E-01	55	AF-C4L9Y9-F1-model_v6 Ribosomal RNA large subunit methyltransferase M
MC25_sitophilus_oryzae_2	AF-P0A2U5-F1-model_v6	0.019	51	36	155	0.972	0.303	5.774E-01	5.554E-01	1.683E-01	3.211E-01	48	AF-P0A2U5-F1-model_v6 Chaperone protein IpgC
MC25_sitophilus_oryzae_2	AF-Q58933-F1-model_v6	0.024	41	36	248	0.861	0.165	7.128E-01	6.356E-01	1.164E-01	3.211E-01	52	AF-Q58933-F1-model_v6 L-seryl-tRNA(Sec) kinase
MC25_sitophilus_oryzae_2	AF-Q8G6B9-F1-model_v6	0.063	94	36	194	1.000	0.459	5.987E-01	5.866E-01	1.380E-01	3.210E-01	50	AF-Q8G6B9-F1-model_v6 Crossover junction endodeoxyribonuclease RuvC
MC25_sitophilus_oryzae_2	AF-Q5SPB1-F1-model_v6	0.000	259	36	504	1.000	0.512	6.928E-01	6.793E-01	6.551E-02	3.210E-01	57	AF-Q5SPB1-F1-model_v6 Sodium-coupled neutral amino acid symporter 2
MC25_sitophilus_oryzae_2	AF-Q81X52-F1-model_v6	0.027	110	36	270	0.861	0.407	7.057E-01	6.223E-01	1.049E-01	3.210E-01	53	AF-Q81X52-F1-model_v6 Phosphatidylglycerol--prolipoprotein diacylglyceryl transferase
MC25_sitophilus_oryzae_2	AF-A8ZWP0-F1-model_v6	0.035	57	36	249	0.972	0.229	6.575E-01	6.346E-01	1.251E-01	3.209E-01	51	AF-A8ZWP0-F1-model_v6 Orotidine 5'-phosphate decarboxylase
MC25_sitophilus_oryzae_2	AF-Q0HXT9-F1-model_v6	0.035	57	36	153	0.944	0.366	6.027E-01	5.729E-01	1.825E-01	3.209E-01	46	AF-Q0HXT9-F1-model_v6 Endoribonuclease YbeY
MC25_sitophilus_oryzae_2	AF-B9J4R6-F1-model_v6	0.027	110	36	270	0.861	0.407	7.060E-01	6.231E-01	1.050E-01	3.209E-01	53	AF-B9J4R6-F1-model_v6 Phosphatidylglycerol--prolipoprotein diacylglyceryl transferase
MC25_sitophilus_oryzae_2	AF-Q5GZ48-F1-model_v6	0.016	62	36	161	0.944	0.373	6.092E-01	5.771E-01	1.702E-01	3.208E-01	47	AF-Q5GZ48-F1-model_v6 Endoribonuclease YbeY
MC25_sitophilus_oryzae_2	AF-B7HWY8-F1-model_v6	0.027	110	36	270	0.861	0.407	7.054E-01	6.225E-01	1.050E-01	3.207E-01	53	AF-B7HWY8-F1-model_v6 Phosphatidylglycerol--prolipoprotein diacylglyceryl transferase
MC25_sitophilus_oryzae_2	AF-Q6KHU4-F1-model_v6	0.045	44	36	152	0.861	0.283	6.207E-01	5.494E-01	1.645E-01	3.206E-01	48	AF-Q6KHU4-F1-model_v6 Endoribonuclease YbeY
MC25_sitophilus_oryzae_2	AF-P0CV09-F1-model_v6	0.043	46	36	274	1.000	0.153	6.426E-01	6.315E-01	1.097E-01	3.206E-01	53	AF-P0CV09-F1-model_v6 Secreted RxLR effector protein 40
MC25_sitophilus_oryzae_2	AF-Q3UND0-F1-model_v6	0.024	83	36	358	1.000	0.229	6.606E-01	6.479E-01	8.875E-02	3.206E-01	55	AF-Q3UND0-F1-model_v6 Src kinase-associated phosphoprotein 2
MC25_sitophilus_oryzae_2	AF-Q3AZB4-F1-model_v6	0.034	58	36	155	0.889	0.355	6.197E-01	5.557E-01	1.579E-01	3.205E-01	48	AF-Q3AZB4-F1-model_v6 Ribosome maturation factor RimP
MC25_sitophilus_oryzae_2	AF-A8F6M1-F1-model_v6	0.010	185	36	312	0.972	0.593	6.617E-01	6.361E-01	9.885E-02	3.205E-01	54	AF-A8F6M1-F1-model_v6 L-lactate dehydrogenase
MC25_sitophilus_oryzae_2	AF-Q5SII4-F1-model_v6	0.000	34	36	184	0.833	0.174	6.706E-01	5.862E-01	1.411E-01	3.205E-01	50	AF-Q5SII4-F1-model_v6 Shikimate kinase
MC25_sitophilus_oryzae_2	AF-Q2JWJ1-F1-model_v6	0.023	86	36	203	0.944	0.414	6.402E-01	6.074E-01	1.401E-01	3.205E-01	50	AF-Q2JWJ1-F1-model_v6 ATP-dependent Clp protease proteolytic subunit 1
MC25_sitophilus_oryzae_2	AF-A3LWJ7-F1-model_v6	0.017	58	36	143	0.917	0.399	5.990E-01	5.571E-01	1.818E-01	3.205E-01	46	AF-A3LWJ7-F1-model_v6 Protein YAE1
MC25_sitophilus_oryzae_2	AF-P12060-F1-model_v6	0.081	37	36	119	0.889	0.303	5.940E-01	5.476E-01	2.151E-01	3.205E-01	43	AF-P12060-F1-model_v6 Pilin
MC25_sitophilus_oryzae_2	AF-B6I7K2-F1-model_v6	0.040	50	36	128	0.889	0.367	5.957E-01	5.374E-01	1.862E-01	3.204E-01	46	AF-B6I7K2-F1-model_v6 Probable 4-amino-4-deoxy-L-arabinose-phosphoundecaprenol flippase subunit ArnF
MC25_sitophilus_oryzae_2	AF-C1EZE3-F1-model_v6	0.027	110	36	270	0.861	0.407	7.032E-01	6.219E-01	1.049E-01	3.204E-01	53	AF-C1EZE3-F1-model_v6 Phosphatidylglycerol--prolipoprotein diacylglyceryl transferase
MC25_sitophilus_oryzae_2	AF-Q815I7-F1-model_v6	0.018	110	36	270	0.833	0.407	7.173E-01	6.205E-01	1.030E-01	3.203E-01	53	AF-Q815I7-F1-model_v6 Phosphatidylglycerol--prolipoprotein diacylglyceryl transferase
MC25_sitophilus_oryzae_2	AF-A3DEX6-F1-model_v6	0.009	105	36	481	1.000	0.218	7.001E-01	6.872E-01	6.980E-02	3.203E-01	57	AF-A3DEX6-F1-model_v6 Anti-sigma-I factor RsgI5
MC25_sitophilus_oryzae_2	AF-Q74NQ3-F1-model_v6	0.027	110	36	277	0.861	0.397	7.077E-01	6.259E-01	1.025E-01	3.202E-01	53	AF-Q74NQ3-F1-model_v6 Phosphatidylglycerol--prolipoprotein diacylglyceryl transferase 2
MC25_sitophilus_oryzae_2	AF-Q72XV7-F1-model_v6	0.027	110	36	270	0.861	0.407	7.044E-01	6.217E-01	1.050E-01	3.202E-01	53	AF-Q72XV7-F1-model_v6 Phosphatidylglycerol--prolipoprotein diacylglyceryl transferase 1
MC25_sitophilus_oryzae_2	AF-Q2JHM1-F1-model_v6	0.034	86	36	203	0.944	0.414	6.394E-01	6.067E-01	1.400E-01	3.202E-01	50	AF-Q2JHM1-F1-model_v6 ATP-dependent Clp protease proteolytic subunit 1
MC25_sitophilus_oryzae_2	AF-A9VQ76-F1-model_v6	0.027	110	36	270	0.861	0.407	7.029E-01	6.216E-01	1.049E-01	3.202E-01	53	AF-A9VQ76-F1-model_v6 Phosphatidylglycerol--prolipoprotein diacylglyceryl transferase
MC25_sitophilus_oryzae_2	AF-B7HEG3-F1-model_v6	0.027	110	36	270	0.861	0.407	7.053E-01	6.220E-01	1.050E-01	3.202E-01	53	AF-B7HEG3-F1-model_v6 Phosphatidylglycerol--prolipoprotein diacylglyceryl transferase
MC25_sitophilus_oryzae_2	AF-C3LED1-F1-model_v6	0.027	110	36	270	0.861	0.407	7.039E-01	6.212E-01	1.049E-01	3.201E-01	53	AF-C3LED1-F1-model_v6 Phosphatidylglycerol--prolipoprotein diacylglyceryl transferase
MC25_sitophilus_oryzae_2	AF-A2RL98-F1-model_v6	0.013	73	36	162	0.972	0.444	6.113E-01	5.921E-01	1.785E-01	3.201E-01	46	AF-A2RL98-F1-model_v6 Endoribonuclease YbeY
MC25_sitophilus_oryzae_2	AF-B8ZK29-F1-model_v6	0.010	193	36	203	1.000	0.931	6.150E-01	6.033E-01	1.384E-01	3.200E-01	50	AF-B8ZK29-F1-model_v6 V-type ATP synthase subunit D
MC25_sitophilus_oryzae_2	AF-Q6HBC7-F1-model_v6	0.018	110	36	270	0.833	0.407	7.167E-01	6.203E-01	1.030E-01	3.200E-01	53	AF-Q6HBC7-F1-model_v6 Phosphatidylglycerol--prolipoprotein diacylglyceryl transferase
MC25_sitophilus_oryzae_2	AF-C3P0C9-F1-model_v6	0.027	110	36	270	0.861	0.407	7.035E-01	6.212E-01	1.049E-01	3.198E-01	53	AF-C3P0C9-F1-model_v6 Phosphatidylglycerol--prolipoprotein diacylglyceryl transferase
MC25_sitophilus_oryzae_2	AF-C4LBN8-F1-model_v6	0.068	58	36	155	0.944	0.368	6.093E-01	5.787E-01	1.793E-01	3.197E-01	46	AF-C4LBN8-F1-model_v6 Endoribonuclease YbeY
MC25_sitophilus_oryzae_2	AF-H9G301-2-F1-model_v6	0.000	43	36	200	0.917	0.200	6.457E-01	5.971E-01	1.356E-01	3.197E-01	50	AF-H9G301-2-F1-model_v6 Coiled-coil domain-containing protein mdt-28
MC25_sitophilus_oryzae_2	AF-P0C313-F1-model_v6	0.023	86	36	216	0.944	0.389	6.514E-01	6.165E-01	1.351E-01	3.196E-01	50	AF-P0C313-F1-model_v6 ATP-dependent Clp protease proteolytic subunit
MC25_sitophilus_oryzae_2	AF-Q72IW2-F1-model_v6	0.000	34	36	184	0.833	0.174	6.689E-01	5.851E-01	1.410E-01	3.195E-01	50	AF-Q72IW2-F1-model_v6 Shikimate kinase
MC25_sitophilus_oryzae_2	AF-P22524-F1-model_v6	0.013	76	36	234	0.889	0.325	6.682E-01	6.027E-01	1.197E-01	3.195E-01	52	AF-P22524-F1-model_v6 Chromosome partition protein MukE
MC25_sitophilus_oryzae_2	AF-B0KAD1-F1-model_v6	0.115	52	36	132	1.000	0.348	5.627E-01	5.523E-01	1.893E-01	3.194E-01	45	AF-B0KAD1-F1-model_v6 Methylglyoxal synthase
MC25_sitophilus_oryzae_2	AF-B2GBQ4-F1-model_v6	0.078	38	36	195	0.889	0.179	6.358E-01	5.671E-01	1.289E-01	3.193E-01	51	AF-B2GBQ4-F1-model_v6 Protein GrpE
MC25_sitophilus_oryzae_2	AF-A8A2C6-F1-model_v6	0.040	50	36	128	0.889	0.367	5.938E-01	5.360E-01	1.861E-01	3.192E-01	46	AF-A8A2C6-F1-model_v6 Probable 4-amino-4-deoxy-L-arabinose-phosphoundecaprenol flippase subunit ArnF
MC25_sitophilus_oryzae_2	AF-Q31YJ9-F1-model_v6	0.040	50	36	128	0.889	0.367	5.932E-01	5.354E-01	1.859E-01	3.192E-01	46	AF-Q31YJ9-F1-model_v6 Probable 4-amino-4-deoxy-L-arabinose-phosphoundecaprenol flippase subunit ArnF
MC25_sitophilus_oryzae_2	AF-A9KBF5-F1-model_v6	0.000	39	36	142	1.000	0.218	6.275E-01	5.561E-01	1.718E-01	3.191E-01	47	AF-A9KBF5-F1-model_v6 ATP synthase epsilon chain
MC25_sitophilus_oryzae_2	AF-Q09835-F1-model_v6	0.024	41	36	182	0.944	0.198	6.249E-01	5.896E-01	1.453E-01	3.191E-01	49	AF-Q09835-F1-model_v6 Protein transport protein gos1
MC25_sitophilus_oryzae_2	AF-Q9FJ78-F1-model_v6	0.059	67	36	339	0.889	0.198	7.222E-01	6.540E-01	8.882E-02	3.189E-01	55	AF-Q9FJ78-F1-model_v6 Probable long-chain-alcohol O-fatty-acyltransferase 7
MC25_sitophilus_oryzae_2	AF-B0K427-F1-model_v6	0.066	75	36	132	1.000	0.523	5.622E-01	5.518E-01	1.896E-01	3.188E-01	45	AF-B0K427-F1-model_v6 Methylglyoxal synthase
MC25_sitophilus_oryzae_2	AF-Q5QYC3-F1-model_v6	0.041	121	36	163	0.944	0.730	5.879E-01	5.537E-01	1.601E-01	3.188E-01	48	AF-Q5QYC3-F1-model_v6 Endoribonuclease YbeY
MC25_sitophilus_oryzae_2	AF-Q4WE68-F1-model_v6	0.025	39	36	138	0.778	0.283	6.576E-01	5.506E-01	1.764E-01	3.187E-01	46	AF-Q4WE68-F1-model_v6 Histone H2A.Z
MC25_sitophilus_oryzae_2	AF-Q75JW3-F1-model_v6	0.025	78	36	139	0.917	0.554	6.039E-01	5.640E-01	1.911E-01	3.187E-01	45	AF-Q75JW3-F1-model_v6 Protein LTO1 homolog
MC25_sitophilus_oryzae_2	AF-Q4PHE4-F1-model_v6	0.025	39	36	135	0.778	0.289	6.517E-01	5.490E-01	1.800E-01	3.187E-01	46	AF-Q4PHE4-F1-model_v6 Histone H2A.Z
MC25_sitophilus_oryzae_2	AF-Q9NYZ1-F1-model_v6	0.000	130	36	205	1.000	0.620	5.994E-01	5.880E-01	1.355E-01	3.186E-01	50	AF-Q9NYZ1-F1-model_v6 Golgi apparatus membrane protein TVP23 homolog B
MC25_sitophilus_oryzae_2	AF-A8AW52-F1-model_v6	0.000	76	36	165	0.972	0.455	6.094E-01	5.913E-01	1.758E-01	3.185E-01	46	AF-A8AW52-F1-model_v6 Endoribonuclease YbeY
MC25_sitophilus_oryzae_2	AF-A9NF94-F1-model_v6	0.057	52	36	122	1.000	0.377	5.533E-01	5.434E-01	2.024E-01	3.185E-01	44	AF-A9NF94-F1-model_v6 Methylglyoxal synthase
MC25_sitophilus_oryzae_2	AF-B7IPS6-F1-model_v6	0.018	110	36	270	0.833	0.407	7.160E-01	6.198E-01	1.030E-01	3.184E-01	53	AF-B7IPS6-F1-model_v6 Phosphatidylglycerol--prolipoprotein diacylglyceryl transferase
MC25_sitophilus_oryzae_2	AF-P67139-F1-model_v6	0.012	77	36	165	0.972	0.455	6.134E-01	5.933E-01	1.730E-01	3.184E-01	47	AF-P67139-F1-model_v6 Endoribonuclease YbeY
MC25_sitophilus_oryzae_2	AF-Q3A1R2-F1-model_v6	0.010	293	36	438	1.000	0.669	7.062E-01	6.940E-01	7.759E-02	3.184E-01	56	AF-Q3A1R2-F1-model_v6 Na(+)/H(+) antiporter NhaA 2
MC25_sitophilus_oryzae_2	AF-Q02SF0-F1-model_v6	0.017	58	36	160	0.944	0.356	6.007E-01	5.716E-01	1.750E-01	3.182E-01	46	AF-Q02SF0-F1-model_v6 Endoribonuclease YbeY
MC25_sitophilus_oryzae_2	AF-Q69YG0-F1-model_v6	0.025	79	36	159	1.000	0.497	6.064E-01	5.981E-01	1.907E-01	3.181E-01	45	AF-Q69YG0-F1-model_v6 Transmembrane protein 42
MC25_sitophilus_oryzae_2	AF-A3DBH1-F1-model_v6	0.036	109	36	486	1.000	0.224	7.116E-01	6.991E-01	7.040E-02	3.179E-01	56	AF-A3DBH1-F1-model_v6 Anti-sigma-I factor RsgI1
MC25_sitophilus_oryzae_2	AF-Q7MF14-F1-model_v6	0.000	83	36	198	0.972	0.414	6.323E-01	6.110E-01	1.489E-01	3.179E-01	49	AF-Q7MF14-F1-model_v6 HTH-type transcriptional regulator BetI
MC25_sitophilus_oryzae_2	AF-Q79FS8-F1-model_v6	0.011	85	36	144	0.861	0.583	6.261E-01	5.653E-01	1.815E-01	3.179E-01	46	AF-Q79FS8-F1-model_v6 PE family protein PE9
MC25_sitophilus_oryzae_2	AF-Q8D3K4-F1-model_v6	0.000	83	36	198	0.972	0.414	6.318E-01	6.105E-01	1.489E-01	3.179E-01	49	AF-Q8D3K4-F1-model_v6 HTH-type transcriptional regulator BetI
MC25_sitophilus_oryzae_2	AF-A0PZH3-F1-model_v6	0.076	52	36	123	1.000	0.374	5.537E-01	5.438E-01	2.011E-01	3.179E-01	44	AF-A0PZH3-F1-model_v6 Methylglyoxal synthase
MC25_sitophilus_oryzae_2	AF-P32475-F1-model_v6	0.058	102	36	115	0.917	0.861	5.685E-01	5.292E-01	2.131E-01	3.178E-01	43	AF-P32475-F1-model_v6 Putative uncharacterized protein YGR176W
MC25_sitophilus_oryzae_2	AF-O75563-F1-model_v6	0.036	83	36	359	1.000	0.228	6.561E-01	6.436E-01	8.848E-02	3.177E-01	54	AF-O75563-F1-model_v6 Src kinase-associated phosphoprotein 2
MC25_sitophilus_oryzae_2	AF-Q975J1-F1-model_v6	0.026	113	36	137	1.000	0.781	5.552E-01	5.466E-01	1.793E-01	3.177E-01	46	AF-Q975J1-F1-model_v6 Large ribosomal subunit protein uL24
MC25_sitophilus_oryzae_2	AF-A6V0C7-F1-model_v6	0.017	58	36	160	0.944	0.356	6.010E-01	5.715E-01	1.750E-01	3.177E-01	46	AF-A6V0C7-F1-model_v6 Endoribonuclease YbeY
MC25_sitophilus_oryzae_2	AF-Q31MS4-F1-model_v6	0.020	49	36	122	0.944	0.385	5.433E-01	5.184E-01	2.104E-01	3.177E-01	43	AF-Q31MS4-F1-model_v6 Ribonuclease P protein component
MC25_sitophilus_oryzae_2	AF-A9VME4-F1-model_v6	0.096	52	36	131	1.000	0.351	5.585E-01	5.483E-01	1.902E-01	3.176E-01	45	AF-A9VME4-F1-model_v6 Methylglyoxal synthase
MC25_sitophilus_oryzae_2	AF-Q8Y5Z7-F1-model_v6	0.076	52	36	134	1.000	0.343	5.616E-01	5.512E-01	1.867E-01	3.175E-01	45	AF-Q8Y5Z7-F1-model_v6 Methylglyoxal synthase
MC25_sitophilus_oryzae_2	AF-B7IPB1-F1-model_v6	0.096	52	36	131	1.000	0.351	5.590E-01	5.487E-01	1.902E-01	3.174E-01	45	AF-B7IPB1-F1-model_v6 Methylglyoxal synthase
MC25_sitophilus_oryzae_2	AF-Q8NNN0-F1-model_v6	0.056	53	36	517	1.000	0.103	6.786E-01	6.654E-01	6.451E-02	3.174E-01	57	AF-Q8NNN0-F1-model_v6 UDP-N-acetylmuramoyl-L-alanyl-D-glutamate--2,6-diaminopimelate ligase
MC25_sitophilus_oryzae_2	AF-Q9UW22-F1-model_v6	0.028	71	36	186	1.000	0.366	5.974E-01	5.862E-01	1.487E-01	3.174E-01	49	AF-Q9UW22-F1-model_v6 Mating-type-like protein ALPHA2
MC25_sitophilus_oryzae_2	AF-Q6BWK1-F1-model_v6	0.052	38	36	147	0.944	0.238	5.894E-01	5.560E-01	1.742E-01	3.174E-01	46	AF-Q6BWK1-F1-model_v6 Mediator of RNA polymerase II transcription subunit 10
MC25_sitophilus_oryzae_2	AF-O43073-F1-model_v6	0.020	146	36	170	0.861	0.853	6.213E-01	5.570E-01	1.529E-01	3.174E-01	48	AF-O43073-F1-model_v6 UPF0220 protein C8D2.02c
MC25_sitophilus_oryzae_2	AF-Q1AVS9-F1-model_v6	0.011	85	36	200	0.917	0.415	6.373E-01	5.900E-01	1.380E-01	3.173E-01	50	AF-Q1AVS9-F1-model_v6 ATP-dependent Clp protease proteolytic subunit
MC25_sitophilus_oryzae_2	AF-P08985-F1-model_v6	0.051	39	36	141	0.778	0.277	6.588E-01	5.522E-01	1.740E-01	3.173E-01	46	AF-P08985-F1-model_v6 Histone H2A.v
MC25_sitophilus_oryzae_2	AF-Q3A603-F1-model_v6	0.019	101	36	234	0.917	0.423	6.512E-01	6.008E-01	1.178E-01	3.173E-01	51	AF-Q3A603-F1-model_v6 ATP synthase subunit a 2
MC25_sitophilus_oryzae_2	AF-Q4UVS5-F1-model_v6	0.024	123	36	161	0.944	0.745	5.851E-01	5.518E-01	1.606E-01	3.172E-01	48	AF-Q4UVS5-F1-model_v6 Endoribonuclease YbeY
MC25_sitophilus_oryzae_2	AF-O80854-F1-model_v6	0.006	153	36	257	1.000	0.588	6.409E-01	6.295E-01	1.188E-01	3.171E-01	51	AF-O80854-F1-model_v6 Cytochrome b561 domain-containing protein At2g30890
MC25_sitophilus_oryzae_2	AF-Q0SM52-F1-model_v6	0.018	55	36	145	1.000	0.352	5.577E-01	5.475E-01	1.805E-01	3.171E-01	46	AF-Q0SM52-F1-model_v6 Ribosome maturation factor RimP
MC25_sitophilus_oryzae_2	AF-Q27441-F1-model_v6	0.108	37	36	92	0.944	0.315	5.644E-01	4.901E-01	2.316E-01	3.171E-01	41	AF-Q27441-F1-model_v6 Pro-neuropeptide Y
MC25_sitophilus_oryzae_2	AF-P9WK92-F1-model_v6	0.003	320	36	468	1.000	0.684	6.798E-01	6.668E-01	7.134E-02	3.168E-01	56	AF-P9WK92-F1-model_v6 Phosphatidylglycerol--prolipoprotein diacylglyceryl transferase
MC25_sitophilus_oryzae_2	AF-A8FFD3-F1-model_v6	0.026	38	36	185	0.889	0.189	6.285E-01	5.632E-01	1.347E-01	3.168E-01	50	AF-A8FFD3-F1-model_v6 Protein GrpE
MC25_sitophilus_oryzae_2	AF-B7HL47-F1-model_v6	0.096	52	36	131	1.000	0.351	5.580E-01	5.477E-01	1.901E-01	3.166E-01	45	AF-B7HL47-F1-model_v6 Methylglyoxal synthase
MC25_sitophilus_oryzae_2	AF-C3L8Q6-F1-model_v6	0.096	52	36	131	1.000	0.351	5.578E-01	5.476E-01	1.901E-01	3.166E-01	45	AF-C3L8Q6-F1-model_v6 Methylglyoxal synthase
MC25_sitophilus_oryzae_2	AF-P08401-F1-model_v6	0.009	206	36	474	0.833	0.435	7.717E-01	6.660E-01	6.130E-02	3.166E-01	57	AF-P08401-F1-model_v6 Sensor protein CreC
MC25_sitophilus_oryzae_2	AF-Q8L4X4-F1-model_v6	0.016	240	36	452	1.000	0.527	6.825E-01	6.698E-01	7.105E-02	3.165E-01	56	AF-Q8L4X4-F1-model_v6 Probable GABA transporter 2
MC25_sitophilus_oryzae_2	AF-A0AK11-F1-model_v6	0.076	52	36	134	1.000	0.343	5.601E-01	5.498E-01	1.865E-01	3.164E-01	45	AF-A0AK11-F1-model_v6 Methylglyoxal synthase
MC25_sitophilus_oryzae_2	AF-A8MG50-F1-model_v6	0.027	37	36	187	0.889	0.187	6.251E-01	5.599E-01	1.346E-01	3.164E-01	50	AF-A8MG50-F1-model_v6 Protein GrpE
MC25_sitophilus_oryzae_2	AF-A0RBY7-F1-model_v6	0.096	52	36	131	1.000	0.351	5.577E-01	5.475E-01	1.901E-01	3.163E-01	45	AF-A0RBY7-F1-model_v6 Methylglyoxal synthase
MC25_sitophilus_oryzae_2	AF-A8GM73-F1-model_v6	0.042	71	36	234	1.000	0.295	6.215E-01	6.102E-01	1.271E-01	3.162E-01	50	AF-A8GM73-F1-model_v6 tRNA (guanine-N(1)-)-methyltransferase
MC25_sitophilus_oryzae_2	AF-A3LPQ8-F1-model_v6	0.052	38	36	146	0.944	0.240	5.879E-01	5.548E-01	1.753E-01	3.162E-01	46	AF-A3LPQ8-F1-model_v6 Mediator of RNA polymerase II transcription subunit 10
MC25_sitophilus_oryzae_2	AF-Q039E2-F1-model_v6	0.012	241	36	439	0.889	0.547	7.231E-01	6.487E-01	6.647E-02	3.162E-01	56	AF-Q039E2-F1-model_v6 Methylenetetrahydrofolate--tRNA-(uracil-5-)-methyltransferase TrmFO
MC25_sitophilus_oryzae_2	AF-Q5HV34-F1-model_v6	0.026	38	36	175	0.889	0.200	6.212E-01	5.581E-01	1.422E-01	3.162E-01	49	AF-Q5HV34-F1-model_v6 Protein GrpE
MC25_sitophilus_oryzae_2	AF-Q6HL22-F1-model_v6	0.096	52	36	131	1.000	0.351	5.576E-01	5.474E-01	1.901E-01	3.162E-01	45	AF-Q6HL22-F1-model_v6 Methylglyoxal synthase
MC25_sitophilus_oryzae_2	AF-Q94AC8-2-F1-model_v6	0.016	62	36	263	1.000	0.228	6.558E-01	6.444E-01	1.181E-01	3.162E-01	51	AF-Q94AC8-2-F1-model_v6 GCN5-related N-acetyltransferase 7, chloroplastic
MC25_sitophilus_oryzae_2	AF-Q0ABE6-F1-model_v6	0.015	191	36	326	0.944	0.583	6.741E-01	6.342E-01	9.169E-02	3.161E-01	54	AF-Q0ABE6-F1-model_v6 Malate dehydrogenase
MC25_sitophilus_oryzae_2	AF-O75425-3-F1-model_v6	0.000	54	36	182	1.000	0.247	5.817E-01	5.697E-01	1.367E-01	3.161E-01	49	AF-O75425-3-F1-model_v6 Motile sperm domain-containing protein 3
MC25_sitophilus_oryzae_2	AF-P26567-F1-model_v6	0.011	84	36	216	0.917	0.384	6.428E-01	5.938E-01	1.314E-01	3.160E-01	50	AF-P26567-F1-model_v6 ATP-dependent Clp protease proteolytic subunit
MC25_sitophilus_oryzae_2	AF-C1EN30-F1-model_v6	0.096	52	36	131	1.000	0.351	5.571E-01	5.470E-01	1.900E-01	3.159E-01	44	AF-C1EN30-F1-model_v6 Methylglyoxal synthase
MC25_sitophilus_oryzae_2	AF-Q9KQ15-F1-model_v6	0.013	152	36	334	0.917	0.452	6.677E-01	6.149E-01	8.726E-02	3.159E-01	54	AF-Q9KQ15-F1-model_v6 Peptidoglycan hydrolase FlgJ
MC25_sitophilus_oryzae_2	AF-Q1LYB6-F1-model_v6	0.000	34	36	107	0.778	0.299	6.046E-01	5.140E-01	2.097E-01	3.159E-01	43	AF-Q1LYB6-F1-model_v6 ATPase inhibitor B, mitochondrial
MC25_sitophilus_oryzae_2	AF-C3P5Q3-F1-model_v6	0.096	52	36	131	1.000	0.351	5.567E-01	5.465E-01	1.900E-01	3.159E-01	44	AF-C3P5Q3-F1-model_v6 Methylglyoxal synthase
MC25_sitophilus_oryzae_2	AF-Q47MU3-F1-model_v6	0.011	88	36	222	0.917	0.387	6.475E-01	5.970E-01	1.245E-01	3.158E-01	51	AF-Q47MU3-F1-model_v6 ATP-dependent Clp protease proteolytic subunit 1
MC25_sitophilus_oryzae_2	AF-F4ILY9-F1-model_v6	0.004	239	36	413	1.000	0.579	6.764E-01	6.637E-01	7.972E-02	3.158E-01	55	AF-F4ILY9-F1-model_v6 Amino acid transporter AVT3B
MC25_sitophilus_oryzae_2	AF-Q88VL9-F1-model_v6	0.105	38	36	199	0.889	0.176	6.325E-01	5.659E-01	1.265E-01	3.157E-01	50	AF-Q88VL9-F1-model_v6 Protein GrpE
MC25_sitophilus_oryzae_2	AF-Q835R8-F1-model_v6	0.078	38	36	179	0.889	0.196	6.229E-01	5.590E-01	1.398E-01	3.157E-01	49	AF-Q835R8-F1-model_v6 Protein GrpE
MC25_sitophilus_oryzae_2	AF-Q8H7Y8-F1-model_v6	0.051	39	36	138	0.778	0.283	6.517E-01	5.472E-01	1.757E-01	3.157E-01	46	AF-Q8H7Y8-F1-model_v6 Probable histone H2A variant 1
MC25_sitophilus_oryzae_2	AF-Q969T9-2-F1-model_v6	0.008	112	36	216	1.000	0.519	6.035E-01	5.936E-01	1.410E-01	3.156E-01	49	AF-Q969T9-2-F1-model_v6 WW domain-binding protein 2
MC25_sitophilus_oryzae_2	AF-Q4UNA8-F1-model_v6	0.028	71	36	234	1.000	0.295	6.228E-01	6.116E-01	1.265E-01	3.156E-01	50	AF-Q4UNA8-F1-model_v6 tRNA (guanine-N(1)-)-methyltransferase
MC25_sitophilus_oryzae_2	AF-Q9D552-3-F1-model_v6	0.037	53	36	133	0.889	0.383	5.796E-01	5.212E-01	1.773E-01	3.155E-01	46	AF-Q9D552-3-F1-model_v6 Spermatogenesis-associated protein 17
MC25_sitophilus_oryzae_2	AF-P43190-F1-model_v6	0.052	38	36	173	0.944	0.197	6.075E-01	5.739E-01	1.529E-01	3.155E-01	48	AF-P43190-F1-model_v6 NADH-ubiquinone oxidoreductase chain 6
MC25_sitophilus_oryzae_2	AF-O78453-F1-model_v6	0.042	47	36	429	1.000	0.110	6.817E-01	6.693E-01	7.798E-02	3.154E-01	55	AF-O78453-F1-model_v6 Ribonuclease E/G-like protein
MC25_sitophilus_oryzae_2	AF-Q9UJT1-3-F1-model_v6	0.037	53	36	199	0.861	0.256	6.450E-01	5.712E-01	1.310E-01	3.154E-01	50	AF-Q9UJT1-3-F1-model_v6 Tubulin delta chain
MC25_sitophilus_oryzae_2	AF-A5G9C3-F1-model_v6	0.053	94	36	229	1.000	0.397	6.207E-01	6.094E-01	1.287E-01	3.153E-01	50	AF-A5G9C3-F1-model_v6 ATP synthase subunit a
MC25_sitophilus_oryzae_2	AF-Q5RDS2-F1-model_v6	0.024	82	36	359	1.000	0.228	6.502E-01	6.382E-01	9.016E-02	3.152E-01	54	AF-Q5RDS2-F1-model_v6 Src kinase-associated phosphoprotein 2
MC25_sitophilus_oryzae_2	AF-Q92JB6-F1-model_v6	0.028	71	36	234	1.000	0.295	6.214E-01	6.102E-01	1.265E-01	3.150E-01	50	AF-Q92JB6-F1-model_v6 tRNA (guanine-N(1)-)-methyltransferase
MC25_sitophilus_oryzae_2	AF-Q63DJ9-F1-model_v6	0.096	52	36	131	1.000	0.351	5.558E-01	5.458E-01	1.900E-01	3.150E-01	44	AF-Q63DJ9-F1-model_v6 Methylglyoxal synthase
MC25_sitophilus_oryzae_2	AF-P28214-F1-model_v6	0.029	67	36	115	0.833	0.539	6.003E-01	5.123E-01	1.856E-01	3.150E-01	45	AF-P28214-F1-model_v6 Tyrosine-protein phosphatase 22 (Fragment)
MC25_sitophilus_oryzae_2	AF-A1EA33-F1-model_v6	0.011	85	36	216	0.944	0.389	6.207E-01	5.860E-01	1.331E-01	3.149E-01	50	AF-A1EA33-F1-model_v6 ATP-dependent Clp protease proteolytic subunit
MC25_sitophilus_oryzae_2	AF-Q0VQ52-F1-model_v6	0.015	191	36	328	0.944	0.579	6.716E-01	6.319E-01	9.104E-02	3.149E-01	54	AF-Q0VQ52-F1-model_v6 Malate dehydrogenase
MC25_sitophilus_oryzae_2	AF-Q38W92-F1-model_v6	0.052	38	36	200	0.889	0.175	6.316E-01	5.655E-01	1.260E-01	3.148E-01	50	AF-Q38W92-F1-model_v6 Protein GrpE
MC25_sitophilus_oryzae_2	AF-Q74L00-F1-model_v6	0.042	47	36	109	0.972	0.404	5.455E-01	5.306E-01	2.352E-01	3.148E-01	40	AF-Q74L00-F1-model_v6 Nucleoid-associated protein LJ_0424
MC25_sitophilus_oryzae_2	AF-Q32LP7-F1-model_v6	0.024	82	36	358	1.000	0.229	6.484E-01	6.365E-01	9.038E-02	3.148E-01	54	AF-Q32LP7-F1-model_v6 Src kinase-associated phosphoprotein 2
MC25_sitophilus_oryzae_2	AF-Q55CV7-F1-model_v6	0.014	209	36	238	1.000	0.857	6.015E-01	5.896E-01	1.153E-01	3.148E-01	51	AF-Q55CV7-F1-model_v6 Probable tetraspanin tspC
MC25_sitophilus_oryzae_2	AF-B1XBZ9-F1-model_v6	0.015	128	36	257	1.000	0.486	6.299E-01	6.184E-01	1.171E-01	3.147E-01	51	AF-B1XBZ9-F1-model_v6 NAD-capped RNA hydrolase NudC
MC25_sitophilus_oryzae_2	AF-P0C1E7-F1-model_v6	0.042	70	36	221	0.889	0.308	6.523E-01	5.856E-01	1.211E-01	3.147E-01	51	AF-P0C1E7-F1-model_v6 GTPase Obg (Fragment)
MC25_sitophilus_oryzae_2	AF-Q9V2C1-F1-model_v6	0.010	194	36	248	1.000	0.774	6.181E-01	6.064E-01	1.181E-01	3.147E-01	51	AF-Q9V2C1-F1-model_v6 Molybdate/tungstate transport system permease protein WtpB
MC25_sitophilus_oryzae_2	AF-C3PME7-F1-model_v6	0.028	71	36	234	1.000	0.295	6.208E-01	6.097E-01	1.264E-01	3.147E-01	50	AF-C3PME7-F1-model_v6 tRNA (guanine-N(1)-)-methyltransferase
MC25_sitophilus_oryzae_2	AF-A8FEI2-F1-model_v6	0.076	52	36	139	1.000	0.331	5.609E-01	5.505E-01	1.804E-01	3.146E-01	45	AF-A8FEI2-F1-model_v6 Methylglyoxal synthase
MC25_sitophilus_oryzae_2	AF-A6TQI6-F1-model_v6	0.076	52	36	134	1.000	0.343	5.581E-01	5.479E-01	1.864E-01	3.146E-01	45	AF-A6TQI6-F1-model_v6 Methylglyoxal synthase
MC25_sitophilus_oryzae_2	AF-A8YTF6-F1-model_v6	0.021	47	36	111	0.972	0.396	5.465E-01	5.313E-01	2.314E-01	3.145E-01	41	AF-A8YTF6-F1-model_v6 Nucleoid-associated protein lhv_0401
MC25_sitophilus_oryzae_2	AF-A8GTI5-F1-model_v6	0.034	86	36	167	1.000	0.491	5.661E-01	5.552E-01	1.566E-01	3.145E-01	47	AF-A8GTI5-F1-model_v6 Endoribonuclease YbeY
MC25_sitophilus_oryzae_2	AF-Q8EQD4-F1-model_v6	0.076	52	36	140	1.000	0.329	5.619E-01	5.514E-01	1.792E-01	3.145E-01	45	AF-Q8EQD4-F1-model_v6 Methylglyoxal synthase
MC25_sitophilus_oryzae_2	AF-C5BU70-F1-model_v6	0.015	191	36	327	0.944	0.581	6.706E-01	6.311E-01	9.128E-02	3.144E-01	53	AF-C5BU70-F1-model_v6 Malate dehydrogenase
MC25_sitophilus_oryzae_2	AF-Q9SYB5-F1-model_v6	0.065	61	36	346	0.833	0.176	7.362E-01	6.385E-01	8.312E-02	3.143E-01	54	AF-Q9SYB5-F1-model_v6 Probable dolichyl-diphosphooligosaccharide--protein glycosyltransferase subunit 3B
MC25_sitophilus_oryzae_2	AF-Q38WZ1-F1-model_v6	0.093	43	36	436	1.000	0.096	6.826E-01	6.704E-01	7.511E-02	3.143E-01	55	AF-Q38WZ1-F1-model_v6 Methylenetetrahydrofolate--tRNA-(uracil-5-)-methyltransferase TrmFO
MC25_sitophilus_oryzae_2	AF-P45186-F1-model_v6	0.013	76	36	243	0.889	0.313	6.652E-01	6.005E-01	1.155E-01	3.143E-01	51	AF-P45186-F1-model_v6 Chromosome partition protein MukE
MC25_sitophilus_oryzae_2	AF-O15595-F1-model_v6	0.008	120	36	204	0.889	0.583	6.495E-01	5.880E-01	1.336E-01	3.143E-01	49	AF-O15595-F1-model_v6 Large ribosomal subunit protein eL6
MC25_sitophilus_oryzae_2	AF-Q21K60-F1-model_v6	0.015	191	36	327	0.944	0.581	6.711E-01	6.318E-01	9.131E-02	3.143E-01	53	AF-Q21K60-F1-model_v6 Malate dehydrogenase
MC25_sitophilus_oryzae_2	AF-Q920G0-F1-model_v6	0.012	82	36	358	1.000	0.229	6.505E-01	6.385E-01	9.032E-02	3.142E-01	53	AF-Q920G0-F1-model_v6 Src kinase-associated phosphoprotein 2
MC25_sitophilus_oryzae_2	AF-O13574-F1-model_v6	0.102	49	36	117	0.861	0.393	5.881E-01	5.256E-01	1.998E-01	3.142E-01	43	AF-O13574-F1-model_v6 Uncharacterized protein YLR255C
MC25_sitophilus_oryzae_2	AF-Q9CQY6-F1-model_v6	0.044	68	36	136	1.000	0.456	5.478E-01	5.374E-01	1.811E-01	3.142E-01	45	AF-Q9CQY6-F1-model_v6 Ubiquinol-cytochrome c reductase complex assembly factor 2
MC25_sitophilus_oryzae_2	AF-Q37709-F1-model_v6	0.023	42	36	111	0.833	0.333	5.790E-01	5.009E-01	1.945E-01	3.142E-01	44	AF-Q37709-F1-model_v6 NADH-ubiquinone oxidoreductase chain 3
MC25_sitophilus_oryzae_2	AF-B7LA85-F1-model_v6	0.007	127	36	257	1.000	0.486	6.292E-01	6.181E-01	1.190E-01	3.141E-01	51	AF-B7LA85-F1-model_v6 NAD-capped RNA hydrolase NudC
MC25_sitophilus_oryzae_2	AF-A7ZUL1-F1-model_v6	0.015	128	36	257	1.000	0.486	6.290E-01	6.176E-01	1.171E-01	3.141E-01	51	AF-A7ZUL1-F1-model_v6 NAD-capped RNA hydrolase NudC
MC25_sitophilus_oryzae_2	AF-Q9KC92-F1-model_v6	0.057	52	36	138	1.000	0.333	5.606E-01	5.503E-01	1.821E-01	3.141E-01	45	AF-Q9KC92-F1-model_v6 Methylglyoxal synthase
MC25_sitophilus_oryzae_2	AF-P19440-2-F1-model_v6	0.016	62	36	366	0.861	0.169	7.139E-01	6.287E-01	7.906E-02	3.141E-01	55	AF-P19440-2-F1-model_v6 Glutathione hydrolase 1 proenzyme
MC25_sitophilus_oryzae_2	AF-A6UQB6-F1-model_v6	0.081	37	36	223	0.833	0.166	6.940E-01	6.098E-01	1.251E-01	3.141E-01	50	AF-A6UQB6-F1-model_v6 RNA-free ribonuclease P
MC25_sitophilus_oryzae_2	AF-Q5WHG2-F1-model_v6	0.054	37	36	192	0.889	0.182	6.309E-01	5.658E-01	1.328E-01	3.141E-01	49	AF-Q5WHG2-F1-model_v6 Protein GrpE
MC25_sitophilus_oryzae_2	AF-O14010-F1-model_v6	0.078	38	36	136	0.944	0.235	5.803E-01	5.283E-01	1.793E-01	3.141E-01	45	AF-O14010-F1-model_v6 Mediator of RNA polymerase II transcription subunit 22
MC25_sitophilus_oryzae_2	AF-Q3MDN9-F1-model_v6	0.000	194	36	324	1.000	0.586	6.265E-01	6.143E-01	9.079E-02	3.140E-01	53	AF-Q3MDN9-F1-model_v6 Malate dehydrogenase
MC25_sitophilus_oryzae_2	AF-Q71Y94-F1-model_v6	0.027	37	36	181	0.917	0.182	6.169E-01	5.662E-01	1.392E-01	3.139E-01	49	AF-Q71Y94-F1-model_v6 UPF0302 protein LMOf2365_1950
MC25_sitophilus_oryzae_2	AF-Q9NZ38-F1-model_v6	0.023	86	36	188	1.000	0.431	5.803E-01	5.686E-01	1.390E-01	3.138E-01	49	AF-Q9NZ38-F1-model_v6 Uncharacterized protein IDI2-AS1
MC25_sitophilus_oryzae_2	AF-Q5LNE6-F1-model_v6	0.043	69	36	243	1.000	0.284	6.344E-01	6.234E-01	1.266E-01	3.138E-01	50	AF-Q5LNE6-F1-model_v6 tRNA (guanine-N(1)-)-methyltransferase
MC25_sitophilus_oryzae_2	AF-C4K1C8-F1-model_v6	0.028	71	36	234	1.000	0.295	6.195E-01	6.084E-01	1.265E-01	3.138E-01	50	AF-C4K1C8-F1-model_v6 tRNA (guanine-N(1)-)-methyltransferase
MC25_sitophilus_oryzae_2	AF-B3PHI3-F1-model_v6	0.015	191	36	327	0.944	0.581	6.708E-01	6.316E-01	9.132E-02	3.137E-01	53	AF-B3PHI3-F1-model_v6 Malate dehydrogenase
MC25_sitophilus_oryzae_2	AF-B0UU63-F1-model_v6	0.026	75	36	247	0.972	0.300	6.318E-01	6.091E-01	1.206E-01	3.136E-01	50	AF-B0UU63-F1-model_v6 Chromosome partition protein MukE
MC25_sitophilus_oryzae_2	AF-C6C0F7-F1-model_v6	0.035	57	36	346	0.944	0.165	6.870E-01	6.525E-01	9.183E-02	3.134E-01	53	AF-C6C0F7-F1-model_v6 Methylthioribose-1-phosphate isomerase
MC25_sitophilus_oryzae_2	AF-O80592-F1-model_v6	0.027	253	36	475	1.000	0.533	6.766E-01	6.636E-01	7.034E-02	3.133E-01	55	AF-O80592-F1-model_v6 Amino acid permease 8
MC25_sitophilus_oryzae_2	AF-Q8Y5Y2-F1-model_v6	0.027	37	36	181	0.917	0.182	6.153E-01	5.650E-01	1.391E-01	3.130E-01	49	AF-Q8Y5Y2-F1-model_v6 UPF0302 protein lmo1921
MC25_sitophilus_oryzae_2	AF-Q5BJH2-F1-model_v6	0.035	84	36	165	1.000	0.497	5.774E-01	5.676E-01	1.708E-01	3.129E-01	46	AF-Q5BJH2-F1-model_v6 Transmembrane protein 128
MC25_sitophilus_oryzae_2	AF-Q99LJ5-F1-model_v6	0.033	89	36	184	1.000	0.462	5.925E-01	5.819E-01	1.509E-01	3.129E-01	47	AF-Q99LJ5-F1-model_v6 CKLF-like MARVEL transmembrane domain-containing protein 3
MC25_sitophilus_oryzae_2	AF-Q5WGQ3-F1-model_v6	0.057	52	36	142	1.000	0.324	5.611E-01	5.507E-01	1.772E-01	3.128E-01	45	AF-Q5WGQ3-F1-model_v6 Methylglyoxal synthase
MC25_sitophilus_oryzae_2	AF-Q7QB13-F1-model_v6	0.040	49	36	266	1.000	0.158	6.144E-01	6.019E-01	1.018E-01	3.125E-01	52	AF-Q7QB13-F1-model_v6 Cyclin-C
MC25_sitophilus_oryzae_2	AF-B0S1B1-F1-model_v6	0.038	78	36	153	0.889	0.484	6.016E-01	5.381E-01	1.536E-01	3.125E-01	47	AF-B0S1B1-F1-model_v6 Endoribonuclease YbeY
MC25_sitophilus_oryzae_2	AF-Q2RSB3-F1-model_v6	0.050	59	36	139	0.917	0.410	5.892E-01	5.488E-01	1.840E-01	3.125E-01	44	AF-Q2RSB3-F1-model_v6 NAD(P) transhydrogenase subunit alpha part 2
MC25_sitophilus_oryzae_2	AF-Q045U8-F1-model_v6	0.062	48	36	109	0.972	0.404	5.436E-01	5.278E-01	2.308E-01	3.124E-01	40	AF-Q045U8-F1-model_v6 Nucleoid-associated protein LGAS_0369
MC25_sitophilus_oryzae_2	AF-Q6UXH0-F1-model_v6	0.083	48	36	198	0.944	0.222	6.133E-01	5.760E-01	1.308E-01	3.124E-01	49	AF-Q6UXH0-F1-model_v6 Angiopoietin-like protein 8
MC25_sitophilus_oryzae_2	AF-Q8R5X4-F1-model_v6	0.023	43	36	162	0.861	0.265	6.146E-01	5.489E-01	1.589E-01	3.123E-01	47	AF-Q8R5X4-F1-model_v6 Endoribonuclease YbeY
MC25_sitophilus_oryzae_2	AF-Q9RW93-F1-model_v6	0.015	66	36	196	0.917	0.321	6.334E-01	5.858E-01	1.352E-01	3.122E-01	49	AF-Q9RW93-F1-model_v6 Shikimate kinase
MC25_sitophilus_oryzae_2	AF-Q5EB63-F1-model_v6	0.044	68	36	176	0.917	0.375	6.242E-01	5.807E-01	1.532E-01	3.122E-01	47	AF-Q5EB63-F1-model_v6 Transmembrane protein 196
MC25_sitophilus_oryzae_2	AF-A0AK33-F1-model_v6	0.027	37	36	181	0.917	0.182	6.142E-01	5.641E-01	1.391E-01	3.121E-01	48	AF-A0AK33-F1-model_v6 UPF0302 protein lwe1947
MC25_sitophilus_oryzae_2	AF-Q04EE0-F1-model_v6	0.026	38	36	198	0.889	0.177	6.266E-01	5.617E-01	1.268E-01	3.121E-01	50	AF-Q04EE0-F1-model_v6 Protein GrpE
MC25_sitophilus_oryzae_2	AF-Q9PGR9-F1-model_v6	0.000	57	36	272	0.944	0.199	6.313E-01	5.936E-01	1.010E-01	3.119E-01	52	AF-Q9PGR9-F1-model_v6 3-methyl-2-oxobutanoate hydroxymethyltransferase
MC25_sitophilus_oryzae_2	AF-Q1RH66-F1-model_v6	0.017	112	36	282	1.000	0.394	6.234E-01	6.125E-01	1.082E-01	3.119E-01	51	AF-Q1RH66-F1-model_v6 tRNA (guanine-N(1)-)-methyltransferase
MC25_sitophilus_oryzae_2	AF-P43625-F1-model_v6	0.012	79	36	151	1.000	0.510	5.662E-01	5.575E-01	1.835E-01	3.119E-01	44	AF-P43625-F1-model_v6 Uncharacterized protein YFR057W
MC25_sitophilus_oryzae_2	AF-Q13S42-F1-model_v6	0.005	191	36	327	0.944	0.581	6.636E-01	6.248E-01	9.128E-02	3.118E-01	53	AF-Q13S42-F1-model_v6 Malate dehydrogenase
MC25_sitophilus_oryzae_2	AF-Q9SA42-F1-model_v6	0.012	79	36	150	1.000	0.467	5.509E-01	5.398E-01	1.584E-01	3.118E-01	47	AF-Q9SA42-F1-model_v6 Mediator of RNA polymerase II transcription subunit 22a
MC25_sitophilus_oryzae_2	AF-Q818E8-F1-model_v6	0.026	38	36	188	0.889	0.186	6.180E-01	5.570E-01	1.328E-01	3.117E-01	49	AF-Q818E8-F1-model_v6 Protein GrpE
MC25_sitophilus_oryzae_2	AF-O32077-F1-model_v6	0.013	73	36	174	0.889	0.408	6.285E-01	5.718E-01	1.515E-01	3.117E-01	47	AF-O32077-F1-model_v6 Membrane protein NfeD2
MC25_sitophilus_oryzae_2	AF-O57893-F1-model_v6	0.010	194	36	248	1.000	0.774	6.124E-01	6.010E-01	1.178E-01	3.116E-01	50	AF-O57893-F1-model_v6 Molybdate/tungstate transport system permease protein WtpB
MC25_sitophilus_oryzae_2	AF-A0A7L9F0X4-F1-model_v6	0.022	89	36	425	1.000	0.209	6.454E-01	6.328E-01	7.680E-02	3.115E-01	54	AF-A0A7L9F0X4-F1-model_v6 Alpha/beta hydrolase xenA
MC25_sitophilus_oryzae_2	AF-P0C187-F1-model_v6	0.050	59	36	139	0.917	0.410	5.874E-01	5.469E-01	1.838E-01	3.114E-01	44	AF-P0C187-F1-model_v6 NAD(P) transhydrogenase subunit alpha part 2
MC25_sitophilus_oryzae_2	AF-B1XTV3-F1-model_v6	0.010	95	36	355	1.000	0.254	6.364E-01	6.235E-01	8.134E-02	3.114E-01	54	AF-B1XTV3-F1-model_v6 UDP-3-O-acylglucosamine N-acyltransferase
MC25_sitophilus_oryzae_2	AF-A6H294-F1-model_v6	0.028	104	36	413	1.000	0.249	6.548E-01	6.420E-01	7.641E-02	3.114E-01	54	AF-A6H294-F1-model_v6 GTPase HflX
MC25_sitophilus_oryzae_2	AF-Q92A87-F1-model_v6	0.027	37	36	181	0.917	0.182	6.128E-01	5.630E-01	1.390E-01	3.113E-01	48	AF-Q92A87-F1-model_v6 UPF0302 protein lin2035
MC25_sitophilus_oryzae_2	AF-Q84BU5-F1-model_v6	0.026	38	36	194	0.889	0.180	6.238E-01	5.597E-01	1.293E-01	3.113E-01	49	AF-Q84BU5-F1-model_v6 Protein GrpE
MC25_sitophilus_oryzae_2	AF-Q39134-F1-model_v6	0.031	252	36	476	1.000	0.529	6.762E-01	6.635E-01	7.024E-02	3.112E-01	55	AF-Q39134-F1-model_v6 Amino acid permease 3
MC25_sitophilus_oryzae_2	AF-Q81LS1-F1-model_v6	0.026	38	36	188	0.889	0.186	6.187E-01	5.558E-01	1.327E-01	3.112E-01	49	AF-Q81LS1-F1-model_v6 Protein GrpE
MC25_sitophilus_oryzae_2	AF-A3DCM0-F1-model_v6	0.040	49	36	436	1.000	0.110	6.753E-01	6.632E-01	7.503E-02	3.111E-01	54	AF-A3DCM0-F1-model_v6 Methylenetetrahydrofolate--tRNA-(uracil-5-)-methyltransferase TrmFO
MC25_sitophilus_oryzae_2	AF-Q1RK99-F1-model_v6	0.026	76	36	191	0.833	0.398	6.568E-01	5.778E-01	1.418E-01	3.110E-01	48	AF-Q1RK99-F1-model_v6 Guanylate kinase
MC25_sitophilus_oryzae_2	AF-Q86WV1-2-F1-model_v6	0.012	83	36	358	1.000	0.229	6.462E-01	6.341E-01	8.830E-02	3.109E-01	53	AF-Q86WV1-2-F1-model_v6 Src kinase-associated phosphoprotein 1
MC25_sitophilus_oryzae_2	AF-A0Q1Q3-F1-model_v6	0.010	92	36	166	1.000	0.506	5.634E-01	5.519E-01	1.468E-01	3.108E-01	47	AF-A0Q1Q3-F1-model_v6 Endoribonuclease YbeY
MC25_sitophilus_oryzae_2	AF-Q92GI1-F1-model_v6	0.069	43	36	167	0.861	0.257	6.191E-01	5.478E-01	1.538E-01	3.108E-01	47	AF-Q92GI1-F1-model_v6 Endoribonuclease YbeY
MC25_sitophilus_oryzae_2	AF-Q86WV1-F1-model_v6	0.012	83	36	359	1.000	0.228	6.463E-01	6.343E-01	8.808E-02	3.107E-01	53	AF-Q86WV1-F1-model_v6 Src kinase-associated phosphoprotein 1
MC25_sitophilus_oryzae_2	AF-Q03WI1-F1-model_v6	0.026	38	36	189	0.889	0.185	6.210E-01	5.578E-01	1.325E-01	3.107E-01	49	AF-Q03WI1-F1-model_v6 Protein GrpE
MC25_sitophilus_oryzae_2	AF-O66927-F1-model_v6	0.039	51	36	171	0.972	0.269	5.755E-01	5.533E-01	1.498E-01	3.106E-01	47	AF-O66927-F1-model_v6 Uncharacterized protein aq_711
MC25_sitophilus_oryzae_2	AF-A1RWS4-F1-model_v6	0.028	104	36	131	1.000	0.725	5.253E-01	5.148E-01	1.730E-01	3.105E-01	45	AF-A1RWS4-F1-model_v6 Large ribosomal subunit protein uL24
MC25_sitophilus_oryzae_2	AF-Q97SJ6-F1-model_v6	0.012	166	36	230	0.806	0.717	6.955E-01	5.925E-01	1.147E-01	3.105E-01	50	AF-Q97SJ6-F1-model_v6 Capsular polysaccharide biosynthesis protein CpsC
MC25_sitophilus_oryzae_2	AF-B9LZL3-F1-model_v6	0.053	94	36	229	1.000	0.397	6.147E-01	6.036E-01	1.287E-01	3.104E-01	49	AF-B9LZL3-F1-model_v6 ATP synthase subunit a
MC25_sitophilus_oryzae_2	AF-Q6MT68-F1-model_v6	0.076	52	36	186	1.000	0.253	5.848E-01	5.741E-01	1.464E-01	3.104E-01	47	AF-Q6MT68-F1-model_v6 Holliday junction branch migration complex subunit RuvA
MC25_sitophilus_oryzae_2	AF-Q4UNA3-F1-model_v6	0.023	42	36	100	0.972	0.350	5.209E-01	5.037E-01	2.274E-01	3.104E-01	40	AF-Q4UNA3-F1-model_v6 Protein-export membrane protein SecG
MC25_sitophilus_oryzae_2	AF-Q87DK2-F1-model_v6	0.019	309	36	334	1.000	0.922	6.470E-01	6.360E-01	9.578E-02	3.103E-01	52	AF-Q87DK2-F1-model_v6 Glucokinase-like protein PD_0680
MC25_sitophilus_oryzae_2	AF-B2T9P8-F1-model_v6	0.010	191	36	327	0.944	0.581	6.553E-01	6.185E-01	9.091E-02	3.103E-01	53	AF-B2T9P8-F1-model_v6 Malate dehydrogenase
MC25_sitophilus_oryzae_2	AF-Q892R9-F1-model_v6	0.032	92	36	167	1.000	0.503	5.634E-01	5.518E-01	1.460E-01	3.103E-01	47	AF-Q892R9-F1-model_v6 Endoribonuclease YbeY
MC25_sitophilus_oryzae_2	AF-Q96K19-6-F1-model_v6	0.039	76	36	174	1.000	0.391	5.635E-01	5.528E-01	1.439E-01	3.103E-01	48	AF-Q96K19-6-F1-model_v6 E3 ubiquitin-protein ligase RNF170
MC25_sitophilus_oryzae_2	AF-Q2FIN2-F1-model_v6	0.045	44	36	279	0.833	0.158	7.062E-01	6.128E-01	1.002E-01	3.102E-01	52	AF-Q2FIN2-F1-model_v6 Phosphatidylglycerol--prolipoprotein diacylglyceryl transferase
MC25_sitophilus_oryzae_2	AF-Q5A917-F1-model_v6	0.009	107	36	115	1.000	0.826	5.046E-01	4.933E-01	1.772E-01	3.102E-01	44	AF-Q5A917-F1-model_v6 Mediator of RNA polymerase II transcription subunit 22
MC25_sitophilus_oryzae_2	AF-P80536-F1-model_v6	0.010	191	36	327	0.944	0.581	6.586E-01	6.216E-01	9.121E-02	3.101E-01	53	AF-P80536-F1-model_v6 Malate dehydrogenase
MC25_sitophilus_oryzae_2	AF-A4VPQ6-F1-model_v6	0.162	43	36	189	0.944	0.206	5.990E-01	5.655E-01	1.379E-01	3.101E-01	48	AF-A4VPQ6-F1-model_v6 Protein GrpE
MC25_sitophilus_oryzae_2	AF-B9LRR0-F1-model_v6	0.012	83	36	381	1.000	0.218	6.565E-01	6.449E-01	8.660E-02	3.101E-01	53	AF-B9LRR0-F1-model_v6 Succinate--CoA ligase [ADP-forming] subunit beta
MC25_sitophilus_oryzae_2	AF-A2S105-F1-model_v6	0.010	191	36	327	0.944	0.581	6.580E-01	6.210E-01	9.117E-02	3.100E-01	53	AF-A2S105-F1-model_v6 Malate dehydrogenase
MC25_sitophilus_oryzae_2	AF-Q9UJG1-3-F1-model_v6	0.018	54	36	214	1.000	0.210	5.868E-01	5.747E-01	1.176E-01	3.100E-01	50	AF-Q9UJG1-3-F1-model_v6 Motile sperm domain-containing protein 1
MC25_sitophilus_oryzae_2	AF-Q792I0-F1-model_v6	0.031	32	36	197	0.778	0.157	6.909E-01	5.732E-01	1.269E-01	3.100E-01	49	AF-Q792I0-F1-model_v6 Protein lin-7 homolog C
MC25_sitophilus_oryzae_2	AF-P25008-F1-model_v6	0.040	50	36	267	1.000	0.161	6.132E-01	6.007E-01	1.015E-01	3.100E-01	51	AF-P25008-F1-model_v6 Cyclin-C
MC25_sitophilus_oryzae_2	AF-Q891P0-F1-model_v6	0.017	116	36	197	0.833	0.589	6.530E-01	5.751E-01	1.350E-01	3.099E-01	48	AF-Q891P0-F1-model_v6 V-type ATP synthase subunit E 2
MC25_sitophilus_oryzae_2	AF-P08992-F1-model_v6	0.076	39	36	146	0.778	0.267	6.476E-01	5.451E-01	1.669E-01	3.099E-01	45	AF-P08992-F1-model_v6 Histone H2A.Z
MC25_sitophilus_oryzae_2	AF-Q6PDC8-3-F1-model_v6	0.006	144	36	358	1.000	0.399	6.546E-01	6.433E-01	8.983E-02	3.099E-01	53	AF-Q6PDC8-3-F1-model_v6 Major facilitator superfamily domain-containing protein 4A
MC25_sitophilus_oryzae_2	AF-Q2T7J2-F1-model_v6	0.010	191	36	327	0.944	0.581	6.572E-01	6.204E-01	9.119E-02	3.098E-01	53	AF-Q2T7J2-F1-model_v6 Malate dehydrogenase 1
MC25_sitophilus_oryzae_2	AF-P43987-F1-model_v6	0.025	39	36	195	0.944	0.174	6.179E-01	5.841E-01	1.361E-01	3.098E-01	48	AF-P43987-F1-model_v6 Replication restart protein PriC
MC25_sitophilus_oryzae_2	AF-Q3KLX8-F1-model_v6	0.010	194	36	326	0.972	0.592	6.449E-01	6.232E-01	9.344E-02	3.098E-01	52	AF-Q3KLX8-F1-model_v6 Malate dehydrogenase
MC25_sitophilus_oryzae_2	AF-P0CO01-F1-model_v6	0.000	41	36	138	0.750	0.297	6.371E-01	5.206E-01	1.678E-01	3.098E-01	45	AF-P0CO01-F1-model_v6 Histone H2A.Z
MC25_sitophilus_oryzae_2	AF-B0T6C1-F1-model_v6	0.020	100	36	320	0.917	0.312	6.701E-01	6.189E-01	9.398E-02	3.097E-01	52	AF-B0T6C1-F1-model_v6 Malate dehydrogenase
MC25_sitophilus_oryzae_2	AF-B2JQD2-F1-model_v6	0.005	191	36	327	0.944	0.581	6.598E-01	6.224E-01	9.111E-02	3.097E-01	52	AF-B2JQD2-F1-model_v6 Malate dehydrogenase
MC25_sitophilus_oryzae_2	AF-Q29AI1-F1-model_v6	0.040	50	36	267	1.000	0.161	6.118E-01	5.995E-01	1.015E-01	3.096E-01	51	AF-Q29AI1-F1-model_v6 Cyclin-C
MC25_sitophilus_oryzae_2	AF-B1YL70-F1-model_v6	0.015	66	36	158	0.944	0.405	6.020E-01	5.746E-01	1.765E-01	3.096E-01	44	AF-B1YL70-F1-model_v6 Endoribonuclease YbeY
MC25_sitophilus_oryzae_2	AF-Q7NDP1-F1-model_v6	0.023	43	36	196	0.972	0.184	5.886E-01	5.641E-01	1.270E-01	3.096E-01	49	AF-Q7NDP1-F1-model_v6 Protein GrpE
MC25_sitophilus_oryzae_2	AF-A1UZ10-F1-model_v6	0.010	191	36	327	0.944	0.581	6.569E-01	6.200E-01	9.114E-02	3.095E-01	52	AF-A1UZ10-F1-model_v6 Malate dehydrogenase
MC25_sitophilus_oryzae_2	AF-P22921-F1-model_v6	0.012	166	36	295	1.000	0.553	6.093E-01	5.970E-01	9.993E-02	3.095E-01	52	AF-P22921-F1-model_v6 Nitrogenase iron protein
MC25_sitophilus_oryzae_2	AF-A3NM97-F1-model_v6	0.010	191	36	327	0.944	0.581	6.566E-01	6.198E-01	9.112E-02	3.095E-01	52	AF-A3NM97-F1-model_v6 Malate dehydrogenase
MC25_sitophilus_oryzae_2	AF-Q3ARE0-F1-model_v6	0.017	116	36	156	0.861	0.737	6.021E-01	5.407E-01	1.635E-01	3.095E-01	46	AF-Q3ARE0-F1-model_v6 Endoribonuclease YbeY
MC25_sitophilus_oryzae_2	AF-Q39B00-F1-model_v6	0.010	188	36	206	0.944	0.903	6.169E-01	5.820E-01	1.331E-01	3.095E-01	48	AF-Q39B00-F1-model_v6 FMN-dependent NADH:quinone oxidoreductase 1
MC25_sitophilus_oryzae_2	AF-A4YCX7-F1-model_v6	0.019	104	36	111	1.000	0.856	5.218E-01	5.119E-01	2.025E-01	3.094E-01	42	AF-A4YCX7-F1-model_v6 Large ribosomal subunit protein uL24
MC25_sitophilus_oryzae_2	AF-B8GTV4-F1-model_v6	0.063	47	36	295	0.806	0.159	7.186E-01	6.077E-01	9.197E-02	3.094E-01	52	AF-B8GTV4-F1-model_v6 Protease HtpX
MC25_sitophilus_oryzae_2	AF-Q2SS13-F1-model_v6	0.020	50	36	438	1.000	0.110	6.674E-01	6.550E-01	7.231E-02	3.093E-01	54	AF-Q2SS13-F1-model_v6 Methylenetetrahydrofolate--tRNA-(uracil-5-)-methyltransferase TrmFO 1
MC25_sitophilus_oryzae_2	AF-Q79FP0-F1-model_v6	0.033	90	36	370	0.944	0.235	6.600E-01	6.188E-01	7.657E-02	3.092E-01	54	AF-Q79FP0-F1-model_v6 Ubiquitin-binding protein Rv1468c
MC25_sitophilus_oryzae_2	AF-P60962-F1-model_v6	0.045	44	36	279	0.833	0.158	7.067E-01	6.130E-01	1.001E-01	3.092E-01	51	AF-P60962-F1-model_v6 Phosphatidylglycerol--prolipoprotein diacylglyceryl transferase
MC25_sitophilus_oryzae_2	AF-Q42400-F1-model_v6	0.023	253	36	485	1.000	0.522	6.739E-01	6.618E-01	6.939E-02	3.091E-01	54	AF-Q42400-F1-model_v6 Amino acid permease 1
MC25_sitophilus_oryzae_2	AF-P0CO00-F1-model_v6	0.000	41	36	138	0.750	0.297	6.350E-01	5.195E-01	1.677E-01	3.090E-01	45	AF-P0CO00-F1-model_v6 Histone H2A.Z
MC25_sitophilus_oryzae_2	AF-Q65H53-F1-model_v6	0.027	36	36	194	0.861	0.175	6.336E-01	5.569E-01	1.294E-01	3.090E-01	49	AF-Q65H53-F1-model_v6 Protein GrpE
MC25_sitophilus_oryzae_2	AF-Q2HAX7-F1-model_v6	0.028	104	36	471	1.000	0.217	6.692E-01	6.566E-01	6.759E-02	3.089E-01	55	AF-Q2HAX7-F1-model_v6 Arginine biosynthesis bifunctional protein ArgJ, mitochondrial
MC25_sitophilus_oryzae_2	AF-O28695-F1-model_v6	0.038	52	36	146	0.806	0.342	6.166E-01	5.254E-01	1.602E-01	3.088E-01	46	AF-O28695-F1-model_v6 Uncharacterized protein AF_1577
MC25_sitophilus_oryzae_2	AF-B0B7U5-F1-model_v6	0.010	194	36	326	0.972	0.592	6.444E-01	6.228E-01	9.343E-02	3.087E-01	52	AF-B0B7U5-F1-model_v6 Malate dehydrogenase
MC25_sitophilus_oryzae_2	AF-Q970L2-F1-model_v6	0.022	88	36	261	1.000	0.330	6.236E-01	6.126E-01	1.171E-01	3.087E-01	50	AF-Q970L2-F1-model_v6 Metallo-beta-lactamase fold-containing protein ST1585
MC25_sitophilus_oryzae_2	AF-Q74KZ4-F1-model_v6	0.000	22	36	114	0.556	0.193	7.438E-01	4.871E-01	1.648E-01	3.087E-01	45	AF-Q74KZ4-F1-model_v6 Replication initiation control protein YabA
MC25_sitophilus_oryzae_2	AF-Q46844-F1-model_v6	0.042	71	36	230	0.833	0.309	6.832E-01	6.028E-01	1.208E-01	3.086E-01	49	AF-Q46844-F1-model_v6 Uncharacterized ATP-binding protein YghT
MC25_sitophilus_oryzae_2	AF-A2C4N8-F1-model_v6	0.036	55	36	156	1.000	0.327	5.561E-01	5.458E-01	1.670E-01	3.086E-01	45	AF-A2C4N8-F1-model_v6 Ribosome maturation factor RimP
MC25_sitophilus_oryzae_2	AF-Q9P9T6-F1-model_v6	0.012	77	36	200	1.000	0.370	5.868E-01	5.764E-01	1.400E-01	3.086E-01	48	AF-Q9P9T6-F1-model_v6 Uncharacterized protein XF_0503/XF_2124
MC25_sitophilus_oryzae_2	AF-C5BTB0-F1-model_v6	0.017	167	36	292	1.000	0.562	6.088E-01	5.966E-01	1.009E-01	3.086E-01	51	AF-C5BTB0-F1-model_v6 Nitrogenase iron protein
MC25_sitophilus_oryzae_2	AF-Q7U3W4-F1-model_v6	0.016	124	36	185	0.944	0.643	5.855E-01	5.486E-01	1.329E-01	3.085E-01	48	AF-Q7U3W4-F1-model_v6 Endoribonuclease YbeY
MC25_sitophilus_oryzae_2	AF-C1C7C8-F1-model_v6	0.020	49	36	259	1.000	0.166	6.034E-01	5.916E-01	1.052E-01	3.085E-01	51	AF-C1C7C8-F1-model_v6 Ribonuclease HII
MC25_sitophilus_oryzae_2	AF-B7JA99-F1-model_v6	0.006	166	36	296	1.000	0.551	6.074E-01	5.952E-01	9.966E-02	3.084E-01	51	AF-B7JA99-F1-model_v6 Nitrogenase iron protein
MC25_sitophilus_oryzae_2	AF-A6SZP1-F1-model_v6	0.033	89	36	350	1.000	0.243	6.383E-01	6.261E-01	8.512E-02	3.084E-01	53	AF-A6SZP1-F1-model_v6 UDP-3-O-acylglucosamine N-acyltransferase
MC25_sitophilus_oryzae_2	AF-Q9SW63-F1-model_v6	0.065	46	36	196	1.000	0.189	5.675E-01	5.554E-01	1.256E-01	3.083E-01	49	AF-Q9SW63-F1-model_v6 Ethylene-responsive transcription factor RAP2-10
MC25_sitophilus_oryzae_2	AF-P9WPK8-F1-model_v6	0.022	44	36	376	0.972	0.114	6.607E-01	6.364E-01	8.365E-02	3.083E-01	53	AF-P9WPK8-F1-model_v6 Putative glutamate--cysteine ligase 2
MC25_sitophilus_oryzae_2	AF-A3PLS9-F1-model_v6	0.006	165	36	291	1.000	0.560	6.052E-01	5.933E-01	1.029E-01	3.083E-01	51	AF-A3PLS9-F1-model_v6 Nitrogenase iron protein
MC25_sitophilus_oryzae_2	AF-Q5PD64-F1-model_v6	0.081	37	36	161	0.944	0.211	5.933E-01	5.613E-01	1.619E-01	3.083E-01	46	AF-Q5PD64-F1-model_v6 Chaperone protein Skp
MC25_sitophilus_oryzae_2	AF-A4XAD4-F1-model_v6	0.015	130	36	157	0.917	0.822	5.862E-01	5.442E-01	1.666E-01	3.083E-01	45	AF-A4XAD4-F1-model_v6 Endoribonuclease YbeY
MC25_sitophilus_oryzae_2	AF-A6TZP0-F1-model_v6	0.045	44	36	279	0.833	0.158	7.037E-01	6.128E-01	1.007E-01	3.083E-01	51	AF-A6TZP0-F1-model_v6 Phosphatidylglycerol--prolipoprotein diacylglyceryl transferase
MC25_sitophilus_oryzae_2	AF-P9WM08-F1-model_v6	0.040	74	36	263	1.000	0.278	6.513E-01	6.409E-01	1.217E-01	3.082E-01	49	AF-P9WM08-F1-model_v6 Uncharacterized protein MT1399
MC25_sitophilus_oryzae_2	AF-Q049W5-F1-model_v6	0.026	38	36	205	0.889	0.171	6.247E-01	5.607E-01	1.232E-01	3.082E-01	49	AF-Q049W5-F1-model_v6 Protein GrpE
MC25_sitophilus_oryzae_2	AF-Q8U8Q0-F1-model_v6	0.022	45	36	208	1.000	0.188	5.864E-01	5.748E-01	1.260E-01	3.082E-01	49	AF-Q8U8Q0-F1-model_v6 Ribosomal RNA small subunit methyltransferase J
MC25_sitophilus_oryzae_2	AF-Q57T30-F1-model_v6	0.081	37	36	161	0.944	0.211	5.934E-01	5.615E-01	1.619E-01	3.082E-01	46	AF-Q57T30-F1-model_v6 Chaperone protein Skp
MC25_sitophilus_oryzae_2	AF-Q6CQW6-F1-model_v6	0.000	101	36	224	0.972	0.433	6.139E-01	5.920E-01	1.248E-01	3.081E-01	49	AF-Q6CQW6-F1-model_v6 Protein FMP52, mitochondrial
MC25_sitophilus_oryzae_2	AF-Q82DE3-F1-model_v6	0.010	92	36	423	0.944	0.215	6.779E-01	6.410E-01	7.401E-02	3.081E-01	54	AF-Q82DE3-F1-model_v6 Bifunctional F420 biosynthesis protein FbiB
MC25_sitophilus_oryzae_2	AF-Q2GUP0-F1-model_v6	0.000	41	36	143	0.750	0.287	6.229E-01	5.201E-01	1.636E-01	3.081E-01	45	AF-Q2GUP0-F1-model_v6 Histone H2A.Z
MC25_sitophilus_oryzae_2	AF-B8GPV2-F1-model_v6	0.014	67	36	190	0.917	0.337	6.229E-01	5.776E-01	1.387E-01	3.080E-01	48	AF-B8GPV2-F1-model_v6 Shikimate kinase
MC25_sitophilus_oryzae_2	AF-Q6C341-F1-model_v6	0.000	41	36	140	0.750	0.293	6.380E-01	5.230E-01	1.661E-01	3.080E-01	45	AF-Q6C341-F1-model_v6 Histone H2A.Z
MC25_sitophilus_oryzae_2	AF-Q5L6Z4-F1-model_v6	0.013	145	36	165	1.000	0.867	5.539E-01	5.434E-01	1.607E-01	3.080E-01	46	AF-Q5L6Z4-F1-model_v6 Crossover junction endodeoxyribonuclease RuvC
MC25_sitophilus_oryzae_2	AF-Q54JK4-F1-model_v6	0.052	38	36	215	0.944	0.158	5.928E-01	5.590E-01	1.226E-01	3.080E-01	49	AF-Q54JK4-F1-model_v6 Charged multivesicular body protein 5
MC25_sitophilus_oryzae_2	AF-Q7NZ60-F1-model_v6	0.015	191	36	326	0.944	0.583	6.546E-01	6.175E-01	9.116E-02	3.078E-01	52	AF-Q7NZ60-F1-model_v6 Malate dehydrogenase
MC25_sitophilus_oryzae_2	AF-B6TWJ1-2-F1-model_v6	0.030	97	36	161	1.000	0.584	5.641E-01	5.543E-01	1.674E-01	3.078E-01	45	AF-B6TWJ1-2-F1-model_v6 CASP-like protein 4A1
MC25_sitophilus_oryzae_2	AF-Q5JEB3-F1-model_v6	0.005	193	36	247	1.000	0.777	6.095E-01	5.982E-01	1.196E-01	3.078E-01	49	AF-Q5JEB3-F1-model_v6 Molybdate/tungstate transport system permease protein WtpB
MC25_sitophilus_oryzae_2	AF-B2UT98-F1-model_v6	0.034	58	36	439	1.000	0.128	6.359E-01	6.232E-01	6.999E-02	3.078E-01	54	AF-B2UT98-F1-model_v6 Ribosomal protein uS12 methylthiotransferase RimO
MC25_sitophilus_oryzae_2	AF-Q9V274-F1-model_v6	0.017	170	36	202	0.917	0.832	5.973E-01	5.514E-01	1.291E-01	3.077E-01	49	AF-Q9V274-F1-model_v6 UPF0056 membrane protein PYRAB02000
MC25_sitophilus_oryzae_2	AF-Q9NZZ3-F1-model_v6	0.078	38	36	219	0.944	0.155	5.966E-01	5.604E-01	1.193E-01	3.077E-01	49	AF-Q9NZZ3-F1-model_v6 Charged multivesicular body protein 5
MC25_sitophilus_oryzae_2	AF-Q3ALL9-F1-model_v6	0.018	163	36	296	1.000	0.541	6.093E-01	5.971E-01	9.853E-02	3.076E-01	51	AF-Q3ALL9-F1-model_v6 Light-independent protochlorophyllide reductase iron-sulfur ATP-binding protein
MC25_sitophilus_oryzae_2	AF-P44713-F1-model_v6	0.045	44	36	112	0.972	0.330	5.207E-01	5.008E-01	1.986E-01	3.076E-01	42	AF-P44713-F1-model_v6 Protein-export membrane protein SecG
MC25_sitophilus_oryzae_2	AF-B6EGG2-F1-model_v6	0.060	50	36	363	1.000	0.132	6.532E-01	6.410E-01	8.585E-02	3.075E-01	53	AF-B6EGG2-F1-model_v6 Ribosomal RNA large subunit methyltransferase M
MC25_sitophilus_oryzae_2	AF-Q927P0-F1-model_v6	0.022	45	36	265	0.861	0.170	6.760E-01	5.954E-01	1.037E-01	3.074E-01	51	AF-Q927P0-F1-model_v6 Energy-coupling factor transporter transmembrane protein EcfT
MC25_sitophilus_oryzae_2	AF-P56143-F1-model_v6	0.008	235	36	414	1.000	0.560	6.429E-01	6.300E-01	7.344E-02	3.074E-01	54	AF-P56143-F1-model_v6 RNA polymerase sigma-54 factor
MC25_sitophilus_oryzae_2	AF-Q7M8U8-F1-model_v6	0.011	180	36	303	1.000	0.584	6.106E-01	5.984E-01	9.760E-02	3.073E-01	51	AF-Q7M8U8-F1-model_v6 Nitrogenase iron protein
MC25_sitophilus_oryzae_2	AF-C7BKL0-F1-model_v6	0.000	49	36	366	1.000	0.131	6.480E-01	6.363E-01	8.650E-02	3.073E-01	52	AF-C7BKL0-F1-model_v6 Ribosomal RNA large subunit methyltransferase M
MC25_sitophilus_oryzae_2	AF-Q8ZH78-F1-model_v6	0.000	49	36	368	1.000	0.130	6.471E-01	6.355E-01	8.612E-02	3.073E-01	52	AF-Q8ZH78-F1-model_v6 Ribosomal RNA large subunit methyltransferase M
MC25_sitophilus_oryzae_2	AF-Q4HTS9-F1-model_v6	0.000	315	36	446	1.000	0.704	6.505E-01	6.385E-01	7.163E-02	3.072E-01	54	AF-Q4HTS9-F1-model_v6 IMP-specific 5'-nucleotidase 1
MC25_sitophilus_oryzae_2	AF-Q46YU4-F1-model_v6	0.005	191	36	327	0.944	0.581	6.537E-01	6.168E-01	9.093E-02	3.072E-01	52	AF-Q46YU4-F1-model_v6 Malate dehydrogenase
MC25_sitophilus_oryzae_2	AF-Q6MTB4-F1-model_v6	0.020	49	36	438	1.000	0.110	6.651E-01	6.531E-01	7.413E-02	3.072E-01	54	AF-Q6MTB4-F1-model_v6 Methylenetetrahydrofolate--tRNA-(uracil-5-)-methyltransferase TrmFO 2
MC25_sitophilus_oryzae_2	AF-Q4QQV8-F1-model_v6	0.078	38	36	219	0.944	0.155	5.961E-01	5.603E-01	1.194E-01	3.071E-01	49	AF-Q4QQV8-F1-model_v6 Charged multivesicular body protein 5
MC25_sitophilus_oryzae_2	AF-A4VMI8-F1-model_v6	0.068	44	36	290	0.806	0.152	7.112E-01	6.034E-01	9.365E-02	3.071E-01	52	AF-A4VMI8-F1-model_v6 Protease HtpX
MC25_sitophilus_oryzae_2	AF-B1JQE8-F1-model_v6	0.000	49	36	368	1.000	0.130	6.468E-01	6.352E-01	8.611E-02	3.071E-01	52	AF-B1JQE8-F1-model_v6 Ribosomal RNA large subunit methyltransferase M
MC25_sitophilus_oryzae_2	AF-O16359-F1-model_v6	0.000	71	36	394	1.000	0.178	6.455E-01	6.334E-01	8.068E-02	3.071E-01	53	AF-O16359-F1-model_v6 Nuclear hormone receptor family member nhr-103
MC25_sitophilus_oryzae_2	AF-A2XFQ8-F1-model_v6	0.047	42	36	242	0.944	0.157	6.243E-01	5.904E-01	1.129E-01	3.070E-01	50	AF-A2XFQ8-F1-model_v6 Peroxisomal membrane protein 11-3
MC25_sitophilus_oryzae_2	AF-B0TAE8-F1-model_v6	0.000	131	36	166	0.944	0.777	5.771E-01	5.450E-01	1.567E-01	3.070E-01	46	AF-B0TAE8-F1-model_v6 Endoribonuclease YbeY
MC25_sitophilus_oryzae_2	AF-Q2P0W9-F1-model_v6	0.000	53	36	196	1.000	0.260	5.819E-01	5.714E-01	1.450E-01	3.070E-01	47	AF-Q2P0W9-F1-model_v6 Ribosome maturation factor RimP
MC25_sitophilus_oryzae_2	AF-A2RKH5-F1-model_v6	0.037	54	36	242	1.000	0.215	6.085E-01	5.975E-01	1.212E-01	3.069E-01	49	AF-A2RKH5-F1-model_v6 Segregation and condensation protein A
MC25_sitophilus_oryzae_2	AF-Q1RJ28-F1-model_v6	0.000	44	36	231	1.000	0.186	5.921E-01	5.816E-01	1.292E-01	3.069E-01	48	AF-Q1RJ28-F1-model_v6 Putative ankyrin repeat protein RBE_0555
MC25_sitophilus_oryzae_2	AF-A7WZQ9-F1-model_v6	0.045	44	36	279	0.833	0.158	7.013E-01	6.112E-01	1.006E-01	3.069E-01	51	AF-A7WZQ9-F1-model_v6 Phosphatidylglycerol--prolipoprotein diacylglyceryl transferase
MC25_sitophilus_oryzae_2	AF-Q61BU1-F1-model_v6	0.000	74	36	130	0.861	0.538	5.800E-01	5.144E-01	1.765E-01	3.069E-01	44	AF-Q61BU1-F1-model_v6 Mediator of RNA polymerase II transcription subunit 21
MC25_sitophilus_oryzae_2	AF-O06719-F1-model_v6	0.025	40	36	205	0.889	0.185	6.089E-01	5.478E-01	1.244E-01	3.069E-01	49	AF-O06719-F1-model_v6 Probable spore germination protein GerPC
MC25_sitophilus_oryzae_2	AF-Q89AN1-F1-model_v6	0.100	40	36	198	0.889	0.182	6.112E-01	5.501E-01	1.237E-01	3.069E-01	49	AF-Q89AN1-F1-model_v6 Protein GrpE 1
MC25_sitophilus_oryzae_2	AF-O22165-F1-model_v6	0.049	61	36	159	0.889	0.371	5.964E-01	5.446E-01	1.598E-01	3.068E-01	45	AF-O22165-F1-model_v6 Probable ribosome biogenesis protein RLP24
MC25_sitophilus_oryzae_2	AF-Q4F7G0-2-F1-model_v6	0.009	102	36	264	1.000	0.383	6.259E-01	6.149E-01	1.167E-01	3.067E-01	49	AF-Q4F7G0-2-F1-model_v6 Sugar transporter ERD6-like 2
MC25_sitophilus_oryzae_2	AF-Q8VEL0-F1-model_v6	0.018	53	36	213	1.000	0.211	5.814E-01	5.695E-01	1.201E-01	3.067E-01	49	AF-Q8VEL0-F1-model_v6 Motile sperm domain-containing protein 1
MC25_sitophilus_oryzae_2	AF-B2VFX4-F1-model_v6	0.020	49	36	366	1.000	0.131	6.458E-01	6.343E-01	8.664E-02	3.067E-01	52	AF-B2VFX4-F1-model_v6 Ribosomal RNA large subunit methyltransferase M
MC25_sitophilus_oryzae_2	AF-A8M0W3-F1-model_v6	0.023	42	36	157	0.889	0.255	5.936E-01	5.413E-01	1.626E-01	3.066E-01	45	AF-A8M0W3-F1-model_v6 Endoribonuclease YbeY
MC25_sitophilus_oryzae_2	AF-Q5ZKE5-F1-model_v6	0.009	101	36	356	0.917	0.281	6.541E-01	6.006E-01	8.010E-02	3.066E-01	53	AF-Q5ZKE5-F1-model_v6 45 kDa calcium-binding protein
MC25_sitophilus_oryzae_2	AF-A7FFF7-F1-model_v6	0.000	49	36	368	1.000	0.130	6.462E-01	6.346E-01	8.609E-02	3.065E-01	52	AF-A7FFF7-F1-model_v6 Ribosomal RNA large subunit methyltransferase M
MC25_sitophilus_oryzae_2	AF-Q5RJS6-F1-model_v6	0.018	53	36	213	1.000	0.211	5.805E-01	5.686E-01	1.199E-01	3.065E-01	49	AF-Q5RJS6-F1-model_v6 Motile sperm domain-containing protein 1
MC25_sitophilus_oryzae_2	AF-B4U2D6-F1-model_v6	0.016	119	36	238	0.833	0.500	6.734E-01	5.867E-01	1.149E-01	3.065E-01	50	AF-B4U2D6-F1-model_v6 ATP synthase subunit a
MC25_sitophilus_oryzae_2	AF-B4E5R3-F1-model_v6	0.000	127	36	130	1.000	0.931	5.217E-01	5.117E-01	1.840E-01	3.065E-01	43	AF-B4E5R3-F1-model_v6 Methylglyoxal synthase
MC25_sitophilus_oryzae_2	AF-Q9AH17-F1-model_v6	0.023	43	36	416	0.944	0.103	6.864E-01	6.503E-01	7.670E-02	3.065E-01	53	AF-Q9AH17-F1-model_v6 Inositol phosphate phosphatase SopB (Fragment)
MC25_sitophilus_oryzae_2	AF-Q928B1-F1-model_v6	0.046	43	36	277	0.833	0.155	6.935E-01	6.053E-01	1.009E-01	3.064E-01	51	AF-Q928B1-F1-model_v6 Phosphatidylglycerol--prolipoprotein diacylglyceryl transferase
MC25_sitophilus_oryzae_2	AF-Q9FKY3-F1-model_v6	0.010	198	36	427	1.000	0.457	6.580E-01	6.456E-01	7.239E-02	3.064E-01	54	AF-Q9FKY3-F1-model_v6 Amino acid transporter AVT3A
MC25_sitophilus_oryzae_2	AF-Q2YSG7-F1-model_v6	0.045	44	36	279	0.833	0.158	7.006E-01	6.108E-01	1.006E-01	3.064E-01	51	AF-Q2YSG7-F1-model_v6 Phosphatidylglycerol--prolipoprotein diacylglyceryl transferase
MC25_sitophilus_oryzae_2	AF-Q9UJG1-F1-model_v6	0.018	53	36	213	1.000	0.211	5.807E-01	5.687E-01	1.199E-01	3.063E-01	49	AF-Q9UJG1-F1-model_v6 Motile sperm domain-containing protein 1
MC25_sitophilus_oryzae_2	AF-Q1LKG0-F1-model_v6	0.000	191	36	327	0.944	0.581	6.543E-01	6.174E-01	9.096E-02	3.063E-01	52	AF-Q1LKG0-F1-model_v6 Malate dehydrogenase
MC25_sitophilus_oryzae_2	AF-Q732N8-F1-model_v6	0.008	239	36	434	0.861	0.548	7.219E-01	6.358E-01	6.591E-02	3.063E-01	54	AF-Q732N8-F1-model_v6 Methylenetetrahydrofolate--tRNA-(uracil-5-)-methyltransferase TrmFO
MC25_sitophilus_oryzae_2	AF-Q9UGQ2-F1-model_v6	0.076	39	36	172	0.861	0.221	6.220E-01	5.578E-01	1.506E-01	3.062E-01	46	AF-Q9UGQ2-F1-model_v6 Calcium channel flower homolog
MC25_sitophilus_oryzae_2	AF-Q0I256-F1-model_v6	0.019	51	36	361	1.000	0.139	6.501E-01	6.382E-01	8.769E-02	3.062E-01	52	AF-Q0I256-F1-model_v6 Ribosomal RNA large subunit methyltransferase M
MC25_sitophilus_oryzae_2	AF-Q8CBY1-4-F1-model_v6	0.049	61	36	302	1.000	0.189	6.125E-01	6.001E-01	9.380E-02	3.062E-01	52	AF-Q8CBY1-4-F1-model_v6 Protein Smaug homolog 1
MC25_sitophilus_oryzae_2	AF-Q5V4Q4-F1-model_v6	0.024	83	36	382	1.000	0.217	6.464E-01	6.348E-01	8.568E-02	3.062E-01	52	AF-Q5V4Q4-F1-model_v6 Succinate--CoA ligase [ADP-forming] subunit beta
MC25_sitophilus_oryzae_2	AF-T2FKR1-F1-model_v6	0.012	78	36	302	0.944	0.258	6.524E-01	6.194E-01	1.015E-01	3.061E-01	51	AF-T2FKR1-F1-model_v6 Acetylesterase
MC25_sitophilus_oryzae_2	AF-Q0K8F5-F1-model_v6	0.005	191	36	327	0.944	0.581	6.531E-01	6.162E-01	9.090E-02	3.061E-01	52	AF-Q0K8F5-F1-model_v6 Malate dehydrogenase
MC25_sitophilus_oryzae_2	AF-A5GW90-F1-model_v6	0.015	130	36	160	0.917	0.806	5.879E-01	5.455E-01	1.643E-01	3.061E-01	45	AF-A5GW90-F1-model_v6 Endoribonuclease YbeY
MC25_sitophilus_oryzae_2	AF-B3R570-F1-model_v6	0.000	191	36	327	0.944	0.581	6.493E-01	6.127E-01	9.067E-02	3.061E-01	52	AF-B3R570-F1-model_v6 Malate dehydrogenase
MC25_sitophilus_oryzae_2	AF-A0K965-F1-model_v6	0.000	127	36	130	1.000	0.931	5.213E-01	5.113E-01	1.841E-01	3.060E-01	43	AF-A0K965-F1-model_v6 Methylglyoxal synthase
MC25_sitophilus_oryzae_2	AF-A5W758-F1-model_v6	0.045	44	36	295	0.806	0.149	7.121E-01	6.042E-01	9.223E-02	3.059E-01	52	AF-A5W758-F1-model_v6 Protease HtpX
MC25_sitophilus_oryzae_2	AF-Q9VDH4-F1-model_v6	0.000	54	36	138	0.917	0.348	5.688E-01	5.231E-01	1.674E-01	3.059E-01	45	AF-Q9VDH4-F1-model_v6 Protein Turandot B
MC25_sitophilus_oryzae_2	AF-Q2T9W7-F1-model_v6	0.018	53	36	213	1.000	0.211	5.782E-01	5.664E-01	1.198E-01	3.059E-01	49	AF-Q2T9W7-F1-model_v6 Motile sperm domain-containing protein 1
MC25_sitophilus_oryzae_2	AF-B2V9P9-F1-model_v6	0.010	98	36	678	0.917	0.145	6.963E-01	6.385E-01	4.533E-02	3.059E-01	56	AF-B2V9P9-F1-model_v6 Glycine--tRNA ligase beta subunit
MC25_sitophilus_oryzae_2	AF-Q5RCC7-F1-model_v6	0.018	53	36	213	1.000	0.211	5.764E-01	5.649E-01	1.199E-01	3.058E-01	49	AF-Q5RCC7-F1-model_v6 Motile sperm domain-containing protein 1
MC25_sitophilus_oryzae_2	AF-Q2KIJ2-F1-model_v6	0.025	77	36	373	1.000	0.193	6.466E-01	6.341E-01	7.857E-02	3.058E-01	53	AF-Q2KIJ2-F1-model_v6 Histidine protein methyltransferase 1 homolog
MC25_sitophilus_oryzae_2	AF-Q0BD88-F1-model_v6	0.000	126	36	130	1.000	0.931	5.216E-01	5.118E-01	1.860E-01	3.058E-01	43	AF-Q0BD88-F1-model_v6 Methylglyoxal synthase
MC25_sitophilus_oryzae_2	AF-P60963-F1-model_v6	0.045	44	36	279	0.833	0.158	7.000E-01	6.103E-01	1.006E-01	3.057E-01	51	AF-P60963-F1-model_v6 Phosphatidylglycerol--prolipoprotein diacylglyceryl transferase
MC25_sitophilus_oryzae_2	AF-P33502-F1-model_v6	0.010	96	36	314	1.000	0.306	6.388E-01	6.300E-01	1.012E-01	3.056E-01	51	AF-P33502-F1-model_v6 NADH-ubiquinone oxidoreductase chain 1
MC25_sitophilus_oryzae_2	AF-O34843-F1-model_v6	0.000	64	36	176	0.778	0.364	6.575E-01	5.626E-01	1.454E-01	3.056E-01	46	AF-O34843-F1-model_v6 RNA polymerase sigma factor SigO
MC25_sitophilus_oryzae_2	AF-Q13C78-F1-model_v6	0.012	165	36	299	1.000	0.545	6.048E-01	5.931E-01	1.002E-01	3.055E-01	51	AF-Q13C78-F1-model_v6 Nitrogenase iron protein
MC25_sitophilus_oryzae_2	AF-A0A0R4ILB2-F1-model_v6	0.007	142	36	470	1.000	0.302	6.663E-01	6.544E-01	7.082E-02	3.055E-01	54	AF-A0A0R4ILB2-F1-model_v6 Choline/ethanolamine transporter flvcr2a
MC25_sitophilus_oryzae_2	AF-B1JW38-F1-model_v6	0.000	127	36	130	1.000	0.931	5.203E-01	5.104E-01	1.839E-01	3.055E-01	43	AF-B1JW38-F1-model_v6 Methylglyoxal synthase
MC25_sitophilus_oryzae_2	AF-P73651-F1-model_v6	0.022	89	36	284	0.944	0.306	6.444E-01	6.085E-01	1.030E-01	3.055E-01	50	AF-P73651-F1-model_v6 Bifunctional riboflavin kinase/FMN adenylyltransferase
MC25_sitophilus_oryzae_2	AF-Q5E7A8-F1-model_v6	0.060	50	36	359	1.000	0.134	6.497E-01	6.377E-01	8.664E-02	3.055E-01	52	AF-Q5E7A8-F1-model_v6 Ribosomal RNA large subunit methyltransferase M
MC25_sitophilus_oryzae_2	AF-Q9I013-F1-model_v6	0.068	44	36	291	0.806	0.151	7.087E-01	6.018E-01	9.330E-02	3.054E-01	51	AF-Q9I013-F1-model_v6 Protease HtpX
MC25_sitophilus_oryzae_2	AF-P54862-F1-model_v6	0.025	160	36	567	1.000	0.280	6.722E-01	6.595E-01	5.775E-02	3.054E-01	55	AF-P54862-F1-model_v6 Hexose transporter HXT11
MC25_sitophilus_oryzae_2	AF-P55718-F1-model_v6	0.008	117	36	178	0.833	0.635	6.234E-01	5.338E-01	1.294E-01	3.053E-01	48	AF-P55718-F1-model_v6 Uncharacterized protein y4yJ
MC25_sitophilus_oryzae_2	AF-Q9XD28-F1-model_v6	0.043	23	36	94	0.611	0.234	6.376E-01	4.650E-01	1.981E-01	3.053E-01	41	AF-Q9XD28-F1-model_v6 Large ribosomal subunit protein uL29
MC25_sitophilus_oryzae_2	AF-O29571-F1-model_v6	0.055	36	36	222	0.889	0.149	6.308E-01	5.663E-01	1.158E-01	3.053E-01	49	AF-O29571-F1-model_v6 Uncharacterized protein AF_0686
MC25_sitophilus_oryzae_2	AF-B7JGI9-F1-model_v6	0.038	52	36	303	1.000	0.168	6.242E-01	6.125E-01	1.001E-01	3.051E-01	51	AF-B7JGI9-F1-model_v6 Polyisoprenyl-teichoic acid--peptidoglycan teichoic acid transferase TagU
MC25_sitophilus_oryzae_2	AF-A4JGH2-F1-model_v6	0.000	127	36	130	1.000	0.931	5.196E-01	5.097E-01	1.835E-01	3.051E-01	43	AF-A4JGH2-F1-model_v6 Methylglyoxal synthase
MC25_sitophilus_oryzae_2	AF-Q3J0H1-F1-model_v6	0.012	165	36	291	1.000	0.560	6.107E-01	5.998E-01	1.029E-01	3.051E-01	50	AF-Q3J0H1-F1-model_v6 Nitrogenase iron protein
MC25_sitophilus_oryzae_2	AF-B0K706-F1-model_v6	0.022	88	36	159	1.000	0.491	5.388E-01	5.272E-01	1.429E-01	3.050E-01	47	AF-B0K706-F1-model_v6 Endoribonuclease YbeY
MC25_sitophilus_oryzae_2	AF-Q72NG9-F1-model_v6	0.043	23	36	94	0.611	0.234	6.442E-01	4.653E-01	1.981E-01	3.049E-01	41	AF-Q72NG9-F1-model_v6 Large ribosomal subunit protein uL29
MC25_sitophilus_oryzae_2	AF-O64864-F1-model_v6	0.000	199	36	205	0.806	0.971	6.559E-01	5.602E-01	1.255E-01	3.049E-01	48	AF-O64864-F1-model_v6 Non-specific lipid transfer protein GPI-anchored 13
MC25_sitophilus_oryzae_2	AF-Q5WDH2-F1-model_v6	0.069	43	36	277	0.833	0.155	6.917E-01	6.048E-01	1.010E-01	3.048E-01	51	AF-Q5WDH2-F1-model_v6 Phosphatidylglycerol--prolipoprotein diacylglyceryl transferase
MC25_sitophilus_oryzae_2	AF-Q253J5-F1-model_v6	0.000	122	36	158	0.889	0.759	5.773E-01	5.310E-01	1.603E-01	3.048E-01	45	AF-Q253J5-F1-model_v6 Endoribonuclease YbeY
MC25_sitophilus_oryzae_2	AF-P62444-F1-model_v6	0.040	49	36	146	1.000	0.301	5.315E-01	5.218E-01	1.685E-01	3.048E-01	44	AF-P62444-F1-model_v6 Large ribosomal subunit protein uL11
MC25_sitophilus_oryzae_2	AF-Q8VEL0-2-F1-model_v6	0.018	53	36	214	1.000	0.210	5.729E-01	5.615E-01	1.190E-01	3.047E-01	49	AF-Q8VEL0-2-F1-model_v6 Motile sperm domain-containing protein 1
MC25_sitophilus_oryzae_2	AF-Q5AZH4-F1-model_v6	0.045	22	36	108	0.556	0.204	6.949E-01	4.790E-01	1.729E-01	3.047E-01	43	AF-Q5AZH4-F1-model_v6 Mitochondrial import inner membrane translocase subunit tim13
MC25_sitophilus_oryzae_2	AF-A8Y9T3-F1-model_v6	0.000	116	36	244	0.972	0.459	5.868E-01	5.639E-01	1.105E-01	3.046E-01	50	AF-A8Y9T3-F1-model_v6 Gas vesicle protein F
MC25_sitophilus_oryzae_2	AF-Q1WSX7-F1-model_v6	0.022	45	36	269	0.833	0.167	6.844E-01	5.990E-01	1.036E-01	3.045E-01	50	AF-Q1WSX7-F1-model_v6 Phosphatidylglycerol--prolipoprotein diacylglyceryl transferase
MC25_sitophilus_oryzae_2	AF-B2IPW8-F1-model_v6	0.040	49	36	259	1.000	0.166	5.986E-01	5.871E-01	1.051E-01	3.045E-01	50	AF-B2IPW8-F1-model_v6 Ribonuclease HII
MC25_sitophilus_oryzae_2	AF-Q8DKS0-F1-model_v6	0.000	76	36	212	0.889	0.349	6.199E-01	5.556E-01	1.204E-01	3.045E-01	49	AF-Q8DKS0-F1-model_v6 Transcription antitermination protein NusB
MC25_sitophilus_oryzae_2	AF-B0B7Z4-F1-model_v6	0.016	121	36	161	0.861	0.733	6.005E-01	5.268E-01	1.488E-01	3.045E-01	46	AF-B0B7Z4-F1-model_v6 Endoribonuclease YbeY
MC25_sitophilus_oryzae_2	AF-P22126-F1-model_v6	0.020	97	36	213	1.000	0.446	6.004E-01	5.905E-01	1.371E-01	3.044E-01	47	AF-P22126-F1-model_v6 Protein ras-1
MC25_sitophilus_oryzae_2	AF-B0BC59-F1-model_v6	0.016	121	36	161	0.861	0.733	6.008E-01	5.271E-01	1.488E-01	3.044E-01	46	AF-B0BC59-F1-model_v6 Endoribonuclease YbeY
MC25_sitophilus_oryzae_2	AF-A7GXU2-F1-model_v6	0.025	39	36	179	0.889	0.201	6.082E-01	5.488E-01	1.389E-01	3.044E-01	47	AF-A7GXU2-F1-model_v6 Protein GrpE
MC25_sitophilus_oryzae_2	AF-B1IBW1-F1-model_v6	0.040	49	36	259	1.000	0.166	5.985E-01	5.870E-01	1.051E-01	3.044E-01	50	AF-B1IBW1-F1-model_v6 Ribonuclease HII
MC25_sitophilus_oryzae_2	AF-B5E4Q2-F1-model_v6	0.040	49	36	259	1.000	0.166	5.983E-01	5.868E-01	1.051E-01	3.044E-01	50	AF-B5E4Q2-F1-model_v6 Ribonuclease HII
MC25_sitophilus_oryzae_2	AF-A4XP02-F1-model_v6	0.013	151	36	149	0.889	0.993	5.918E-01	5.387E-01	1.630E-01	3.044E-01	45	AF-A4XP02-F1-model_v6 UPF0178 protein Pmen_0294
MC25_sitophilus_oryzae_2	AF-Q7V002-F1-model_v6	0.018	53	36	155	1.000	0.303	5.532E-01	5.431E-01	1.664E-01	3.042E-01	44	AF-Q7V002-F1-model_v6 Ribosome maturation factor RimP
MC25_sitophilus_oryzae_2	AF-B0JZD0-F1-model_v6	0.004	425	36	714	1.000	0.595	6.937E-01	6.810E-01	4.805E-02	3.042E-01	56	AF-B0JZD0-F1-model_v6 Choline transporter-like protein 5
MC25_sitophilus_oryzae_2	AF-A4Y045-F1-model_v6	0.073	41	36	266	0.861	0.154	6.809E-01	6.110E-01	1.075E-01	3.042E-01	50	AF-A4Y045-F1-model_v6 Phosphatidylglycerol--prolipoprotein diacylglyceryl transferase
MC25_sitophilus_oryzae_2	AF-A0ALG6-F1-model_v6	0.045	44	36	277	0.806	0.159	7.054E-01	6.011E-01	9.867E-02	3.042E-01	51	AF-A0ALG6-F1-model_v6 Phosphatidylglycerol--prolipoprotein diacylglyceryl transferase
MC25_sitophilus_oryzae_2	AF-Q8DPR3-F1-model_v6	0.040	49	36	259	1.000	0.166	5.979E-01	5.864E-01	1.051E-01	3.041E-01	50	AF-Q8DPR3-F1-model_v6 Ribonuclease HII
MC25_sitophilus_oryzae_2	AF-Q04KF4-F1-model_v6	0.040	49	36	259	1.000	0.166	5.979E-01	5.864E-01	1.051E-01	3.041E-01	50	AF-Q04KF4-F1-model_v6 Ribonuclease HII
MC25_sitophilus_oryzae_2	AF-C5C494-F1-model_v6	0.023	128	36	150	0.917	0.840	5.780E-01	5.412E-01	1.732E-01	3.040E-01	44	AF-C5C494-F1-model_v6 Endoribonuclease YbeY
MC25_sitophilus_oryzae_2	AF-Q9UGK3-F1-model_v6	0.066	45	36	403	1.000	0.102	6.564E-01	6.443E-01	7.547E-02	3.039E-01	53	AF-Q9UGK3-F1-model_v6 Signal-transducing adaptor protein 2
MC25_sitophilus_oryzae_2	AF-C1CRN4-F1-model_v6	0.040	49	36	259	1.000	0.166	5.976E-01	5.862E-01	1.051E-01	3.038E-01	50	AF-C1CRN4-F1-model_v6 Ribonuclease HII
MC25_sitophilus_oryzae_2	AF-P41914-F1-model_v6	0.011	87	36	223	1.000	0.390	5.772E-01	5.682E-01	1.343E-01	3.038E-01	47	AF-P41914-F1-model_v6 GTP-binding nuclear protein Ran
MC25_sitophilus_oryzae_2	AF-Q59240-F1-model_v6	0.052	38	36	221	0.889	0.158	6.227E-01	5.585E-01	1.145E-01	3.038E-01	49	AF-Q59240-F1-model_v6 Protein GrpE
MC25_sitophilus_oryzae_2	AF-Q9BX95-F1-model_v6	0.012	161	36	441	1.000	0.356	6.627E-01	6.501E-01	6.875E-02	3.038E-01	53	AF-Q9BX95-F1-model_v6 Sphingosine-1-phosphate phosphatase 1
MC25_sitophilus_oryzae_2	AF-A9KCP4-F1-model_v6	0.008	122	36	152	0.833	0.789	6.026E-01	5.212E-01	1.558E-01	3.038E-01	45	AF-A9KCP4-F1-model_v6 Endoribonuclease YbeY
MC25_sitophilus_oryzae_2	AF-Q2YU46-F1-model_v6	0.016	61	36	154	0.889	0.377	5.770E-01	5.249E-01	1.582E-01	3.038E-01	45	AF-Q2YU46-F1-model_v6 Low molecular weight protein-tyrosine-phosphatase PtpA
MC25_sitophilus_oryzae_2	AF-Q60B71-F1-model_v6	0.020	191	36	325	0.944	0.585	6.522E-01	6.163E-01	9.149E-02	3.038E-01	51	AF-Q60B71-F1-model_v6 Malate dehydrogenase
MC25_sitophilus_oryzae_2	AF-A5G320-F1-model_v6	0.026	191	36	327	0.944	0.581	6.488E-01	6.118E-01	9.052E-02	3.038E-01	51	AF-A5G320-F1-model_v6 Malate dehydrogenase
MC25_sitophilus_oryzae_2	AF-Q2FNT7-F1-model_v6	0.085	35	36	299	0.806	0.114	7.071E-01	5.901E-01	8.855E-02	3.038E-01	52	AF-Q2FNT7-F1-model_v6 CRISPR-associated endonuclease Cas1 3
MC25_sitophilus_oryzae_2	AF-B3LW62-F1-model_v6	0.046	65	36	215	0.944	0.288	5.978E-01	5.654E-01	1.254E-01	3.037E-01	48	AF-B3LW62-F1-model_v6 Kinetochore protein Spc25
MC25_sitophilus_oryzae_2	AF-C1CKQ7-F1-model_v6	0.040	49	36	259	1.000	0.166	5.977E-01	5.862E-01	1.051E-01	3.037E-01	50	AF-C1CKQ7-F1-model_v6 Ribonuclease HII
MC25_sitophilus_oryzae_2	AF-Q49YS6-F1-model_v6	0.016	61	36	154	0.889	0.377	5.781E-01	5.260E-01	1.581E-01	3.036E-01	45	AF-Q49YS6-F1-model_v6 Low molecular weight protein-tyrosine-phosphatase PtpA
MC25_sitophilus_oryzae_2	AF-Q6FQ75-F1-model_v6	0.052	38	36	199	0.917	0.186	6.058E-01	5.609E-01	1.338E-01	3.036E-01	47	AF-Q6FQ75-F1-model_v6 Mediator of RNA polymerase II transcription subunit 10
MC25_sitophilus_oryzae_2	AF-Q7ZUA6-3-F1-model_v6	0.000	139	36	192	0.889	0.703	6.153E-01	5.528E-01	1.284E-01	3.035E-01	48	AF-Q7ZUA6-3-F1-model_v6 Limb region 1 protein homolog
MC25_sitophilus_oryzae_2	AF-Q1MMB8-F1-model_v6	0.046	43	36	171	0.861	0.251	6.081E-01	5.406E-01	1.502E-01	3.035E-01	46	AF-Q1MMB8-F1-model_v6 Endoribonuclease YbeY
MC25_sitophilus_oryzae_2	AF-B7GGC8-F1-model_v6	0.008	239	36	432	0.861	0.551	7.163E-01	6.318E-01	6.616E-02	3.035E-01	54	AF-B7GGC8-F1-model_v6 Methylenetetrahydrofolate--tRNA-(uracil-5-)-methyltransferase TrmFO
MC25_sitophilus_oryzae_2	AF-Q4L7J1-F1-model_v6	0.016	61	36	154	0.889	0.377	5.775E-01	5.253E-01	1.583E-01	3.035E-01	45	AF-Q4L7J1-F1-model_v6 Low molecular weight protein-tyrosine-phosphatase PtpA
MC25_sitophilus_oryzae_2	AF-Q52910-F1-model_v6	0.011	89	36	531	0.889	0.164	7.199E-01	6.499E-01	5.474E-02	3.035E-01	55	AF-Q52910-F1-model_v6 Apolipoprotein N-acyltransferase
MC25_sitophilus_oryzae_2	AF-A4VGL8-F1-model_v6	0.024	41	36	266	0.861	0.154	6.781E-01	6.083E-01	1.073E-01	3.034E-01	50	AF-A4VGL8-F1-model_v6 Phosphatidylglycerol--prolipoprotein diacylglyceryl transferase
MC25_sitophilus_oryzae_2	AF-Q5P6E9-F1-model_v6	0.031	64	36	264	0.833	0.242	6.906E-01	6.074E-01	1.067E-01	3.034E-01	50	AF-Q5P6E9-F1-model_v6 Phosphatidylglycerol--prolipoprotein diacylglyceryl transferase
MC25_sitophilus_oryzae_2	AF-Q6GFH6-F1-model_v6	0.016	61	36	154	0.889	0.377	5.767E-01	5.247E-01	1.582E-01	3.034E-01	45	AF-Q6GFH6-F1-model_v6 Low molecular weight protein-tyrosine-phosphatase PtpA
MC25_sitophilus_oryzae_2	AF-P0AD27-F1-model_v6	0.006	162	36	586	0.889	0.275	7.089E-01	6.414E-01	5.086E-02	3.034E-01	55	AF-P0AD27-F1-model_v6 Inner membrane protein YejM
MC25_sitophilus_oryzae_2	AF-C8VJQ9-F1-model_v6	0.030	133	36	219	0.944	0.589	5.945E-01	5.613E-01	1.218E-01	3.033E-01	48	AF-C8VJQ9-F1-model_v6 Asperlin biosynthesis cluster protein I
MC25_sitophilus_oryzae_2	AF-Q02659-F1-model_v6	0.009	111	36	185	1.000	0.584	5.778E-01	5.681E-01	1.497E-01	3.032E-01	46	AF-Q02659-F1-model_v6 Putative uncharacterized protein YPL025C
MC25_sitophilus_oryzae_2	AF-Q8T1G4-F1-model_v6	0.000	40	36	181	0.917	0.182	5.849E-01	5.338E-01	1.263E-01	3.032E-01	48	AF-Q8T1G4-F1-model_v6 Lysozyme A
MC25_sitophilus_oryzae_2	AF-P9WPI7-F1-model_v6	0.138	36	36	282	0.833	0.128	6.782E-01	5.936E-01	9.818E-02	3.031E-01	50	AF-P9WPI7-F1-model_v6 Uncharacterized protein Rv2325c
MC25_sitophilus_oryzae_2	AF-Q1BY27-F1-model_v6	0.011	171	36	228	0.917	0.746	6.312E-01	5.859E-01	1.252E-01	3.031E-01	48	AF-Q1BY27-F1-model_v6 Cytidylate kinase
MC25_sitophilus_oryzae_2	AF-C1KYP9-F1-model_v6	0.046	43	36	277	0.833	0.155	6.844E-01	5.990E-01	1.007E-01	3.031E-01	50	AF-C1KYP9-F1-model_v6 Phosphatidylglycerol--prolipoprotein diacylglyceryl transferase
MC25_sitophilus_oryzae_2	AF-Q58276-F1-model_v6	0.037	53	36	129	0.972	0.364	5.176E-01	4.980E-01	1.767E-01	3.030E-01	43	AF-Q58276-F1-model_v6 Uncharacterized HIT-like protein MJ0866
MC25_sitophilus_oryzae_2	AF-Q630Y6-F1-model_v6	0.038	52	36	303	1.000	0.168	6.212E-01	6.097E-01	1.001E-01	3.029E-01	50	AF-Q630Y6-F1-model_v6 Polyisoprenyl-teichoic acid--peptidoglycan teichoic acid transferase TagU
MC25_sitophilus_oryzae_2	AF-C3LEN7-F1-model_v6	0.038	52	36	303	1.000	0.168	6.211E-01	6.096E-01	1.001E-01	3.029E-01	50	AF-C3LEN7-F1-model_v6 Polyisoprenyl-teichoic acid--peptidoglycan teichoic acid transferase TagU
MC25_sitophilus_oryzae_2	AF-P0AD29-F1-model_v6	0.006	162	36	586	0.889	0.275	7.065E-01	6.384E-01	5.079E-02	3.029E-01	55	AF-P0AD29-F1-model_v6 Inner membrane protein YejM
MC25_sitophilus_oryzae_2	AF-Q044B0-F1-model_v6	0.046	43	36	192	0.944	0.198	5.911E-01	5.586E-01	1.338E-01	3.029E-01	47	AF-Q044B0-F1-model_v6 Protein GrpE
MC25_sitophilus_oryzae_2	AF-P43201-F1-model_v6	0.085	35	36	173	0.917	0.173	6.232E-01	5.351E-01	1.391E-01	3.029E-01	47	AF-P43201-F1-model_v6 NADH-ubiquinone oxidoreductase chain 6
MC25_sitophilus_oryzae_2	AF-P9WIF3-F1-model_v6	0.055	90	36	515	0.944	0.169	6.661E-01	6.235E-01	5.584E-02	3.028E-01	55	AF-P9WIF3-F1-model_v6 Uncharacterized PE-PGRS family protein PE_PGRS34
MC25_sitophilus_oryzae_2	AF-Q6C5U8-F1-model_v6	0.038	26	36	140	0.639	0.186	6.926E-01	5.157E-01	1.517E-01	3.027E-01	45	AF-Q6C5U8-F1-model_v6 Mediator of RNA polymerase II transcription subunit 21
MC25_sitophilus_oryzae_2	AF-B8ZQ37-F1-model_v6	0.040	49	36	259	1.000	0.166	5.974E-01	5.859E-01	1.062E-01	3.027E-01	50	AF-B8ZQ37-F1-model_v6 Ribonuclease HII
MC25_sitophilus_oryzae_2	AF-C3P1B4-F1-model_v6	0.038	52	36	303	1.000	0.168	6.207E-01	6.092E-01	9.998E-02	3.026E-01	50	AF-C3P1B4-F1-model_v6 Polyisoprenyl-teichoic acid--peptidoglycan teichoic acid transferase TagU
MC25_sitophilus_oryzae_2	AF-P16851-F1-model_v6	0.026	75	36	145	1.000	0.497	5.469E-01	5.392E-01	1.881E-01	3.026E-01	42	AF-P16851-F1-model_v6 Alpha-amylase/trypsin inhibitor CM2
MC25_sitophilus_oryzae_2	AF-B4EB41-F1-model_v6	0.011	171	36	228	0.917	0.746	6.307E-01	5.858E-01	1.253E-01	3.026E-01	48	AF-B4EB41-F1-model_v6 Cytidylate kinase
MC25_sitophilus_oryzae_2	AF-O29557-F1-model_v6	0.000	35	36	270	0.889	0.115	6.551E-01	5.718E-01	9.408E-02	3.026E-01	51	AF-O29557-F1-model_v6 Uncharacterized protein AF_0701
MC25_sitophilus_oryzae_2	AF-Q52449-F1-model_v6	0.051	58	36	282	1.000	0.199	6.096E-01	5.984E-01	1.076E-01	3.025E-01	49	AF-Q52449-F1-model_v6 Phycocyanobilin lyase subunit beta
MC25_sitophilus_oryzae_2	AF-C1CEC3-F1-model_v6	0.040	49	36	259	1.000	0.166	5.970E-01	5.855E-01	1.061E-01	3.025E-01	50	AF-C1CEC3-F1-model_v6 Ribonuclease HII
MC25_sitophilus_oryzae_2	AF-O34731-F1-model_v6	0.016	238	36	260	1.000	0.896	5.900E-01	5.779E-01	1.051E-01	3.024E-01	50	AF-O34731-F1-model_v6 Uncharacterized NTE family protein YlbK
MC25_sitophilus_oryzae_2	AF-P0C6C9-F1-model_v6	0.055	36	36	340	0.889	0.100	6.732E-01	6.063E-01	8.177E-02	3.024E-01	52	AF-P0C6C9-F1-model_v6 Toxin coregulated pilus biosynthesis protein E
MC25_sitophilus_oryzae_2	AF-Q81K33-F1-model_v6	0.038	52	36	303	1.000	0.168	6.207E-01	6.092E-01	1.000E-01	3.024E-01	50	AF-Q81K33-F1-model_v6 Polyisoprenyl-teichoic acid--peptidoglycan teichoic acid transferase TagU
MC25_sitophilus_oryzae_2	AF-B3PM73-F1-model_v6	0.022	45	36	159	1.000	0.233	5.485E-01	5.382E-01	1.546E-01	3.023E-01	45	AF-B3PM73-F1-model_v6 Transcription elongation factor GreA
MC25_sitophilus_oryzae_2	AF-O95136-F1-model_v6	0.010	91	36	353	0.944	0.255	6.513E-01	6.127E-01	8.387E-02	3.022E-01	52	AF-O95136-F1-model_v6 Sphingosine 1-phosphate receptor 2
MC25_sitophilus_oryzae_2	AF-Q5L5S0-F1-model_v6	0.000	37	36	150	0.806	0.247	6.139E-01	5.402E-01	1.686E-01	3.022E-01	44	AF-Q5L5S0-F1-model_v6 Putative pre-16S rRNA nuclease
MC25_sitophilus_oryzae_2	AF-A5D2W5-F1-model_v6	0.061	49	36	437	1.000	0.110	6.617E-01	6.507E-01	7.466E-02	3.022E-01	53	AF-A5D2W5-F1-model_v6 Methylenetetrahydrofolate--tRNA-(uracil-5-)-methyltransferase TrmFO
MC25_sitophilus_oryzae_2	AF-Q97QP5-F1-model_v6	0.040	49	36	259	1.000	0.166	5.963E-01	5.849E-01	1.061E-01	3.021E-01	50	AF-Q97QP5-F1-model_v6 Ribonuclease HII
MC25_sitophilus_oryzae_2	AF-Q824B8-F1-model_v6	0.000	124	36	158	0.889	0.778	5.743E-01	5.287E-01	1.614E-01	3.021E-01	44	AF-Q824B8-F1-model_v6 Endoribonuclease YbeY
MC25_sitophilus_oryzae_2	AF-Q49AH0-F1-model_v6	0.000	109	36	187	0.889	0.583	6.242E-01	5.764E-01	1.500E-01	3.021E-01	45	AF-Q49AH0-F1-model_v6 Cerebral dopamine neurotrophic factor
MC25_sitophilus_oryzae_2	AF-Q7RYM1-F1-model_v6	0.029	102	36	293	0.917	0.348	6.557E-01	6.079E-01	9.983E-02	3.021E-01	50	AF-Q7RYM1-F1-model_v6 Mitochondrial inner membrane protease atp23
MC25_sitophilus_oryzae_2	AF-B1ZLB6-F1-model_v6	0.055	36	36	306	0.778	0.114	7.203E-01	5.890E-01	8.315E-02	3.020E-01	52	AF-B1ZLB6-F1-model_v6 Elongation factor Ts
MC25_sitophilus_oryzae_2	AF-B9FU45-F1-model_v6	0.010	91	36	312	0.889	0.288	6.664E-01	6.040E-01	9.145E-02	3.020E-01	51	AF-B9FU45-F1-model_v6 Nucleosome assembly protein 1-like 4
MC25_sitophilus_oryzae_2	AF-O83645-F1-model_v6	0.028	142	36	144	0.944	0.951	5.600E-01	5.292E-01	1.687E-01	3.020E-01	44	AF-O83645-F1-model_v6 Uncharacterized protein TP_0638
MC25_sitophilus_oryzae_2	AF-Q09924-F1-model_v6	0.030	65	36	467	0.944	0.139	6.737E-01	6.355E-01	6.788E-02	3.019E-01	53	AF-Q09924-F1-model_v6 Translation initiation factor eIF2B subunit delta
MC25_sitophilus_oryzae_2	AF-A1K5Q9-F1-model_v6	0.037	54	36	330	0.972	0.152	6.218E-01	5.960E-01	8.542E-02	3.019E-01	51	AF-A1K5Q9-F1-model_v6 Malate dehydrogenase
MC25_sitophilus_oryzae_2	AF-O34167-F1-model_v6	0.015	127	36	145	0.889	0.848	5.669E-01	5.152E-01	1.630E-01	3.017E-01	44	AF-O34167-F1-model_v6 Uncharacterized protein Atu0565
MC25_sitophilus_oryzae_2	AF-Q9H841-1-F1-model_v6	0.000	84	36	368	0.972	0.223	6.128E-01	5.880E-01	7.924E-02	3.017E-01	52	AF-Q9H841-1-F1-model_v6 NIPA-like protein 2
MC25_sitophilus_oryzae_2	AF-Q9RC23-F1-model_v6	0.012	78	36	194	0.833	0.402	6.366E-01	5.615E-01	1.360E-01	3.017E-01	47	AF-Q9RC23-F1-model_v6 Mersacidin decarboxylase
MC25_sitophilus_oryzae_2	AF-Q3KLS9-F1-model_v6	0.000	82	36	161	0.889	0.472	5.894E-01	5.276E-01	1.408E-01	3.016E-01	46	AF-Q3KLS9-F1-model_v6 Endoribonuclease YbeY
MC25_sitophilus_oryzae_2	AF-P87310-F1-model_v6	0.051	39	36	144	0.944	0.236	5.616E-01	5.305E-01	1.685E-01	3.016E-01	44	AF-P87310-F1-model_v6 Mediator of RNA polymerase II transcription subunit 10
MC25_sitophilus_oryzae_2	AF-Q4ZQC4-F1-model_v6	0.068	44	36	295	0.806	0.149	7.041E-01	5.995E-01	9.215E-02	3.016E-01	51	AF-Q4ZQC4-F1-model_v6 Protease HtpX
MC25_sitophilus_oryzae_2	AF-Q8R0L1-F1-model_v6	0.066	45	36	411	1.000	0.100	6.538E-01	6.419E-01	7.404E-02	3.016E-01	52	AF-Q8R0L1-F1-model_v6 Signal-transducing adaptor protein 2
MC25_sitophilus_oryzae_2	AF-B8B4K9-F1-model_v6	0.010	91	36	312	0.889	0.288	6.634E-01	5.982E-01	9.035E-02	3.015E-01	51	AF-B8B4K9-F1-model_v6 Nucleosome assembly protein 1-like 4
MC25_sitophilus_oryzae_2	AF-Q6DGP7-F1-model_v6	0.000	38	36	118	0.944	0.263	5.549E-01	4.930E-01	1.888E-01	3.015E-01	42	AF-Q6DGP7-F1-model_v6 LYR motif containing protein 1
MC25_sitophilus_oryzae_2	AF-Q56X52-F1-model_v6	0.004	236	36	351	0.861	0.672	6.875E-01	6.089E-01	8.202E-02	3.015E-01	52	AF-Q56X52-F1-model_v6 Ubiquinol oxidase 4, chloroplastic/chromoplastic
MC25_sitophilus_oryzae_2	AF-Q7BHL7-F1-model_v6	0.000	56	36	327	0.972	0.162	6.248E-01	5.996E-01	8.731E-02	3.015E-01	51	AF-Q7BHL7-F1-model_v6 Regulatory protein MsrR
MC25_sitophilus_oryzae_2	AF-A5F382-F1-model_v6	0.055	36	36	340	0.889	0.100	6.742E-01	6.093E-01	8.243E-02	3.015E-01	52	AF-A5F382-F1-model_v6 Toxin coregulated pilus biosynthesis protein E
MC25_sitophilus_oryzae_2	AF-P56873-F1-model_v6	0.051	39	36	199	1.000	0.156	6.243E-01	5.541E-01	1.260E-01	3.014E-01	47	AF-P56873-F1-model_v6 Protein ZNRD2
MC25_sitophilus_oryzae_2	AF-B4SQB7-F1-model_v6	0.005	181	36	288	1.000	0.615	5.934E-01	5.810E-01	9.702E-02	3.013E-01	50	AF-B4SQB7-F1-model_v6 Protease HtpX
MC25_sitophilus_oryzae_2	AF-C4LAS5-F1-model_v6	0.012	166	36	295	1.000	0.556	6.118E-01	6.007E-01	1.017E-01	3.012E-01	50	AF-C4LAS5-F1-model_v6 Nitrogenase iron protein
MC25_sitophilus_oryzae_2	AF-Q92HU7-F1-model_v6	0.000	82	36	183	0.944	0.421	5.749E-01	5.399E-01	1.370E-01	3.011E-01	46	AF-Q92HU7-F1-model_v6 Peptide deformylase-like
MC25_sitophilus_oryzae_2	AF-Q6MTU9-F1-model_v6	0.105	38	36	157	0.944	0.210	5.758E-01	5.317E-01	1.558E-01	3.011E-01	45	AF-Q6MTU9-F1-model_v6 Transcription elongation factor GreA
MC25_sitophilus_oryzae_2	AF-Q815A2-F1-model_v6	0.038	52	36	304	1.000	0.168	6.188E-01	6.073E-01	9.970E-02	3.011E-01	50	AF-Q815A2-F1-model_v6 Polyisoprenyl-teichoic acid--peptidoglycan teichoic acid transferase TagU
MC25_sitophilus_oryzae_2	AF-Q5B7I9-F1-model_v6	0.021	188	36	517	0.833	0.364	7.221E-01	6.198E-01	5.556E-02	3.010E-01	54	AF-Q5B7I9-F1-model_v6 MFS efflux transporter inpD
MC25_sitophilus_oryzae_2	AF-P94434-F1-model_v6	0.014	68	36	117	0.806	0.581	5.614E-01	4.807E-01	1.991E-01	3.010E-01	41	AF-P94434-F1-model_v6 Uncharacterized protein YcnL
MC25_sitophilus_oryzae_2	AF-A4J5Z8-F1-model_v6	0.012	239	36	441	0.861	0.540	7.111E-01	6.273E-01	6.464E-02	3.009E-01	53	AF-A4J5Z8-F1-model_v6 Methylenetetrahydrofolate--tRNA-(uracil-5-)-methyltransferase TrmFO
MC25_sitophilus_oryzae_2	AF-O05769-F1-model_v6	0.033	89	36	295	1.000	0.288	5.999E-01	5.880E-01	9.669E-02	3.009E-01	50	AF-O05769-F1-model_v6 Protease Rv3090
MC25_sitophilus_oryzae_2	AF-Q1RG28-F1-model_v6	0.013	291	36	505	0.889	0.576	7.140E-01	6.482E-01	6.012E-02	3.008E-01	54	AF-Q1RG28-F1-model_v6 Deoxyguanosinetriphosphate triphosphohydrolase
MC25_sitophilus_oryzae_2	AF-B5Z0E0-F1-model_v6	0.013	291	36	505	0.889	0.576	7.143E-01	6.485E-01	6.012E-02	3.008E-01	54	AF-B5Z0E0-F1-model_v6 Deoxyguanosinetriphosphate triphosphohydrolase
MC25_sitophilus_oryzae_2	AF-Q04IT2-F1-model_v6	0.080	50	36	242	0.944	0.198	6.159E-01	5.842E-01	1.169E-01	3.008E-01	48	AF-Q04IT2-F1-model_v6 Segregation and condensation protein A
MC25_sitophilus_oryzae_2	AF-Q8UE04-F1-model_v6	0.021	46	36	143	0.972	0.294	5.383E-01	5.204E-01	1.788E-01	3.008E-01	43	AF-Q8UE04-F1-model_v6 Large ribosomal subunit protein uL11
MC25_sitophilus_oryzae_2	AF-Q1CLU0-F1-model_v6	0.017	292	36	506	0.889	0.577	7.182E-01	6.540E-01	6.062E-02	3.007E-01	54	AF-Q1CLU0-F1-model_v6 Deoxyguanosinetriphosphate triphosphohydrolase
MC25_sitophilus_oryzae_2	AF-Q2JQ64-F1-model_v6	0.046	43	36	459	1.000	0.092	6.663E-01	6.550E-01	7.137E-02	3.007E-01	53	AF-Q2JQ64-F1-model_v6 Methylenetetrahydrofolate--tRNA-(uracil-5-)-methyltransferase TrmFO
MC25_sitophilus_oryzae_2	AF-A8GIF9-F1-model_v6	0.000	49	36	367	1.000	0.131	6.329E-01	6.219E-01	8.604E-02	3.007E-01	51	AF-A8GIF9-F1-model_v6 Ribosomal RNA large subunit methyltransferase M
MC25_sitophilus_oryzae_2	AF-Q95X91-F1-model_v6	0.027	72	36	402	1.000	0.177	6.307E-01	6.191E-01	7.850E-02	3.007E-01	52	AF-Q95X91-F1-model_v6 Nuclear hormone receptor family member nhr-96
MC25_sitophilus_oryzae_2	AF-Q8Y4G2-F1-model_v6	0.045	44	36	277	0.806	0.159	7.003E-01	5.976E-01	9.855E-02	3.006E-01	50	AF-Q8Y4G2-F1-model_v6 Phosphatidylglycerol--prolipoprotein diacylglyceryl transferase
MC25_sitophilus_oryzae_2	AF-Q66EE5-F1-model_v6	0.017	292	36	506	0.889	0.577	7.178E-01	6.536E-01	6.061E-02	3.005E-01	54	AF-Q66EE5-F1-model_v6 Deoxyguanosinetriphosphate triphosphohydrolase
MC25_sitophilus_oryzae_2	AF-Q885Q3-F1-model_v6	0.068	44	36	295	0.806	0.149	7.021E-01	5.981E-01	9.209E-02	3.005E-01	51	AF-Q885Q3-F1-model_v6 Protease HtpX
MC25_sitophilus_oryzae_2	AF-Q9UGK3-2-F1-model_v6	0.071	42	36	449	1.000	0.085	6.563E-01	6.443E-01	6.807E-02	3.005E-01	53	AF-Q9UGK3-2-F1-model_v6 Signal-transducing adaptor protein 2
MC25_sitophilus_oryzae_2	AF-Q7PTL0-F1-model_v6	0.031	95	36	154	0.944	0.584	5.651E-01	5.344E-01	1.624E-01	3.005E-01	44	AF-Q7PTL0-F1-model_v6 Mediator of RNA polymerase II transcription subunit 21
MC25_sitophilus_oryzae_2	AF-A0RR27-F1-model_v6	0.005	191	36	295	0.889	0.641	6.516E-01	5.858E-01	9.209E-02	3.003E-01	51	AF-A0RR27-F1-model_v6 ATP synthase gamma chain
MC25_sitophilus_oryzae_2	AF-A7IFZ1-F1-model_v6	0.058	103	36	144	0.944	0.688	5.639E-01	5.355E-01	1.739E-01	3.003E-01	43	AF-A7IFZ1-F1-model_v6 Large ribosomal subunit protein uL14
MC25_sitophilus_oryzae_2	AF-P44158-F1-model_v6	0.058	51	36	253	1.000	0.186	5.850E-01	5.738E-01	1.108E-01	3.003E-01	49	AF-P44158-F1-model_v6 Uncharacterized protein HI_1310
MC25_sitophilus_oryzae_2	AF-B7H117-F1-model_v6	0.024	81	36	174	0.889	0.460	5.971E-01	5.436E-01	1.481E-01	3.002E-01	45	AF-B7H117-F1-model_v6 Ribosome maturation factor RimP
MC25_sitophilus_oryzae_2	AF-Q02YQ8-F1-model_v6	0.037	54	36	242	1.000	0.207	5.860E-01	5.754E-01	1.163E-01	3.002E-01	48	AF-Q02YQ8-F1-model_v6 Segregation and condensation protein A
MC25_sitophilus_oryzae_2	AF-Q0T846-F1-model_v6	0.013	291	36	505	0.889	0.576	7.130E-01	6.475E-01	6.011E-02	3.002E-01	54	AF-Q0T846-F1-model_v6 Deoxyguanosinetriphosphate triphosphohydrolase
MC25_sitophilus_oryzae_2	AF-P07014-F1-model_v6	0.015	65	36	238	1.000	0.261	5.811E-01	5.702E-01	1.175E-01	3.002E-01	48	AF-P07014-F1-model_v6 Succinate dehydrogenase iron-sulfur subunit
MC25_sitophilus_oryzae_2	AF-A7FM03-F1-model_v6	0.017	292	36	506	0.889	0.577	7.174E-01	6.534E-01	6.062E-02	3.001E-01	54	AF-A7FM03-F1-model_v6 Deoxyguanosinetriphosphate triphosphohydrolase
MC25_sitophilus_oryzae_2	AF-B7LWC1-F1-model_v6	0.013	291	36	505	0.889	0.576	7.133E-01	6.477E-01	6.010E-02	3.001E-01	54	AF-B7LWC1-F1-model_v6 Deoxyguanosinetriphosphate triphosphohydrolase
MC25_sitophilus_oryzae_2	AF-Q9PJX1-F1-model_v6	0.024	82	36	161	0.889	0.472	5.891E-01	5.274E-01	1.408E-01	3.001E-01	46	AF-Q9PJX1-F1-model_v6 Endoribonuclease YbeY
MC25_sitophilus_oryzae_2	AF-A3M1K2-F1-model_v6	0.024	81	36	174	0.889	0.460	5.968E-01	5.434E-01	1.482E-01	3.001E-01	45	AF-A3M1K2-F1-model_v6 Ribosome maturation factor RimP
MC25_sitophilus_oryzae_2	AF-P67138-F1-model_v6	0.014	137	36	165	0.917	0.824	5.844E-01	5.468E-01	1.596E-01	3.000E-01	44	AF-P67138-F1-model_v6 Endoribonuclease YbeY
MC25_sitophilus_oryzae_2	AF-B7I3R7-F1-model_v6	0.024	81	36	174	0.889	0.460	5.967E-01	5.434E-01	1.482E-01	3.000E-01	45	AF-B7I3R7-F1-model_v6 Ribosome maturation factor RimP
MC25_sitophilus_oryzae_2	AF-Q88VR8-F1-model_v6	0.010	91	36	159	0.889	0.541	5.836E-01	5.267E-01	1.451E-01	2.999E-01	45	AF-Q88VR8-F1-model_v6 Endoribonuclease YbeY
MC25_sitophilus_oryzae_2	AF-B2FHD7-F1-model_v6	0.000	67	36	172	1.000	0.372	5.530E-01	5.434E-01	1.556E-01	2.999E-01	45	AF-B2FHD7-F1-model_v6 Protein-export protein SecB
MC25_sitophilus_oryzae_2	AF-Q603U8-F1-model_v6	0.020	99	36	228	0.972	0.425	6.019E-01	5.824E-01	1.241E-01	2.998E-01	47	AF-Q603U8-F1-model_v6 ATP synthase subunit a 2
MC25_sitophilus_oryzae_2	AF-Q7V3A1-F1-model_v6	0.008	124	36	180	0.972	0.661	5.560E-01	5.342E-01	1.381E-01	2.998E-01	46	AF-Q7V3A1-F1-model_v6 Endoribonuclease YbeY
MC25_sitophilus_oryzae_2	AF-B2U304-F1-model_v6	0.013	291	36	505	0.889	0.576	7.117E-01	6.463E-01	6.008E-02	2.998E-01	54	AF-B2U304-F1-model_v6 Deoxyguanosinetriphosphate triphosphohydrolase
MC25_sitophilus_oryzae_2	AF-P9WIF4-F1-model_v6	0.055	90	36	471	0.944	0.185	6.602E-01	6.187E-01	6.085E-02	2.997E-01	53	AF-P9WIF4-F1-model_v6 PE-PGRS family protein PE_PGRS33
MC25_sitophilus_oryzae_2	AF-Q9CG33-F1-model_v6	0.037	53	36	242	1.000	0.207	5.879E-01	5.772E-01	1.180E-01	2.997E-01	48	AF-Q9CG33-F1-model_v6 Segregation and condensation protein A
MC25_sitophilus_oryzae_2	AF-A9R1D9-F1-model_v6	0.017	292	36	506	0.889	0.577	7.162E-01	6.525E-01	6.060E-02	2.997E-01	53	AF-A9R1D9-F1-model_v6 Deoxyguanosinetriphosphate triphosphohydrolase
MC25_sitophilus_oryzae_2	AF-P35000-F1-model_v6	0.027	37	36	437	0.889	0.080	6.782E-01	6.058E-01	6.339E-02	2.996E-01	53	AF-P35000-F1-model_v6 Vasoactive intestinal polypeptide receptor 2
MC25_sitophilus_oryzae_2	AF-Q4R585-F1-model_v6	0.009	102	36	407	0.889	0.241	6.659E-01	5.928E-01	6.432E-02	2.996E-01	53	AF-Q4R585-F1-model_v6 45 kDa calcium-binding protein
MC25_sitophilus_oryzae_2	AF-Q2SNG4-F1-model_v6	0.027	37	36	234	0.861	0.150	6.559E-01	5.874E-01	1.156E-01	2.995E-01	48	AF-Q2SNG4-F1-model_v6 ATP synthase subunit a 1
MC25_sitophilus_oryzae_2	AF-Q71YF0-F1-model_v6	0.022	87	36	270	0.944	0.322	6.292E-01	5.991E-01	1.126E-01	2.995E-01	48	AF-Q71YF0-F1-model_v6 Putative pyruvate, phosphate dikinase regulatory protein 2
MC25_sitophilus_oryzae_2	AF-Q8YNJ4-F1-model_v6	0.012	241	36	438	0.861	0.548	7.080E-01	6.264E-01	6.534E-02	2.995E-01	53	AF-Q8YNJ4-F1-model_v6 Methylenetetrahydrofolate--tRNA-(uracil-5-)-methyltransferase TrmFO
MC25_sitophilus_oryzae_2	AF-B0VLU4-F1-model_v6	0.013	75	36	174	1.000	0.414	5.517E-01	5.417E-01	1.527E-01	2.995E-01	45	AF-B0VLU4-F1-model_v6 Ribosome maturation factor RimP
MC25_sitophilus_oryzae_2	AF-B0S216-F1-model_v6	0.051	39	36	159	0.944	0.208	5.742E-01	5.294E-01	1.493E-01	2.995E-01	45	AF-B0S216-F1-model_v6 Transcription elongation factor GreA
MC25_sitophilus_oryzae_2	AF-A0A1T4LJG1-F1-model_v6	0.045	22	36	115	0.556	0.191	6.979E-01	4.775E-01	1.626E-01	2.994E-01	43	AF-A0A1T4LJG1-F1-model_v6 Pycsar effector protein TpPycTM
MC25_sitophilus_oryzae_2	AF-Q503T5-F1-model_v6	0.083	60	36	266	1.000	0.207	6.055E-01	5.942E-01	1.061E-01	2.994E-01	49	AF-Q503T5-F1-model_v6 Putative deoxyribonuclease tatdn3
MC25_sitophilus_oryzae_2	AF-B2IPC1-F1-model_v6	0.014	137	36	165	0.917	0.824	5.862E-01	5.460E-01	1.596E-01	2.991E-01	44	AF-B2IPC1-F1-model_v6 Endoribonuclease YbeY
MC25_sitophilus_oryzae_2	AF-A3PN85-F1-model_v6	0.006	163	36	261	0.778	0.625	6.986E-01	5.889E-01	1.016E-01	2.990E-01	49	AF-A3PN85-F1-model_v6 ATP synthase subunit a
MC25_sitophilus_oryzae_2	AF-M1INJ1-F1-model_v6	0.000	59	36	60	0.944	0.900	4.419E-01	4.257E-01	3.114E-01	2.988E-01	32	AF-M1INJ1-F1-model_v6 Putative insect toxin Acra6
MC25_sitophilus_oryzae_2	AF-Q8P3I5-F1-model_v6	0.012	77	36	698	1.000	0.107	6.496E-01	6.363E-01	4.504E-02	2.988E-01	55	AF-Q8P3I5-F1-model_v6 Glycine--tRNA ligase beta subunit
MC25_sitophilus_oryzae_2	AF-Q5HQW3-F1-model_v6	0.038	129	36	302	0.861	0.427	6.810E-01	6.077E-01	9.381E-02	2.988E-01	50	AF-Q5HQW3-F1-model_v6 Nucleotide-binding protein SERP0433
MC25_sitophilus_oryzae_2	AF-Q4WNG7-F1-model_v6	0.050	40	36	252	0.861	0.151	6.511E-01	5.727E-01	1.043E-01	2.988E-01	49	AF-Q4WNG7-F1-model_v6 Pre-rRNA-processing protein pno1
MC25_sitophilus_oryzae_2	AF-A0KQX9-F1-model_v6	0.052	38	36	288	0.889	0.118	6.387E-01	5.711E-01	8.863E-02	2.988E-01	51	AF-A0KQX9-F1-model_v6 ATP synthase gamma chain
MC25_sitophilus_oryzae_2	AF-A4STP4-F1-model_v6	0.052	38	36	288	0.889	0.118	6.389E-01	5.712E-01	8.864E-02	2.988E-01	51	AF-A4STP4-F1-model_v6 ATP synthase gamma chain
MC25_sitophilus_oryzae_2	AF-A7GTN7-F1-model_v6	0.021	187	36	312	0.944	0.596	6.352E-01	6.018E-01	9.359E-02	2.987E-01	50	AF-A7GTN7-F1-model_v6 Malate dehydrogenase
MC25_sitophilus_oryzae_2	AF-Q03GY4-F1-model_v6	0.023	43	36	278	0.889	0.155	6.497E-01	5.978E-01	1.035E-01	2.987E-01	49	AF-Q03GY4-F1-model_v6 Phosphatidylglycerol--prolipoprotein diacylglyceryl transferase
MC25_sitophilus_oryzae_2	AF-Q9AFI1-F1-model_v6	0.032	61	36	229	1.000	0.240	5.740E-01	5.624E-01	1.129E-01	2.987E-01	48	AF-Q9AFI1-F1-model_v6 Tyrosine-protein kinase CpsD
MC25_sitophilus_oryzae_2	AF-Q04PU6-F1-model_v6	0.045	22	36	94	0.611	0.234	6.141E-01	4.552E-01	1.956E-01	2.987E-01	40	AF-Q04PU6-F1-model_v6 Large ribosomal subunit protein uL29
MC25_sitophilus_oryzae_2	AF-Q6G9J7-F1-model_v6	0.014	69	36	327	0.889	0.211	6.690E-01	6.093E-01	8.986E-02	2.987E-01	50	AF-Q6G9J7-F1-model_v6 Regulatory protein MsrR
MC25_sitophilus_oryzae_2	AF-Q1MIF4-F1-model_v6	0.044	45	36	143	0.972	0.294	5.394E-01	5.233E-01	1.828E-01	2.986E-01	42	AF-Q1MIF4-F1-model_v6 Large ribosomal subunit protein uL11
MC25_sitophilus_oryzae_2	AF-P38338-F1-model_v6	0.033	59	36	688	1.000	0.086	6.673E-01	6.548E-01	4.906E-02	2.986E-01	54	AF-P38338-F1-model_v6 Uncharacterized protein YBR259W
MC25_sitophilus_oryzae_2	AF-Q3IES7-F1-model_v6	0.065	61	36	154	1.000	0.331	5.250E-01	5.140E-01	1.450E-01	2.986E-01	45	AF-Q3IES7-F1-model_v6 Methylglyoxal synthase
MC25_sitophilus_oryzae_2	AF-Q03069-F1-model_v6	0.053	56	36	373	1.000	0.150	6.528E-01	6.423E-01	8.878E-02	2.986E-01	50	AF-Q03069-F1-model_v6 Sensor protein DegM
MC25_sitophilus_oryzae_2	AF-Q4L709-F1-model_v6	0.004	225	36	310	1.000	0.710	5.849E-01	5.731E-01	8.867E-02	2.986E-01	51	AF-Q4L709-F1-model_v6 Porphobilinogen deaminase
MC25_sitophilus_oryzae_2	AF-O67683-F1-model_v6	0.029	102	36	162	1.000	0.630	5.401E-01	5.309E-01	1.737E-01	2.986E-01	43	AF-O67683-F1-model_v6 Uncharacterized protein aq_1822
MC25_sitophilus_oryzae_2	AF-O32870-F1-model_v6	0.022	87	36	303	0.833	0.287	6.820E-01	5.887E-01	9.063E-02	2.985E-01	50	AF-O32870-F1-model_v6 Uncharacterized protein ML0007
MC25_sitophilus_oryzae_2	AF-A8RG82-F1-model_v6	0.043	69	36	301	1.000	0.219	5.985E-01	5.866E-01	9.629E-02	2.985E-01	50	AF-A8RG82-F1-model_v6 D-psicose 3-epimerase
MC25_sitophilus_oryzae_2	AF-Q72HP3-F1-model_v6	0.117	34	36	126	0.944	0.190	6.493E-01	4.880E-01	1.637E-01	2.984E-01	43	AF-Q72HP3-F1-model_v6 Methylglyoxal synthase
MC25_sitophilus_oryzae_2	AF-A9R594-F1-model_v6	0.076	39	36	158	0.944	0.209	5.730E-01	5.286E-01	1.503E-01	2.984E-01	45	AF-A9R594-F1-model_v6 Transcription elongation factor GreA
MC25_sitophilus_oryzae_2	AF-Q5F414-F1-model_v6	0.128	39	36	242	0.833	0.157	6.612E-01	5.703E-01	1.089E-01	2.984E-01	49	AF-Q5F414-F1-model_v6 RNA-binding protein PNO1
MC25_sitophilus_oryzae_2	AF-Q9KNH4-F1-model_v6	0.007	128	36	288	1.000	0.441	6.116E-01	6.017E-01	1.080E-01	2.984E-01	49	AF-Q9KNH4-F1-model_v6 ATP synthase gamma chain
MC25_sitophilus_oryzae_2	AF-A9AJK3-F1-model_v6	0.000	126	36	130	1.000	0.931	5.139E-01	5.053E-01	1.856E-01	2.983E-01	42	AF-A9AJK3-F1-model_v6 Methylglyoxal synthase
MC25_sitophilus_oryzae_2	AF-P71050-F1-model_v6	0.024	166	36	234	0.833	0.705	6.615E-01	5.834E-01	1.150E-01	2.983E-01	48	AF-P71050-F1-model_v6 Uncharacterized protein YveK
MC25_sitophilus_oryzae_2	AF-Q8BWF2-F1-model_v6	0.010	185	36	308	0.889	0.594	6.537E-01	5.881E-01	8.872E-02	2.983E-01	50	AF-Q8BWF2-F1-model_v6 GTPase IMAP family member 5
MC25_sitophilus_oryzae_2	AF-Q87ID3-F1-model_v6	0.081	61	36	151	1.000	0.338	5.254E-01	5.145E-01	1.489E-01	2.983E-01	45	AF-Q87ID3-F1-model_v6 Methylglyoxal synthase
MC25_sitophilus_oryzae_2	AF-P74873-F1-model_v6	0.054	55	36	543	1.000	0.094	6.524E-01	6.397E-01	5.597E-02	2.982E-01	54	AF-P74873-F1-model_v6 Secreted effector protein SptP
MC25_sitophilus_oryzae_2	AF-P9WIF8-F1-model_v6	0.055	90	36	527	0.944	0.165	6.612E-01	6.193E-01	5.460E-02	2.982E-01	54	AF-P9WIF8-F1-model_v6 Uncharacterized PE-PGRS family protein PE_PGRS20
MC25_sitophilus_oryzae_2	AF-A1A4M4-F1-model_v6	0.065	61	36	273	1.000	0.201	5.965E-01	5.855E-01	1.015E-01	2.982E-01	49	AF-A1A4M4-F1-model_v6 Putative deoxyribonuclease TATDN3
MC25_sitophilus_oryzae_2	AF-Q31NM4-F1-model_v6	0.008	250	36	466	0.861	0.534	7.087E-01	6.274E-01	6.152E-02	2.981E-01	53	AF-Q31NM4-F1-model_v6 Methylenetetrahydrofolate--tRNA-(uracil-5-)-methyltransferase TrmFO
MC25_sitophilus_oryzae_2	AF-P41587-2-F1-model_v6	0.071	84	36	422	0.917	0.197	6.779E-01	6.267E-01	7.044E-02	2.981E-01	52	AF-P41587-2-F1-model_v6 Vasoactive intestinal polypeptide receptor 2
MC25_sitophilus_oryzae_2	AF-Q9H841-F1-model_v6	0.000	84	36	383	0.972	0.214	6.127E-01	5.883E-01	7.669E-02	2.981E-01	52	AF-Q9H841-F1-model_v6 NIPA-like protein 2
MC25_sitophilus_oryzae_2	AF-P12990-F1-model_v6	0.027	37	36	288	0.889	0.115	6.348E-01	5.695E-01	8.838E-02	2.981E-01	50	AF-P12990-F1-model_v6 ATP synthase gamma chain
MC25_sitophilus_oryzae_2	AF-Q8WUU8-F1-model_v6	0.032	61	36	243	1.000	0.214	5.815E-01	5.692E-01	1.023E-01	2.981E-01	49	AF-Q8WUU8-F1-model_v6 Transmembrane protein 174
MC25_sitophilus_oryzae_2	AF-B4QBN3-F1-model_v6	0.006	151	36	488	1.000	0.307	6.570E-01	6.453E-01	6.662E-02	2.980E-01	53	AF-B4QBN3-F1-model_v6 Facilitated trehalose transporter Tret1-2 homolog
MC25_sitophilus_oryzae_2	AF-Q6DIT7-F1-model_v6	0.018	163	36	445	1.000	0.366	6.453E-01	6.344E-01	7.468E-02	2.979E-01	52	AF-Q6DIT7-F1-model_v6 UNC93-like protein MFSD11
MC25_sitophilus_oryzae_2	AF-B2I2M5-F1-model_v6	0.014	69	36	174	1.000	0.374	5.514E-01	5.412E-01	1.519E-01	2.979E-01	45	AF-B2I2M5-F1-model_v6 Ribosome maturation factor RimP
MC25_sitophilus_oryzae_2	AF-Q9L4D3-F1-model_v6	0.022	45	36	158	0.972	0.234	5.525E-01	5.319E-01	1.521E-01	2.979E-01	44	AF-Q9L4D3-F1-model_v6 Transcription elongation factor GreA
MC25_sitophilus_oryzae_2	AF-Q5WHM1-F1-model_v6	0.025	39	36	158	0.944	0.209	5.719E-01	5.277E-01	1.506E-01	2.978E-01	45	AF-Q5WHM1-F1-model_v6 Transcription elongation factor GreA
MC25_sitophilus_oryzae_2	AF-D5E7Y7-F1-model_v6	0.010	97	36	240	0.750	0.404	6.986E-01	5.671E-01	1.030E-01	2.978E-01	49	AF-D5E7Y7-F1-model_v6 Tetrahydromethanopterin S-methyltransferase subunit A
MC25_sitophilus_oryzae_2	AF-P0DXY9-F1-model_v6	0.000	79	36	270	1.000	0.259	5.767E-01	5.639E-01	9.073E-02	2.978E-01	50	AF-P0DXY9-F1-model_v6 HTH-type transcriptional repressor DrrR1
MC25_sitophilus_oryzae_2	AF-Q79FB3-F1-model_v6	0.055	90	36	525	0.944	0.166	6.620E-01	6.203E-01	5.488E-02	2.978E-01	54	AF-Q79FB3-F1-model_v6 PE-PGRS family protein PE_PGRS47
MC25_sitophilus_oryzae_2	AF-P34091-F1-model_v6	0.008	119	36	234	0.889	0.504	6.189E-01	5.582E-01	1.142E-01	2.978E-01	48	AF-P34091-F1-model_v6 Large ribosomal subunit protein eL6
MC25_sitophilus_oryzae_2	AF-C4LDW1-F1-model_v6	0.027	37	36	287	0.889	0.115	6.365E-01	5.696E-01	8.857E-02	2.977E-01	50	AF-C4LDW1-F1-model_v6 ATP synthase gamma chain
MC25_sitophilus_oryzae_2	AF-F4KEV7-2-F1-model_v6	0.013	148	36	160	0.972	0.887	5.499E-01	5.292E-01	1.544E-01	2.977E-01	44	AF-F4KEV7-2-F1-model_v6 Bifunctional bis(5'-adenosyl)-triphosphatase/adenylylsulfatase FHIT
MC25_sitophilus_oryzae_2	AF-Q7MEP0-F1-model_v6	0.098	61	36	151	1.000	0.338	5.243E-01	5.134E-01	1.488E-01	2.977E-01	45	AF-Q7MEP0-F1-model_v6 Methylglyoxal synthase
MC25_sitophilus_oryzae_2	AF-P9WIF5-F1-model_v6	0.055	90	36	498	0.944	0.175	6.595E-01	6.182E-01	5.771E-02	2.976E-01	53	AF-P9WIF5-F1-model_v6 PE-PGRS family protein PE_PGRS33
MC25_sitophilus_oryzae_2	AF-B0VT08-F1-model_v6	0.005	183	36	301	1.000	0.595	5.921E-01	5.798E-01	9.301E-02	2.976E-01	50	AF-B0VT08-F1-model_v6 Protease HtpX
MC25_sitophilus_oryzae_2	AF-Q5HNU0-F1-model_v6	0.051	39	36	158	0.944	0.209	5.728E-01	5.287E-01	1.505E-01	2.976E-01	44	AF-Q5HNU0-F1-model_v6 Transcription elongation factor GreA
MC25_sitophilus_oryzae_2	AF-Q6G853-F1-model_v6	0.022	134	36	154	1.000	0.851	5.432E-01	5.351E-01	1.740E-01	2.976E-01	42	AF-Q6G853-F1-model_v6 Low molecular weight protein-tyrosine-phosphatase PtpA
MC25_sitophilus_oryzae_2	AF-B3E3H5-F1-model_v6	0.051	39	36	158	0.944	0.209	5.736E-01	5.293E-01	1.507E-01	2.975E-01	44	AF-B3E3H5-F1-model_v6 Transcription elongation factor GreA
MC25_sitophilus_oryzae_2	AF-Q4FTJ2-F1-model_v6	0.076	39	36	158	0.944	0.209	5.709E-01	5.260E-01	1.500E-01	2.975E-01	44	AF-Q4FTJ2-F1-model_v6 Transcription elongation factor GreA
MC25_sitophilus_oryzae_2	AF-A5WBW0-F1-model_v6	0.003	274	36	293	0.917	0.935	6.284E-01	5.818E-01	9.909E-02	2.975E-01	49	AF-A5WBW0-F1-model_v6 ATP synthase gamma chain
MC25_sitophilus_oryzae_2	AF-P9WIE9-F1-model_v6	0.032	93	36	543	0.944	0.166	6.600E-01	6.182E-01	5.310E-02	2.975E-01	54	AF-P9WIE9-F1-model_v6 Uncharacterized PE-PGRS family protein PE_PGRS44
MC25_sitophilus_oryzae_2	AF-Q6XR72-3-F1-model_v6	0.069	43	36	223	0.889	0.184	6.131E-01	5.553E-01	1.176E-01	2.975E-01	48	AF-Q6XR72-3-F1-model_v6 Calcium/manganese antiporter SLC30A10
MC25_sitophilus_oryzae_2	AF-Q10074-F1-model_v6	0.013	226	36	656	1.000	0.345	6.632E-01	6.514E-01	5.140E-02	2.974E-01	54	AF-Q10074-F1-model_v6 Vacuolar amino acid transporter 3
MC25_sitophilus_oryzae_2	AF-B2I861-F1-model_v6	0.003	268	36	287	0.917	0.930	6.324E-01	5.827E-01	9.822E-02	2.974E-01	49	AF-B2I861-F1-model_v6 ATP synthase gamma chain
MC25_sitophilus_oryzae_2	AF-Q04Q90-F1-model_v6	0.019	105	36	365	1.000	0.285	6.178E-01	6.071E-01	8.581E-02	2.973E-01	51	AF-Q04Q90-F1-model_v6 GTPase Obg
MC25_sitophilus_oryzae_2	AF-B0BC10-F1-model_v6	0.009	109	36	326	0.889	0.334	6.721E-01	6.157E-01	9.107E-02	2.973E-01	50	AF-B0BC10-F1-model_v6 Malate dehydrogenase
MC25_sitophilus_oryzae_2	AF-P30198-F1-model_v6	0.008	114	36	205	0.944	0.522	5.680E-01	5.319E-01	1.134E-01	2.973E-01	48	AF-P30198-F1-model_v6 Putative epidermin response regulator
MC25_sitophilus_oryzae_2	AF-Q4FQ36-F1-model_v6	0.003	274	36	293	0.917	0.935	6.283E-01	5.820E-01	9.913E-02	2.972E-01	49	AF-Q4FQ36-F1-model_v6 ATP synthase gamma chain
MC25_sitophilus_oryzae_2	AF-B2I4M9-F1-model_v6	0.012	77	36	722	1.000	0.104	6.513E-01	6.381E-01	4.364E-02	2.972E-01	55	AF-B2I4M9-F1-model_v6 Glycine--tRNA ligase beta subunit
MC25_sitophilus_oryzae_2	AF-P92934-F1-model_v6	0.019	258	36	481	1.000	0.536	6.473E-01	6.367E-01	6.928E-02	2.972E-01	52	AF-P92934-F1-model_v6 Amino acid permease 6
MC25_sitophilus_oryzae_2	AF-Q9NPD5-2-F1-model_v6	0.007	255	36	748	1.000	0.340	6.686E-01	6.561E-01	4.421E-02	2.972E-01	55	AF-Q9NPD5-2-F1-model_v6 Solute carrier organic anion transporter family member 1B3
MC25_sitophilus_oryzae_2	AF-Q4KK14-F1-model_v6	0.021	92	36	532	1.000	0.169	6.479E-01	6.358E-01	5.965E-02	2.972E-01	53	AF-Q4KK14-F1-model_v6 Glutamate--cysteine ligase
MC25_sitophilus_oryzae_2	AF-A9KIP3-F1-model_v6	0.076	39	36	160	0.944	0.206	5.756E-01	5.320E-01	1.511E-01	2.972E-01	44	AF-A9KIP3-F1-model_v6 Transcription elongation factor GreA
MC25_sitophilus_oryzae_2	AF-Q4A921-F1-model_v6	0.050	40	36	160	0.944	0.206	5.752E-01	5.306E-01	1.478E-01	2.972E-01	45	AF-Q4A921-F1-model_v6 Transcription elongation factor GreA
MC25_sitophilus_oryzae_2	AF-P74851-F1-model_v6	0.054	55	36	543	1.000	0.094	6.501E-01	6.375E-01	5.592E-02	2.971E-01	53	AF-P74851-F1-model_v6 Secreted effector protein SptP
MC25_sitophilus_oryzae_2	AF-B3CLC0-F1-model_v6	0.076	39	36	152	0.917	0.197	6.004E-01	5.094E-01	1.402E-01	2.971E-01	45	AF-B3CLC0-F1-model_v6 Endoribonuclease YbeY
MC25_sitophilus_oryzae_2	AF-A1V2G6-F1-model_v6	0.000	128	36	130	1.000	0.931	5.147E-01	5.050E-01	1.795E-01	2.971E-01	42	AF-A1V2G6-F1-model_v6 Methylglyoxal synthase
MC25_sitophilus_oryzae_2	AF-P60956-F1-model_v6	0.010	182	36	291	1.000	0.608	5.839E-01	5.742E-01	9.364E-02	2.971E-01	50	AF-P60956-F1-model_v6 Phosphatidylglycerol--prolipoprotein diacylglyceryl transferase
MC25_sitophilus_oryzae_2	AF-A6W1R8-F1-model_v6	0.048	41	36	269	0.861	0.152	6.625E-01	5.968E-01	1.057E-01	2.970E-01	49	AF-A6W1R8-F1-model_v6 Phosphatidylglycerol--prolipoprotein diacylglyceryl transferase
MC25_sitophilus_oryzae_2	AF-P64284-F1-model_v6	0.076	39	36	158	0.944	0.209	5.727E-01	5.293E-01	1.523E-01	2.970E-01	44	AF-P64284-F1-model_v6 Transcription elongation factor GreA
MC25_sitophilus_oryzae_2	AF-Q65G89-F1-model_v6	0.031	189	36	312	0.944	0.596	6.315E-01	5.954E-01	9.025E-02	2.970E-01	50	AF-Q65G89-F1-model_v6 Malate dehydrogenase
MC25_sitophilus_oryzae_2	AF-Q49Y48-F1-model_v6	0.076	39	36	158	0.944	0.209	5.728E-01	5.294E-01	1.524E-01	2.970E-01	44	AF-Q49Y48-F1-model_v6 Transcription elongation factor GreA
MC25_sitophilus_oryzae_2	AF-A3MI51-F1-model_v6	0.000	128	36	130	1.000	0.931	5.144E-01	5.048E-01	1.794E-01	2.970E-01	42	AF-A3MI51-F1-model_v6 Methylglyoxal synthase
MC25_sitophilus_oryzae_2	AF-O84173-F1-model_v6	0.029	68	36	253	1.000	0.257	5.913E-01	5.806E-01	1.136E-01	2.970E-01	48	AF-O84173-F1-model_v6 Tryptophan synthase alpha chain
MC25_sitophilus_oryzae_2	AF-Q2NU68-F1-model_v6	0.114	61	36	153	1.000	0.333	5.241E-01	5.134E-01	1.473E-01	2.970E-01	45	AF-Q2NU68-F1-model_v6 Methylglyoxal synthase
MC25_sitophilus_oryzae_2	AF-A4WGF4-F1-model_v6	0.003	268	36	287	0.889	0.934	6.416E-01	5.814E-01	9.822E-02	2.970E-01	49	AF-A4WGF4-F1-model_v6 ATP synthase gamma chain
MC25_sitophilus_oryzae_2	AF-B8DJL8-F1-model_v6	0.000	46	36	160	1.000	0.231	5.435E-01	5.333E-01	1.511E-01	2.969E-01	44	AF-B8DJL8-F1-model_v6 Transcription elongation factor GreA
MC25_sitophilus_oryzae_2	AF-Q91WC7-F1-model_v6	0.000	80	36	383	0.944	0.204	6.209E-01	5.830E-01	7.495E-02	2.969E-01	52	AF-Q91WC7-F1-model_v6 NIPA-like protein 2
MC25_sitophilus_oryzae_2	AF-Q0UWT7-F1-model_v6	0.000	40	36	262	0.861	0.145	6.456E-01	5.706E-01	1.007E-01	2.969E-01	49	AF-Q0UWT7-F1-model_v6 Pre-rRNA-processing protein PNO1
MC25_sitophilus_oryzae_2	AF-A1A697-F1-model_v6	0.002	376	36	1187	1.000	0.314	6.693E-01	6.559E-01	2.671E-02	2.969E-01	56	AF-A1A697-F1-model_v6 Probable histidine kinase 5
MC25_sitophilus_oryzae_2	AF-Q5ZZL8-F1-model_v6	0.051	39	36	160	0.944	0.206	5.744E-01	5.301E-01	1.499E-01	2.969E-01	44	AF-Q5ZZL8-F1-model_v6 Transcription elongation factor GreA
MC25_sitophilus_oryzae_2	AF-A8ACN7-F1-model_v6	0.003	268	36	287	0.889	0.934	6.423E-01	5.820E-01	9.827E-02	2.969E-01	49	AF-A8ACN7-F1-model_v6 ATP synthase gamma chain
MC25_sitophilus_oryzae_2	AF-Q5M0P3-F1-model_v6	0.014	137	36	165	0.917	0.824	5.806E-01	5.416E-01	1.593E-01	2.969E-01	44	AF-Q5M0P3-F1-model_v6 Endoribonuclease YbeY
MC25_sitophilus_oryzae_2	AF-Q8PGG6-F1-model_v6	0.003	268	36	287	0.917	0.930	6.320E-01	5.827E-01	9.825E-02	2.969E-01	49	AF-Q8PGG6-F1-model_v6 ATP synthase gamma chain
MC25_sitophilus_oryzae_2	AF-Q81X30-F1-model_v6	0.011	251	36	297	0.944	0.845	6.464E-01	6.133E-01	1.019E-01	2.968E-01	49	AF-Q81X30-F1-model_v6 Cell division protein FtsX
MC25_sitophilus_oryzae_2	AF-Q3YVN7-F1-model_v6	0.003	268	36	287	0.889	0.934	6.403E-01	5.812E-01	9.831E-02	2.968E-01	49	AF-Q3YVN7-F1-model_v6 ATP synthase gamma chain
MC25_sitophilus_oryzae_2	AF-B5RFW2-F1-model_v6	0.003	268	36	287	0.889	0.934	6.402E-01	5.808E-01	9.829E-02	2.968E-01	49	AF-B5RFW2-F1-model_v6 ATP synthase gamma chain
MC25_sitophilus_oryzae_2	AF-Q7YRD0-F1-model_v6	0.128	39	36	252	0.833	0.151	6.586E-01	5.681E-01	1.050E-01	2.968E-01	49	AF-Q7YRD0-F1-model_v6 RNA-binding protein PNO1
MC25_sitophilus_oryzae_2	AF-B0U599-F1-model_v6	0.003	268	36	287	0.917	0.930	6.314E-01	5.819E-01	9.820E-02	2.968E-01	49	AF-B0U599-F1-model_v6 ATP synthase gamma chain
MC25_sitophilus_oryzae_2	AF-Q7NBS1-F1-model_v6	0.051	39	36	159	0.944	0.208	5.742E-01	5.307E-01	1.518E-01	2.968E-01	44	AF-Q7NBS1-F1-model_v6 Transcription elongation factor GreA
MC25_sitophilus_oryzae_2	AF-Q5PKX1-F1-model_v6	0.003	268	36	287	0.889	0.934	6.418E-01	5.817E-01	9.827E-02	2.968E-01	49	AF-Q5PKX1-F1-model_v6 ATP synthase gamma chain
MC25_sitophilus_oryzae_2	AF-B7NF49-F1-model_v6	0.003	268	36	287	0.889	0.934	6.399E-01	5.804E-01	9.825E-02	2.968E-01	49	AF-B7NF49-F1-model_v6 ATP synthase gamma chain
MC25_sitophilus_oryzae_2	AF-P60955-F1-model_v6	0.011	181	36	291	1.000	0.608	5.849E-01	5.730E-01	9.541E-02	2.968E-01	50	AF-P60955-F1-model_v6 Phosphatidylglycerol--prolipoprotein diacylglyceryl transferase
MC25_sitophilus_oryzae_2	AF-A8A6J6-F1-model_v6	0.003	268	36	287	0.889	0.934	6.406E-01	5.812E-01	9.830E-02	2.968E-01	49	AF-A8A6J6-F1-model_v6 ATP synthase gamma chain
MC25_sitophilus_oryzae_2	AF-B1XDN4-F1-model_v6	0.010	182	36	291	1.000	0.612	5.838E-01	5.722E-01	9.534E-02	2.967E-01	50	AF-B1XDN4-F1-model_v6 Phosphatidylglycerol--prolipoprotein diacylglyceryl transferase
MC25_sitophilus_oryzae_2	AF-P51751-F1-model_v6	0.019	101	36	256	0.889	0.391	6.327E-01	5.722E-01	1.074E-01	2.967E-01	48	AF-P51751-F1-model_v6 Reaction center protein M chain (Fragment)
MC25_sitophilus_oryzae_2	AF-P71051-F1-model_v6	0.020	48	36	227	0.972	0.207	5.824E-01	5.610E-01	1.243E-01	2.967E-01	47	AF-P71051-F1-model_v6 Putative tyrosine-protein kinase YveL
MC25_sitophilus_oryzae_2	AF-Q4UP08-F1-model_v6	0.012	77	36	698	1.000	0.107	6.498E-01	6.367E-01	4.503E-02	2.967E-01	54	AF-Q4UP08-F1-model_v6 Glycine--tRNA ligase beta subunit
MC25_sitophilus_oryzae_2	AF-Q9XCV1-F1-model_v6	0.085	35	36	134	0.944	0.179	6.704E-01	4.955E-01	1.528E-01	2.967E-01	44	AF-Q9XCV1-F1-model_v6 Methylglyoxal synthase
MC25_sitophilus_oryzae_2	AF-P80240-F1-model_v6	0.025	39	36	157	0.944	0.210	5.696E-01	5.260E-01	1.514E-01	2.967E-01	44	AF-P80240-F1-model_v6 Transcription elongation factor GreA
MC25_sitophilus_oryzae_2	AF-P0ABA6-F1-model_v6	0.003	268	36	287	0.889	0.934	6.405E-01	5.810E-01	9.829E-02	2.966E-01	49	AF-P0ABA6-F1-model_v6 ATP synthase gamma chain
MC25_sitophilus_oryzae_2	AF-Q2FGB6-F1-model_v6	0.076	39	36	158	0.944	0.209	5.717E-01	5.285E-01	1.523E-01	2.966E-01	44	AF-Q2FGB6-F1-model_v6 Transcription elongation factor GreA
MC25_sitophilus_oryzae_2	AF-Q8ZKW8-F1-model_v6	0.003	268	36	287	0.889	0.934	6.397E-01	5.805E-01	9.826E-02	2.966E-01	49	AF-Q8ZKW8-F1-model_v6 ATP synthase gamma chain
MC25_sitophilus_oryzae_2	AF-B2VDH0-F1-model_v6	0.098	61	36	152	1.000	0.336	5.196E-01	5.091E-01	1.475E-01	2.966E-01	45	AF-B2VDH0-F1-model_v6 Methylglyoxal synthase
MC25_sitophilus_oryzae_2	AF-C3L5Y5-F1-model_v6	0.076	39	36	158	0.944	0.209	5.723E-01	5.288E-01	1.521E-01	2.966E-01	44	AF-C3L5Y5-F1-model_v6 Transcription elongation factor GreA
MC25_sitophilus_oryzae_2	AF-Q9JKU0-F1-model_v6	0.000	189	36	299	0.889	0.629	6.470E-01	5.830E-01	9.247E-02	2.966E-01	50	AF-Q9JKU0-F1-model_v6 Taste receptor type 2 member 16
MC25_sitophilus_oryzae_2	AF-A6TG37-F1-model_v6	0.003	268	36	287	0.889	0.934	6.401E-01	5.808E-01	9.828E-02	2.966E-01	49	AF-A6TG37-F1-model_v6 ATP synthase gamma chain
MC25_sitophilus_oryzae_2	AF-P9WHH1-F1-model_v6	0.009	219	36	335	0.861	0.654	6.864E-01	6.150E-01	8.685E-02	2.966E-01	50	AF-P9WHH1-F1-model_v6 Thioredoxin reductase
MC25_sitophilus_oryzae_2	AF-Q42374-F1-model_v6	0.025	40	36	310	0.889	0.116	6.448E-01	5.739E-01	8.149E-02	2.966E-01	51	AF-Q42374-F1-model_v6 Syntaxin-related protein KNOLLE
MC25_sitophilus_oryzae_2	AF-B7N2H2-F1-model_v6	0.003	268	36	287	0.889	0.934	6.398E-01	5.804E-01	9.827E-02	2.966E-01	49	AF-B7N2H2-F1-model_v6 ATP synthase gamma chain
MC25_sitophilus_oryzae_2	AF-A9MJR8-F1-model_v6	0.003	268	36	287	0.889	0.934	6.399E-01	5.804E-01	9.826E-02	2.966E-01	49	AF-A9MJR8-F1-model_v6 ATP synthase gamma chain
MC25_sitophilus_oryzae_2	AF-P99156-F1-model_v6	0.076	39	36	158	0.944	0.209	5.716E-01	5.284E-01	1.523E-01	2.966E-01	44	AF-P99156-F1-model_v6 Transcription elongation factor GreA
MC25_sitophilus_oryzae_2	AF-B1K394-F1-model_v6	0.027	108	36	328	0.889	0.329	6.552E-01	5.959E-01	8.913E-02	2.965E-01	50	AF-B1K394-F1-model_v6 Malate dehydrogenase
MC25_sitophilus_oryzae_2	AF-Q7VE08-F1-model_v6	0.020	49	36	195	0.778	0.246	6.507E-01	5.396E-01	1.255E-01	2.965E-01	47	AF-Q7VE08-F1-model_v6 Endoribonuclease YbeY
MC25_sitophilus_oryzae_2	AF-Q62GU3-F1-model_v6	0.009	203	36	203	0.917	0.995	5.957E-01	5.520E-01	1.316E-01	2.965E-01	46	AF-Q62GU3-F1-model_v6 Dephospho-CoA kinase
MC25_sitophilus_oryzae_2	AF-Q4A759-F1-model_v6	0.050	40	36	160	0.944	0.206	5.741E-01	5.298E-01	1.478E-01	2.965E-01	44	AF-Q4A759-F1-model_v6 Transcription elongation factor GreA
MC25_sitophilus_oryzae_2	AF-A8A3W1-F1-model_v6	0.010	182	36	291	1.000	0.612	5.838E-01	5.718E-01	9.527E-02	2.965E-01	50	AF-A8A3W1-F1-model_v6 Phosphatidylglycerol--prolipoprotein diacylglyceryl transferase
MC25_sitophilus_oryzae_2	AF-Q9PC26-F1-model_v6	0.014	71	36	722	0.972	0.094	6.556E-01	6.295E-01	4.198E-02	2.965E-01	55	AF-Q9PC26-F1-model_v6 Glycine--tRNA ligase beta subunit
MC25_sitophilus_oryzae_2	AF-Q8WS88-F1-model_v6	0.073	41	36	156	1.000	0.186	6.162E-01	5.136E-01	1.403E-01	2.965E-01	45	AF-Q8WS88-F1-model_v6 Phospholipase A2 A2-hormotoxin-Apt1a
MC25_sitophilus_oryzae_2	AF-Q8XM19-F1-model_v6	0.027	110	36	187	0.889	0.578	5.999E-01	5.498E-01	1.406E-01	2.965E-01	45	AF-Q8XM19-F1-model_v6 Putative AgrB-like protein 1
MC25_sitophilus_oryzae_2	AF-Q32C93-F1-model_v6	0.011	181	36	291	1.000	0.608	5.845E-01	5.726E-01	9.540E-02	2.965E-01	50	AF-Q32C93-F1-model_v6 Phosphatidylglycerol--prolipoprotein diacylglyceryl transferase
MC25_sitophilus_oryzae_2	AF-Q1GZR9-F1-model_v6	0.015	63	36	65	0.917	0.862	4.522E-01	4.201E-01	2.745E-01	2.965E-01	34	AF-Q1GZR9-F1-model_v6 Large ribosomal subunit protein bL35
MC25_sitophilus_oryzae_2	AF-Q3ATA7-F1-model_v6	0.075	40	36	160	0.944	0.206	5.748E-01	5.302E-01	1.476E-01	2.965E-01	44	AF-Q3ATA7-F1-model_v6 Transcription elongation factor GreA
MC25_sitophilus_oryzae_2	AF-P0DUY7-F1-model_v6	0.050	40	36	298	0.917	0.124	6.403E-01	5.898E-01	9.175E-02	2.965E-01	50	AF-P0DUY7-F1-model_v6 Apolipoprotein E
MC25_sitophilus_oryzae_2	AF-C3P968-F1-model_v6	0.076	39	36	158	0.944	0.209	5.721E-01	5.287E-01	1.521E-01	2.965E-01	44	AF-C3P968-F1-model_v6 Transcription elongation factor GreA
MC25_sitophilus_oryzae_2	AF-Q57HX8-F1-model_v6	0.003	268	36	287	0.889	0.934	6.395E-01	5.805E-01	9.828E-02	2.965E-01	49	AF-Q57HX8-F1-model_v6 ATP synthase gamma chain
MC25_sitophilus_oryzae_2	AF-B5BIN7-F1-model_v6	0.003	268	36	287	0.889	0.934	6.397E-01	5.809E-01	9.831E-02	2.964E-01	49	AF-B5BIN7-F1-model_v6 ATP synthase gamma chain
MC25_sitophilus_oryzae_2	AF-Q2YT68-F1-model_v6	0.076	39	36	158	0.944	0.209	5.713E-01	5.282E-01	1.523E-01	2.964E-01	44	AF-Q2YT68-F1-model_v6 Transcription elongation factor GreA
MC25_sitophilus_oryzae_2	AF-Q1XDS6-F1-model_v6	0.040	49	36	509	1.000	0.094	6.628E-01	6.534E-01	6.436E-02	2.964E-01	52	AF-Q1XDS6-F1-model_v6 Ribonuclease E/G-like protein
MC25_sitophilus_oryzae_2	AF-Q5HFF2-F1-model_v6	0.078	38	36	158	0.944	0.209	5.709E-01	5.281E-01	1.546E-01	2.964E-01	44	AF-Q5HFF2-F1-model_v6 Transcription elongation factor GreA
MC25_sitophilus_oryzae_2	AF-B7MZC7-F1-model_v6	0.010	182	36	291	1.000	0.612	5.839E-01	5.719E-01	9.524E-02	2.964E-01	50	AF-B7MZC7-F1-model_v6 Phosphatidylglycerol--prolipoprotein diacylglyceryl transferase
MC25_sitophilus_oryzae_2	AF-A0PK05-F1-model_v6	0.073	41	36	275	0.944	0.138	6.266E-01	5.912E-01	1.008E-01	2.964E-01	49	AF-A0PK05-F1-model_v6 Transmembrane protein 72
MC25_sitophilus_oryzae_2	AF-P07253-F1-model_v6	0.018	107	36	162	0.917	0.630	5.601E-01	5.130E-01	1.415E-01	2.964E-01	45	AF-P07253-F1-model_v6 Cytochrome B pre-mRNA-processing protein 6
MC25_sitophilus_oryzae_2	AF-P9WIE8-F1-model_v6	0.032	93	36	543	0.944	0.166	6.584E-01	6.169E-01	5.309E-02	2.964E-01	54	AF-P9WIE8-F1-model_v6 Uncharacterized PE-PGRS family protein PE_PGRS44
MC25_sitophilus_oryzae_2	AF-B4F0E6-F1-model_v6	0.003	268	36	287	0.889	0.934	6.393E-01	5.808E-01	9.830E-02	2.963E-01	49	AF-B4F0E6-F1-model_v6 ATP synthase gamma chain
MC25_sitophilus_oryzae_2	AF-Q7NA93-F1-model_v6	0.003	268	36	287	0.889	0.934	6.392E-01	5.803E-01	9.827E-02	2.963E-01	49	AF-Q7NA93-F1-model_v6 ATP synthase gamma chain
MC25_sitophilus_oryzae_2	AF-A0A3B7TNF2-F1-model_v6	0.007	132	36	147	0.972	0.850	5.411E-01	5.214E-01	1.632E-01	2.963E-01	43	AF-A0A3B7TNF2-F1-model_v6 Secreted RxLR effector protein BLN04
MC25_sitophilus_oryzae_2	AF-Q0SYU3-F1-model_v6	0.003	268	36	287	0.889	0.934	6.396E-01	5.802E-01	9.824E-02	2.963E-01	49	AF-Q0SYU3-F1-model_v6 ATP synthase gamma chain
MC25_sitophilus_oryzae_2	AF-Q79FC3-F1-model_v6	0.044	89	36	461	0.944	0.187	6.501E-01	6.106E-01	6.211E-02	2.963E-01	53	AF-Q79FC3-F1-model_v6 PE-PGRS family protein PE_PGRS45
MC25_sitophilus_oryzae_2	AF-A5ITD5-F1-model_v6	0.076	39	36	158	0.944	0.209	5.715E-01	5.284E-01	1.523E-01	2.963E-01	44	AF-A5ITD5-F1-model_v6 Transcription elongation factor GreA
MC25_sitophilus_oryzae_2	AF-P25259-F1-model_v6	0.007	264	36	273	1.000	0.963	6.086E-01	5.990E-01	1.131E-01	2.963E-01	48	AF-P25259-F1-model_v6 Type II restriction enzyme HgiCII
MC25_sitophilus_oryzae_2	AF-B4TN32-F1-model_v6	0.003	268	36	287	0.889	0.934	6.392E-01	5.805E-01	9.829E-02	2.963E-01	49	AF-B4TN32-F1-model_v6 ATP synthase gamma chain
MC25_sitophilus_oryzae_2	AF-B2TUP2-F1-model_v6	0.003	268	36	287	0.889	0.934	6.394E-01	5.799E-01	9.824E-02	2.963E-01	49	AF-B2TUP2-F1-model_v6 ATP synthase gamma chain
MC25_sitophilus_oryzae_2	AF-Q6CYJ4-F1-model_v6	0.003	268	36	287	0.889	0.934	6.393E-01	5.806E-01	9.828E-02	2.963E-01	49	AF-Q6CYJ4-F1-model_v6 ATP synthase gamma chain
MC25_sitophilus_oryzae_2	AF-Q1CCH4-F1-model_v6	0.003	268	36	287	0.889	0.934	6.397E-01	5.807E-01	9.830E-02	2.963E-01	49	AF-Q1CCH4-F1-model_v6 ATP synthase gamma chain
MC25_sitophilus_oryzae_2	AF-B7NVX3-F1-model_v6	0.010	182	36	291	1.000	0.612	5.827E-01	5.711E-01	9.518E-02	2.963E-01	49	AF-B7NVX3-F1-model_v6 Phosphatidylglycerol--prolipoprotein diacylglyceryl transferase
MC25_sitophilus_oryzae_2	AF-P0ABA7-F1-model_v6	0.003	268	36	287	0.889	0.934	6.390E-01	5.801E-01	9.827E-02	2.963E-01	49	AF-P0ABA7-F1-model_v6 ATP synthase gamma chain
MC25_sitophilus_oryzae_2	AF-Q8Z2Q5-F1-model_v6	0.003	268	36	287	0.889	0.934	6.395E-01	5.800E-01	9.825E-02	2.963E-01	49	AF-Q8Z2Q5-F1-model_v6 ATP synthase gamma chain
MC25_sitophilus_oryzae_2	AF-B5FCZ2-F1-model_v6	0.000	38	36	288	0.889	0.115	6.345E-01	5.663E-01	8.664E-02	2.962E-01	50	AF-B5FCZ2-F1-model_v6 ATP synthase gamma chain
MC25_sitophilus_oryzae_2	AF-A8MLU4-F1-model_v6	0.051	39	36	159	0.944	0.208	5.698E-01	5.253E-01	1.495E-01	2.962E-01	44	AF-A8MLU4-F1-model_v6 Transcription elongation factor GreA
MC25_sitophilus_oryzae_2	AF-Q1BM38-F1-model_v6	0.027	108	36	328	0.889	0.329	6.551E-01	5.959E-01	8.915E-02	2.962E-01	50	AF-Q1BM38-F1-model_v6 Malate dehydrogenase
MC25_sitophilus_oryzae_2	AF-B7NAS2-F1-model_v6	0.078	38	36	385	0.944	0.091	6.339E-01	5.945E-01	7.293E-02	2.962E-01	52	AF-B7NAS2-F1-model_v6 Glucans biosynthesis protein C
MC25_sitophilus_oryzae_2	AF-Q98Q16-F1-model_v6	0.102	39	36	157	0.944	0.210	5.712E-01	5.284E-01	1.534E-01	2.962E-01	44	AF-Q98Q16-F1-model_v6 Transcription elongation factor GreA
MC25_sitophilus_oryzae_2	AF-Q63V31-F1-model_v6	0.004	201	36	540	0.917	0.372	6.676E-01	6.117E-01	5.555E-02	2.962E-01	53	AF-Q63V31-F1-model_v6 Glucose-6-phosphate isomerase
MC25_sitophilus_oryzae_2	AF-B0BA79-F1-model_v6	0.016	61	36	288	1.000	0.208	6.119E-01	6.021E-01	1.092E-01	2.962E-01	48	AF-B0BA79-F1-model_v6 Probable endonuclease 4
MC25_sitophilus_oryzae_2	AF-Q6G8V9-F1-model_v6	0.076	39	36	158	0.944	0.209	5.712E-01	5.281E-01	1.523E-01	2.962E-01	44	AF-Q6G8V9-F1-model_v6 Transcription elongation factor GreA
MC25_sitophilus_oryzae_2	AF-Q0BAF9-F1-model_v6	0.027	108	36	328	0.889	0.329	6.544E-01	5.952E-01	8.911E-02	2.962E-01	50	AF-Q0BAF9-F1-model_v6 Malate dehydrogenase
MC25_sitophilus_oryzae_2	AF-B7UHP5-F1-model_v6	0.011	181	36	291	1.000	0.608	5.840E-01	5.720E-01	9.529E-02	2.962E-01	49	AF-B7UHP5-F1-model_v6 Phosphatidylglycerol--prolipoprotein diacylglyceryl transferase
MC25_sitophilus_oryzae_2	AF-A4TSJ2-F1-model_v6	0.003	268	36	287	0.889	0.934	6.390E-01	5.805E-01	9.828E-02	2.962E-01	49	AF-A4TSJ2-F1-model_v6 ATP synthase gamma chain
MC25_sitophilus_oryzae_2	AF-B5XZM3-F1-model_v6	0.003	268	36	287	0.889	0.934	6.395E-01	5.802E-01	9.826E-02	2.962E-01	49	AF-B5XZM3-F1-model_v6 ATP synthase gamma chain
MC25_sitophilus_oryzae_2	AF-Q2FXW7-F1-model_v6	0.076	39	36	158	0.944	0.209	5.708E-01	5.278E-01	1.523E-01	2.962E-01	44	AF-Q2FXW7-F1-model_v6 Transcription elongation factor GreA
MC25_sitophilus_oryzae_2	AF-Q9JYU3-F1-model_v6	0.051	39	36	158	0.944	0.209	5.718E-01	5.279E-01	1.504E-01	2.961E-01	44	AF-Q9JYU3-F1-model_v6 Transcription elongation factor GreA
MC25_sitophilus_oryzae_2	AF-Q6HDE6-F1-model_v6	0.076	39	36	158	0.944	0.209	5.715E-01	5.283E-01	1.522E-01	2.961E-01	44	AF-Q6HDE6-F1-model_v6 Transcription elongation factor GreA
MC25_sitophilus_oryzae_2	AF-B7MGF3-F1-model_v6	0.003	268	36	287	0.889	0.934	6.388E-01	5.801E-01	9.829E-02	2.961E-01	49	AF-B7MGF3-F1-model_v6 ATP synthase gamma chain
MC25_sitophilus_oryzae_2	AF-I1WFB9-F1-model_v6	0.009	203	36	203	0.917	0.995	5.949E-01	5.513E-01	1.316E-01	2.961E-01	46	AF-I1WFB9-F1-model_v6 Dephospho-CoA kinase
MC25_sitophilus_oryzae_2	AF-B9E6Y8-F1-model_v6	0.076	39	36	158	0.944	0.209	5.724E-01	5.292E-01	1.524E-01	2.961E-01	44	AF-B9E6Y8-F1-model_v6 Transcription elongation factor GreA
MC25_sitophilus_oryzae_2	AF-B7NR35-F1-model_v6	0.003	268	36	287	0.889	0.934	6.387E-01	5.799E-01	9.824E-02	2.961E-01	49	AF-B7NR35-F1-model_v6 ATP synthase gamma chain
MC25_sitophilus_oryzae_2	AF-Q3KJQ5-F1-model_v6	0.021	91	36	532	1.000	0.169	6.412E-01	6.293E-01	6.078E-02	2.961E-01	53	AF-Q3KJQ5-F1-model_v6 Glutamate--cysteine ligase
MC25_sitophilus_oryzae_2	AF-A7ZQT4-F1-model_v6	0.010	182	36	291	1.000	0.612	5.838E-01	5.719E-01	9.534E-02	2.961E-01	49	AF-A7ZQT4-F1-model_v6 Phosphatidylglycerol--prolipoprotein diacylglyceryl transferase
MC25_sitophilus_oryzae_2	AF-B1X9G1-F1-model_v6	0.078	38	36	385	0.944	0.091	6.346E-01	5.950E-01	7.296E-02	2.960E-01	52	AF-B1X9G1-F1-model_v6 Glucans biosynthesis protein C
MC25_sitophilus_oryzae_2	AF-C3LVX6-F1-model_v6	0.098	61	36	151	1.000	0.338	5.224E-01	5.116E-01	1.486E-01	2.960E-01	44	AF-C3LVX6-F1-model_v6 Methylglyoxal synthase
MC25_sitophilus_oryzae_2	AF-B7LK78-F1-model_v6	0.003	268	36	287	0.917	0.930	6.290E-01	5.818E-01	9.869E-02	2.960E-01	49	AF-B7LK78-F1-model_v6 ATP synthase gamma chain
MC25_sitophilus_oryzae_2	AF-B5Z4E5-F1-model_v6	0.010	182	36	291	1.000	0.612	5.833E-01	5.714E-01	9.518E-02	2.960E-01	49	AF-B5Z4E5-F1-model_v6 Phosphatidylglycerol--prolipoprotein diacylglyceryl transferase
MC25_sitophilus_oryzae_2	AF-B2K846-F1-model_v6	0.003	268	36	287	0.889	0.934	6.404E-01	5.807E-01	9.827E-02	2.960E-01	49	AF-B2K846-F1-model_v6 ATP synthase gamma chain
MC25_sitophilus_oryzae_2	AF-Q7NYJ8-F1-model_v6	0.025	78	36	283	1.000	0.261	5.991E-01	5.878E-01	1.002E-01	2.960E-01	49	AF-Q7NYJ8-F1-model_v6 Phosphatidylglycerol--prolipoprotein diacylglyceryl transferase
MC25_sitophilus_oryzae_2	AF-O27564-F1-model_v6	0.000	65	36	336	1.000	0.179	5.904E-01	5.782E-01	8.242E-02	2.960E-01	51	AF-O27564-F1-model_v6 Calcium-gated potassium channel MthK
MC25_sitophilus_oryzae_2	AF-Q10326-F1-model_v6	0.018	106	36	720	0.889	0.147	7.036E-01	6.360E-01	4.259E-02	2.960E-01	54	AF-Q10326-F1-model_v6 Meiotically up-regulated gene 8 protein
MC25_sitophilus_oryzae_2	AF-Q5PEA9-F1-model_v6	0.054	55	36	543	1.000	0.094	6.485E-01	6.359E-01	5.590E-02	2.959E-01	53	AF-Q5PEA9-F1-model_v6 Secreted effector protein SptP
MC25_sitophilus_oryzae_2	AF-Q634G5-F1-model_v6	0.076	39	36	158	0.944	0.209	5.712E-01	5.280E-01	1.520E-01	2.959E-01	44	AF-Q634G5-F1-model_v6 Transcription elongation factor GreA
MC25_sitophilus_oryzae_2	AF-Q9HI27-F1-model_v6	0.100	40	36	281	0.917	0.139	6.229E-01	5.764E-01	1.012E-01	2.959E-01	49	AF-Q9HI27-F1-model_v6 Gas vesicle protein L1
MC25_sitophilus_oryzae_2	AF-P76186-F1-model_v6	0.030	66	36	670	1.000	0.096	6.412E-01	6.284E-01	4.717E-02	2.959E-01	54	AF-P76186-F1-model_v6 Uncharacterized transporter YdhK
MC25_sitophilus_oryzae_2	AF-P60960-F1-model_v6	0.005	182	36	291	1.000	0.608	5.818E-01	5.722E-01	9.304E-02	2.959E-01	50	AF-P60960-F1-model_v6 Phosphatidylglycerol--prolipoprotein diacylglyceryl transferase
MC25_sitophilus_oryzae_2	AF-Q4L6V7-F1-model_v6	0.076	39	36	158	0.944	0.209	5.705E-01	5.275E-01	1.522E-01	2.959E-01	44	AF-Q4L6V7-F1-model_v6 Transcription elongation factor GreA
MC25_sitophilus_oryzae_2	AF-O18216-F1-model_v6	0.052	38	36	277	0.806	0.137	6.819E-01	5.737E-01	9.603E-02	2.958E-01	49	AF-O18216-F1-model_v6 RNA-binding protein pno-1
MC25_sitophilus_oryzae_2	AF-Q8KSV0-F1-model_v6	0.017	58	36	268	0.944	0.205	6.213E-01	5.869E-01	1.042E-01	2.958E-01	48	AF-Q8KSV0-F1-model_v6 Phosphatidylglycerol--prolipoprotein diacylglyceryl transferase
MC25_sitophilus_oryzae_2	AF-B7M589-F1-model_v6	0.003	268	36	287	0.889	0.934	6.399E-01	5.811E-01	9.831E-02	2.958E-01	49	AF-B7M589-F1-model_v6 ATP synthase gamma chain
MC25_sitophilus_oryzae_2	AF-Q54XB0-F1-model_v6	0.052	38	36	149	0.944	0.215	5.606E-01	5.167E-01	1.639E-01	2.958E-01	43	AF-Q54XB0-F1-model_v6 Putative mediator of RNA polymerase II transcription subunit 22
MC25_sitophilus_oryzae_2	AF-Q99Q02-F1-model_v6	0.013	72	36	327	0.889	0.220	6.658E-01	6.055E-01	8.885E-02	2.958E-01	50	AF-Q99Q02-F1-model_v6 Regulatory protein MsrR
MC25_sitophilus_oryzae_2	AF-Q9NRX1-F1-model_v6	0.128	39	36	252	0.833	0.151	6.589E-01	5.681E-01	1.044E-01	2.957E-01	48	AF-Q9NRX1-F1-model_v6 RNA-binding protein PNO1
MC25_sitophilus_oryzae_2	AF-Q3B756-2-F1-model_v6	0.088	45	36	349	1.000	0.123	6.312E-01	6.200E-01	8.834E-02	2.957E-01	50	AF-Q3B756-2-F1-model_v6 Protein fuzzy homolog
MC25_sitophilus_oryzae_2	AF-A8KYW3-F1-model_v6	0.045	88	36	159	0.889	0.522	5.810E-01	5.231E-01	1.450E-01	2.957E-01	45	AF-A8KYW3-F1-model_v6 Endoribonuclease YbeY
MC25_sitophilus_oryzae_2	AF-B5EYZ7-F1-model_v6	0.003	268	36	287	0.889	0.934	6.386E-01	5.801E-01	9.829E-02	2.957E-01	49	AF-B5EYZ7-F1-model_v6 ATP synthase gamma chain
MC25_sitophilus_oryzae_2	AF-B7HQD7-F1-model_v6	0.076	39	36	158	0.944	0.209	5.708E-01	5.277E-01	1.520E-01	2.957E-01	44	AF-B7HQD7-F1-model_v6 Transcription elongation factor GreA
MC25_sitophilus_oryzae_2	AF-A6QHF1-F1-model_v6	0.076	39	36	158	0.944	0.209	5.705E-01	5.277E-01	1.524E-01	2.957E-01	44	AF-A6QHF1-F1-model_v6 Transcription elongation factor GreA
MC25_sitophilus_oryzae_2	AF-C4ZZY0-F1-model_v6	0.010	182	36	291	1.000	0.612	5.830E-01	5.710E-01	9.514E-02	2.957E-01	49	AF-C4ZZY0-F1-model_v6 Phosphatidylglycerol--prolipoprotein diacylglyceryl transferase
MC25_sitophilus_oryzae_2	AF-O66412-F1-model_v6	0.038	52	36	213	1.000	0.207	5.746E-01	5.635E-01	1.191E-01	2.957E-01	47	AF-O66412-F1-model_v6 Uncharacterized protein aq_aa21
MC25_sitophilus_oryzae_2	AF-Q12TM7-F1-model_v6	0.047	42	36	152	1.000	0.197	5.974E-01	5.132E-01	1.428E-01	2.957E-01	45	AF-Q12TM7-F1-model_v6 Small ribosomal subunit protein uS15
MC25_sitophilus_oryzae_2	AF-Q7UA77-F1-model_v6	0.054	37	36	218	0.861	0.161	6.178E-01	5.448E-01	1.159E-01	2.957E-01	47	AF-Q7UA77-F1-model_v6 Protein GrpE
MC25_sitophilus_oryzae_2	AF-Q6GG93-F1-model_v6	0.076	39	36	158	0.944	0.209	5.700E-01	5.272E-01	1.522E-01	2.957E-01	44	AF-Q6GG93-F1-model_v6 Transcription elongation factor GreA
MC25_sitophilus_oryzae_2	AF-B3QCS4-F1-model_v6	0.100	40	36	491	0.861	0.081	7.111E-01	6.322E-01	6.041E-02	2.957E-01	53	AF-B3QCS4-F1-model_v6 Cysteine--tRNA ligase
MC25_sitophilus_oryzae_2	AF-P0ABA9-F1-model_v6	0.003	268	36	287	0.889	0.934	6.385E-01	5.794E-01	9.823E-02	2.956E-01	49	AF-P0ABA9-F1-model_v6 ATP synthase gamma chain
MC25_sitophilus_oryzae_2	AF-B4EFB0-F1-model_v6	0.027	108	36	328	0.889	0.329	6.531E-01	5.941E-01	8.904E-02	2.956E-01	50	AF-B4EFB0-F1-model_v6 Malate dehydrogenase
MC25_sitophilus_oryzae_2	AF-B7L880-F1-model_v6	0.003	268	36	287	0.889	0.934	6.384E-01	5.797E-01	9.826E-02	2.956E-01	49	AF-B7L880-F1-model_v6 ATP synthase gamma chain
MC25_sitophilus_oryzae_2	AF-B8EDV1-F1-model_v6	0.027	37	36	286	0.889	0.115	6.391E-01	5.713E-01	8.887E-02	2.956E-01	50	AF-B8EDV1-F1-model_v6 ATP synthase gamma chain
MC25_sitophilus_oryzae_2	AF-Q3JNF3-F1-model_v6	0.009	203	36	203	0.917	0.995	5.940E-01	5.506E-01	1.316E-01	2.956E-01	46	AF-Q3JNF3-F1-model_v6 Dephospho-CoA kinase
MC25_sitophilus_oryzae_2	AF-P9WEZ8-F1-model_v6	0.000	45	36	215	1.000	0.172	5.743E-01	5.633E-01	1.196E-01	2.956E-01	47	AF-P9WEZ8-F1-model_v6 Glutathione S-transferase-like protein
MC25_sitophilus_oryzae_2	AF-A4JM71-F1-model_v6	0.027	108	36	328	0.889	0.329	6.529E-01	5.939E-01	8.903E-02	2.956E-01	50	AF-A4JM71-F1-model_v6 Malate dehydrogenase 2
MC25_sitophilus_oryzae_2	AF-C4ZZ11-F1-model_v6	0.003	268	36	287	0.889	0.934	6.388E-01	5.803E-01	9.830E-02	2.956E-01	49	AF-C4ZZ11-F1-model_v6 ATP synthase gamma chain
MC25_sitophilus_oryzae_2	AF-B5FN34-F1-model_v6	0.003	268	36	287	0.889	0.934	6.384E-01	5.800E-01	9.829E-02	2.956E-01	49	AF-B5FN34-F1-model_v6 ATP synthase gamma chain
MC25_sitophilus_oryzae_2	AF-P09835-F1-model_v6	0.065	61	36	500	1.000	0.122	6.753E-01	6.647E-01	6.790E-02	2.956E-01	52	AF-P09835-F1-model_v6 Signal transduction histidine-protein kinase/phosphatase UhpB
MC25_sitophilus_oryzae_2	AF-A8Z4E8-F1-model_v6	0.076	39	36	158	0.944	0.209	5.705E-01	5.276E-01	1.523E-01	2.956E-01	44	AF-A8Z4E8-F1-model_v6 Transcription elongation factor GreA
MC25_sitophilus_oryzae_2	AF-A8G7M7-F1-model_v6	0.003	268	36	287	0.889	0.934	6.395E-01	5.807E-01	9.830E-02	2.956E-01	49	AF-A8G7M7-F1-model_v6 ATP synthase gamma chain
MC25_sitophilus_oryzae_2	AF-Q83SQ7-F1-model_v6	0.081	49	36	428	1.000	0.112	6.447E-01	6.332E-01	7.497E-02	2.956E-01	51	AF-Q83SQ7-F1-model_v6 Protein FixC
MC25_sitophilus_oryzae_2	AF-B1LL60-F1-model_v6	0.003	268	36	287	0.917	0.930	6.276E-01	5.807E-01	9.869E-02	2.956E-01	49	AF-B1LL60-F1-model_v6 ATP synthase gamma chain
MC25_sitophilus_oryzae_2	AF-A1AXD2-F1-model_v6	0.076	39	36	158	0.944	0.209	5.690E-01	5.249E-01	1.501E-01	2.956E-01	44	AF-A1AXD2-F1-model_v6 Transcription elongation factor GreA
MC25_sitophilus_oryzae_2	AF-Q54520-F1-model_v6	0.032	61	36	227	1.000	0.242	5.655E-01	5.542E-01	1.130E-01	2.956E-01	48	AF-Q54520-F1-model_v6 Tyrosine-protein kinase CpsD
MC25_sitophilus_oryzae_2	AF-P64283-F1-model_v6	0.076	39	36	158	0.944	0.209	5.681E-01	5.252E-01	1.522E-01	2.956E-01	44	AF-P64283-F1-model_v6 Transcription elongation factor GreA
MC25_sitophilus_oryzae_2	AF-A6U279-F1-model_v6	0.076	39	36	158	0.944	0.209	5.709E-01	5.281E-01	1.525E-01	2.955E-01	44	AF-A6U279-F1-model_v6 Transcription elongation factor GreA
MC25_sitophilus_oryzae_2	AF-P60972-F1-model_v6	0.004	233	36	427	0.833	0.546	7.062E-01	6.159E-01	6.707E-02	2.955E-01	52	AF-P60972-F1-model_v6 Phosphatidylglycerol--prolipoprotein diacylglyceryl transferase
MC25_sitophilus_oryzae_2	AF-Q9RR97-F1-model_v6	0.043	92	36	356	0.917	0.256	6.484E-01	6.008E-01	8.224E-02	2.955E-01	51	AF-Q9RR97-F1-model_v6 Nitric oxide synthase oxygenase
MC25_sitophilus_oryzae_2	AF-B1IX05-F1-model_v6	0.003	268	36	287	0.889	0.934	6.396E-01	5.800E-01	9.824E-02	2.955E-01	49	AF-B1IX05-F1-model_v6 ATP synthase gamma chain
MC25_sitophilus_oryzae_2	AF-P56165-F1-model_v6	0.000	35	36	305	0.806	0.111	6.977E-01	5.909E-01	8.704E-02	2.955E-01	50	AF-P56165-F1-model_v6 Major pollen allergen Pha a 5.2
MC25_sitophilus_oryzae_2	AF-Q4PIR3-F1-model_v6	0.083	36	36	250	0.944	0.120	6.583E-01	5.664E-01	1.012E-01	2.955E-01	49	AF-Q4PIR3-F1-model_v6 E3 SUMO-protein ligase nse2
MC25_sitophilus_oryzae_2	AF-B5RDX8-F1-model_v6	0.005	183	36	291	1.000	0.608	5.842E-01	5.719E-01	9.158E-02	2.955E-01	50	AF-B5RDX8-F1-model_v6 Phosphatidylglycerol--prolipoprotein diacylglyceryl transferase
MC25_sitophilus_oryzae_2	AF-F1MK05-F1-model_v6	0.050	59	36	259	0.861	0.220	6.439E-01	5.677E-01	1.001E-01	2.955E-01	49	AF-F1MK05-F1-model_v6 E3 ubiquitin-protein ligase RNF170
MC25_sitophilus_oryzae_2	AF-Q8XZ82-F1-model_v6	0.051	39	36	158	0.944	0.209	5.710E-01	5.274E-01	1.505E-01	2.955E-01	44	AF-Q8XZ82-F1-model_v6 Transcription elongation factor GreA
MC25_sitophilus_oryzae_2	AF-Q931S1-F1-model_v6	0.014	69	36	327	0.889	0.211	6.631E-01	6.048E-01	8.978E-02	2.955E-01	50	AF-Q931S1-F1-model_v6 Regulatory protein MsrR
MC25_sitophilus_oryzae_2	AF-Q47BS0-F1-model_v6	0.018	110	36	443	0.889	0.248	6.663E-01	6.093E-01	6.724E-02	2.955E-01	52	AF-Q47BS0-F1-model_v6 GTPase Der
MC25_sitophilus_oryzae_2	AF-A1AHR5-F1-model_v6	0.003	268	36	287	0.917	0.930	6.274E-01	5.804E-01	9.861E-02	2.954E-01	49	AF-A1AHR5-F1-model_v6 ATP synthase gamma chain
MC25_sitophilus_oryzae_2	AF-Q06753-F1-model_v6	0.000	71	36	249	1.000	0.285	5.816E-01	5.716E-01	1.199E-01	2.954E-01	47	AF-Q06753-F1-model_v6 Putative TrmH family tRNA/rRNA methyltransferase YacO
MC25_sitophilus_oryzae_2	AF-B5YXD7-F1-model_v6	0.003	268	36	287	0.917	0.930	6.277E-01	5.807E-01	9.864E-02	2.954E-01	49	AF-B5YXD7-F1-model_v6 ATP synthase gamma chain
MC25_sitophilus_oryzae_2	AF-P28152-F1-model_v6	0.056	106	36	174	1.000	0.592	5.543E-01	5.454E-01	1.544E-01	2.954E-01	44	AF-P28152-F1-model_v6 Hydrogenase expression/formation protein HupJ
MC25_sitophilus_oryzae_2	AF-O83265-F1-model_v6	0.042	47	36	146	1.000	0.295	5.278E-01	5.188E-01	1.742E-01	2.954E-01	42	AF-O83265-F1-model_v6 Large ribosomal subunit protein uL11
MC25_sitophilus_oryzae_2	AF-C0Q2N3-F1-model_v6	0.003	268	36	287	0.889	0.934	6.397E-01	5.805E-01	9.828E-02	2.954E-01	49	AF-C0Q2N3-F1-model_v6 ATP synthase gamma chain
MC25_sitophilus_oryzae_2	AF-A1JTC7-F1-model_v6	0.003	268	36	287	0.889	0.934	6.394E-01	5.802E-01	9.827E-02	2.953E-01	49	AF-A1JTC7-F1-model_v6 ATP synthase gamma chain
MC25_sitophilus_oryzae_2	AF-B4SYD2-F1-model_v6	0.003	268	36	287	0.889	0.934	6.390E-01	5.802E-01	9.827E-02	2.953E-01	49	AF-B4SYD2-F1-model_v6 ATP synthase gamma chain
MC25_sitophilus_oryzae_2	AF-Q1C094-F1-model_v6	0.003	268	36	287	0.889	0.934	6.381E-01	5.797E-01	9.828E-02	2.953E-01	49	AF-Q1C094-F1-model_v6 ATP synthase gamma chain
MC25_sitophilus_oryzae_2	AF-P0ABA8-F1-model_v6	0.003	268	36	287	0.889	0.934	6.394E-01	5.803E-01	9.828E-02	2.953E-01	49	AF-P0ABA8-F1-model_v6 ATP synthase gamma chain
MC25_sitophilus_oryzae_2	AF-P9WIF9-F1-model_v6	0.055	90	36	463	0.944	0.188	6.507E-01	6.113E-01	6.183E-02	2.953E-01	52	AF-P9WIF9-F1-model_v6 Uncharacterized PE-PGRS family protein PE_PGRS20
MC25_sitophilus_oryzae_2	AF-Q5E1N6-F1-model_v6	0.000	38	36	288	0.889	0.115	6.330E-01	5.652E-01	8.662E-02	2.953E-01	50	AF-Q5E1N6-F1-model_v6 ATP synthase gamma chain
MC25_sitophilus_oryzae_2	AF-Q8CSB3-F1-model_v6	0.076	39	36	158	0.944	0.209	5.703E-01	5.275E-01	1.524E-01	2.952E-01	44	AF-Q8CSB3-F1-model_v6 Transcription elongation factor GreA
MC25_sitophilus_oryzae_2	AF-B0BR90-F1-model_v6	0.081	61	36	152	1.000	0.336	5.152E-01	5.047E-01	1.465E-01	2.952E-01	44	AF-B0BR90-F1-model_v6 Methylglyoxal synthase
MC25_sitophilus_oryzae_2	AF-C6E2B2-F1-model_v6	0.017	229	36	233	0.861	0.979	6.273E-01	5.533E-01	1.106E-01	2.952E-01	48	AF-C6E2B2-F1-model_v6 Cytidylate kinase
MC25_sitophilus_oryzae_2	AF-Q12SU4-F1-model_v6	0.069	43	36	177	1.000	0.237	5.930E-01	5.857E-01	1.725E-01	2.952E-01	42	AF-Q12SU4-F1-model_v6 Large ribosomal subunit protein uL6
MC25_sitophilus_oryzae_2	AF-B2VCA5-F1-model_v6	0.003	270	36	289	0.889	0.934	6.385E-01	5.802E-01	9.766E-02	2.952E-01	49	AF-B2VCA5-F1-model_v6 ATP synthase gamma chain
MC25_sitophilus_oryzae_2	AF-A5PKN5-F1-model_v6	0.009	327	36	673	1.000	0.484	6.676E-01	6.556E-01	4.922E-02	2.952E-01	54	AF-A5PKN5-F1-model_v6 Chaperonin-containing T-complex member BBS12
MC25_sitophilus_oryzae_2	AF-B0VBP4-F1-model_v6	0.003	270	36	289	0.889	0.934	6.366E-01	5.779E-01	9.861E-02	2.952E-01	49	AF-B0VBP4-F1-model_v6 ATP synthase gamma chain
MC25_sitophilus_oryzae_2	AF-Q1R4K1-F1-model_v6	0.003	268	36	287	0.889	0.934	6.381E-01	5.792E-01	9.823E-02	2.952E-01	49	AF-Q1R4K1-F1-model_v6 ATP synthase gamma chain
MC25_sitophilus_oryzae_2	AF-Q8E8B9-F1-model_v6	0.007	268	36	286	0.889	0.937	6.376E-01	5.782E-01	9.833E-02	2.952E-01	49	AF-Q8E8B9-F1-model_v6 ATP synthase gamma chain
MC25_sitophilus_oryzae_2	AF-B1X9W1-F1-model_v6	0.003	268	36	287	0.889	0.934	6.379E-01	5.794E-01	9.825E-02	2.952E-01	49	AF-B1X9W1-F1-model_v6 ATP synthase gamma chain
MC25_sitophilus_oryzae_2	AF-Q8X638-F1-model_v6	0.030	66	36	670	1.000	0.096	6.412E-01	6.285E-01	4.720E-02	2.951E-01	54	AF-Q8X638-F1-model_v6 Uncharacterized transporter YdhK
MC25_sitophilus_oryzae_2	AF-A4WE04-F1-model_v6	0.010	182	36	290	1.000	0.610	5.800E-01	5.684E-01	9.405E-02	2.951E-01	49	AF-A4WE04-F1-model_v6 Phosphatidylglycerol--prolipoprotein diacylglyceryl transferase
MC25_sitophilus_oryzae_2	AF-A9R5U0-F1-model_v6	0.003	268	36	287	0.917	0.930	6.262E-01	5.795E-01	9.862E-02	2.951E-01	49	AF-A9R5U0-F1-model_v6 ATP synthase gamma chain
MC25_sitophilus_oryzae_2	AF-A7X319-F1-model_v6	0.076	39	36	158	0.944	0.209	5.674E-01	5.250E-01	1.523E-01	2.951E-01	44	AF-A7X319-F1-model_v6 Transcription elongation factor GreA
MC25_sitophilus_oryzae_2	AF-B5BBE0-F1-model_v6	0.078	38	36	384	0.944	0.091	6.354E-01	5.960E-01	7.330E-02	2.951E-01	51	AF-B5BBE0-F1-model_v6 Glucans biosynthesis protein C
MC25_sitophilus_oryzae_2	AF-A7ZTU5-F1-model_v6	0.003	268	36	287	0.889	0.934	6.392E-01	5.803E-01	9.829E-02	2.951E-01	49	AF-A7ZTU5-F1-model_v6 ATP synthase gamma chain
MC25_sitophilus_oryzae_2	AF-Q393V1-F1-model_v6	0.027	108	36	328	0.889	0.329	6.524E-01	5.936E-01	8.902E-02	2.951E-01	50	AF-Q393V1-F1-model_v6 Malate dehydrogenase
MC25_sitophilus_oryzae_2	AF-Q0TAX6-F1-model_v6	0.003	268	36	287	0.889	0.934	6.390E-01	5.801E-01	9.827E-02	2.951E-01	49	AF-Q0TAX6-F1-model_v6 ATP synthase gamma chain
MC25_sitophilus_oryzae_2	AF-B9DNJ3-F1-model_v6	0.076	39	36	160	0.944	0.206	5.705E-01	5.276E-01	1.505E-01	2.951E-01	44	AF-B9DNJ3-F1-model_v6 Transcription elongation factor GreA
MC25_sitophilus_oryzae_2	AF-Q1QYD9-F1-model_v6	0.006	162	36	237	1.000	0.679	5.890E-01	5.800E-01	1.275E-01	2.951E-01	46	AF-Q1QYD9-F1-model_v6 ATP-dependent dethiobiotin synthetase BioD
MC25_sitophilus_oryzae_2	AF-P0DMK3-F1-model_v6	0.009	203	36	203	0.917	0.995	5.930E-01	5.498E-01	1.315E-01	2.951E-01	46	AF-P0DMK3-F1-model_v6 Dephospho-CoA kinase
MC25_sitophilus_oryzae_2	AF-Q0T5Z5-F1-model_v6	0.078	38	36	385	0.944	0.091	6.338E-01	5.945E-01	7.293E-02	2.951E-01	51	AF-Q0T5Z5-F1-model_v6 Glucans biosynthesis protein C
MC25_sitophilus_oryzae_2	AF-Q3YY32-F1-model_v6	0.010	183	36	291	1.000	0.608	5.850E-01	5.729E-01	9.198E-02	2.950E-01	50	AF-Q3YY32-F1-model_v6 Phosphatidylglycerol--prolipoprotein diacylglyceryl transferase
MC25_sitophilus_oryzae_2	AF-B8FVH4-F1-model_v6	0.085	47	36	237	0.972	0.198	5.813E-01	5.627E-01	1.248E-01	2.950E-01	46	AF-B8FVH4-F1-model_v6 N-(5'-phosphoribosyl)anthranilate isomerase
MC25_sitophilus_oryzae_2	AF-A3M143-F1-model_v6	0.003	270	36	289	0.889	0.934	6.358E-01	5.774E-01	9.859E-02	2.950E-01	49	AF-A3M143-F1-model_v6 ATP synthase gamma chain
MC25_sitophilus_oryzae_2	AF-Q730F5-F1-model_v6	0.051	39	36	158	0.944	0.209	5.669E-01	5.238E-01	1.504E-01	2.950E-01	44	AF-Q730F5-F1-model_v6 Transcription elongation factor GreA
MC25_sitophilus_oryzae_2	AF-P67560-F1-model_v6	0.078	38	36	385	0.944	0.091	6.345E-01	5.952E-01	7.305E-02	2.950E-01	51	AF-P67560-F1-model_v6 Glucans biosynthesis protein C
MC25_sitophilus_oryzae_2	AF-C4ZRY8-F1-model_v6	0.078	38	36	385	0.944	0.091	6.332E-01	5.939E-01	7.291E-02	2.949E-01	51	AF-C4ZRY8-F1-model_v6 Glucans biosynthesis protein C
MC25_sitophilus_oryzae_2	AF-A9KX07-F1-model_v6	0.027	37	36	286	0.889	0.115	6.379E-01	5.705E-01	8.885E-02	2.949E-01	50	AF-A9KX07-F1-model_v6 ATP synthase gamma chain
MC25_sitophilus_oryzae_2	AF-B4TUM0-F1-model_v6	0.005	184	36	291	1.000	0.608	5.845E-01	5.721E-01	9.004E-02	2.949E-01	50	AF-B4TUM0-F1-model_v6 Phosphatidylglycerol--prolipoprotein diacylglyceryl transferase
MC25_sitophilus_oryzae_2	AF-B8IZM4-F1-model_v6	0.000	45	36	162	1.000	0.228	5.408E-01	5.310E-01	1.516E-01	2.949E-01	44	AF-B8IZM4-F1-model_v6 Transcription elongation factor GreA
MC25_sitophilus_oryzae_2	AF-Q5X0P2-F1-model_v6	0.000	269	36	288	0.917	0.931	6.263E-01	5.777E-01	9.770E-02	2.949E-01	49	AF-Q5X0P2-F1-model_v6 ATP synthase gamma chain
MC25_sitophilus_oryzae_2	AF-Q9SUP6-F1-model_v6	0.014	69	36	324	0.944	0.198	6.286E-01	5.916E-01	8.339E-02	2.949E-01	50	AF-Q9SUP6-F1-model_v6 Probable WRKY transcription factor 53
MC25_sitophilus_oryzae_2	AF-Q87E89-F1-model_v6	0.003	269	36	287	0.917	0.937	6.277E-01	5.822E-01	1.000E-01	2.949E-01	49	AF-Q87E89-F1-model_v6 ATP synthase gamma chain
MC25_sitophilus_oryzae_2	AF-Q817Z6-F1-model_v6	0.051	39	36	158	0.944	0.209	5.664E-01	5.233E-01	1.503E-01	2.948E-01	44	AF-Q817Z6-F1-model_v6 Transcription elongation factor GreA
MC25_sitophilus_oryzae_2	AF-Q8Z9S5-F1-model_v6	0.003	268	36	287	0.917	0.930	6.269E-01	5.800E-01	9.863E-02	2.948E-01	49	AF-Q8Z9S5-F1-model_v6 ATP synthase gamma chain
MC25_sitophilus_oryzae_2	AF-A9N2L8-F1-model_v6	0.005	182	36	291	1.000	0.608	5.785E-01	5.664E-01	9.368E-02	2.948E-01	49	AF-A9N2L8-F1-model_v6 Phosphatidylglycerol--prolipoprotein diacylglyceryl transferase
MC25_sitophilus_oryzae_2	AF-A4VW76-F1-model_v6	0.014	137	36	165	0.917	0.824	5.775E-01	5.392E-01	1.598E-01	2.948E-01	43	AF-A4VW76-F1-model_v6 Endoribonuclease YbeY
MC25_sitophilus_oryzae_2	AF-B4SBF9-F1-model_v6	0.075	40	36	159	0.944	0.208	5.708E-01	5.270E-01	1.483E-01	2.948E-01	44	AF-B4SBF9-F1-model_v6 Transcription elongation factor GreA
MC25_sitophilus_oryzae_2	AF-Q5HG57-F1-model_v6	0.014	69	36	327	0.889	0.211	6.634E-01	6.049E-01	8.968E-02	2.948E-01	50	AF-Q5HG57-F1-model_v6 Regulatory protein MsrR
MC25_sitophilus_oryzae_2	AF-Q1I2I6-F1-model_v6	0.081	37	36	286	0.889	0.115	6.340E-01	5.684E-01	8.853E-02	2.948E-01	50	AF-Q1I2I6-F1-model_v6 ATP synthase gamma chain
MC25_sitophilus_oryzae_2	AF-B1JFU2-F1-model_v6	0.081	37	36	286	0.889	0.115	6.333E-01	5.663E-01	8.866E-02	2.947E-01	50	AF-B1JFU2-F1-model_v6 ATP synthase gamma chain
MC25_sitophilus_oryzae_2	AF-A1AF40-F1-model_v6	0.025	40	36	291	0.833	0.137	6.806E-01	6.024E-01	9.702E-02	2.947E-01	49	AF-A1AF40-F1-model_v6 Phosphatidylglycerol--prolipoprotein diacylglyceryl transferase
MC25_sitophilus_oryzae_2	AF-A0A0D1BUI1-F1-model_v6	0.018	108	36	300	0.972	0.357	6.141E-01	5.928E-01	1.009E-01	2.947E-01	49	AF-A0A0D1BUI1-F1-model_v6 Fatty acid hydroxylase uhd1
MC25_sitophilus_oryzae_2	AF-Q98QI3-F1-model_v6	0.024	82	36	149	0.889	0.517	5.724E-01	5.172E-01	1.536E-01	2.947E-01	44	AF-Q98QI3-F1-model_v6 Endoribonuclease YbeY
MC25_sitophilus_oryzae_2	AF-Q5WSG7-F1-model_v6	0.000	269	36	288	0.917	0.931	6.267E-01	5.782E-01	9.779E-02	2.947E-01	49	AF-Q5WSG7-F1-model_v6 ATP synthase gamma chain
MC25_sitophilus_oryzae_2	AF-Q5KWV4-F1-model_v6	0.051	39	36	158	0.944	0.209	5.670E-01	5.240E-01	1.504E-01	2.946E-01	44	AF-Q5KWV4-F1-model_v6 Transcription elongation factor GreA
MC25_sitophilus_oryzae_2	AF-B3PHH8-F1-model_v6	0.000	44	36	151	0.722	0.291	6.284E-01	5.119E-01	1.516E-01	2.946E-01	44	AF-B3PHH8-F1-model_v6 UPF0178 protein CJA_1978
MC25_sitophilus_oryzae_2	AF-A7GT58-F1-model_v6	0.051	39	36	158	0.944	0.209	5.659E-01	5.229E-01	1.503E-01	2.946E-01	44	AF-A7GT58-F1-model_v6 Transcription elongation factor GreA
MC25_sitophilus_oryzae_2	AF-Q7VIU4-F1-model_v6	0.019	105	36	292	1.000	0.356	6.032E-01	5.923E-01	1.022E-01	2.945E-01	48	AF-Q7VIU4-F1-model_v6 Phosphatidylglycerol--prolipoprotein diacylglyceryl transferase
MC25_sitophilus_oryzae_2	AF-Q56195-F1-model_v6	0.005	189	36	385	0.972	0.488	6.282E-01	6.066E-01	7.958E-02	2.945E-01	51	AF-Q56195-F1-model_v6 Acetoin utilization protein AcuC
MC25_sitophilus_oryzae_2	AF-Q3AGV6-F1-model_v6	0.024	41	36	166	0.806	0.247	6.090E-01	5.155E-01	1.450E-01	2.945E-01	44	AF-Q3AGV6-F1-model_v6 Endoribonuclease YbeY
MC25_sitophilus_oryzae_2	AF-A4IR71-F1-model_v6	0.051	39	36	158	0.944	0.209	5.663E-01	5.234E-01	1.503E-01	2.945E-01	44	AF-A4IR71-F1-model_v6 Transcription elongation factor GreA
MC25_sitophilus_oryzae_2	AF-A7Z726-F1-model_v6	0.025	39	36	157	0.944	0.210	5.657E-01	5.229E-01	1.512E-01	2.945E-01	44	AF-A7Z726-F1-model_v6 Transcription elongation factor GreA
MC25_sitophilus_oryzae_2	AF-A0QHG7-F1-model_v6	0.004	233	36	440	0.833	0.530	7.066E-01	6.167E-01	6.518E-02	2.945E-01	52	AF-A0QHG7-F1-model_v6 Phosphatidylglycerol--prolipoprotein diacylglyceryl transferase
MC25_sitophilus_oryzae_2	AF-Q92Q15-F1-model_v6	0.022	89	36	472	0.833	0.189	7.140E-01	6.169E-01	6.000E-02	2.945E-01	52	AF-Q92Q15-F1-model_v6 Methylenetetrahydrofolate--tRNA-(uracil-5-)-methyltransferase TrmFO
MC25_sitophilus_oryzae_2	AF-Q4ZL23-F1-model_v6	0.000	267	36	286	0.889	0.934	6.363E-01	5.779E-01	9.831E-02	2.945E-01	49	AF-Q4ZL23-F1-model_v6 ATP synthase gamma chain
MC25_sitophilus_oryzae_2	AF-B1I3T1-F1-model_v6	0.018	106	36	309	0.917	0.343	6.509E-01	6.059E-01	9.665E-02	2.945E-01	49	AF-B1I3T1-F1-model_v6 Malate dehydrogenase
MC25_sitophilus_oryzae_2	AF-A4IRP9-F1-model_v6	0.021	187	36	312	0.944	0.593	6.261E-01	5.916E-01	9.179E-02	2.945E-01	49	AF-A4IRP9-F1-model_v6 Malate dehydrogenase
MC25_sitophilus_oryzae_2	AF-B5E9T0-F1-model_v6	0.017	230	36	233	0.861	0.979	6.270E-01	5.506E-01	1.085E-01	2.944E-01	48	AF-B5E9T0-F1-model_v6 Cytidylate kinase
MC25_sitophilus_oryzae_2	AF-P21301-F1-model_v6	0.044	45	36	386	1.000	0.106	6.161E-01	6.039E-01	7.504E-02	2.944E-01	51	AF-P21301-F1-model_v6 NADH-ubiquinone oxidoreductase 49 kDa subunit homolog
MC25_sitophilus_oryzae_2	AF-Q2NQ87-F1-model_v6	0.003	268	36	287	0.917	0.930	6.267E-01	5.799E-01	9.865E-02	2.944E-01	49	AF-Q2NQ87-F1-model_v6 ATP synthase gamma chain
MC25_sitophilus_oryzae_2	AF-B5FL16-F1-model_v6	0.078	38	36	384	0.944	0.091	6.286E-01	5.901E-01	7.341E-02	2.944E-01	51	AF-B5FL16-F1-model_v6 Glucans biosynthesis protein C
MC25_sitophilus_oryzae_2	AF-B9IYE4-F1-model_v6	0.051	39	36	158	0.944	0.209	5.657E-01	5.228E-01	1.503E-01	2.944E-01	44	AF-B9IYE4-F1-model_v6 Transcription elongation factor GreA
MC25_sitophilus_oryzae_2	AF-B4SJS0-F1-model_v6	0.003	269	36	287	0.917	0.937	6.272E-01	5.818E-01	9.997E-02	2.944E-01	49	AF-B4SJS0-F1-model_v6 ATP synthase gamma chain
MC25_sitophilus_oryzae_2	AF-Q87EB7-F1-model_v6	0.000	46	36	158	1.000	0.234	5.394E-01	5.293E-01	1.524E-01	2.944E-01	44	AF-Q87EB7-F1-model_v6 Transcription elongation factor GreA
MC25_sitophilus_oryzae_2	AF-Q8ZQ27-F1-model_v6	0.078	38	36	384	0.944	0.091	6.338E-01	5.948E-01	7.326E-02	2.944E-01	51	AF-Q8ZQ27-F1-model_v6 Glucans biosynthesis protein C
MC25_sitophilus_oryzae_2	AF-Q8EPT6-F1-model_v6	0.051	39	36	158	0.944	0.209	5.657E-01	5.222E-01	1.504E-01	2.944E-01	44	AF-Q8EPT6-F1-model_v6 Transcription elongation factor GreA
MC25_sitophilus_oryzae_2	AF-Q0TE04-F1-model_v6	0.010	182	36	291	1.000	0.608	5.805E-01	5.690E-01	9.387E-02	2.943E-01	49	AF-Q0TE04-F1-model_v6 Phosphatidylglycerol--prolipoprotein diacylglyceryl transferase
MC25_sitophilus_oryzae_2	AF-A1AS07-F1-model_v6	0.050	40	36	158	0.944	0.209	5.690E-01	5.257E-01	1.491E-01	2.943E-01	44	AF-A1AS07-F1-model_v6 Transcription elongation factor GreA
MC25_sitophilus_oryzae_2	AF-Q0HPG0-F1-model_v6	0.027	37	36	286	0.889	0.115	6.369E-01	5.696E-01	8.878E-02	2.943E-01	50	AF-Q0HPG0-F1-model_v6 ATP synthase gamma chain
MC25_sitophilus_oryzae_2	AF-Q6GH43-F1-model_v6	0.014	69	36	327	0.889	0.211	6.639E-01	6.054E-01	8.971E-02	2.943E-01	50	AF-Q6GH43-F1-model_v6 Regulatory protein MsrR
MC25_sitophilus_oryzae_2	AF-A1BJF4-F1-model_v6	0.000	270	36	291	0.917	0.924	6.255E-01	5.781E-01	9.657E-02	2.943E-01	49	AF-A1BJF4-F1-model_v6 ATP synthase gamma chain
MC25_sitophilus_oryzae_2	AF-P9WHH0-F1-model_v6	0.009	221	36	335	0.889	0.660	6.738E-01	6.192E-01	8.840E-02	2.943E-01	50	AF-P9WHH0-F1-model_v6 Thioredoxin reductase
MC25_sitophilus_oryzae_2	AF-B4T4Z4-F1-model_v6	0.005	182	36	291	1.000	0.608	5.780E-01	5.659E-01	9.373E-02	2.943E-01	49	AF-B4T4Z4-F1-model_v6 Phosphatidylglycerol--prolipoprotein diacylglyceryl transferase
MC25_sitophilus_oryzae_2	AF-Q07VU3-F1-model_v6	0.003	267	36	286	0.917	0.930	6.272E-01	5.788E-01	9.852E-02	2.942E-01	49	AF-Q07VU3-F1-model_v6 ATP synthase gamma chain
MC25_sitophilus_oryzae_2	AF-B6EHG5-F1-model_v6	0.000	37	36	288	0.889	0.115	6.309E-01	5.653E-01	8.811E-02	2.942E-01	50	AF-B6EHG5-F1-model_v6 ATP synthase gamma chain
MC25_sitophilus_oryzae_2	AF-Q0HD78-F1-model_v6	0.027	37	36	286	0.889	0.115	6.366E-01	5.694E-01	8.878E-02	2.942E-01	50	AF-Q0HD78-F1-model_v6 ATP synthase gamma chain
MC25_sitophilus_oryzae_2	AF-Q6FZ57-F1-model_v6	0.076	39	36	157	0.944	0.210	5.667E-01	5.238E-01	1.512E-01	2.942E-01	44	AF-Q6FZ57-F1-model_v6 Transcription elongation factor GreA
MC25_sitophilus_oryzae_2	AF-A9N586-F1-model_v6	0.024	165	36	325	0.972	0.492	6.047E-01	5.793E-01	8.322E-02	2.942E-01	50	AF-A9N586-F1-model_v6 NADH-quinone oxidoreductase subunit H
MC25_sitophilus_oryzae_2	AF-P60958-F1-model_v6	0.005	184	36	291	1.000	0.608	5.790E-01	5.668E-01	9.021E-02	2.941E-01	49	AF-P60958-F1-model_v6 Phosphatidylglycerol--prolipoprotein diacylglyceryl transferase
MC25_sitophilus_oryzae_2	AF-P60959-F1-model_v6	0.005	184	36	291	1.000	0.608	5.787E-01	5.665E-01	9.022E-02	2.941E-01	49	AF-P60959-F1-model_v6 Phosphatidylglycerol--prolipoprotein diacylglyceryl transferase
MC25_sitophilus_oryzae_2	AF-C4ZUC5-F1-model_v6	0.024	165	36	325	0.972	0.492	6.044E-01	5.792E-01	8.325E-02	2.941E-01	50	AF-C4ZUC5-F1-model_v6 NADH-quinone oxidoreductase subunit H
MC25_sitophilus_oryzae_2	AF-B4TSR0-F1-model_v6	0.078	38	36	384	0.944	0.091	6.334E-01	5.942E-01	7.312E-02	2.941E-01	51	AF-B4TSR0-F1-model_v6 Glucans biosynthesis protein C
MC25_sitophilus_oryzae_2	AF-Q81LK9-F1-model_v6	0.051	39	36	158	0.944	0.209	5.651E-01	5.220E-01	1.502E-01	2.941E-01	44	AF-Q81LK9-F1-model_v6 Transcription elongation factor GreA
MC25_sitophilus_oryzae_2	AF-Q9PE84-F1-model_v6	0.003	269	36	287	0.917	0.937	6.271E-01	5.817E-01	9.999E-02	2.941E-01	49	AF-Q9PE84-F1-model_v6 ATP synthase gamma chain
MC25_sitophilus_oryzae_2	AF-Q9M2H7-F1-model_v6	0.037	53	36	395	0.917	0.134	6.495E-01	6.001E-01	7.514E-02	2.941E-01	51	AF-Q9M2H7-F1-model_v6 Protein PELOTA 2
MC25_sitophilus_oryzae_2	AF-P64278-F1-model_v6	0.025	39	36	160	0.944	0.206	5.666E-01	5.234E-01	1.486E-01	2.941E-01	44	AF-P64278-F1-model_v6 Transcription elongation factor GreA
MC25_sitophilus_oryzae_2	AF-B9MRS0-F1-model_v6	0.000	131	36	158	0.833	0.816	5.952E-01	5.182E-01	1.469E-01	2.941E-01	44	AF-B9MRS0-F1-model_v6 Endoribonuclease YbeY
MC25_sitophilus_oryzae_2	AF-P12754-F1-model_v6	0.045	66	36	651	0.944	0.100	6.822E-01	6.436E-01	4.834E-02	2.941E-01	54	AF-P12754-F1-model_v6 Translation initiation factor eIF2B subunit delta
MC25_sitophilus_oryzae_2	AF-Q5ZHP5-F1-model_v6	0.048	41	36	227	0.944	0.159	6.024E-01	5.707E-01	1.173E-01	2.940E-01	47	AF-Q5ZHP5-F1-model_v6 Charged multivesicular body protein 4b
MC25_sitophilus_oryzae_2	AF-Q46646-F1-model_v6	0.025	39	36	217	0.778	0.180	6.612E-01	5.486E-01	1.160E-01	2.940E-01	47	AF-Q46646-F1-model_v6 Harpin secretion protein HrcR
MC25_sitophilus_oryzae_2	AF-P44434-F1-model_v6	0.055	36	36	221	0.917	0.149	5.939E-01	5.465E-01	1.152E-01	2.940E-01	47	AF-P44434-F1-model_v6 Histidine biosynthesis bifunctional protein HisIE
MC25_sitophilus_oryzae_2	AF-Q5SHD6-F1-model_v6	0.028	106	36	126	0.944	0.754	5.162E-01	4.815E-01	1.587E-01	2.940E-01	43	AF-Q5SHD6-F1-model_v6 Methylglyoxal synthase
MC25_sitophilus_oryzae_2	AF-Q9KDD7-F1-model_v6	0.025	39	36	158	0.944	0.209	5.652E-01	5.224E-01	1.502E-01	2.940E-01	44	AF-Q9KDD7-F1-model_v6 Transcription elongation factor GreA
MC25_sitophilus_oryzae_2	AF-Q12HQ0-F1-model_v6	0.000	37	36	286	0.889	0.115	6.341E-01	5.692E-01	8.872E-02	2.940E-01	50	AF-Q12HQ0-F1-model_v6 ATP synthase gamma chain
MC25_sitophilus_oryzae_2	AF-B9J092-F1-model_v6	0.021	187	36	312	0.944	0.596	6.241E-01	5.930E-01	9.343E-02	2.939E-01	49	AF-B9J092-F1-model_v6 Malate dehydrogenase
MC25_sitophilus_oryzae_2	AF-Q7VRM7-F1-model_v6	0.001	100	36	314	1.000	0.306	5.831E-01	5.712E-01	8.891E-02	2.939E-01	50	AF-Q7VRM7-F1-model_v6 Magnesium transport protein CorA
MC25_sitophilus_oryzae_2	AF-B5BFG7-F1-model_v6	0.005	184	36	291	1.000	0.608	5.789E-01	5.667E-01	9.030E-02	2.939E-01	49	AF-B5BFG7-F1-model_v6 Phosphatidylglycerol--prolipoprotein diacylglyceryl transferase
MC25_sitophilus_oryzae_2	AF-Q63VS6-F1-model_v6	0.000	128	36	130	1.000	0.931	5.080E-01	4.986E-01	1.778E-01	2.939E-01	41	AF-Q63VS6-F1-model_v6 Methylglyoxal synthase
MC25_sitophilus_oryzae_2	AF-P0A5J7-F1-model_v6	0.018	108	36	329	0.889	0.328	6.612E-01	6.036E-01	8.965E-02	2.939E-01	49	AF-P0A5J7-F1-model_v6 Malate dehydrogenase
MC25_sitophilus_oryzae_2	AF-Q3K440-F1-model_v6	0.054	37	36	286	0.889	0.115	6.321E-01	5.647E-01	8.848E-02	2.939E-01	50	AF-Q3K440-F1-model_v6 ATP synthase gamma chain
MC25_sitophilus_oryzae_2	AF-B4TGQ7-F1-model_v6	0.005	184	36	291	1.000	0.608	5.783E-01	5.662E-01	9.026E-02	2.939E-01	49	AF-B4TGQ7-F1-model_v6 Phosphatidylglycerol--prolipoprotein diacylglyceryl transferase
MC25_sitophilus_oryzae_2	AF-B7HFA6-F1-model_v6	0.021	187	36	312	0.944	0.596	6.239E-01	5.930E-01	9.343E-02	2.939E-01	49	AF-B7HFA6-F1-model_v6 Malate dehydrogenase
MC25_sitophilus_oryzae_2	AF-Q2RV19-F1-model_v6	0.000	281	36	299	0.917	0.940	6.255E-01	5.810E-01	9.606E-02	2.939E-01	49	AF-Q2RV19-F1-model_v6 ATP synthase gamma chain
MC25_sitophilus_oryzae_2	AF-B6I9C4-F1-model_v6	0.078	38	36	385	0.944	0.091	6.320E-01	5.930E-01	7.307E-02	2.939E-01	51	AF-B6I9C4-F1-model_v6 Glucans biosynthesis protein C
MC25_sitophilus_oryzae_2	AF-Q5PEN5-F1-model_v6	0.005	183	36	291	1.000	0.608	5.797E-01	5.677E-01	9.159E-02	2.939E-01	49	AF-Q5PEN5-F1-model_v6 Phosphatidylglycerol--prolipoprotein diacylglyceryl transferase
MC25_sitophilus_oryzae_2	AF-B4EAW5-F1-model_v6	0.024	164	36	445	0.917	0.369	6.510E-01	6.008E-01	6.846E-02	2.938E-01	52	AF-B4EAW5-F1-model_v6 GTPase Der
MC25_sitophilus_oryzae_2	AF-P0AC98-F1-model_v6	0.027	73	36	188	1.000	0.372	5.659E-01	5.564E-01	1.473E-01	2.938E-01	44	AF-P0AC98-F1-model_v6 Succinate-acetate/proton symporter SatP
MC25_sitophilus_oryzae_2	AF-Q32DQ7-F1-model_v6	0.024	165	36	325	0.972	0.492	6.037E-01	5.785E-01	8.321E-02	2.938E-01	50	AF-Q32DQ7-F1-model_v6 NADH-quinone oxidoreductase subunit H
MC25_sitophilus_oryzae_2	AF-Q1R7I5-F1-model_v6	0.010	182	36	291	1.000	0.612	5.829E-01	5.714E-01	9.531E-02	2.938E-01	49	AF-Q1R7I5-F1-model_v6 Phosphatidylglycerol--prolipoprotein diacylglyceryl transferase
MC25_sitophilus_oryzae_2	AF-B1LR25-F1-model_v6	0.050	40	36	291	0.833	0.137	6.782E-01	6.016E-01	9.710E-02	2.938E-01	49	AF-B1LR25-F1-model_v6 Phosphatidylglycerol--prolipoprotein diacylglyceryl transferase
MC25_sitophilus_oryzae_2	AF-Q9PKE2-F1-model_v6	0.051	39	36	274	0.833	0.142	6.700E-01	5.928E-01	1.022E-01	2.938E-01	48	AF-Q9PKE2-F1-model_v6 Phosphatidylglycerol--prolipoprotein diacylglyceryl transferase
MC25_sitophilus_oryzae_2	AF-B7M5W1-F1-model_v6	0.024	165	36	325	0.972	0.492	6.038E-01	5.785E-01	8.319E-02	2.938E-01	50	AF-B7M5W1-F1-model_v6 NADH-quinone oxidoreductase subunit H
MC25_sitophilus_oryzae_2	AF-A1RQB1-F1-model_v6	0.000	37	36	286	0.889	0.115	6.367E-01	5.697E-01	8.878E-02	2.938E-01	50	AF-A1RQB1-F1-model_v6 ATP synthase gamma chain
MC25_sitophilus_oryzae_2	AF-Q6VEU3-F1-model_v6	0.102	39	36	252	0.833	0.151	6.552E-01	5.665E-01	1.046E-01	2.938E-01	48	AF-Q6VEU3-F1-model_v6 RNA-binding protein PNO1
MC25_sitophilus_oryzae_2	AF-Q1DQZ5-F1-model_v6	0.105	38	36	255	1.000	0.125	6.244E-01	5.670E-01	1.074E-01	2.938E-01	48	AF-Q1DQZ5-F1-model_v6 Pre-rRNA-processing protein PNO1
MC25_sitophilus_oryzae_2	AF-A8FFL6-F1-model_v6	0.025	39	36	157	0.944	0.210	5.652E-01	5.226E-01	1.512E-01	2.937E-01	44	AF-A8FFL6-F1-model_v6 Transcription elongation factor GreA
MC25_sitophilus_oryzae_2	AF-C3K1E7-F1-model_v6	0.054	37	36	286	0.889	0.115	6.321E-01	5.648E-01	8.847E-02	2.937E-01	50	AF-C3K1E7-F1-model_v6 ATP synthase gamma chain
MC25_sitophilus_oryzae_2	AF-A0AIU5-F1-model_v6	0.025	39	36	160	0.944	0.206	5.659E-01	5.228E-01	1.486E-01	2.937E-01	44	AF-A0AIU5-F1-model_v6 Transcription elongation factor GreA
MC25_sitophilus_oryzae_2	AF-B0U568-F1-model_v6	0.000	45	36	158	0.972	0.234	5.451E-01	5.251E-01	1.513E-01	2.937E-01	44	AF-B0U568-F1-model_v6 Transcription elongation factor GreA
MC25_sitophilus_oryzae_2	AF-Q98HW8-F1-model_v6	0.009	110	36	286	1.000	0.374	6.061E-01	5.953E-01	1.023E-01	2.937E-01	48	AF-Q98HW8-F1-model_v6 Phosphatidylglycerol--prolipoprotein diacylglyceryl transferase
MC25_sitophilus_oryzae_2	AF-P64277-F1-model_v6	0.025	39	36	160	0.944	0.206	5.662E-01	5.233E-01	1.486E-01	2.937E-01	44	AF-P64277-F1-model_v6 Transcription elongation factor GreA
MC25_sitophilus_oryzae_2	AF-C1KVE3-F1-model_v6	0.025	39	36	160	0.944	0.206	5.658E-01	5.225E-01	1.486E-01	2.936E-01	44	AF-C1KVE3-F1-model_v6 Transcription elongation factor GreA
MC25_sitophilus_oryzae_2	AF-Q9H307-F1-model_v6	0.038	52	36	717	0.861	0.073	7.113E-01	6.256E-01	4.125E-02	2.936E-01	54	AF-Q9H307-F1-model_v6 Pinin
MC25_sitophilus_oryzae_2	AF-A7FZA6-F1-model_v6	0.051	39	36	160	0.944	0.206	5.663E-01	5.231E-01	1.502E-01	2.936E-01	44	AF-A7FZA6-F1-model_v6 Transcription elongation factor GreA
MC25_sitophilus_oryzae_2	AF-Q0SSQ8-F1-model_v6	0.026	38	36	214	0.833	0.178	6.428E-01	5.666E-01	1.258E-01	2.936E-01	46	AF-Q0SSQ8-F1-model_v6 Putative AgrB-like protein
MC25_sitophilus_oryzae_2	AF-Q31G65-F1-model_v6	0.076	52	36	420	0.972	0.121	6.237E-01	6.007E-01	7.330E-02	2.936E-01	51	AF-Q31G65-F1-model_v6 tRNA(Ile)-lysidine synthase
MC25_sitophilus_oryzae_2	AF-B2I844-F1-model_v6	0.000	45	36	158	0.972	0.234	5.452E-01	5.252E-01	1.513E-01	2.936E-01	44	AF-B2I844-F1-model_v6 Transcription elongation factor GreA
MC25_sitophilus_oryzae_2	AF-B2VIV9-F1-model_v6	0.030	165	36	325	0.972	0.492	6.041E-01	5.788E-01	8.318E-02	2.936E-01	50	AF-B2VIV9-F1-model_v6 NADH-quinone oxidoreductase subunit H
MC25_sitophilus_oryzae_2	AF-B8DE15-F1-model_v6	0.025	39	36	160	0.944	0.206	5.655E-01	5.222E-01	1.486E-01	2.935E-01	44	AF-B8DE15-F1-model_v6 Transcription elongation factor GreA
MC25_sitophilus_oryzae_2	AF-Q7A0Y4-F1-model_v6	0.014	69	36	327	0.889	0.211	6.614E-01	6.034E-01	8.965E-02	2.935E-01	49	AF-Q7A0Y4-F1-model_v6 Regulatory protein MsrR
MC25_sitophilus_oryzae_2	AF-A3N7G3-F1-model_v6	0.000	128	36	130	1.000	0.931	5.055E-01	4.978E-01	1.777E-01	2.935E-01	41	AF-A3N7G3-F1-model_v6 Methylglyoxal synthase
MC25_sitophilus_oryzae_2	AF-Q9HG12-F1-model_v6	0.090	33	36	228	0.833	0.145	6.445E-01	5.694E-01	1.183E-01	2.934E-01	47	AF-Q9HG12-F1-model_v6 Mating-type protein A1
MC25_sitophilus_oryzae_2	AF-B2TYR3-F1-model_v6	0.010	182	36	291	1.000	0.612	5.824E-01	5.709E-01	9.525E-02	2.934E-01	49	AF-B2TYR3-F1-model_v6 Phosphatidylglycerol--prolipoprotein diacylglyceryl transferase
MC25_sitophilus_oryzae_2	AF-Q8Z7D5-F1-model_v6	0.009	206	36	291	0.889	0.708	6.444E-01	5.845E-01	9.786E-02	2.934E-01	49	AF-Q8Z7D5-F1-model_v6 Ribosomal large subunit pseudouridine synthase B
MC25_sitophilus_oryzae_2	AF-A9MS81-F1-model_v6	0.005	184	36	291	1.000	0.608	5.779E-01	5.658E-01	9.015E-02	2.934E-01	49	AF-A9MS81-F1-model_v6 Phosphatidylglycerol--prolipoprotein diacylglyceryl transferase
MC25_sitophilus_oryzae_2	AF-Q65GT4-F1-model_v6	0.025	39	36	158	0.944	0.209	5.645E-01	5.218E-01	1.502E-01	2.934E-01	44	AF-Q65GT4-F1-model_v6 Transcription elongation factor GreA
MC25_sitophilus_oryzae_2	AF-P38358-F1-model_v6	0.006	150	36	474	1.000	0.316	6.356E-01	6.244E-01	6.960E-02	2.934E-01	51	AF-P38358-F1-model_v6 Vacuolar basic amino acid transporter 2
MC25_sitophilus_oryzae_2	AF-O34502-F1-model_v6	0.010	384	36	444	0.972	0.863	6.344E-01	6.101E-01	6.965E-02	2.933E-01	51	AF-O34502-F1-model_v6 Uncharacterized MFS-type transporter YvkA
MC25_sitophilus_oryzae_2	AF-A9N5R5-F1-model_v6	0.078	38	36	384	0.944	0.091	6.326E-01	5.938E-01	7.330E-02	2.933E-01	51	AF-A9N5R5-F1-model_v6 Glucans biosynthesis protein C
MC25_sitophilus_oryzae_2	AF-B7N760-F1-model_v6	0.010	182	36	291	1.000	0.612	5.823E-01	5.708E-01	9.526E-02	2.933E-01	49	AF-B7N760-F1-model_v6 Phosphatidylglycerol--prolipoprotein diacylglyceryl transferase
MC25_sitophilus_oryzae_2	AF-A8GUN3-F1-model_v6	0.076	39	36	161	0.944	0.205	5.681E-01	5.249E-01	1.479E-01	2.933E-01	44	AF-A8GUN3-F1-model_v6 Transcription elongation factor GreA
MC25_sitophilus_oryzae_2	AF-Q1QE18-F1-model_v6	0.045	44	36	149	0.722	0.295	6.208E-01	5.122E-01	1.534E-01	2.933E-01	43	AF-Q1QE18-F1-model_v6 UPF0178 protein Pcryo_0301
MC25_sitophilus_oryzae_2	AF-B4UCU9-F1-model_v6	0.051	39	36	166	0.944	0.199	5.699E-01	5.253E-01	1.437E-01	2.932E-01	44	AF-B4UCU9-F1-model_v6 Transcription elongation factor GreA
MC25_sitophilus_oryzae_2	AF-Q6LLG7-F1-model_v6	0.003	269	36	288	0.917	0.931	6.260E-01	5.780E-01	9.790E-02	2.932E-01	49	AF-Q6LLG7-F1-model_v6 ATP synthase gamma chain 1
MC25_sitophilus_oryzae_2	AF-P9WG85-F1-model_v6	0.027	143	36	687	1.000	0.208	6.612E-01	6.496E-01	4.925E-02	2.932E-01	53	AF-P9WG85-F1-model_v6 Uncharacterized MFS-type transporter Rv1877
MC25_sitophilus_oryzae_2	AF-B7LF05-F1-model_v6	0.010	182	36	291	1.000	0.612	5.824E-01	5.709E-01	9.531E-02	2.932E-01	49	AF-B7LF05-F1-model_v6 Phosphatidylglycerol--prolipoprotein diacylglyceryl transferase
MC25_sitophilus_oryzae_2	AF-Q75UN0-F1-model_v6	0.037	108	36	429	1.000	0.249	6.311E-01	6.196E-01	7.353E-02	2.932E-01	51	AF-Q75UN0-F1-model_v6 Bifunctional F420 biosynthesis protein FbiB
MC25_sitophilus_oryzae_2	AF-P23193-2-F1-model_v6	0.017	57	36	280	1.000	0.179	5.870E-01	5.749E-01	9.411E-02	2.932E-01	49	AF-P23193-2-F1-model_v6 Transcription elongation factor A protein 1
MC25_sitophilus_oryzae_2	AF-B8GJQ9-F1-model_v6	0.052	38	36	334	0.806	0.111	6.907E-01	5.824E-01	7.931E-02	2.932E-01	50	AF-B8GJQ9-F1-model_v6 Transcription initiation factor IIB
MC25_sitophilus_oryzae_2	AF-B3PW55-F1-model_v6	0.022	45	36	143	1.000	0.280	5.268E-01	5.184E-01	1.765E-01	2.932E-01	41	AF-B3PW55-F1-model_v6 Large ribosomal subunit protein uL11
MC25_sitophilus_oryzae_2	AF-O36031-F1-model_v6	0.054	37	36	154	0.861	0.240	5.817E-01	5.284E-01	1.690E-01	2.932E-01	42	AF-O36031-F1-model_v6 Uncharacterized zinc-finger protein C4F10.19c
MC25_sitophilus_oryzae_2	AF-B6HZI8-F1-model_v6	0.026	38	36	174	0.917	0.190	5.682E-01	5.282E-01	1.414E-01	2.932E-01	44	AF-B6HZI8-F1-model_v6 Shikimate kinase 2
MC25_sitophilus_oryzae_2	AF-B5F959-F1-model_v6	0.078	38	36	384	0.944	0.091	6.318E-01	5.930E-01	7.324E-02	2.931E-01	51	AF-B5F959-F1-model_v6 Glucans biosynthesis protein C
MC25_sitophilus_oryzae_2	AF-A9R6L5-F1-model_v6	0.036	165	36	325	0.972	0.492	6.031E-01	5.780E-01	8.316E-02	2.931E-01	50	AF-A9R6L5-F1-model_v6 NADH-quinone oxidoreductase subunit H
MC25_sitophilus_oryzae_2	AF-A2BNE2-F1-model_v6	0.000	37	36	239	0.861	0.146	6.229E-01	5.479E-01	1.066E-01	2.931E-01	48	AF-A2BNE2-F1-model_v6 Protein GrpE
MC25_sitophilus_oryzae_2	AF-A3PA63-F1-model_v6	0.000	37	36	239	0.861	0.146	6.204E-01	5.482E-01	1.066E-01	2.931E-01	48	AF-A3PA63-F1-model_v6 Protein GrpE
MC25_sitophilus_oryzae_2	AF-B5RBF1-F1-model_v6	0.078	38	36	384	0.944	0.091	6.328E-01	5.939E-01	7.330E-02	2.931E-01	51	AF-B5RBF1-F1-model_v6 Glucans biosynthesis protein C
MC25_sitophilus_oryzae_2	AF-Q31DG8-F1-model_v6	0.027	37	36	239	0.861	0.146	6.220E-01	5.483E-01	1.067E-01	2.931E-01	48	AF-Q31DG8-F1-model_v6 Protein GrpE
MC25_sitophilus_oryzae_2	AF-B7MLH4-F1-model_v6	0.010	182	36	291	1.000	0.612	5.822E-01	5.707E-01	9.532E-02	2.931E-01	49	AF-B7MLH4-F1-model_v6 Phosphatidylglycerol--prolipoprotein diacylglyceryl transferase
MC25_sitophilus_oryzae_2	AF-B1IV54-F1-model_v6	0.078	38	36	385	0.944	0.091	6.316E-01	5.927E-01	7.304E-02	2.931E-01	51	AF-B1IV54-F1-model_v6 Glucans biosynthesis protein C
MC25_sitophilus_oryzae_2	AF-Q71ZH4-F1-model_v6	0.025	39	36	160	0.944	0.206	5.648E-01	5.219E-01	1.485E-01	2.931E-01	44	AF-Q71ZH4-F1-model_v6 Transcription elongation factor GreA
MC25_sitophilus_oryzae_2	AF-B9JVM4-F1-model_v6	0.022	44	36	143	1.000	0.280	5.334E-01	5.249E-01	1.791E-01	2.930E-01	41	AF-B9JVM4-F1-model_v6 Large ribosomal subunit protein uL11
MC25_sitophilus_oryzae_2	AF-B1LLN5-F1-model_v6	0.024	165	36	325	0.972	0.492	6.030E-01	5.779E-01	8.321E-02	2.930E-01	50	AF-B1LLN5-F1-model_v6 NADH-quinone oxidoreductase subunit H
MC25_sitophilus_oryzae_2	AF-Q6KI81-F1-model_v6	0.000	267	36	286	0.889	0.930	6.338E-01	5.749E-01	9.613E-02	2.930E-01	49	AF-Q6KI81-F1-model_v6 ATP synthase gamma chain
MC25_sitophilus_oryzae_2	AF-Q60010-F1-model_v6	0.024	165	36	325	0.972	0.492	6.026E-01	5.774E-01	8.312E-02	2.930E-01	50	AF-Q60010-F1-model_v6 NADH-quinone oxidoreductase subunit H
MC25_sitophilus_oryzae_2	AF-B0RWC3-F1-model_v6	0.003	268	36	287	0.889	0.934	6.384E-01	5.805E-01	9.842E-02	2.930E-01	48	AF-B0RWC3-F1-model_v6 ATP synthase gamma chain
MC25_sitophilus_oryzae_2	AF-A4YCH9-F1-model_v6	0.000	37	36	286	0.889	0.115	6.354E-01	5.688E-01	8.875E-02	2.929E-01	49	AF-A4YCH9-F1-model_v6 ATP synthase gamma chain
MC25_sitophilus_oryzae_2	AF-A4VS63-F1-model_v6	0.003	269	36	288	0.889	0.934	6.347E-01	5.768E-01	9.756E-02	2.929E-01	49	AF-A4VS63-F1-model_v6 ATP synthase gamma chain
MC25_sitophilus_oryzae_2	AF-Q57QK9-F1-model_v6	0.078	38	36	384	0.944	0.091	6.317E-01	5.930E-01	7.325E-02	2.929E-01	51	AF-Q57QK9-F1-model_v6 Glucans biosynthesis protein C
MC25_sitophilus_oryzae_2	AF-A6UTD8-F1-model_v6	0.088	45	36	136	0.889	0.324	5.571E-01	5.202E-01	1.888E-01	2.929E-01	40	AF-A6UTD8-F1-model_v6 6,7-dimethyl-8-ribityllumazine synthase
MC25_sitophilus_oryzae_2	AF-Q6G2M7-F1-model_v6	0.075	40	36	157	0.944	0.210	5.654E-01	5.226E-01	1.496E-01	2.929E-01	44	AF-Q6G2M7-F1-model_v6 Transcription elongation factor GreA
MC25_sitophilus_oryzae_2	AF-B3PUK3-F1-model_v6	0.076	39	36	158	0.944	0.209	5.657E-01	5.230E-01	1.503E-01	2.929E-01	44	AF-B3PUK3-F1-model_v6 Transcription elongation factor GreA
MC25_sitophilus_oryzae_2	AF-B1ICT9-F1-model_v6	0.051	39	36	160	0.944	0.206	5.662E-01	5.235E-01	1.487E-01	2.929E-01	44	AF-B1ICT9-F1-model_v6 Transcription elongation factor GreA
MC25_sitophilus_oryzae_2	AF-P75596-F1-model_v6	0.138	36	36	264	0.944	0.114	6.563E-01	5.656E-01	9.625E-02	2.929E-01	49	AF-P75596-F1-model_v6 Uncharacterized protein MPN_096
MC25_sitophilus_oryzae_2	AF-B2FHY9-F1-model_v6	0.003	268	36	287	0.889	0.934	6.359E-01	5.784E-01	9.828E-02	2.929E-01	48	AF-B2FHY9-F1-model_v6 ATP synthase gamma chain
MC25_sitophilus_oryzae_2	AF-B9JDR7-F1-model_v6	0.022	45	36	143	1.000	0.280	5.259E-01	5.176E-01	1.763E-01	2.929E-01	41	AF-B9JDR7-F1-model_v6 Large ribosomal subunit protein uL11
MC25_sitophilus_oryzae_2	AF-Q1RKI0-F1-model_v6	0.076	39	36	162	0.944	0.204	5.679E-01	5.247E-01	1.470E-01	2.928E-01	44	AF-Q1RKI0-F1-model_v6 Transcription elongation factor GreA
MC25_sitophilus_oryzae_2	AF-A6LMS3-F1-model_v6	0.102	39	36	156	0.944	0.212	5.626E-01	5.205E-01	1.534E-01	2.928E-01	43	AF-A6LMS3-F1-model_v6 Transcription elongation factor GreA
MC25_sitophilus_oryzae_2	AF-A6W3S9-F1-model_v6	0.007	267	36	286	0.889	0.934	6.345E-01	5.763E-01	9.838E-02	2.928E-01	48	AF-A6W3S9-F1-model_v6 ATP synthase gamma chain
MC25_sitophilus_oryzae_2	AF-B8X8Z0-F1-model_v6	0.000	65	36	171	1.000	0.339	5.483E-01	5.387E-01	1.480E-01	2.928E-01	44	AF-B8X8Z0-F1-model_v6 Endoribonuclease ToxN
MC25_sitophilus_oryzae_2	AF-P07227-F1-model_v6	0.000	282	36	299	0.917	0.940	6.250E-01	5.787E-01	9.404E-02	2.927E-01	49	AF-P07227-F1-model_v6 ATP synthase gamma chain
MC25_sitophilus_oryzae_2	AF-A6TBW8-F1-model_v6	0.024	165	36	325	0.972	0.492	6.025E-01	5.774E-01	8.316E-02	2.927E-01	50	AF-A6TBW8-F1-model_v6 NADH-quinone oxidoreductase subunit H
MC25_sitophilus_oryzae_2	AF-B9DNX5-F1-model_v6	0.000	163	36	188	0.722	0.867	6.651E-01	5.392E-01	1.269E-01	2.927E-01	46	AF-B9DNX5-F1-model_v6 UPF0398 protein Sca_1081
MC25_sitophilus_oryzae_2	AF-B1JQQ0-F1-model_v6	0.114	61	36	154	1.000	0.331	5.161E-01	5.057E-01	1.453E-01	2.927E-01	44	AF-B1JQQ0-F1-model_v6 Methylglyoxal synthase
MC25_sitophilus_oryzae_2	AF-Q46K52-F1-model_v6	0.007	251	36	467	0.861	0.537	7.037E-01	6.270E-01	6.325E-02	2.927E-01	52	AF-Q46K52-F1-model_v6 Methylenetetrahydrofolate--tRNA-(uracil-5-)-methyltransferase TrmFO
MC25_sitophilus_oryzae_2	AF-B7M921-F1-model_v6	0.078	38	36	385	0.944	0.091	6.313E-01	5.926E-01	7.306E-02	2.927E-01	51	AF-B7M921-F1-model_v6 Glucans biosynthesis protein C
MC25_sitophilus_oryzae_2	AF-B5ZYS3-F1-model_v6	0.022	45	36	143	1.000	0.280	5.250E-01	5.168E-01	1.762E-01	2.927E-01	41	AF-B5ZYS3-F1-model_v6 Large ribosomal subunit protein uL11
MC25_sitophilus_oryzae_2	AF-B2TI25-F1-model_v6	0.025	39	36	160	0.944	0.206	5.644E-01	5.210E-01	1.484E-01	2.927E-01	44	AF-B2TI25-F1-model_v6 Transcription elongation factor GreA
MC25_sitophilus_oryzae_2	AF-P0AFD4-F1-model_v6	0.024	165	36	325	0.972	0.492	6.025E-01	5.774E-01	8.318E-02	2.927E-01	50	AF-P0AFD4-F1-model_v6 NADH-quinone oxidoreductase subunit H
MC25_sitophilus_oryzae_2	AF-B1JRN1-F1-model_v6	0.000	38	36	287	0.889	0.115	6.280E-01	5.615E-01	8.659E-02	2.927E-01	50	AF-B1JRN1-F1-model_v6 ATP synthase gamma chain
MC25_sitophilus_oryzae_2	AF-Q5H4Y5-F1-model_v6	0.003	268	36	287	0.889	0.934	6.369E-01	5.793E-01	9.837E-02	2.927E-01	48	AF-Q5H4Y5-F1-model_v6 ATP synthase gamma chain
MC25_sitophilus_oryzae_2	AF-Q41438-F1-model_v6	0.000	48	36	574	1.000	0.078	6.328E-01	6.210E-01	5.395E-02	2.926E-01	53	AF-Q41438-F1-model_v6 3-hydroxy-3-methylglutaryl-coenzyme A reductase 3
MC25_sitophilus_oryzae_2	AF-B3EL40-F1-model_v6	0.000	274	36	295	0.917	0.929	6.262E-01	5.779E-01	9.674E-02	2.926E-01	49	AF-B3EL40-F1-model_v6 ATP synthase gamma chain
MC25_sitophilus_oryzae_2	AF-B3H2I5-F1-model_v6	0.037	132	36	152	1.000	0.803	5.070E-01	4.967E-01	1.460E-01	2.926E-01	44	AF-B3H2I5-F1-model_v6 Methylglyoxal synthase
MC25_sitophilus_oryzae_2	AF-O64966-F1-model_v6	0.000	48	36	585	1.000	0.077	6.365E-01	6.245E-01	5.295E-02	2.926E-01	53	AF-O64966-F1-model_v6 3-hydroxy-3-methylglutaryl-coenzyme A reductase 1
MC25_sitophilus_oryzae_2	AF-Q646B3-F1-model_v6	0.005	186	36	291	0.889	0.636	6.424E-01	5.804E-01	9.420E-02	2.926E-01	49	AF-Q646B3-F1-model_v6 Taste receptor type 2 member 16
MC25_sitophilus_oryzae_2	AF-B5QY16-F1-model_v6	0.078	38	36	384	0.944	0.091	6.262E-01	5.879E-01	7.346E-02	2.926E-01	51	AF-B5QY16-F1-model_v6 Glucans biosynthesis protein C
MC25_sitophilus_oryzae_2	AF-Q47KU2-F1-model_v6	0.037	53	36	324	0.972	0.164	6.048E-01	5.842E-01	9.482E-02	2.926E-01	49	AF-Q47KU2-F1-model_v6 tRNA(Ile)-lysidine synthase
MC25_sitophilus_oryzae_2	AF-C0Q859-F1-model_v6	0.078	38	36	384	0.944	0.091	6.319E-01	5.931E-01	7.329E-02	2.926E-01	51	AF-C0Q859-F1-model_v6 Glucans biosynthesis protein C
MC25_sitophilus_oryzae_2	AF-Q72ZE5-F1-model_v6	0.021	187	36	312	0.944	0.596	6.199E-01	5.893E-01	9.336E-02	2.926E-01	49	AF-Q72ZE5-F1-model_v6 Malate dehydrogenase
MC25_sitophilus_oryzae_2	AF-Q0T2K5-F1-model_v6	0.024	165	36	325	0.972	0.492	6.024E-01	5.773E-01	8.317E-02	2.926E-01	50	AF-Q0T2K5-F1-model_v6 NADH-quinone oxidoreductase subunit H
MC25_sitophilus_oryzae_2	AF-Q8DP42-F1-model_v6	0.051	39	36	160	0.944	0.206	5.654E-01	5.228E-01	1.486E-01	2.926E-01	44	AF-Q8DP42-F1-model_v6 Transcription elongation factor GreA
MC25_sitophilus_oryzae_2	AF-Q3J5L0-F1-model_v6	0.075	40	36	151	0.944	0.219	5.600E-01	5.184E-01	1.548E-01	2.926E-01	43	AF-Q3J5L0-F1-model_v6 Transcription elongation factor GreA
MC25_sitophilus_oryzae_2	AF-Q54MZ9-F1-model_v6	0.040	75	36	255	0.833	0.294	6.475E-01	5.704E-01	1.082E-01	2.926E-01	47	AF-Q54MZ9-F1-model_v6 Carboxymethylenebutenolidase homolog
MC25_sitophilus_oryzae_2	AF-P37197-F1-model_v6	0.023	127	36	465	0.972	0.273	6.352E-01	6.123E-01	6.846E-02	2.926E-01	51	AF-P37197-F1-model_v6 Cytochrome c peroxidase Ccp
MC25_sitophilus_oryzae_2	AF-B7NL87-F1-model_v6	0.078	38	36	385	0.944	0.091	6.309E-01	5.921E-01	7.301E-02	2.925E-01	51	AF-B7NL87-F1-model_v6 Glucans biosynthesis protein C
MC25_sitophilus_oryzae_2	AF-Q0RP74-F1-model_v6	0.022	88	36	181	0.889	0.459	5.873E-01	5.274E-01	1.287E-01	2.925E-01	45	AF-Q0RP74-F1-model_v6 Endoribonuclease YbeY
MC25_sitophilus_oryzae_2	AF-B2G6W3-F1-model_v6	0.051	58	36	621	0.917	0.093	6.803E-01	6.288E-01	4.958E-02	2.925E-01	53	AF-B2G6W3-F1-model_v6 Chaperone protein DnaK
MC25_sitophilus_oryzae_2	AF-C1CLL5-F1-model_v6	0.050	40	36	160	0.944	0.206	5.661E-01	5.233E-01	1.471E-01	2.925E-01	44	AF-C1CLL5-F1-model_v6 Transcription elongation factor GreA
MC25_sitophilus_oryzae_2	AF-Q46901-F1-model_v6	0.019	102	36	502	1.000	0.201	6.300E-01	6.183E-01	6.335E-02	2.925E-01	52	AF-Q46901-F1-model_v6 CRISPR system Cascade subunit CasA
MC25_sitophilus_oryzae_2	AF-Q7SYC9-F1-model_v6	0.004	424	36	697	1.000	0.608	6.745E-01	6.628E-01	4.911E-02	2.925E-01	53	AF-Q7SYC9-F1-model_v6 Choline transporter-like protein 2
MC25_sitophilus_oryzae_2	AF-Q663Q7-F1-model_v6	0.000	38	36	287	0.889	0.115	6.284E-01	5.619E-01	8.661E-02	2.925E-01	49	AF-Q663Q7-F1-model_v6 ATP synthase gamma chain
MC25_sitophilus_oryzae_2	AF-Q7L2K0-2-F1-model_v6	0.013	73	36	266	0.917	0.267	5.996E-01	5.561E-01	1.017E-01	2.924E-01	48	AF-Q7L2K0-2-F1-model_v6 Tubulin epsilon and delta complex protein 2
MC25_sitophilus_oryzae_2	AF-Q8YF53-F1-model_v6	0.022	45	36	250	0.917	0.176	6.144E-01	5.716E-01	1.111E-01	2.924E-01	47	AF-Q8YF53-F1-model_v6 Probable 2' cyclic ADP-D-ribose synthase TcpB
MC25_sitophilus_oryzae_2	AF-A1AZ46-F1-model_v6	0.075	40	36	156	0.944	0.212	5.630E-01	5.206E-01	1.504E-01	2.924E-01	43	AF-A1AZ46-F1-model_v6 Transcription elongation factor GreA
MC25_sitophilus_oryzae_2	AF-A0M6J8-F1-model_v6	0.062	32	36	143	0.778	0.224	6.007E-01	5.014E-01	1.630E-01	2.924E-01	42	AF-A0M6J8-F1-model_v6 Endoribonuclease YbeY
MC25_sitophilus_oryzae_2	AF-A6TDG4-F1-model_v6	0.005	182	36	291	1.000	0.608	5.790E-01	5.669E-01	9.268E-02	2.924E-01	49	AF-A6TDG4-F1-model_v6 Phosphatidylglycerol--prolipoprotein diacylglyceryl transferase
MC25_sitophilus_oryzae_2	AF-P87108-F1-model_v6	0.095	21	36	93	0.556	0.226	5.813E-01	4.496E-01	1.940E-01	2.924E-01	39	AF-P87108-F1-model_v6 Mitochondrial import inner membrane translocase subunit TIM10
MC25_sitophilus_oryzae_2	AF-B7N5P4-F1-model_v6	0.024	165	36	325	0.972	0.492	6.021E-01	5.771E-01	8.320E-02	2.923E-01	50	AF-B7N5P4-F1-model_v6 NADH-quinone oxidoreductase subunit H
MC25_sitophilus_oryzae_2	AF-P0C0T9-F1-model_v6	0.000	48	36	229	1.000	0.205	5.644E-01	5.564E-01	1.246E-01	2.923E-01	46	AF-P0C0T9-F1-model_v6 Tyrosine-protein kinase CpsD
MC25_sitophilus_oryzae_2	AF-Q1Q898-F1-model_v6	0.027	37	36	293	0.889	0.113	6.291E-01	5.634E-01	8.666E-02	2.923E-01	49	AF-Q1Q898-F1-model_v6 ATP synthase gamma chain
MC25_sitophilus_oryzae_2	AF-A0A0H3LKV3-F1-model_v6	0.058	51	36	430	1.000	0.119	6.290E-01	6.181E-01	7.694E-02	2.922E-01	50	AF-A0A0H3LKV3-F1-model_v6 Putrescine 2-hydroxylase
MC25_sitophilus_oryzae_2	AF-Q169F8-F1-model_v6	0.000	139	36	163	1.000	0.791	5.375E-01	5.279E-01	1.467E-01	2.922E-01	44	AF-Q169F8-F1-model_v6 Putative pre-16S rRNA nuclease
MC25_sitophilus_oryzae_2	AF-B3H269-F1-model_v6	0.020	199	36	317	1.000	0.621	5.920E-01	5.816E-01	9.374E-02	2.922E-01	49	AF-B3H269-F1-model_v6 Malate dehydrogenase
MC25_sitophilus_oryzae_2	AF-Q1IGL1-F1-model_v6	0.010	92	36	530	1.000	0.170	6.398E-01	6.280E-01	6.006E-02	2.922E-01	52	AF-Q1IGL1-F1-model_v6 Glutamate--cysteine ligase
MC25_sitophilus_oryzae_2	AF-Q83AF6-F1-model_v6	0.007	269	36	289	0.917	0.927	6.218E-01	5.742E-01	9.728E-02	2.922E-01	48	AF-Q83AF6-F1-model_v6 ATP synthase gamma chain
MC25_sitophilus_oryzae_2	AF-A5I7P5-F1-model_v6	0.025	39	36	160	0.944	0.206	5.638E-01	5.205E-01	1.483E-01	2.922E-01	44	AF-A5I7P5-F1-model_v6 Transcription elongation factor GreA
MC25_sitophilus_oryzae_2	AF-Q5FRC6-F1-model_v6	0.000	278	36	296	0.917	0.939	6.263E-01	5.808E-01	9.833E-02	2.921E-01	48	AF-Q5FRC6-F1-model_v6 ATP synthase gamma chain
MC25_sitophilus_oryzae_2	AF-P27640-F1-model_v6	0.015	66	36	162	0.917	0.377	5.597E-01	5.148E-01	1.444E-01	2.921E-01	44	AF-P27640-F1-model_v6 Transcription elongation factor GreA
MC25_sitophilus_oryzae_2	AF-Q3BP14-F1-model_v6	0.003	268	36	287	0.889	0.934	6.364E-01	5.790E-01	9.837E-02	2.921E-01	48	AF-Q3BP14-F1-model_v6 ATP synthase gamma chain
MC25_sitophilus_oryzae_2	AF-Q8Z7L9-F1-model_v6	0.078	38	36	384	0.944	0.091	6.303E-01	5.919E-01	7.331E-02	2.921E-01	51	AF-Q8Z7L9-F1-model_v6 Glucans biosynthesis protein C
MC25_sitophilus_oryzae_2	AF-Q31ZA3-F1-model_v6	0.078	38	36	385	0.944	0.091	6.306E-01	5.920E-01	7.309E-02	2.921E-01	51	AF-Q31ZA3-F1-model_v6 Glucans biosynthesis protein C
MC25_sitophilus_oryzae_2	AF-Q633K5-F1-model_v6	0.021	187	36	312	0.944	0.596	6.208E-01	5.897E-01	9.334E-02	2.920E-01	49	AF-Q633K5-F1-model_v6 Malate dehydrogenase
MC25_sitophilus_oryzae_2	AF-Q24SK5-F1-model_v6	0.085	47	36	237	0.972	0.194	5.855E-01	5.654E-01	1.217E-01	2.920E-01	46	AF-Q24SK5-F1-model_v6 N-(5'-phosphoribosyl)anthranilate isomerase
MC25_sitophilus_oryzae_2	AF-P60957-F1-model_v6	0.010	183	36	291	1.000	0.612	5.794E-01	5.679E-01	9.375E-02	2.920E-01	49	AF-P60957-F1-model_v6 Phosphatidylglycerol--prolipoprotein diacylglyceryl transferase
MC25_sitophilus_oryzae_2	AF-A5IM98-F1-model_v6	0.012	78	36	184	1.000	0.397	5.445E-01	5.339E-01	1.372E-01	2.920E-01	45	AF-A5IM98-F1-model_v6 Large ribosomal subunit protein uL6
MC25_sitophilus_oryzae_2	AF-Q03YY4-F1-model_v6	0.025	39	36	160	0.944	0.206	5.636E-01	5.201E-01	1.480E-01	2.920E-01	44	AF-Q03YY4-F1-model_v6 Transcription elongation factor GreA
MC25_sitophilus_oryzae_2	AF-Q86WJ1-2-F1-model_v6	0.017	56	36	803	1.000	0.070	6.645E-01	6.522E-01	4.228E-02	2.920E-01	54	AF-Q86WJ1-2-F1-model_v6 Chromodomain-helicase-DNA-binding protein 1-like
MC25_sitophilus_oryzae_2	AF-B5YVR9-F1-model_v6	0.078	38	36	385	0.944	0.091	6.304E-01	5.918E-01	7.307E-02	2.920E-01	51	AF-B5YVR9-F1-model_v6 Glucans biosynthesis protein C
MC25_sitophilus_oryzae_2	AF-B8JDD8-F1-model_v6	0.014	70	36	701	0.972	0.097	6.517E-01	6.250E-01	4.395E-02	2.920E-01	54	AF-B8JDD8-F1-model_v6 Glycine--tRNA ligase beta subunit
MC25_sitophilus_oryzae_2	AF-Q32E75-F1-model_v6	0.078	38	36	385	0.944	0.091	6.303E-01	5.917E-01	7.300E-02	2.920E-01	51	AF-Q32E75-F1-model_v6 Glucans biosynthesis protein C
MC25_sitophilus_oryzae_2	AF-C3KVU0-F1-model_v6	0.025	39	36	160	0.944	0.206	5.634E-01	5.201E-01	1.483E-01	2.920E-01	44	AF-C3KVU0-F1-model_v6 Transcription elongation factor GreA
MC25_sitophilus_oryzae_2	AF-A6VDX9-F1-model_v6	0.043	91	36	527	1.000	0.169	6.344E-01	6.230E-01	6.032E-02	2.920E-01	52	AF-A6VDX9-F1-model_v6 Glutamate--cysteine ligase
MC25_sitophilus_oryzae_2	AF-A1A9U5-F1-model_v6	0.078	38	36	385	0.944	0.091	6.300E-01	5.914E-01	7.298E-02	2.919E-01	51	AF-A1A9U5-F1-model_v6 Glucans biosynthesis protein C
MC25_sitophilus_oryzae_2	AF-Q9PK18-F1-model_v6	0.009	108	36	326	0.889	0.331	6.553E-01	5.979E-01	9.047E-02	2.919E-01	49	AF-Q9PK18-F1-model_v6 Malate dehydrogenase
MC25_sitophilus_oryzae_2	AF-C6DJH1-F1-model_v6	0.027	37	36	287	0.889	0.115	6.278E-01	5.637E-01	8.807E-02	2.919E-01	49	AF-C6DJH1-F1-model_v6 ATP synthase gamma chain
MC25_sitophilus_oryzae_2	AF-Q9VH58-F1-model_v6	0.012	158	36	257	1.000	0.595	5.663E-01	5.564E-01	1.074E-01	2.919E-01	47	AF-Q9VH58-F1-model_v6 Very long chain fatty acid elongase F
MC25_sitophilus_oryzae_2	AF-Q02EG1-F1-model_v6	0.043	91	36	527	1.000	0.169	6.353E-01	6.238E-01	6.035E-02	2.919E-01	52	AF-Q02EG1-F1-model_v6 Glutamate--cysteine ligase
MC25_sitophilus_oryzae_2	AF-Q9FH95-F1-model_v6	0.043	46	36	352	1.000	0.105	5.895E-01	5.766E-01	7.207E-02	2.919E-01	51	AF-Q9FH95-F1-model_v6 AP2-like ethylene-responsive transcription factor TOE3
MC25_sitophilus_oryzae_2	AF-A8G203-F1-model_v6	0.000	37	36	239	0.861	0.146	6.208E-01	5.464E-01	1.065E-01	2.919E-01	47	AF-A8G203-F1-model_v6 Protein GrpE
MC25_sitophilus_oryzae_2	AF-B6I6M3-F1-model_v6	0.010	183	36	291	1.000	0.612	5.793E-01	5.679E-01	9.379E-02	2.919E-01	49	AF-B6I6M3-F1-model_v6 Phosphatidylglycerol--prolipoprotein diacylglyceryl transferase
MC25_sitophilus_oryzae_2	AF-O54242-F1-model_v6	0.000	117	36	148	0.889	0.784	5.591E-01	5.153E-01	1.693E-01	2.919E-01	42	AF-O54242-F1-model_v6 Uncharacterized protein R00649
MC25_sitophilus_oryzae_2	AF-Q6BJ75-F1-model_v6	0.105	38	36	255	1.000	0.125	6.222E-01	5.651E-01	1.072E-01	2.919E-01	47	AF-Q6BJ75-F1-model_v6 Pre-rRNA-processing protein PNO1
MC25_sitophilus_oryzae_2	AF-B1LBM5-F1-model_v6	0.012	78	36	184	1.000	0.397	5.441E-01	5.336E-01	1.372E-01	2.918E-01	45	AF-B1LBM5-F1-model_v6 Large ribosomal subunit protein uL6
MC25_sitophilus_oryzae_2	AF-Q9ZAE4-F1-model_v6	0.012	78	36	184	1.000	0.397	5.441E-01	5.336E-01	1.372E-01	2.918E-01	45	AF-Q9ZAE4-F1-model_v6 Large ribosomal subunit protein uL6
MC25_sitophilus_oryzae_2	AF-Q3Z376-F1-model_v6	0.078	38	36	385	0.944	0.091	6.301E-01	5.915E-01	7.304E-02	2.918E-01	51	AF-Q3Z376-F1-model_v6 Glucans biosynthesis protein C
MC25_sitophilus_oryzae_2	AF-B1IGJ3-F1-model_v6	0.025	39	36	160	0.944	0.206	5.632E-01	5.200E-01	1.483E-01	2.918E-01	44	AF-B1IGJ3-F1-model_v6 Transcription elongation factor GreA
MC25_sitophilus_oryzae_2	AF-P96314-F1-model_v6	0.024	41	36	294	0.944	0.126	6.046E-01	5.671E-01	9.095E-02	2.918E-01	49	AF-P96314-F1-model_v6 Peptide chain release factor 2 (Fragment)
MC25_sitophilus_oryzae_2	AF-B0BRX3-F1-model_v6	0.027	37	36	288	0.889	0.115	6.248E-01	5.599E-01	8.787E-02	2.918E-01	49	AF-B0BRX3-F1-model_v6 ATP synthase gamma chain
MC25_sitophilus_oryzae_2	AF-B3H2P4-F1-model_v6	0.027	37	36	288	0.889	0.115	6.257E-01	5.606E-01	8.789E-02	2.918E-01	49	AF-B3H2P4-F1-model_v6 ATP synthase gamma chain
MC25_sitophilus_oryzae_2	AF-Q1RDB2-F1-model_v6	0.076	39	36	385	0.944	0.094	6.276E-01	5.898E-01	7.340E-02	2.918E-01	51	AF-Q1RDB2-F1-model_v6 Glucans biosynthesis protein C
MC25_sitophilus_oryzae_2	AF-A0A396GMX6-F1-model_v6	0.016	59	36	533	1.000	0.103	6.347E-01	6.222E-01	5.605E-02	2.917E-01	52	AF-A0A396GMX6-F1-model_v6 DELLA protein 2
MC25_sitophilus_oryzae_2	AF-B8H1V7-F1-model_v6	0.076	39	36	157	0.944	0.210	5.618E-01	5.203E-01	1.530E-01	2.917E-01	43	AF-B8H1V7-F1-model_v6 Transcription elongation factor GreA
MC25_sitophilus_oryzae_2	AF-B5FPG3-F1-model_v6	0.024	165	36	325	0.972	0.492	6.012E-01	5.762E-01	8.316E-02	2.917E-01	50	AF-B5FPG3-F1-model_v6 NADH-quinone oxidoreductase subunit H
MC25_sitophilus_oryzae_2	AF-A3CPS3-F1-model_v6	0.076	39	36	160	0.944	0.206	5.653E-01	5.236E-01	1.505E-01	2.917E-01	43	AF-A3CPS3-F1-model_v6 Transcription elongation factor GreA
MC25_sitophilus_oryzae_2	AF-Q8XID3-F1-model_v6	0.000	261	36	283	0.889	0.922	6.293E-01	5.708E-01	9.850E-02	2.916E-01	48	AF-Q8XID3-F1-model_v6 ATP synthase gamma chain
MC25_sitophilus_oryzae_2	AF-Q59978-F1-model_v6	0.131	38	36	249	0.861	0.141	6.128E-01	5.412E-01	1.014E-01	2.916E-01	48	AF-Q59978-F1-model_v6 Protein GrpE
MC25_sitophilus_oryzae_2	AF-B7LFF7-F1-model_v6	0.078	38	36	385	0.944	0.091	6.297E-01	5.912E-01	7.303E-02	2.916E-01	51	AF-B7LFF7-F1-model_v6 Glucans biosynthesis protein C
MC25_sitophilus_oryzae_2	AF-B7MTH8-F1-model_v6	0.078	38	36	385	0.944	0.091	6.297E-01	5.912E-01	7.302E-02	2.916E-01	51	AF-B7MTH8-F1-model_v6 Glucans biosynthesis protein C
MC25_sitophilus_oryzae_2	AF-Q2SSM5-F1-model_v6	0.076	39	36	157	0.944	0.210	5.620E-01	5.197E-01	1.505E-01	2.915E-01	43	AF-Q2SSM5-F1-model_v6 Transcription elongation factor GreA
MC25_sitophilus_oryzae_2	AF-B6J962-F1-model_v6	0.007	269	36	289	0.917	0.927	6.204E-01	5.731E-01	9.723E-02	2.915E-01	48	AF-B6J962-F1-model_v6 ATP synthase gamma chain
MC25_sitophilus_oryzae_2	AF-P43042-F1-model_v6	0.022	45	36	388	0.833	0.116	6.940E-01	6.048E-01	7.300E-02	2.915E-01	51	AF-P43042-F1-model_v6 Membrane protein insertase YidC
MC25_sitophilus_oryzae_2	AF-B0TQF5-F1-model_v6	0.000	37	36	286	0.889	0.115	6.305E-01	5.667E-01	8.873E-02	2.915E-01	49	AF-B0TQF5-F1-model_v6 ATP synthase gamma chain
MC25_sitophilus_oryzae_2	AF-B4TES0-F1-model_v6	0.078	38	36	384	0.944	0.091	6.301E-01	5.916E-01	7.326E-02	2.915E-01	51	AF-B4TES0-F1-model_v6 Glucans biosynthesis protein C
MC25_sitophilus_oryzae_2	AF-B6J2D9-F1-model_v6	0.007	269	36	289	0.917	0.927	6.208E-01	5.735E-01	9.729E-02	2.915E-01	48	AF-B6J2D9-F1-model_v6 ATP synthase gamma chain
MC25_sitophilus_oryzae_2	AF-A3N2U5-F1-model_v6	0.027	37	36	288	0.889	0.115	6.251E-01	5.602E-01	8.789E-02	2.915E-01	49	AF-A3N2U5-F1-model_v6 ATP synthase gamma chain
MC25_sitophilus_oryzae_2	AF-C5CGI7-F1-model_v6	0.025	78	36	184	1.000	0.397	5.428E-01	5.323E-01	1.371E-01	2.915E-01	45	AF-C5CGI7-F1-model_v6 Large ribosomal subunit protein uL6
MC25_sitophilus_oryzae_2	AF-B0BQN0-F1-model_v6	0.020	199	36	317	1.000	0.621	5.910E-01	5.806E-01	9.372E-02	2.914E-01	49	AF-B0BQN0-F1-model_v6 Malate dehydrogenase
MC25_sitophilus_oryzae_2	AF-Q8X9I6-F1-model_v6	0.078	38	36	385	0.944	0.091	6.294E-01	5.910E-01	7.306E-02	2.914E-01	51	AF-Q8X9I6-F1-model_v6 Glucans biosynthesis protein C
MC25_sitophilus_oryzae_2	AF-Q9FJ72-F1-model_v6	0.038	77	36	341	1.000	0.220	6.197E-01	6.089E-01	8.913E-02	2.914E-01	49	AF-Q9FJ72-F1-model_v6 Probable long-chain-alcohol O-fatty-acyltransferase 1
MC25_sitophilus_oryzae_2	AF-P0DMM1-F1-model_v6	0.031	95	36	316	0.917	0.297	6.302E-01	5.835E-01	8.971E-02	2.914E-01	49	AF-P0DMM1-F1-model_v6 Apolipoprotein E
MC25_sitophilus_oryzae_2	AF-Q0B0N4-F1-model_v6	0.076	39	36	159	0.944	0.208	5.621E-01	5.193E-01	1.493E-01	2.914E-01	43	AF-Q0B0N4-F1-model_v6 Transcription elongation factor GreA
MC25_sitophilus_oryzae_2	AF-Q0TJ26-F1-model_v6	0.078	38	36	385	0.944	0.091	6.291E-01	5.906E-01	7.295E-02	2.914E-01	51	AF-Q0TJ26-F1-model_v6 Glucans biosynthesis protein C
MC25_sitophilus_oryzae_2	AF-A7FPE1-F1-model_v6	0.000	38	36	287	0.889	0.115	6.273E-01	5.610E-01	8.658E-02	2.914E-01	49	AF-A7FPE1-F1-model_v6 ATP synthase gamma chain
MC25_sitophilus_oryzae_2	AF-C5BF39-F1-model_v6	0.000	38	36	287	0.889	0.115	6.277E-01	5.614E-01	8.660E-02	2.914E-01	49	AF-C5BF39-F1-model_v6 ATP synthase gamma chain
MC25_sitophilus_oryzae_2	AF-Q8E3U5-F1-model_v6	0.050	40	36	160	0.944	0.206	5.649E-01	5.224E-01	1.471E-01	2.913E-01	44	AF-Q8E3U5-F1-model_v6 Transcription elongation factor GreA
MC25_sitophilus_oryzae_2	AF-Q6C7G0-F1-model_v6	0.105	38	36	258	1.000	0.124	6.198E-01	5.630E-01	1.059E-01	2.913E-01	47	AF-Q6C7G0-F1-model_v6 Pre-rRNA-processing protein PNO1
MC25_sitophilus_oryzae_2	AF-Q9HTY6-F1-model_v6	0.043	91	36	527	1.000	0.169	6.325E-01	6.211E-01	6.031E-02	2.913E-01	52	AF-Q9HTY6-F1-model_v6 Glutamate--cysteine ligase
MC25_sitophilus_oryzae_2	AF-B3EHU5-F1-model_v6	0.000	270	36	291	0.917	0.924	6.215E-01	5.749E-01	9.649E-02	2.913E-01	48	AF-B3EHU5-F1-model_v6 ATP synthase gamma chain
MC25_sitophilus_oryzae_2	AF-Q0TFG4-F1-model_v6	0.024	165	36	325	0.972	0.492	6.004E-01	5.755E-01	8.314E-02	2.913E-01	50	AF-Q0TFG4-F1-model_v6 NADH-quinone oxidoreductase subunit H
MC25_sitophilus_oryzae_2	AF-Q8SW83-F1-model_v6	0.000	69	36	268	0.944	0.257	6.208E-01	5.900E-01	1.108E-01	2.913E-01	47	AF-Q8SW83-F1-model_v6 UPF0328 protein ECU03_0040
MC25_sitophilus_oryzae_2	AF-O60232-F1-model_v6	0.036	55	36	199	0.833	0.256	6.248E-01	5.375E-01	1.190E-01	2.912E-01	46	AF-O60232-F1-model_v6 Protein ZNRD2
MC25_sitophilus_oryzae_2	AF-Q8R3W7-F1-model_v6	0.022	45	36	165	0.889	0.261	5.690E-01	5.179E-01	1.485E-01	2.912E-01	43	AF-Q8R3W7-F1-model_v6 Anterior gradient protein 3
MC25_sitophilus_oryzae_2	AF-Q0WRW8-F1-model_v6	0.006	146	36	369	1.000	0.388	5.983E-01	5.875E-01	8.038E-02	2.912E-01	50	AF-Q0WRW8-F1-model_v6 Cytochrome b561 and DOMON domain-containing protein At3g07570
MC25_sitophilus_oryzae_2	AF-B2TTM5-F1-model_v6	0.078	38	36	385	0.944	0.091	6.289E-01	5.904E-01	7.293E-02	2.912E-01	51	AF-B2TTM5-F1-model_v6 Glucans biosynthesis protein C
MC25_sitophilus_oryzae_2	AF-P75479-F1-model_v6	0.039	76	36	266	1.000	0.263	5.644E-01	5.532E-01	9.983E-02	2.912E-01	48	AF-P75479-F1-model_v6 Probable 1-acyl-sn-glycerol-3-phosphate acyltransferase
MC25_sitophilus_oryzae_2	AF-B4UG87-F1-model_v6	0.014	70	36	701	0.972	0.097	6.522E-01	6.262E-01	4.420E-02	2.912E-01	53	AF-B4UG87-F1-model_v6 Glycine--tRNA ligase beta subunit
MC25_sitophilus_oryzae_2	AF-B0UWG6-F1-model_v6	0.054	37	36	289	0.889	0.114	6.279E-01	5.629E-01	8.776E-02	2.912E-01	49	AF-B0UWG6-F1-model_v6 ATP synthase gamma chain
MC25_sitophilus_oryzae_2	AF-Q875S4-F1-model_v6	0.000	56	36	501	1.000	0.112	6.518E-01	6.410E-01	6.652E-02	2.912E-01	51	AF-Q875S4-F1-model_v6 Pyruvate kinase
MC25_sitophilus_oryzae_2	AF-B9DTR1-F1-model_v6	0.050	40	36	160	0.944	0.206	5.649E-01	5.224E-01	1.471E-01	2.911E-01	43	AF-B9DTR1-F1-model_v6 Transcription elongation factor GreA
MC25_sitophilus_oryzae_2	AF-B7UP62-F1-model_v6	0.078	38	36	385	0.944	0.091	6.245E-01	5.866E-01	7.351E-02	2.911E-01	50	AF-B7UP62-F1-model_v6 Glucans biosynthesis protein C
MC25_sitophilus_oryzae_2	AF-B1JET4-F1-model_v6	0.010	92	36	525	1.000	0.171	6.352E-01	6.235E-01	6.050E-02	2.911E-01	52	AF-B1JET4-F1-model_v6 Glutamate--cysteine ligase
MC25_sitophilus_oryzae_2	AF-A7MMX0-F1-model_v6	0.000	38	36	287	0.889	0.115	6.229E-01	5.574E-01	8.641E-02	2.910E-01	49	AF-A7MMX0-F1-model_v6 ATP synthase gamma chain
MC25_sitophilus_oryzae_2	AF-Q5R5X0-F1-model_v6	0.038	52	36	719	0.861	0.072	6.978E-01	6.146E-01	4.112E-02	2.910E-01	54	AF-Q5R5X0-F1-model_v6 Pinin
MC25_sitophilus_oryzae_2	AF-Q4UQF3-F1-model_v6	0.005	184	36	287	0.889	0.641	6.220E-01	5.642E-01	9.775E-02	2.910E-01	48	AF-Q4UQF3-F1-model_v6 ATP synthase gamma chain
MC25_sitophilus_oryzae_2	AF-Q9XEL8-F1-model_v6	0.000	49	36	604	1.000	0.075	6.330E-01	6.206E-01	5.009E-02	2.910E-01	53	AF-Q9XEL8-F1-model_v6 3-hydroxy-3-methylglutaryl-coenzyme A reductase 2
MC25_sitophilus_oryzae_2	AF-A7ZZ03-F1-model_v6	0.078	38	36	385	0.944	0.091	6.284E-01	5.901E-01	7.303E-02	2.910E-01	51	AF-A7ZZ03-F1-model_v6 Glucans biosynthesis protein C
MC25_sitophilus_oryzae_2	AF-B7MII7-F1-model_v6	0.078	38	36	385	0.944	0.091	6.284E-01	5.899E-01	7.290E-02	2.910E-01	51	AF-B7MII7-F1-model_v6 Glucans biosynthesis protein C
MC25_sitophilus_oryzae_2	AF-B3R3G1-F1-model_v6	0.024	124	36	133	1.000	0.835	5.079E-01	4.977E-01	1.596E-01	2.909E-01	42	AF-B3R3G1-F1-model_v6 Methylglyoxal synthase
MC25_sitophilus_oryzae_2	AF-Q0WSX8-F1-model_v6	0.011	173	36	255	0.889	0.675	5.980E-01	5.415E-01	1.043E-01	2.909E-01	48	AF-Q0WSX8-F1-model_v6 TIR domain-containing protein
MC25_sitophilus_oryzae_2	AF-Q95043-F1-model_v6	0.072	55	36	184	1.000	0.245	5.340E-01	5.237E-01	1.277E-01	2.909E-01	45	AF-Q95043-F1-model_v6 Large ribosomal subunit protein eL13
MC25_sitophilus_oryzae_2	AF-Q3J6N0-F1-model_v6	0.000	270	36	289	0.889	0.934	6.345E-01	5.772E-01	9.878E-02	2.909E-01	48	AF-Q3J6N0-F1-model_v6 ATP synthase gamma chain
MC25_sitophilus_oryzae_2	AF-A9KBF8-F1-model_v6	0.007	269	36	289	0.917	0.927	6.195E-01	5.725E-01	9.731E-02	2.909E-01	48	AF-A9KBF8-F1-model_v6 ATP synthase gamma chain
MC25_sitophilus_oryzae_2	AF-Q9UTE0-F1-model_v6	0.000	55	36	762	0.861	0.072	7.111E-01	6.259E-01	3.902E-02	2.908E-01	54	AF-Q9UTE0-F1-model_v6 Protein sey1
MC25_sitophilus_oryzae_2	AF-C5BKJ6-F1-model_v6	0.000	268	36	286	0.917	0.937	6.226E-01	5.776E-01	1.003E-01	2.908E-01	48	AF-C5BKJ6-F1-model_v6 ATP synthase gamma chain
MC25_sitophilus_oryzae_2	AF-Q64UA3-F1-model_v6	0.000	274	36	290	0.917	0.941	6.223E-01	5.757E-01	9.656E-02	2.908E-01	48	AF-Q64UA3-F1-model_v6 ATP synthase gamma chain
MC25_sitophilus_oryzae_2	AF-Q97PT2-F1-model_v6	0.076	39	36	160	0.944	0.206	5.642E-01	5.228E-01	1.505E-01	2.908E-01	43	AF-Q97PT2-F1-model_v6 Transcription elongation factor GreA
MC25_sitophilus_oryzae_2	AF-Q7N5Z7-F1-model_v6	0.081	61	36	152	1.000	0.336	5.130E-01	5.027E-01	1.467E-01	2.907E-01	43	AF-Q7N5Z7-F1-model_v6 Methylglyoxal synthase
MC25_sitophilus_oryzae_2	AF-Q8DJB3-F1-model_v6	0.081	37	36	252	0.861	0.139	6.238E-01	5.512E-01	1.020E-01	2.907E-01	48	AF-Q8DJB3-F1-model_v6 Protein GrpE
MC25_sitophilus_oryzae_2	AF-B7LM50-F1-model_v6	0.024	165	36	325	0.972	0.492	5.994E-01	5.746E-01	8.308E-02	2.907E-01	49	AF-B7LM50-F1-model_v6 NADH-quinone oxidoreductase subunit H
MC25_sitophilus_oryzae_2	AF-Q118A6-F1-model_v6	0.014	70	36	207	1.000	0.324	5.553E-01	5.470E-01	1.368E-01	2.907E-01	44	AF-Q118A6-F1-model_v6 Transcription antitermination protein NusB
MC25_sitophilus_oryzae_2	AF-Q8GUT5-F1-model_v6	0.007	138	36	288	0.917	0.476	6.179E-01	5.716E-01	9.758E-02	2.907E-01	48	AF-Q8GUT5-F1-model_v6 GCN5-related N-acetyltransferase 6, chloroplastic
MC25_sitophilus_oryzae_2	AF-Q3JZS3-F1-model_v6	0.050	40	36	160	0.944	0.206	5.639E-01	5.215E-01	1.471E-01	2.907E-01	43	AF-Q3JZS3-F1-model_v6 Transcription elongation factor GreA
MC25_sitophilus_oryzae_2	AF-A7ZKF0-F1-model_v6	0.078	38	36	385	0.944	0.091	6.280E-01	5.897E-01	7.292E-02	2.907E-01	50	AF-A7ZKF0-F1-model_v6 Glucans biosynthesis protein C
MC25_sitophilus_oryzae_2	AF-Q920R6-F1-model_v6	0.027	37	36	833	0.861	0.042	7.087E-01	6.189E-01	3.386E-02	2.907E-01	54	AF-Q920R6-F1-model_v6 V-type proton ATPase 116 kDa subunit a 4
MC25_sitophilus_oryzae_2	AF-Q9VA83-F1-model_v6	0.029	34	36	227	0.806	0.141	6.540E-01	5.585E-01	1.109E-01	2.907E-01	47	AF-Q9VA83-F1-model_v6 Ferritin light chain
MC25_sitophilus_oryzae_2	AF-Q1XDP8-F1-model_v6	0.014	69	36	287	1.000	0.216	5.644E-01	5.524E-01	9.069E-02	2.907E-01	49	AF-Q1XDP8-F1-model_v6 Uncharacterized protein ycf92
MC25_sitophilus_oryzae_2	AF-Q8DSP7-F1-model_v6	0.051	39	36	160	0.944	0.206	5.629E-01	5.209E-01	1.485E-01	2.907E-01	43	AF-Q8DSP7-F1-model_v6 Transcription elongation factor GreA
MC25_sitophilus_oryzae_2	AF-A6L3M0-F1-model_v6	0.006	149	36	190	1.000	0.768	5.500E-01	5.409E-01	1.451E-01	2.906E-01	44	AF-A6L3M0-F1-model_v6 Putative manganese efflux pump MntP
MC25_sitophilus_oryzae_2	AF-B1ZFW9-F1-model_v6	0.068	44	36	149	1.000	0.268	5.288E-01	5.199E-01	1.720E-01	2.906E-01	41	AF-B1ZFW9-F1-model_v6 Large ribosomal subunit protein uL11
MC25_sitophilus_oryzae_2	AF-A3DJG6-F1-model_v6	0.051	39	36	159	0.944	0.208	5.594E-01	5.168E-01	1.487E-01	2.906E-01	43	AF-A3DJG6-F1-model_v6 Transcription elongation factor GreA
MC25_sitophilus_oryzae_2	AF-Q6DJ58-F1-model_v6	0.024	41	36	164	0.861	0.244	5.768E-01	5.136E-01	1.479E-01	2.905E-01	43	AF-Q6DJ58-F1-model_v6 Anterior gradient protein 3
MC25_sitophilus_oryzae_2	AF-Q86X27-2-F1-model_v6	0.029	101	36	279	1.000	0.351	5.849E-01	5.739E-01	1.026E-01	2.905E-01	48	AF-Q86X27-2-F1-model_v6 Ras-specific guanine nucleotide-releasing factor RalGPS2
MC25_sitophilus_oryzae_2	AF-B7V3V0-F1-model_v6	0.043	91	36	527	1.000	0.169	6.327E-01	6.213E-01	6.032E-02	2.905E-01	52	AF-B7V3V0-F1-model_v6 Glutamate--cysteine ligase
MC25_sitophilus_oryzae_2	AF-A7EXE6-F1-model_v6	0.007	256	36	671	1.000	0.382	6.590E-01	6.479E-01	5.050E-02	2.905E-01	53	AF-A7EXE6-F1-model_v6 Autophagy-related protein 22-2
MC25_sitophilus_oryzae_2	AF-P58500-F1-model_v6	0.000	22	36	142	0.556	0.155	7.317E-01	4.842E-01	1.333E-01	2.905E-01	44	AF-P58500-F1-model_v6 MAP3K7 C-terminal-like protein
MC25_sitophilus_oryzae_2	AF-B2GD90-F1-model_v6	0.025	39	36	158	0.944	0.209	5.597E-01	5.174E-01	1.501E-01	2.905E-01	43	AF-B2GD90-F1-model_v6 Transcription elongation factor GreA
MC25_sitophilus_oryzae_2	AF-A4XP63-F1-model_v6	0.022	90	36	526	1.000	0.171	6.308E-01	6.192E-01	6.225E-02	2.905E-01	51	AF-A4XP63-F1-model_v6 Glutamate--cysteine ligase
MC25_sitophilus_oryzae_2	AF-Q950U6-F1-model_v6	0.050	40	36	428	0.889	0.089	6.736E-01	6.116E-01	6.600E-02	2.905E-01	51	AF-Q950U6-F1-model_v6 NADH-ubiquinone oxidoreductase chain 2
MC25_sitophilus_oryzae_2	AF-Q2IQJ5-F1-model_v6	0.014	70	36	701	0.972	0.097	6.538E-01	6.277E-01	4.393E-02	2.905E-01	53	AF-Q2IQJ5-F1-model_v6 Glycine--tRNA ligase beta subunit
MC25_sitophilus_oryzae_2	AF-C1CSD7-F1-model_v6	0.076	39	36	160	0.944	0.206	5.634E-01	5.221E-01	1.504E-01	2.904E-01	43	AF-C1CSD7-F1-model_v6 Transcription elongation factor GreA
MC25_sitophilus_oryzae_2	AF-Q1RH99-F1-model_v6	0.088	45	36	303	1.000	0.142	5.972E-01	5.863E-01	9.865E-02	2.904E-01	48	AF-Q1RH99-F1-model_v6 Protein translocase subunit SecF
MC25_sitophilus_oryzae_2	AF-Q8DY80-F1-model_v6	0.051	39	36	160	0.944	0.206	5.623E-01	5.205E-01	1.492E-01	2.904E-01	43	AF-Q8DY80-F1-model_v6 Transcription elongation factor GreA
MC25_sitophilus_oryzae_2	AF-B5QUS5-F1-model_v6	0.000	38	36	287	0.889	0.115	6.245E-01	5.588E-01	8.649E-02	2.903E-01	49	AF-B5QUS5-F1-model_v6 ATP synthase gamma chain
MC25_sitophilus_oryzae_2	AF-Q8IRT0-F1-model_v6	0.035	57	36	911	1.000	0.060	6.559E-01	6.432E-01	3.552E-02	2.903E-01	54	AF-Q8IRT0-F1-model_v6 Gem-associated protein 4b
MC25_sitophilus_oryzae_2	AF-Q9HHU0-F1-model_v6	0.046	43	36	279	0.917	0.147	6.075E-01	5.626E-01	9.925E-02	2.903E-01	48	AF-Q9HHU0-F1-model_v6 Gas vesicle protein L2
MC25_sitophilus_oryzae_2	AF-O28160-F1-model_v6	0.081	37	36	150	0.944	0.213	5.573E-01	5.148E-01	1.646E-01	2.902E-01	42	AF-O28160-F1-model_v6 Uncharacterized protein AF_2120
MC25_sitophilus_oryzae_2	AF-Q6HA09-4-F1-model_v6	0.047	42	36	401	0.944	0.097	6.284E-01	5.929E-01	7.126E-02	2.902E-01	51	AF-Q6HA09-4-F1-model_v6 Astacin-like metalloendopeptidase
MC25_sitophilus_oryzae_2	AF-Q8PCZ6-F1-model_v6	0.005	185	36	287	0.889	0.645	6.219E-01	5.681E-01	9.758E-02	2.902E-01	48	AF-Q8PCZ6-F1-model_v6 ATP synthase gamma chain
MC25_sitophilus_oryzae_2	AF-O14466-F1-model_v6	0.030	33	36	236	0.861	0.136	6.198E-01	5.526E-01	1.113E-01	2.902E-01	47	AF-O14466-F1-model_v6 Dolichol-phosphate mannosyltransferase
MC25_sitophilus_oryzae_2	AF-Q6P047-F1-model_v6	0.001	100	36	294	0.861	0.340	6.510E-01	5.933E-01	9.810E-02	2.902E-01	48	AF-Q6P047-F1-model_v6 Uncharacterized protein C8orf74
MC25_sitophilus_oryzae_2	AF-C0QUJ3-F1-model_v6	0.043	69	36	705	0.972	0.095	6.478E-01	6.213E-01	4.371E-02	2.902E-01	53	AF-C0QUJ3-F1-model_v6 Glycine--tRNA ligase beta subunit
MC25_sitophilus_oryzae_2	AF-P27190-3-F1-model_v6	0.024	81	36	747	1.000	0.108	6.633E-01	6.518E-01	4.573E-02	2.902E-01	53	AF-P27190-3-F1-model_v6 DNA primase TraC
MC25_sitophilus_oryzae_2	AF-A5III4-F1-model_v6	0.000	269	36	288	0.889	0.934	6.338E-01	5.755E-01	9.906E-02	2.902E-01	48	AF-A5III4-F1-model_v6 ATP synthase gamma chain
MC25_sitophilus_oryzae_2	AF-O48540-F1-model_v6	0.014	69	36	397	1.000	0.169	6.128E-01	6.013E-01	7.749E-02	2.902E-01	50	AF-O48540-F1-model_v6 Mannan endo-1,4-beta-mannosidase 1
MC25_sitophilus_oryzae_2	AF-Q9NVH6-6-F1-model_v6	0.067	74	36	362	1.000	0.196	5.979E-01	5.869E-01	8.166E-02	2.901E-01	50	AF-Q9NVH6-6-F1-model_v6 Trimethyllysine dioxygenase, mitochondrial
MC25_sitophilus_oryzae_2	AF-Q4IN63-F1-model_v6	0.105	38	36	255	1.000	0.125	6.183E-01	5.622E-01	1.071E-01	2.901E-01	47	AF-Q4IN63-F1-model_v6 Pre-rRNA-processing protein PNO1
MC25_sitophilus_oryzae_2	AF-Q759A9-F1-model_v6	0.000	56	36	501	1.000	0.112	6.513E-01	6.406E-01	6.652E-02	2.901E-01	51	AF-Q759A9-F1-model_v6 Pyruvate kinase
MC25_sitophilus_oryzae_2	AF-P27668-F1-model_v6	0.049	61	36	500	1.000	0.122	6.676E-01	6.568E-01	6.728E-02	2.901E-01	51	AF-P27668-F1-model_v6 Signal transduction histidine-protein kinase/phosphatase UhpB
MC25_sitophilus_oryzae_2	AF-Q6CP20-F1-model_v6	0.008	124	36	304	0.861	0.401	6.585E-01	5.837E-01	8.845E-02	2.901E-01	49	AF-Q6CP20-F1-model_v6 RNA polymerase II holoenzyme cyclin-like subunit
MC25_sitophilus_oryzae_2	AF-P47040-F1-model_v6	0.006	154	36	408	1.000	0.377	6.212E-01	6.112E-01	7.865E-02	2.900E-01	50	AF-P47040-F1-model_v6 Protein BTN1
MC25_sitophilus_oryzae_2	AF-A0A4P8DK16-F1-model_v6	0.016	187	36	564	0.833	0.332	6.999E-01	6.075E-01	5.105E-02	2.900E-01	52	AF-A0A4P8DK16-F1-model_v6 MFS-type transporter dmxR4
MC25_sitophilus_oryzae_2	AF-B4RS82-F1-model_v6	0.000	37	36	286	0.889	0.115	6.257E-01	5.626E-01	8.847E-02	2.900E-01	49	AF-B4RS82-F1-model_v6 ATP synthase gamma chain
MC25_sitophilus_oryzae_2	AF-Q7NFC3-F1-model_v6	0.008	240	36	449	0.861	0.535	6.905E-01	6.163E-01	6.514E-02	2.900E-01	51	AF-Q7NFC3-F1-model_v6 Methylenetetrahydrofolate--tRNA-(uracil-5-)-methyltransferase TrmFO
MC25_sitophilus_oryzae_2	AF-P24875-F1-model_v6	0.013	72	36	290	0.889	0.248	6.189E-01	5.704E-01	9.794E-02	2.900E-01	48	AF-P24875-F1-model_v6 NADH-ubiquinone oxidoreductase chain 1
MC25_sitophilus_oryzae_2	AF-Q27797-F1-model_v6	0.043	46	36	326	1.000	0.138	6.159E-01	6.056E-01	9.725E-02	2.900E-01	48	AF-Q27797-F1-model_v6 L-lactate dehydrogenase
MC25_sitophilus_oryzae_2	AF-Q04663-F1-model_v6	0.000	47	36	232	0.972	0.198	5.723E-01	5.525E-01	1.214E-01	2.900E-01	46	AF-Q04663-F1-model_v6 Tyrosine-protein kinase CpsD
MC25_sitophilus_oryzae_2	AF-P0CR54-F1-model_v6	0.081	37	36	220	0.861	0.150	6.016E-01	5.341E-01	1.117E-01	2.900E-01	47	AF-P0CR54-F1-model_v6 Vacuolar-sorting protein SNF7
MC25_sitophilus_oryzae_2	AF-Q646D1-F1-model_v6	0.005	187	36	291	0.889	0.639	6.366E-01	5.767E-01	9.500E-02	2.899E-01	48	AF-Q646D1-F1-model_v6 Taste receptor type 2 member 16
MC25_sitophilus_oryzae_2	AF-Q96MT1-4-F1-model_v6	0.027	74	36	677	0.889	0.109	6.821E-01	6.151E-01	4.460E-02	2.899E-01	53	AF-Q96MT1-4-F1-model_v6 RING finger protein 145
MC25_sitophilus_oryzae_2	AF-Q8HYB8-F1-model_v6	0.028	35	36	290	0.833	0.121	6.452E-01	5.621E-01	9.279E-02	2.899E-01	48	AF-Q8HYB8-F1-model_v6 Survival of motor neuron protein
MC25_sitophilus_oryzae_2	AF-Q181F4-F1-model_v6	0.051	39	36	159	0.944	0.208	5.592E-01	5.170E-01	1.492E-01	2.898E-01	43	AF-Q181F4-F1-model_v6 Transcription elongation factor GreA
MC25_sitophilus_oryzae_2	AF-A2YNP0-F1-model_v6	0.023	126	36	244	0.861	0.500	6.234E-01	5.432E-01	9.980E-02	2.898E-01	48	AF-A2YNP0-F1-model_v6 SPX domain-containing protein 6
MC25_sitophilus_oryzae_2	AF-Q2P7Q5-F1-model_v6	0.005	185	36	287	0.889	0.645	6.200E-01	5.651E-01	9.761E-02	2.898E-01	48	AF-Q2P7Q5-F1-model_v6 ATP synthase gamma chain
MC25_sitophilus_oryzae_2	AF-Q1GTK6-F1-model_v6	0.009	111	36	347	0.972	0.317	6.243E-01	6.026E-01	8.772E-02	2.898E-01	49	AF-Q1GTK6-F1-model_v6 NADH-quinone oxidoreductase subunit H
MC25_sitophilus_oryzae_2	AF-A5FWZ7-F1-model_v6	0.014	68	36	157	0.889	0.408	5.663E-01	5.104E-01	1.468E-01	2.897E-01	43	AF-A5FWZ7-F1-model_v6 Transcription elongation factor GreA
MC25_sitophilus_oryzae_2	AF-P0C8K8-F1-model_v6	0.011	86	36	552	0.917	0.156	6.716E-01	6.209E-01	5.528E-02	2.897E-01	52	AF-P0C8K8-F1-model_v6 Putative E3 ubiquitin-protein ligase ARI6
MC25_sitophilus_oryzae_2	AF-Q8RGE1-F1-model_v6	0.003	263	36	282	0.944	0.922	6.141E-01	5.815E-01	9.945E-02	2.897E-01	48	AF-Q8RGE1-F1-model_v6 ATP synthase gamma chain
MC25_sitophilus_oryzae_2	AF-Q9KA74-F1-model_v6	0.021	95	36	382	0.806	0.246	6.899E-01	5.753E-01	6.811E-02	2.896E-01	51	AF-Q9KA74-F1-model_v6 Transcription termination/antitermination protein NusA
MC25_sitophilus_oryzae_2	AF-Q99216-F1-model_v6	0.105	38	36	274	1.000	0.117	6.257E-01	5.682E-01	1.005E-01	2.896E-01	48	AF-Q99216-F1-model_v6 Pre-rRNA-processing protein PNO1
MC25_sitophilus_oryzae_2	AF-B5E681-F1-model_v6	0.050	40	36	160	0.944	0.206	5.621E-01	5.202E-01	1.470E-01	2.896E-01	43	AF-B5E681-F1-model_v6 Transcription elongation factor GreA
MC25_sitophilus_oryzae_2	AF-L0T4W6-F1-model_v6	0.044	90	36	837	0.944	0.104	6.575E-01	6.169E-01	3.497E-02	2.896E-01	54	AF-L0T4W6-F1-model_v6 PE-PGRS family protein PE_PGRS4
MC25_sitophilus_oryzae_2	AF-A1WF57-F1-model_v6	0.027	37	36	291	0.889	0.113	6.166E-01	5.495E-01	8.647E-02	2.896E-01	49	AF-A1WF57-F1-model_v6 ATP synthase gamma chain
MC25_sitophilus_oryzae_2	AF-Q9Y5K5-2-F1-model_v6	0.000	51	36	316	0.917	0.155	6.199E-01	5.743E-01	8.774E-02	2.895E-01	49	AF-Q9Y5K5-2-F1-model_v6 Ubiquitin carboxyl-terminal hydrolase isozyme L5
MC25_sitophilus_oryzae_2	AF-P0CW15-F1-model_v6	0.052	38	36	337	0.806	0.110	6.824E-01	5.767E-01	7.853E-02	2.895E-01	50	AF-P0CW15-F1-model_v6 Transcription initiation factor IIB
MC25_sitophilus_oryzae_2	AF-Q9HE05-F1-model_v6	0.026	75	36	1010	1.000	0.072	6.516E-01	6.396E-01	3.229E-02	2.895E-01	54	AF-Q9HE05-F1-model_v6 Ubiquitin conjugation factor E4
MC25_sitophilus_oryzae_2	AF-Q6BYM1-F1-model_v6	0.111	27	36	166	0.667	0.163	6.605E-01	5.120E-01	1.327E-01	2.895E-01	44	AF-Q6BYM1-F1-model_v6 Altered inheritance of mitochondria protein 11
MC25_sitophilus_oryzae_2	AF-Q8NBU5-2-F1-model_v6	0.034	115	36	287	1.000	0.401	6.138E-01	6.048E-01	1.114E-01	2.894E-01	47	AF-Q8NBU5-2-F1-model_v6 Outer mitochondrial transmembrane helix translocase
MC25_sitophilus_oryzae_2	AF-O67908-F1-model_v6	0.060	50	36	178	0.861	0.275	6.021E-01	5.444E-01	1.476E-01	2.894E-01	43	AF-O67908-F1-model_v6 CDP-diacylglycerol--glycerol-3-phosphate 3-phosphatidyltransferase
MC25_sitophilus_oryzae_2	AF-A0A1L8FM16-F1-model_v6	0.000	225	36	326	1.000	0.672	5.981E-01	5.868E-01	8.438E-02	2.894E-01	49	AF-A0A1L8FM16-F1-model_v6 Peroxisome assembly protein 10-B
MC25_sitophilus_oryzae_2	AF-Q4L6S0-F1-model_v6	0.000	130	36	153	0.778	0.850	6.065E-01	5.070E-01	1.523E-01	2.894E-01	43	AF-Q4L6S0-F1-model_v6 Endoribonuclease YbeY
MC25_sitophilus_oryzae_2	AF-O08537-6-F1-model_v6	0.027	37	36	343	0.806	0.108	6.814E-01	5.767E-01	7.951E-02	2.894E-01	50	AF-O08537-6-F1-model_v6 Estrogen receptor beta
MC25_sitophilus_oryzae_2	AF-Q9Z7K9-F1-model_v6	0.011	178	36	277	1.000	0.639	5.720E-01	5.612E-01	1.068E-01	2.893E-01	47	AF-Q9Z7K9-F1-model_v6 Small ribosomal subunit protein uS2
MC25_sitophilus_oryzae_2	AF-P31032-F1-model_v6	0.023	84	36	286	0.917	0.287	6.181E-01	5.733E-01	9.682E-02	2.893E-01	48	AF-P31032-F1-model_v6 Type II restriction enzyme NgoMIV
MC25_sitophilus_oryzae_2	AF-A0B5T8-F1-model_v6	0.052	38	36	337	0.806	0.110	6.814E-01	5.761E-01	7.854E-02	2.893E-01	50	AF-A0B5T8-F1-model_v6 Transcription initiation factor IIB
MC25_sitophilus_oryzae_2	AF-Q88R90-F1-model_v6	0.021	93	36	525	1.000	0.171	6.342E-01	6.226E-01	5.930E-02	2.893E-01	51	AF-Q88R90-F1-model_v6 Glutamate--cysteine ligase
MC25_sitophilus_oryzae_2	AF-Q2UMG1-F1-model_v6	0.105	38	36	260	1.000	0.123	6.173E-01	5.613E-01	1.048E-01	2.892E-01	47	AF-Q2UMG1-F1-model_v6 Pre-rRNA-processing protein pno1
MC25_sitophilus_oryzae_2	AF-O75431-2-F1-model_v6	0.049	81	36	253	1.000	0.285	5.562E-01	5.442E-01	9.585E-02	2.892E-01	48	AF-O75431-2-F1-model_v6 Metaxin-2
MC25_sitophilus_oryzae_2	AF-P52237-F1-model_v6	0.000	123	36	178	0.972	0.646	5.379E-01	5.165E-01	1.311E-01	2.892E-01	45	AF-P52237-F1-model_v6 Thiol:disulfide interchange protein DsbE
MC25_sitophilus_oryzae_2	AF-Q03MH4-F1-model_v6	0.050	40	36	160	0.944	0.206	5.613E-01	5.195E-01	1.470E-01	2.892E-01	43	AF-Q03MH4-F1-model_v6 Transcription elongation factor GreA
MC25_sitophilus_oryzae_2	AF-P0CW14-F1-model_v6	0.052	38	36	337	0.806	0.110	6.816E-01	5.761E-01	7.851E-02	2.892E-01	50	AF-P0CW14-F1-model_v6 Transcription initiation factor IIB
MC25_sitophilus_oryzae_2	AF-Q8GXW1-F1-model_v6	0.016	59	36	547	1.000	0.101	6.344E-01	6.220E-01	5.476E-02	2.892E-01	52	AF-Q8GXW1-F1-model_v6 DELLA protein RGL2
MC25_sitophilus_oryzae_2	AF-A1C3L4-F1-model_v6	0.008	117	36	418	1.000	0.278	6.146E-01	6.033E-01	7.515E-02	2.892E-01	50	AF-A1C3L4-F1-model_v6 Accessory Sec system protein translocase subunit SecY2
MC25_sitophilus_oryzae_2	AF-Q91VX9-F1-model_v6	0.010	93	36	697	1.000	0.129	6.548E-01	6.428E-01	4.488E-02	2.891E-01	53	AF-Q91VX9-F1-model_v6 Transmembrane protein 168
MC25_sitophilus_oryzae_2	AF-Q5KXL1-F1-model_v6	0.058	34	36	217	0.889	0.143	6.090E-01	5.449E-01	1.182E-01	2.891E-01	46	AF-Q5KXL1-F1-model_v6 Segregation and condensation protein B
MC25_sitophilus_oryzae_2	AF-Q31UN3-F1-model_v6	0.000	38	36	287	0.889	0.115	6.231E-01	5.578E-01	8.648E-02	2.891E-01	49	AF-Q31UN3-F1-model_v6 ATP synthase gamma chain
MC25_sitophilus_oryzae_2	AF-A0A343W970-F1-model_v6	0.005	180	36	405	0.889	0.444	6.598E-01	6.000E-01	7.285E-02	2.890E-01	50	AF-A0A343W970-F1-model_v6 Farnesyl pyrophosphate synthase
MC25_sitophilus_oryzae_2	AF-Q32KY9-F1-model_v6	0.024	41	36	248	0.806	0.161	6.569E-01	5.588E-01	1.031E-01	2.890E-01	47	AF-Q32KY9-F1-model_v6 E3 SUMO-protein ligase NSE2
MC25_sitophilus_oryzae_2	AF-Q7UJB1-F1-model_v6	0.030	166	36	488	1.000	0.334	6.022E-01	5.901E-01	6.130E-02	2.889E-01	51	AF-Q7UJB1-F1-model_v6 Cryptochrome DASH
MC25_sitophilus_oryzae_2	AF-F4KEV7-F1-model_v6	0.013	148	36	180	0.972	0.789	5.443E-01	5.241E-01	1.385E-01	2.889E-01	44	AF-F4KEV7-F1-model_v6 Bifunctional bis(5'-adenosyl)-triphosphatase/adenylylsulfatase FHIT
MC25_sitophilus_oryzae_2	AF-Q57774-F1-model_v6	0.000	65	36	146	1.000	0.356	4.930E-01	4.825E-01	1.418E-01	2.889E-01	43	AF-Q57774-F1-model_v6 Uncharacterized protein MJ0328
MC25_sitophilus_oryzae_2	AF-Q92FX2-F1-model_v6	0.011	87	36	146	0.722	0.589	6.305E-01	4.977E-01	1.499E-01	2.889E-01	43	AF-Q92FX2-F1-model_v6 Putative Na(+)/H(+) antiporter NhaA homolog
MC25_sitophilus_oryzae_2	AF-Q3K0T0-F1-model_v6	0.000	47	36	232	0.972	0.198	5.708E-01	5.511E-01	1.214E-01	2.889E-01	46	AF-Q3K0T0-F1-model_v6 Tyrosine-protein kinase CpsD
MC25_sitophilus_oryzae_2	AF-P79149-F1-model_v6	0.039	51	36	773	0.861	0.066	6.974E-01	6.140E-01	3.815E-02	2.888E-01	53	AF-P79149-F1-model_v6 Pinin
MC25_sitophilus_oryzae_2	AF-Q9L6B6-F1-model_v6	0.000	36	36	289	0.889	0.114	6.180E-01	5.568E-01	8.877E-02	2.888E-01	49	AF-Q9L6B6-F1-model_v6 ATP synthase gamma chain
MC25_sitophilus_oryzae_2	AF-P67439-F1-model_v6	0.040	50	36	234	0.861	0.201	6.193E-01	5.534E-01	1.096E-01	2.888E-01	47	AF-P67439-F1-model_v6 HTH-type transcriptional regulator Mb1846
MC25_sitophilus_oryzae_2	AF-Q752X9-F1-model_v6	0.000	216	36	441	1.000	0.476	6.076E-01	5.959E-01	6.386E-02	2.887E-01	51	AF-Q752X9-F1-model_v6 Squalene synthase
MC25_sitophilus_oryzae_2	AF-Q9KZK8-F1-model_v6	0.009	109	36	443	1.000	0.246	6.309E-01	6.205E-01	7.403E-02	2.887E-01	50	AF-Q9KZK8-F1-model_v6 Bifunctional F420 biosynthesis protein FbiB
MC25_sitophilus_oryzae_2	AF-A0A0A1C930-F1-model_v6	0.000	47	36	594	1.000	0.076	6.271E-01	6.151E-01	5.337E-02	2.887E-01	52	AF-A0A0A1C930-F1-model_v6 3-hydroxy-3-methylglutaryl coenzyme A reductase 2-A
MC25_sitophilus_oryzae_2	AF-C8VQ97-F1-model_v6	0.021	188	36	620	0.833	0.303	7.087E-01	6.107E-01	4.630E-02	2.886E-01	53	AF-C8VQ97-F1-model_v6 MFS-type transporter ausY
MC25_sitophilus_oryzae_2	AF-Q9NYW3-F1-model_v6	0.057	35	36	318	0.944	0.097	6.555E-01	5.821E-01	8.653E-02	2.886E-01	49	AF-Q9NYW3-F1-model_v6 Taste receptor type 2 member 7
MC25_sitophilus_oryzae_2	AF-P65096-F1-model_v6	0.026	38	36	161	0.944	0.211	5.510E-01	5.242E-01	1.564E-01	2.886E-01	42	AF-P65096-F1-model_v6 Uncharacterized protein Mb3817
MC25_sitophilus_oryzae_2	AF-Q329S2-F1-model_v6	0.000	38	36	287	0.889	0.115	6.219E-01	5.569E-01	8.642E-02	2.885E-01	49	AF-Q329S2-F1-model_v6 ATP synthase gamma chain
MC25_sitophilus_oryzae_2	AF-A8HAG4-F1-model_v6	0.000	38	36	286	0.889	0.115	6.271E-01	5.617E-01	8.713E-02	2.885E-01	49	AF-A8HAG4-F1-model_v6 ATP synthase gamma chain
MC25_sitophilus_oryzae_2	AF-Q753T9-F1-model_v6	0.004	217	36	329	1.000	0.650	5.955E-01	5.846E-01	8.848E-02	2.885E-01	49	AF-Q753T9-F1-model_v6 GDP-mannose transporter
MC25_sitophilus_oryzae_2	AF-Q312S3-F1-model_v6	0.045	66	36	309	1.000	0.207	5.812E-01	5.702E-01	9.462E-02	2.885E-01	48	AF-Q312S3-F1-model_v6 Isethionate sulfite-lyase activating enzyme
MC25_sitophilus_oryzae_2	AF-O75192-2-F1-model_v6	0.050	40	36	216	0.944	0.167	5.740E-01	5.415E-01	1.193E-01	2.885E-01	46	AF-O75192-2-F1-model_v6 Peroxisomal membrane protein 11A
MC25_sitophilus_oryzae_2	AF-P04035-2-F1-model_v6	0.027	37	36	835	0.861	0.044	7.272E-01	6.467E-01	3.600E-02	2.884E-01	54	AF-P04035-2-F1-model_v6 3-hydroxy-3-methylglutaryl-coenzyme A reductase
MC25_sitophilus_oryzae_2	AF-B9KAT4-F1-model_v6	0.030	133	36	425	0.806	0.313	6.922E-01	5.810E-01	6.363E-02	2.884E-01	51	AF-B9KAT4-F1-model_v6 Trigger factor
MC25_sitophilus_oryzae_2	AF-Q9Y5K5-4-F1-model_v6	0.000	51	36	326	0.917	0.150	6.201E-01	5.744E-01	8.523E-02	2.884E-01	49	AF-Q9Y5K5-4-F1-model_v6 Ubiquitin carboxyl-terminal hydrolase isozyme L5
MC25_sitophilus_oryzae_2	AF-P57077-F1-model_v6	0.000	22	36	142	0.556	0.155	7.188E-01	4.819E-01	1.332E-01	2.884E-01	44	AF-P57077-F1-model_v6 MAP3K7 C-terminal-like protein
MC25_sitophilus_oryzae_2	AF-P40884-F1-model_v6	0.037	81	36	581	1.000	0.139	6.373E-01	6.261E-01	5.731E-02	2.884E-01	52	AF-P40884-F1-model_v6 Oligo-1,6-glucosidase IMA5
MC25_sitophilus_oryzae_2	AF-P75010-F1-model_v6	0.093	32	36	155	0.722	0.206	6.328E-01	5.053E-01	1.454E-01	2.884E-01	43	AF-P75010-F1-model_v6 Probable tellurium resistance transcriptional regulator TerW
MC25_sitophilus_oryzae_2	AF-Q04EK0-F1-model_v6	0.025	39	36	162	0.944	0.204	5.585E-01	5.161E-01	1.462E-01	2.883E-01	43	AF-Q04EK0-F1-model_v6 Transcription elongation factor GreA
MC25_sitophilus_oryzae_2	AF-A1WU55-F1-model_v6	0.016	59	36	64	0.861	0.812	4.508E-01	4.019E-01	2.631E-01	2.883E-01	33	AF-A1WU55-F1-model_v6 Large ribosomal subunit protein bL35
MC25_sitophilus_oryzae_2	AF-Q2SRR6-F1-model_v6	0.022	89	36	222	0.833	0.396	6.216E-01	5.458E-01	1.166E-01	2.883E-01	46	AF-Q2SRR6-F1-model_v6 Cytidylate kinase
MC25_sitophilus_oryzae_2	AF-Q6P3V7-2-F1-model_v6	0.013	73	36	399	1.000	0.178	6.153E-01	6.039E-01	7.677E-02	2.883E-01	50	AF-Q6P3V7-2-F1-model_v6 Tetratricopeptide repeat protein 41
MC25_sitophilus_oryzae_2	AF-Q31G64-F1-model_v6	0.000	234	36	318	1.000	0.720	5.757E-01	5.639E-01	8.560E-02	2.883E-01	49	AF-Q31G64-F1-model_v6 Acetyl-coenzyme A carboxylase carboxyl transferase subunit alpha
MC25_sitophilus_oryzae_2	AF-Q03795-F1-model_v6	0.020	241	36	547	1.000	0.441	6.561E-01	6.452E-01	6.119E-02	2.883E-01	51	AF-Q03795-F1-model_v6 Uncharacterized membrane protein YMR155W
MC25_sitophilus_oryzae_2	AF-Q8ZAG5-F1-model_v6	0.030	100	36	316	1.000	0.304	5.744E-01	5.632E-01	8.826E-02	2.883E-01	49	AF-Q8ZAG5-F1-model_v6 Magnesium transport protein CorA
MC25_sitophilus_oryzae_2	AF-Q9UKS6-F1-model_v6	0.050	40	36	424	0.944	0.087	6.208E-01	5.838E-01	6.690E-02	2.881E-01	51	AF-Q9UKS6-F1-model_v6 Protein kinase C and casein kinase substrate in neurons protein 3
MC25_sitophilus_oryzae_2	AF-Q66FY7-F1-model_v6	0.030	100	36	316	1.000	0.304	5.740E-01	5.627E-01	8.828E-02	2.881E-01	49	AF-Q66FY7-F1-model_v6 Magnesium transport protein CorA
MC25_sitophilus_oryzae_2	AF-B7VIQ1-F1-model_v6	0.018	53	36	456	0.972	0.116	6.264E-01	6.027E-01	6.898E-02	2.881E-01	50	AF-B7VIQ1-F1-model_v6 tRNA(Ile)-lysidine synthase
MC25_sitophilus_oryzae_2	AF-Q9XSJ0-F1-model_v6	0.000	51	36	328	0.917	0.149	6.204E-01	5.745E-01	8.474E-02	2.881E-01	49	AF-Q9XSJ0-F1-model_v6 Ubiquitin carboxyl-terminal hydrolase isozyme L5
MC25_sitophilus_oryzae_2	AF-Q96KB5-2-F1-model_v6	0.019	51	36	333	1.000	0.147	6.073E-01	5.966E-01	9.131E-02	2.881E-01	48	AF-Q96KB5-2-F1-model_v6 Lymphokine-activated killer T-cell-originated protein kinase
MC25_sitophilus_oryzae_2	AF-A8MJX9-F1-model_v6	0.000	38	36	357	0.889	0.095	6.263E-01	5.573E-01	7.086E-02	2.881E-01	50	AF-A8MJX9-F1-model_v6 Peptide chain release factor 1
MC25_sitophilus_oryzae_2	AF-A7H5S4-F1-model_v6	0.015	127	36	332	1.000	0.373	6.018E-01	5.910E-01	8.835E-02	2.880E-01	48	AF-A7H5S4-F1-model_v6 NADH-quinone oxidoreductase subunit H
MC25_sitophilus_oryzae_2	AF-Q727N0-F1-model_v6	0.045	66	36	307	1.000	0.208	5.739E-01	5.632E-01	9.500E-02	2.880E-01	48	AF-Q727N0-F1-model_v6 Isethionate sulfite-lyase activating enzyme
MC25_sitophilus_oryzae_2	AF-Q73GE2-F1-model_v6	0.000	104	36	205	0.833	0.493	6.090E-01	5.212E-01	1.166E-01	2.880E-01	46	AF-Q73GE2-F1-model_v6 Octanoyltransferase
MC25_sitophilus_oryzae_2	AF-Q9Z2Q6-F1-model_v6	0.038	52	36	369	1.000	0.141	6.165E-01	6.065E-01	8.663E-02	2.880E-01	49	AF-Q9Z2Q6-F1-model_v6 Septin-5
MC25_sitophilus_oryzae_2	AF-Q1RHB0-F1-model_v6	0.037	53	36	318	1.000	0.160	5.939E-01	5.833E-01	9.538E-02	2.880E-01	48	AF-Q1RHB0-F1-model_v6 Iron-sulfur cluster carrier protein
MC25_sitophilus_oryzae_2	AF-Q9HBG4-F1-model_v6	0.027	37	36	840	0.861	0.042	6.963E-01	6.118E-01	3.356E-02	2.880E-01	54	AF-Q9HBG4-F1-model_v6 V-type proton ATPase 116 kDa subunit a 4
MC25_sitophilus_oryzae_2	AF-Q06AT3-F1-model_v6	0.000	52	36	329	0.917	0.152	6.230E-01	5.756E-01	8.441E-02	2.880E-01	49	AF-Q06AT3-F1-model_v6 Ubiquitin carboxyl-terminal hydrolase isozyme L5
MC25_sitophilus_oryzae_2	AF-A7HZV5-F1-model_v6	0.007	128	36	331	1.000	0.375	6.021E-01	5.911E-01	8.700E-02	2.880E-01	49	AF-A7HZV5-F1-model_v6 NADH-quinone oxidoreductase subunit H
MC25_sitophilus_oryzae_2	AF-O95801-F1-model_v6	0.037	54	36	387	0.972	0.129	5.882E-01	5.646E-01	7.224E-02	2.879E-01	50	AF-O95801-F1-model_v6 Tetratricopeptide repeat protein 4
MC25_sitophilus_oryzae_2	AF-Q646A2-F1-model_v6	0.083	36	36	318	0.944	0.097	6.466E-01	5.721E-01	8.379E-02	2.879E-01	49	AF-Q646A2-F1-model_v6 Taste receptor type 2 member 7
MC25_sitophilus_oryzae_2	AF-Q6P6S0-F1-model_v6	0.010	94	36	419	1.000	0.224	6.159E-01	6.055E-01	7.757E-02	2.878E-01	49	AF-Q6P6S0-F1-model_v6 Synaptosomal-associated protein 47
MC25_sitophilus_oryzae_2	AF-O30415-F1-model_v6	0.021	139	36	257	1.000	0.525	5.708E-01	5.602E-01	1.091E-01	2.878E-01	46	AF-O30415-F1-model_v6 Ribonuclease HII
MC25_sitophilus_oryzae_2	AF-Q2YPC4-F1-model_v6	0.025	39	36	250	0.944	0.136	5.973E-01	5.660E-01	1.070E-01	2.877E-01	47	AF-Q2YPC4-F1-model_v6 Probable 2' cyclic ADP-D-ribose synthase TcpB
MC25_sitophilus_oryzae_2	AF-P62397-F1-model_v6	0.090	22	36	170	0.556	0.129	7.378E-01	4.949E-01	1.130E-01	2.877E-01	46	AF-P62397-F1-model_v6 Secretion monitor
MC25_sitophilus_oryzae_2	AF-P62825-F1-model_v6	0.010	99	36	216	1.000	0.444	5.665E-01	5.571E-01	1.299E-01	2.877E-01	44	AF-P62825-F1-model_v6 GTP-binding nuclear protein Ran
MC25_sitophilus_oryzae_2	AF-Q6ACP8-F1-model_v6	0.056	53	36	332	0.972	0.160	5.999E-01	5.801E-01	9.306E-02	2.877E-01	48	AF-Q6ACP8-F1-model_v6 tRNA(Ile)-lysidine synthase
MC25_sitophilus_oryzae_2	AF-B0S5A7-F1-model_v6	0.004	425	36	700	1.000	0.607	6.637E-01	6.521E-01	4.853E-02	2.877E-01	52	AF-B0S5A7-F1-model_v6 Choline transporter-like protein 5-B (Fragment)
MC25_sitophilus_oryzae_2	AF-Q8DCT8-F1-model_v6	0.014	67	36	247	0.944	0.263	5.986E-01	5.686E-01	1.145E-01	2.877E-01	46	AF-Q8DCT8-F1-model_v6 23S rRNA (guanosine-2'-O-)-methyltransferase RlmB
MC25_sitophilus_oryzae_2	AF-O60813-F1-model_v6	0.018	54	36	478	0.917	0.111	6.452E-01	5.945E-01	6.149E-02	2.877E-01	51	AF-O60813-F1-model_v6 PRAME family member 11
MC25_sitophilus_oryzae_2	AF-P72656-F1-model_v6	0.020	49	36	674	1.000	0.071	6.637E-01	6.524E-01	4.928E-02	2.876E-01	52	AF-P72656-F1-model_v6 Ribonuclease E
MC25_sitophilus_oryzae_2	AF-P9WMC9-F1-model_v6	0.060	50	36	234	0.806	0.214	6.373E-01	5.535E-01	1.118E-01	2.876E-01	46	AF-P9WMC9-F1-model_v6 HTH-type transcriptional regulator Rv1816
MC25_sitophilus_oryzae_2	AF-Q9Y5K5-F1-model_v6	0.000	52	36	329	0.917	0.152	6.221E-01	5.749E-01	8.440E-02	2.876E-01	49	AF-Q9Y5K5-F1-model_v6 Ubiquitin carboxyl-terminal hydrolase isozyme L5
MC25_sitophilus_oryzae_2	AF-Q493B5-F1-model_v6	0.033	60	36	510	0.972	0.116	6.293E-01	6.052E-01	6.108E-02	2.876E-01	51	AF-Q493B5-F1-model_v6 tRNA(Ile)-lysidine synthase
MC25_sitophilus_oryzae_2	AF-Q7VGJ2-F1-model_v6	0.022	134	36	222	1.000	0.590	5.493E-01	5.387E-01	1.196E-01	2.876E-01	45	AF-Q7VGJ2-F1-model_v6 Probable GTP-binding protein EngB
MC25_sitophilus_oryzae_2	AF-Q0DFT7-F1-model_v6	0.058	34	36	277	0.944	0.105	6.445E-01	5.517E-01	9.390E-02	2.876E-01	48	AF-Q0DFT7-F1-model_v6 Transcription factor WRKY19
MC25_sitophilus_oryzae_2	AF-B1L813-F1-model_v6	0.030	133	36	425	0.806	0.313	6.894E-01	5.789E-01	6.351E-02	2.875E-01	51	AF-B1L813-F1-model_v6 Trigger factor
MC25_sitophilus_oryzae_2	AF-Q6VY05-F1-model_v6	0.030	99	36	352	0.861	0.276	6.547E-01	5.774E-01	7.553E-02	2.875E-01	50	AF-Q6VY05-F1-model_v6 Dead end protein homolog 1
MC25_sitophilus_oryzae_2	AF-Q58T60-F1-model_v6	0.027	72	36	145	0.861	0.448	5.667E-01	4.948E-01	1.440E-01	2.875E-01	43	AF-Q58T60-F1-model_v6 Maximins 5/H4 type 2
MC25_sitophilus_oryzae_2	AF-O03772-F1-model_v6	0.065	46	36	231	0.944	0.177	6.019E-01	5.702E-01	1.155E-01	2.874E-01	46	AF-O03772-F1-model_v6 NADH-ubiquinone oxidoreductase chain 4 (Fragment)
MC25_sitophilus_oryzae_2	AF-A5IJ92-F1-model_v6	0.030	133	36	425	0.806	0.313	6.880E-01	5.783E-01	6.351E-02	2.874E-01	51	AF-A5IJ92-F1-model_v6 Trigger factor
MC25_sitophilus_oryzae_2	AF-Q60CR5-F1-model_v6	0.000	37	36	287	0.889	0.115	6.161E-01	5.547E-01	8.796E-02	2.874E-01	48	AF-Q60CR5-F1-model_v6 ATP synthase gamma chain
MC25_sitophilus_oryzae_2	AF-B2K8E3-F1-model_v6	0.052	38	36	192	1.000	0.151	6.168E-01	5.254E-01	1.246E-01	2.874E-01	45	AF-B2K8E3-F1-model_v6 Protein GrpE
MC25_sitophilus_oryzae_2	AF-Q0SS18-F1-model_v6	0.000	53	36	248	1.000	0.198	5.683E-01	5.579E-01	1.112E-01	2.874E-01	46	AF-Q0SS18-F1-model_v6 Segregation and condensation protein A
MC25_sitophilus_oryzae_2	AF-Q9CEY6-F1-model_v6	0.027	36	36	366	0.972	0.093	6.383E-01	6.072E-01	8.370E-02	2.874E-01	49	AF-Q9CEY6-F1-model_v6 Putative agmatine deiminase
MC25_sitophilus_oryzae_2	AF-Q6AHC2-F1-model_v6	0.005	400	36	592	1.000	0.672	6.352E-01	6.234E-01	5.402E-02	2.873E-01	52	AF-Q6AHC2-F1-model_v6 2-succinyl-5-enolpyruvyl-6-hydroxy-3-cyclohexene-1-carboxylate synthase
MC25_sitophilus_oryzae_2	AF-A4TNU6-F1-model_v6	0.052	38	36	192	1.000	0.151	6.168E-01	5.254E-01	1.246E-01	2.873E-01	45	AF-A4TNU6-F1-model_v6 Protein GrpE
MC25_sitophilus_oryzae_2	AF-Q5HNX7-F1-model_v6	0.011	86	36	155	0.889	0.523	5.646E-01	5.107E-01	1.471E-01	2.872E-01	43	AF-Q5HNX7-F1-model_v6 Endoribonuclease YbeY
MC25_sitophilus_oryzae_2	AF-Q6D8C5-F1-model_v6	0.055	54	36	440	0.972	0.120	6.195E-01	5.961E-01	6.978E-02	2.872E-01	50	AF-Q6D8C5-F1-model_v6 tRNA(Ile)-lysidine synthase
MC25_sitophilus_oryzae_2	AF-Q98DY2-F1-model_v6	0.016	59	36	197	0.861	0.279	5.947E-01	5.221E-01	1.194E-01	2.871E-01	45	AF-Q98DY2-F1-model_v6 Dephospho-CoA kinase
MC25_sitophilus_oryzae_2	AF-O83245-F1-model_v6	0.058	34	36	220	0.944	0.132	6.278E-01	5.418E-01	1.163E-01	2.871E-01	46	AF-O83245-F1-model_v6 Protein GrpE
MC25_sitophilus_oryzae_2	AF-Q8CBG9-F1-model_v6	0.000	75	36	286	1.000	0.248	5.828E-01	5.720E-01	9.882E-02	2.870E-01	47	AF-Q8CBG9-F1-model_v6 E3 ubiquitin-protein ligase RNF170
MC25_sitophilus_oryzae_2	AF-P42936-F1-model_v6	0.018	160	36	225	1.000	0.680	5.608E-01	5.504E-01	1.154E-01	2.870E-01	46	AF-P42936-F1-model_v6 Putative elongation factor 1 gamma homolog
MC25_sitophilus_oryzae_2	AF-Q9ERS0-F1-model_v6	0.018	54	36	405	1.000	0.128	6.097E-01	5.986E-01	7.503E-02	2.869E-01	50	AF-Q9ERS0-F1-model_v6 Potassium channel subfamily K member 13
MC25_sitophilus_oryzae_2	AF-Q04GC3-F1-model_v6	0.024	41	36	372	0.944	0.099	6.110E-01	5.731E-01	7.296E-02	2.869E-01	50	AF-Q04GC3-F1-model_v6 Peptide chain release factor 2
MC25_sitophilus_oryzae_2	AF-Q7VPP1-F1-model_v6	0.000	37	36	288	0.889	0.115	6.178E-01	5.551E-01	8.775E-02	2.869E-01	48	AF-Q7VPP1-F1-model_v6 ATP synthase gamma chain
MC25_sitophilus_oryzae_2	AF-Q1IJ81-F1-model_v6	0.025	39	36	455	0.917	0.075	6.294E-01	5.739E-01	5.738E-02	2.868E-01	51	AF-Q1IJ81-F1-model_v6 Na(+)/H(+) antiporter NhaA
MC25_sitophilus_oryzae_2	AF-Q71SV0-F1-model_v6	0.025	40	36	226	1.000	0.133	6.239E-01	5.360E-01	1.050E-01	2.868E-01	47	AF-Q71SV0-F1-model_v6 Lysosomal-associated transmembrane protein 4B
MC25_sitophilus_oryzae_2	AF-A7FKS2-F1-model_v6	0.052	38	36	192	1.000	0.151	6.152E-01	5.244E-01	1.246E-01	2.867E-01	45	AF-A7FKS2-F1-model_v6 Protein GrpE
MC25_sitophilus_oryzae_2	AF-Q0CS59-F1-model_v6	0.000	146	36	449	1.000	0.325	6.339E-01	6.240E-01	7.415E-02	2.867E-01	50	AF-Q0CS59-F1-model_v6 MFS acetylaranotin efflux transporter ataA
MC25_sitophilus_oryzae_2	AF-P44998-F1-model_v6	0.040	100	36	315	1.000	0.305	5.691E-01	5.578E-01	8.815E-02	2.867E-01	48	AF-P44998-F1-model_v6 Magnesium transport protein CorA
MC25_sitophilus_oryzae_2	AF-O88441-F1-model_v6	0.049	81	36	263	1.000	0.274	5.552E-01	5.433E-01	9.245E-02	2.867E-01	48	AF-O88441-F1-model_v6 Metaxin-2
MC25_sitophilus_oryzae_2	AF-Q9M363-F1-model_v6	0.006	148	36	398	1.000	0.367	6.121E-01	6.011E-01	7.754E-02	2.866E-01	49	AF-Q9M363-F1-model_v6 Cytochrome b561 and DOMON domain-containing protein At3g61750
MC25_sitophilus_oryzae_2	AF-B7K0A6-F1-model_v6	0.024	41	36	365	0.944	0.101	6.071E-01	5.717E-01	7.434E-02	2.866E-01	50	AF-B7K0A6-F1-model_v6 Peptide chain release factor 2
MC25_sitophilus_oryzae_2	AF-P9WMC8-F1-model_v6	0.060	50	36	234	0.806	0.214	6.355E-01	5.523E-01	1.117E-01	2.866E-01	46	AF-P9WMC8-F1-model_v6 HTH-type transcriptional regulator MT1864
MC25_sitophilus_oryzae_2	AF-Q8BH06-5-F1-model_v6	0.000	143	36	311	0.972	0.453	5.814E-01	5.592E-01	9.137E-02	2.866E-01	48	AF-Q8BH06-5-F1-model_v6 Interleukin-17 receptor E
MC25_sitophilus_oryzae_2	AF-F4HW02-F1-model_v6	0.011	352	36	451	1.000	0.772	6.121E-01	6.002E-01	6.517E-02	2.866E-01	50	AF-F4HW02-F1-model_v6 GABA transporter 1
MC25_sitophilus_oryzae_2	AF-Q8AVH4-F1-model_v6	0.073	41	36	236	0.944	0.161	5.711E-01	5.379E-01	1.122E-01	2.866E-01	46	AF-Q8AVH4-F1-model_v6 RNA-binding protein PNO1
MC25_sitophilus_oryzae_2	AF-A0A5S9MMK5-F1-model_v6	0.037	54	36	443	1.000	0.117	6.340E-01	6.235E-01	7.213E-02	2.865E-01	50	AF-A0A5S9MMK5-F1-model_v6 FLYWCH-type zinc finger-containing protein peb-1
MC25_sitophilus_oryzae_2	AF-Q4R6E8-F1-model_v6	0.025	40	36	226	1.000	0.133	6.237E-01	5.362E-01	1.051E-01	2.864E-01	46	AF-Q4R6E8-F1-model_v6 Lysosomal-associated transmembrane protein 4B
MC25_sitophilus_oryzae_2	AF-A2SD36-F1-model_v6	0.016	181	36	370	0.917	0.478	6.195E-01	5.674E-01	7.085E-02	2.864E-01	50	AF-A2SD36-F1-model_v6 GTPase Obg
MC25_sitophilus_oryzae_2	AF-Q5RJI2-F1-model_v6	0.007	428	36	710	1.000	0.603	6.612E-01	6.498E-01	4.786E-02	2.864E-01	52	AF-Q5RJI2-F1-model_v6 Choline transporter-like protein 5
MC25_sitophilus_oryzae_2	AF-Q182C6-F1-model_v6	0.015	132	36	153	0.778	0.863	5.807E-01	5.005E-01	1.543E-01	2.864E-01	42	AF-Q182C6-F1-model_v6 Endoribonuclease YbeY
MC25_sitophilus_oryzae_2	AF-Q9Y5K5-3-F1-model_v6	0.000	49	36	328	0.944	0.140	6.058E-01	5.730E-01	8.469E-02	2.864E-01	48	AF-Q9Y5K5-3-F1-model_v6 Ubiquitin carboxyl-terminal hydrolase isozyme L5
MC25_sitophilus_oryzae_2	AF-P0ABI7-F1-model_v6	0.020	100	36	316	1.000	0.304	5.729E-01	5.617E-01	8.819E-02	2.864E-01	48	AF-P0ABI7-F1-model_v6 Magnesium transport protein CorA
MC25_sitophilus_oryzae_2	AF-Q09752-F1-model_v6	0.013	151	36	531	1.000	0.284	6.320E-01	6.209E-01	6.234E-02	2.864E-01	51	AF-Q09752-F1-model_v6 Multidrug resistance protein fnx1
MC25_sitophilus_oryzae_2	AF-A9NGN4-F1-model_v6	0.076	39	36	158	0.944	0.209	5.530E-01	5.127E-01	1.494E-01	2.864E-01	42	AF-A9NGN4-F1-model_v6 Transcription elongation factor GreA
MC25_sitophilus_oryzae_2	AF-P38865-F1-model_v6	0.033	89	36	189	1.000	0.444	5.378E-01	5.293E-01	1.394E-01	2.864E-01	43	AF-P38865-F1-model_v6 Copper transport protein CTR2
MC25_sitophilus_oryzae_2	AF-Q8YAV8-F1-model_v6	0.009	109	36	370	0.833	0.295	6.712E-01	5.789E-01	7.399E-02	2.864E-01	49	AF-Q8YAV8-F1-model_v6 DNA replication and repair protein RecF
MC25_sitophilus_oryzae_2	AF-B2SG34-F1-model_v6	0.000	41	36	268	0.861	0.153	6.452E-01	5.851E-01	1.058E-01	2.863E-01	46	AF-B2SG34-F1-model_v6 Phosphatidylglycerol--prolipoprotein diacylglyceryl transferase
MC25_sitophilus_oryzae_2	AF-Q22915-F1-model_v6	0.021	46	36	350	1.000	0.120	6.027E-01	5.921E-01	8.453E-02	2.863E-01	48	AF-Q22915-F1-model_v6 Protein memo-1 homolog
MC25_sitophilus_oryzae_2	AF-B7IGK8-F1-model_v6	0.018	106	36	434	1.000	0.242	6.125E-01	6.017E-01	7.237E-02	2.863E-01	50	AF-B7IGK8-F1-model_v6 GTPase Obg
MC25_sitophilus_oryzae_2	AF-Q9CYB0-F1-model_v6	0.078	38	36	407	1.000	0.076	6.526E-01	5.713E-01	6.541E-02	2.863E-01	50	AF-Q9CYB0-F1-model_v6 E3 ubiquitin-protein ligase TRIM13
MC25_sitophilus_oryzae_2	AF-B7GKC6-F1-model_v6	0.037	53	36	344	1.000	0.148	6.090E-01	6.002E-01	9.128E-02	2.863E-01	48	AF-B7GKC6-F1-model_v6 Heat-inducible transcription repressor HrcA
MC25_sitophilus_oryzae_2	AF-Q99JB8-F1-model_v6	0.004	220	36	424	0.972	0.509	6.157E-01	5.921E-01	6.749E-02	2.863E-01	50	AF-Q99JB8-F1-model_v6 Protein kinase C and casein kinase II substrate protein 3
MC25_sitophilus_oryzae_2	AF-Q6DDB9-F1-model_v6	0.073	41	36	236	0.944	0.161	5.703E-01	5.372E-01	1.122E-01	2.863E-01	46	AF-Q6DDB9-F1-model_v6 RNA-binding protein PNO1
MC25_sitophilus_oryzae_2	AF-A0A3G9H2R5-F1-model_v6	0.006	143	36	578	1.000	0.247	6.548E-01	6.442E-01	5.834E-02	2.863E-01	51	AF-A0A3G9H2R5-F1-model_v6 MFS-type transporter cdmB
MC25_sitophilus_oryzae_2	AF-Q99VM1-F1-model_v6	0.000	41	36	369	0.944	0.100	6.221E-01	5.851E-01	7.417E-02	2.863E-01	49	AF-Q99VM1-F1-model_v6 Peptide chain release factor 2
MC25_sitophilus_oryzae_2	AF-Q9CG17-F1-model_v6	0.014	139	36	258	1.000	0.523	5.689E-01	5.584E-01	1.087E-01	2.862E-01	46	AF-Q9CG17-F1-model_v6 Ribonuclease HII
MC25_sitophilus_oryzae_2	AF-O21403-F1-model_v6	0.005	168	36	261	0.972	0.644	5.905E-01	5.724E-01	1.124E-01	2.862E-01	46	AF-O21403-F1-model_v6 Cytochrome c oxidase subunit 3
MC25_sitophilus_oryzae_2	AF-Q2YSH5-F1-model_v6	0.000	41	36	369	0.944	0.100	6.222E-01	5.852E-01	7.428E-02	2.862E-01	49	AF-Q2YSH5-F1-model_v6 Peptide chain release factor 2
MC25_sitophilus_oryzae_2	AF-Q9D8X5-F1-model_v6	0.008	240	36	292	1.000	0.801	5.636E-01	5.516E-01	8.821E-02	2.862E-01	48	AF-Q9D8X5-F1-model_v6 CCR4-NOT transcription complex subunit 8
MC25_sitophilus_oryzae_2	AF-B8F773-F1-model_v6	0.000	37	36	288	0.889	0.115	6.158E-01	5.539E-01	8.754E-02	2.861E-01	48	AF-B8F773-F1-model_v6 ATP synthase gamma chain
MC25_sitophilus_oryzae_2	AF-Q9LVW9-F1-model_v6	0.000	203	36	529	0.889	0.384	6.560E-01	5.931E-01	5.623E-02	2.861E-01	51	AF-Q9LVW9-F1-model_v6 Putative E3 ubiquitin-protein ligase ARI4
MC25_sitophilus_oryzae_2	AF-A3N1U6-F1-model_v6	0.015	199	36	317	1.000	0.621	5.784E-01	5.687E-01	9.359E-02	2.861E-01	48	AF-A3N1U6-F1-model_v6 Malate dehydrogenase
MC25_sitophilus_oryzae_2	AF-Q33824-F1-model_v6	0.005	168	36	260	0.972	0.646	5.933E-01	5.729E-01	1.129E-01	2.861E-01	46	AF-Q33824-F1-model_v6 Cytochrome c oxidase subunit 3
MC25_sitophilus_oryzae_2	AF-Q8S4W7-F1-model_v6	0.016	59	36	590	1.000	0.093	6.301E-01	6.178E-01	5.084E-02	2.861E-01	52	AF-Q8S4W7-F1-model_v6 DELLA protein GAI1
MC25_sitophilus_oryzae_2	AF-P49282-4-F1-model_v6	0.010	376	36	598	1.000	0.624	6.435E-01	6.318E-01	5.194E-02	2.861E-01	52	AF-P49282-4-F1-model_v6 Natural resistance-associated macrophage protein 2
MC25_sitophilus_oryzae_2	AF-Q80UC6-F1-model_v6	0.027	37	36	358	0.944	0.095	6.189E-01	5.845E-01	7.920E-02	2.861E-01	49	AF-Q80UC6-F1-model_v6 G-protein coupled receptor 62
MC25_sitophilus_oryzae_2	AF-Q9HJ89-F1-model_v6	0.027	37	36	657	0.833	0.053	7.109E-01	6.150E-01	4.167E-02	2.861E-01	53	AF-Q9HJ89-F1-model_v6 Archaeal Lon protease
MC25_sitophilus_oryzae_2	AF-P38960-F1-model_v6	0.039	76	36	494	0.917	0.152	6.583E-01	6.093E-01	6.023E-02	2.861E-01	51	AF-P38960-F1-model_v6 Protein STN1
MC25_sitophilus_oryzae_2	AF-L0T2H7-F1-model_v6	0.044	90	36	496	0.944	0.175	6.358E-01	5.987E-01	5.780E-02	2.860E-01	51	AF-L0T2H7-F1-model_v6 PE-PGRS family protein PE_PGRS1
MC25_sitophilus_oryzae_2	AF-P0DXU8-F1-model_v6	0.026	115	36	253	1.000	0.435	5.666E-01	5.559E-01	1.067E-01	2.860E-01	46	AF-P0DXU8-F1-model_v6 Daunorubicin resistance ABC transporter permease protein DrrB3
MC25_sitophilus_oryzae_2	AF-Q9UFF9-F1-model_v6	0.008	240	36	292	1.000	0.801	5.632E-01	5.513E-01	8.821E-02	2.860E-01	48	AF-Q9UFF9-F1-model_v6 CCR4-NOT transcription complex subunit 8
MC25_sitophilus_oryzae_2	AF-Q8IWU4-2-F1-model_v6	0.000	49	36	320	1.000	0.153	5.911E-01	5.815E-01	9.807E-02	2.859E-01	47	AF-Q8IWU4-2-F1-model_v6 Proton-coupled zinc antiporter SLC30A8
MC25_sitophilus_oryzae_2	AF-A5FK26-F1-model_v6	0.004	233	36	244	1.000	0.939	5.749E-01	5.650E-01	1.162E-01	2.859E-01	45	AF-A5FK26-F1-model_v6 Type III pantothenate kinase
MC25_sitophilus_oryzae_2	AF-P0DJ91-F1-model_v6	0.009	304	36	538	0.917	0.563	6.472E-01	6.021E-01	5.552E-02	2.859E-01	51	AF-P0DJ91-F1-model_v6 Translocated intimin receptor Tir
MC25_sitophilus_oryzae_2	AF-Q9Z1G4-3-F1-model_v6	0.000	37	36	832	0.861	0.042	6.961E-01	6.092E-01	3.380E-02	2.859E-01	53	AF-Q9Z1G4-3-F1-model_v6 V-type proton ATPase 116 kDa subunit a 1
MC25_sitophilus_oryzae_2	AF-P0DUY8-F1-model_v6	0.050	40	36	299	0.917	0.124	6.134E-01	5.683E-01	9.095E-02	2.858E-01	48	AF-P0DUY8-F1-model_v6 Apolipoprotein E
MC25_sitophilus_oryzae_2	AF-P62826-F1-model_v6	0.010	99	36	216	1.000	0.444	5.642E-01	5.549E-01	1.297E-01	2.858E-01	44	AF-P62826-F1-model_v6 GTP-binding nuclear protein Ran
MC25_sitophilus_oryzae_2	AF-Q754Q7-F1-model_v6	0.000	40	36	552	0.833	0.071	7.035E-01	6.089E-01	5.059E-02	2.858E-01	52	AF-Q754Q7-F1-model_v6 Man(5)GlcNAc(2)-PP-dolichol translocation protein RFT1
MC25_sitophilus_oryzae_2	AF-Q9CGX1-F1-model_v6	0.024	41	36	365	0.944	0.101	6.172E-01	5.807E-01	7.487E-02	2.858E-01	49	AF-Q9CGX1-F1-model_v6 Peptide chain release factor 2
MC25_sitophilus_oryzae_2	AF-Q5HHR5-F1-model_v6	0.000	41	36	369	0.944	0.100	6.217E-01	5.848E-01	7.426E-02	2.858E-01	49	AF-Q5HHR5-F1-model_v6 Peptide chain release factor 2
MC25_sitophilus_oryzae_2	AF-A5CFP2-F1-model_v6	0.036	55	36	441	1.000	0.120	5.900E-01	5.784E-01	6.870E-02	2.857E-01	50	AF-A5CFP2-F1-model_v6 tRNA(Ile)-lysidine synthase
MC25_sitophilus_oryzae_2	AF-Q4V920-F1-model_v6	0.025	40	36	445	0.944	0.083	6.256E-01	5.901E-01	6.470E-02	2.857E-01	50	AF-Q4V920-F1-model_v6 Protein kinase C and casein kinase substrate in neurons protein 1
MC25_sitophilus_oryzae_2	AF-Q9Z1G4-2-F1-model_v6	0.000	37	36	838	0.861	0.042	6.953E-01	6.086E-01	3.356E-02	2.857E-01	53	AF-Q9Z1G4-2-F1-model_v6 V-type proton ATPase 116 kDa subunit a 1
MC25_sitophilus_oryzae_2	AF-Q6LVI3-F1-model_v6	0.051	39	36	443	0.917	0.077	6.349E-01	5.852E-01	6.038E-02	2.857E-01	51	AF-Q6LVI3-F1-model_v6 ATP-dependent protease ATPase subunit HslU
MC25_sitophilus_oryzae_2	AF-B2IKU6-F1-model_v6	0.038	77	36	317	0.889	0.233	6.203E-01	5.581E-01	8.351E-02	2.856E-01	48	AF-B2IKU6-F1-model_v6 Acetyl-coenzyme A carboxylase carboxyl transferase subunit alpha
MC25_sitophilus_oryzae_2	AF-B6H059-F1-model_v6	0.020	145	36	544	1.000	0.267	6.491E-01	6.384E-01	6.190E-02	2.856E-01	51	AF-B6H059-F1-model_v6 MFS-type transporter prx5
MC25_sitophilus_oryzae_2	AF-Q9H6Q4-2-F1-model_v6	0.006	158	36	233	0.889	0.670	6.049E-01	5.484E-01	1.128E-01	2.856E-01	46	AF-Q9H6Q4-2-F1-model_v6 Cytosolic iron-sulfur assembly component 3
MC25_sitophilus_oryzae_2	AF-Q5F4B3-F1-model_v6	0.067	74	36	418	1.000	0.170	5.955E-01	5.841E-01	7.117E-02	2.856E-01	50	AF-Q5F4B3-F1-model_v6 Trimethyllysine dioxygenase, mitochondrial
MC25_sitophilus_oryzae_2	AF-P20332-F1-model_v6	0.016	119	36	210	0.944	0.562	5.742E-01	5.451E-01	1.317E-01	2.856E-01	44	AF-P20332-F1-model_v6 Somatotropin-2
MC25_sitophilus_oryzae_2	AF-Q0UG91-F1-model_v6	0.013	150	36	175	0.861	0.851	5.818E-01	5.210E-01	1.416E-01	2.855E-01	43	AF-Q0UG91-F1-model_v6 Acireductone dioxygenase
MC25_sitophilus_oryzae_2	AF-Q8CPZ1-F1-model_v6	0.000	41	36	371	0.944	0.100	6.215E-01	5.846E-01	7.382E-02	2.855E-01	49	AF-Q8CPZ1-F1-model_v6 Peptide chain release factor 2
MC25_sitophilus_oryzae_2	AF-P48892-F1-model_v6	0.005	168	36	261	0.972	0.644	5.890E-01	5.689E-01	1.119E-01	2.855E-01	46	AF-P48892-F1-model_v6 Cytochrome c oxidase subunit 3
MC25_sitophilus_oryzae_2	AF-Q9CPV0-2-F1-model_v6	0.024	83	36	143	0.889	0.566	5.466E-01	4.987E-01	1.653E-01	2.855E-01	41	AF-Q9CPV0-2-F1-model_v6 Transmembrane protein 107
MC25_sitophilus_oryzae_2	AF-Q9RRF5-F1-model_v6	0.026	38	36	202	0.833	0.188	6.065E-01	5.372E-01	1.322E-01	2.854E-01	44	AF-Q9RRF5-F1-model_v6 Protein-methionine-sulfoxide reductase heme-binding subunit MsrQ
MC25_sitophilus_oryzae_2	AF-B2G6I6-F1-model_v6	0.018	54	36	223	0.944	0.233	5.624E-01	5.330E-01	1.213E-01	2.854E-01	45	AF-B2G6I6-F1-model_v6 Adapter protein MecA
MC25_sitophilus_oryzae_2	AF-B3S0D3-F1-model_v6	0.000	66	36	442	0.889	0.147	6.337E-01	5.700E-01	6.327E-02	2.854E-01	50	AF-B3S0D3-F1-model_v6 Adenylosuccinate synthetase
MC25_sitophilus_oryzae_2	AF-Q7A6R4-F1-model_v6	0.000	41	36	369	0.944	0.100	6.201E-01	5.833E-01	7.422E-02	2.854E-01	49	AF-Q7A6R4-F1-model_v6 Peptide chain release factor 2
MC25_sitophilus_oryzae_2	AF-Q58842-F1-model_v6	0.000	202	36	381	0.750	0.530	7.143E-01	5.755E-01	6.709E-02	2.854E-01	50	AF-Q58842-F1-model_v6 Bifunctional enzyme Fae/Hps
MC25_sitophilus_oryzae_2	AF-Q7P112-F1-model_v6	0.025	40	36	448	0.917	0.076	6.368E-01	5.856E-01	5.847E-02	2.853E-01	51	AF-Q7P112-F1-model_v6 ATP-dependent protease ATPase subunit HslU
MC25_sitophilus_oryzae_2	AF-Q2NQF9-F1-model_v6	0.030	100	36	316	1.000	0.304	5.714E-01	5.603E-01	8.820E-02	2.853E-01	48	AF-Q2NQF9-F1-model_v6 Magnesium transport protein CorA
MC25_sitophilus_oryzae_2	AF-Q00357-F1-model_v6	0.013	145	36	548	1.000	0.265	6.524E-01	6.415E-01	6.108E-02	2.853E-01	51	AF-Q00357-F1-model_v6 MFS-type transporter TOXA
MC25_sitophilus_oryzae_2	AF-A4SHM1-F1-model_v6	0.051	39	36	442	0.917	0.077	6.337E-01	5.840E-01	6.050E-02	2.852E-01	51	AF-A4SHM1-F1-model_v6 ATP-dependent protease ATPase subunit HslU
MC25_sitophilus_oryzae_2	AF-P39912-F1-model_v6	0.036	55	36	358	0.861	0.151	6.357E-01	5.606E-01	7.589E-02	2.852E-01	49	AF-P39912-F1-model_v6 Protein AroA(G)
MC25_sitophilus_oryzae_2	AF-Q9BZJ7-F1-model_v6	0.027	37	36	368	0.944	0.092	6.176E-01	5.833E-01	7.709E-02	2.852E-01	49	AF-Q9BZJ7-F1-model_v6 G-protein coupled receptor 62
MC25_sitophilus_oryzae_2	AF-P74117-F1-model_v6	0.000	65	36	359	0.861	0.178	6.706E-01	6.016E-01	7.830E-02	2.852E-01	49	AF-P74117-F1-model_v6 Uncharacterized PIN and TRAM-domain containing protein slr1972
MC25_sitophilus_oryzae_2	AF-P0CQ91-F1-model_v6	0.017	57	36	772	1.000	0.070	6.412E-01	6.293E-01	4.073E-02	2.852E-01	52	AF-P0CQ91-F1-model_v6 ATP-dependent RNA helicase MAK5
MC25_sitophilus_oryzae_2	AF-Q3IIX1-F1-model_v6	0.000	138	36	319	0.889	0.426	6.240E-01	5.621E-01	8.385E-02	2.852E-01	48	AF-Q3IIX1-F1-model_v6 Acetyl-coenzyme A carboxylase carboxyl transferase subunit alpha
MC25_sitophilus_oryzae_2	AF-Q645V8-F1-model_v6	0.057	35	36	318	0.944	0.097	6.463E-01	5.784E-01	8.646E-02	2.852E-01	48	AF-Q645V8-F1-model_v6 Taste receptor type 2 member 7
MC25_sitophilus_oryzae_2	AF-A9KD43-F1-model_v6	0.000	47	36	145	1.000	0.297	5.202E-01	5.125E-01	1.770E-01	2.852E-01	40	AF-A9KD43-F1-model_v6 Large ribosomal subunit protein uL11
MC25_sitophilus_oryzae_2	AF-Q49VV3-F1-model_v6	0.000	41	36	373	0.944	0.099	6.214E-01	5.845E-01	7.343E-02	2.852E-01	49	AF-Q49VV3-F1-model_v6 Peptide chain release factor 2
MC25_sitophilus_oryzae_2	AF-O26011-F1-model_v6	0.032	93	36	187	0.889	0.481	5.556E-01	4.989E-01	1.262E-01	2.851E-01	44	AF-O26011-F1-model_v6 Flavin prenyltransferase UbiX
MC25_sitophilus_oryzae_2	AF-Q5R6N3-F1-model_v6	0.027	37	36	888	0.861	0.042	7.243E-01	6.447E-01	3.389E-02	2.851E-01	53	AF-Q5R6N3-F1-model_v6 3-hydroxy-3-methylglutaryl-coenzyme A reductase
MC25_sitophilus_oryzae_2	AF-Q02873-F1-model_v6	0.035	57	36	248	1.000	0.202	5.631E-01	5.529E-01	1.063E-01	2.851E-01	46	AF-Q02873-F1-model_v6 UPF0651 protein YPL107W, mitochondrial
MC25_sitophilus_oryzae_2	AF-B0UGN1-F1-model_v6	0.019	51	36	344	1.000	0.148	5.876E-01	5.769E-01	9.061E-02	2.850E-01	48	AF-B0UGN1-F1-model_v6 tRNA(Ile)-lysidine synthase
MC25_sitophilus_oryzae_2	AF-Q1IRD7-F1-model_v6	0.006	311	36	437	0.889	0.707	6.464E-01	5.811E-01	6.295E-02	2.850E-01	50	AF-Q1IRD7-F1-model_v6 Trigger factor
MC25_sitophilus_oryzae_2	AF-Q9LFA5-F1-model_v6	0.000	22	36	156	0.556	0.141	7.325E-01	4.831E-01	1.214E-01	2.850E-01	45	AF-Q9LFA5-F1-model_v6 Mediator of RNA polymerase II transcription subunit 28
MC25_sitophilus_oryzae_2	AF-O04135-F1-model_v6	0.050	40	36	397	0.917	0.093	6.379E-01	5.903E-01	7.043E-02	2.850E-01	50	AF-O04135-F1-model_v6 Homeobox protein knotted-1-like 2
MC25_sitophilus_oryzae_2	AF-A2RLF5-F1-model_v6	0.024	41	36	365	0.944	0.101	6.176E-01	5.811E-01	7.489E-02	2.850E-01	49	AF-A2RLF5-F1-model_v6 Peptide chain release factor 2
MC25_sitophilus_oryzae_2	AF-Q9TU15-2-F1-model_v6	0.055	36	36	324	0.889	0.102	6.189E-01	5.563E-01	8.243E-02	2.849E-01	48	AF-Q9TU15-2-F1-model_v6 Estrogen receptor beta
MC25_sitophilus_oryzae_2	AF-Q6FW70-F1-model_v6	0.000	225	36	332	0.944	0.660	5.953E-01	5.572E-01	7.617E-02	2.849E-01	49	AF-Q6FW70-F1-model_v6 Palmitoyltransferase PFA3
MC25_sitophilus_oryzae_2	AF-A1VJK1-F1-model_v6	0.037	53	36	151	0.750	0.338	6.110E-01	4.807E-01	1.395E-01	2.849E-01	43	AF-A1VJK1-F1-model_v6 Endoribonuclease YbeY
MC25_sitophilus_oryzae_2	AF-B3GNI6-2-F1-model_v6	0.094	53	36	432	1.000	0.123	6.293E-01	6.186E-01	7.473E-02	2.849E-01	49	AF-B3GNI6-2-F1-model_v6 Septin-11
MC25_sitophilus_oryzae_2	AF-Q0I178-F1-model_v6	0.008	234	36	321	1.000	0.717	5.778E-01	5.668E-01	8.753E-02	2.849E-01	48	AF-Q0I178-F1-model_v6 Porphobilinogen deaminase
MC25_sitophilus_oryzae_2	AF-A0A1L8FG46-F1-model_v6	0.000	224	36	326	1.000	0.672	5.975E-01	5.866E-01	8.654E-02	2.849E-01	48	AF-A0A1L8FG46-F1-model_v6 Peroxisome assembly protein 10-A
MC25_sitophilus_oryzae_2	AF-A0KJ61-F1-model_v6	0.090	44	36	322	0.917	0.134	6.342E-01	5.902E-01	9.015E-02	2.849E-01	48	AF-A0KJ61-F1-model_v6 NADH-quinone oxidoreductase subunit H
MC25_sitophilus_oryzae_2	AF-Q9KNQ7-F1-model_v6	0.075	40	36	443	0.917	0.077	6.344E-01	5.837E-01	5.911E-02	2.848E-01	51	AF-Q9KNQ7-F1-model_v6 ATP-dependent protease ATPase subunit HslU
MC25_sitophilus_oryzae_2	AF-A8ZRV0-F1-model_v6	0.031	63	36	390	0.944	0.159	6.199E-01	5.851E-01	7.609E-02	2.848E-01	49	AF-A8ZRV0-F1-model_v6 Alanine racemase
MC25_sitophilus_oryzae_2	AF-Q6PH17-2-F1-model_v6	0.017	57	36	305	1.000	0.180	6.188E-01	6.092E-01	1.016E-01	2.848E-01	46	AF-Q6PH17-2-F1-model_v6 Alpha-tubulin N-acetyltransferase 1
MC25_sitophilus_oryzae_2	AF-Q5E2H3-F1-model_v6	0.051	39	36	444	0.917	0.077	6.331E-01	5.832E-01	6.022E-02	2.847E-01	50	AF-Q5E2H3-F1-model_v6 ATP-dependent protease ATPase subunit HslU
MC25_sitophilus_oryzae_2	AF-Q8J0F3-F1-model_v6	0.016	187	36	553	0.861	0.338	6.816E-01	6.070E-01	5.307E-02	2.847E-01	51	AF-Q8J0F3-F1-model_v6 Efflux pump mlcE
MC25_sitophilus_oryzae_2	AF-Q924Y0-F1-model_v6	0.027	73	36	387	1.000	0.178	5.874E-01	5.761E-01	7.458E-02	2.847E-01	49	AF-Q924Y0-F1-model_v6 Gamma-butyrobetaine dioxygenase
MC25_sitophilus_oryzae_2	AF-P12702-F1-model_v6	0.005	168	36	261	0.972	0.644	5.884E-01	5.684E-01	1.118E-01	2.847E-01	46	AF-P12702-F1-model_v6 Cytochrome c oxidase subunit 3
MC25_sitophilus_oryzae_2	AF-Q5HQX5-F1-model_v6	0.000	41	36	371	0.944	0.100	6.203E-01	5.836E-01	7.381E-02	2.847E-01	49	AF-Q5HQX5-F1-model_v6 Peptide chain release factor 2
MC25_sitophilus_oryzae_2	AF-Q8KDG0-F1-model_v6	0.012	82	36	289	1.000	0.270	5.814E-01	5.712E-01	9.835E-02	2.847E-01	47	AF-Q8KDG0-F1-model_v6 Phosphatidylglycerol--prolipoprotein diacylglyceryl transferase
MC25_sitophilus_oryzae_2	AF-Q9M291-F1-model_v6	0.000	227	36	1096	1.000	0.207	6.587E-01	6.467E-01	3.117E-02	2.847E-01	53	AF-Q9M291-F1-model_v6 Protein transport protein SEC24 B
MC25_sitophilus_oryzae_2	AF-Q57628-F1-model_v6	0.015	64	36	395	1.000	0.157	5.896E-01	5.785E-01	7.667E-02	2.847E-01	49	AF-Q57628-F1-model_v6 Uncharacterized protein MJ0164
MC25_sitophilus_oryzae_2	AF-O69873-F1-model_v6	0.000	83	36	835	0.889	0.097	6.804E-01	6.097E-01	3.446E-02	2.847E-01	53	AF-O69873-F1-model_v6 Bifunctional uridylyltransferase/uridylyl-removing enzyme
MC25_sitophilus_oryzae_2	AF-Q9ZZ48-F1-model_v6	0.005	168	36	261	0.972	0.644	5.885E-01	5.707E-01	1.125E-01	2.846E-01	46	AF-Q9ZZ48-F1-model_v6 Cytochrome c oxidase subunit 3
MC25_sitophilus_oryzae_2	AF-Q29RH7-F1-model_v6	0.000	253	36	305	1.000	0.803	5.789E-01	5.671E-01	8.438E-02	2.846E-01	48	AF-Q29RH7-F1-model_v6 Tetraspanin-12
MC25_sitophilus_oryzae_2	AF-D0N4Y1-F1-model_v6	0.027	37	36	484	1.000	0.058	7.174E-01	5.840E-01	5.361E-02	2.846E-01	51	AF-D0N4Y1-F1-model_v6 RxLR effector protein PexRD18
MC25_sitophilus_oryzae_2	AF-Q02ZM8-F1-model_v6	0.024	41	36	365	0.944	0.101	6.166E-01	5.803E-01	7.487E-02	2.846E-01	49	AF-Q02ZM8-F1-model_v6 Peptide chain release factor 2
MC25_sitophilus_oryzae_2	AF-Q2L1D0-F1-model_v6	0.025	40	36	444	0.944	0.083	6.281E-01	5.940E-01	6.457E-02	2.846E-01	50	AF-Q2L1D0-F1-model_v6 ATP-dependent protease ATPase subunit HslU
MC25_sitophilus_oryzae_2	AF-Q9I4N4-F1-model_v6	0.050	40	36	402	1.000	0.080	6.420E-01	5.771E-01	6.537E-02	2.846E-01	50	AF-Q9I4N4-F1-model_v6 Sensor protein kinase FleS
MC25_sitophilus_oryzae_2	AF-A6LJZ0-F1-model_v6	0.009	106	36	434	1.000	0.242	6.129E-01	6.020E-01	7.236E-02	2.845E-01	49	AF-A6LJZ0-F1-model_v6 GTPase Obg
MC25_sitophilus_oryzae_2	AF-Q1MPB9-F1-model_v6	0.060	50	36	363	0.889	0.129	6.310E-01	5.703E-01	7.297E-02	2.845E-01	49	AF-Q1MPB9-F1-model_v6 UDP-N-acetylglucosamine--N-acetylmuramyl-(pentapeptide) pyrophosphoryl-undecaprenol N-acetylglucosamine transferase
MC25_sitophilus_oryzae_2	AF-O84254-F1-model_v6	0.000	36	36	272	0.833	0.129	6.516E-01	5.770E-01	9.994E-02	2.845E-01	47	AF-O84254-F1-model_v6 Phosphatidylglycerol--prolipoprotein diacylglyceryl transferase
MC25_sitophilus_oryzae_2	AF-A7MBI0-F1-model_v6	0.025	40	36	444	0.944	0.083	6.204E-01	5.842E-01	6.429E-02	2.845E-01	50	AF-A7MBI0-F1-model_v6 Protein kinase C and casein kinase substrate in neurons protein 1
MC25_sitophilus_oryzae_2	AF-A5D1V4-F1-model_v6	0.019	103	36	226	1.000	0.438	5.503E-01	5.399E-01	1.176E-01	2.845E-01	45	AF-A5D1V4-F1-model_v6 Cytidylate kinase
MC25_sitophilus_oryzae_2	AF-Q1CD55-F1-model_v6	0.051	39	36	443	0.917	0.077	6.341E-01	5.850E-01	6.039E-02	2.845E-01	50	AF-Q1CD55-F1-model_v6 ATP-dependent protease ATPase subunit HslU
MC25_sitophilus_oryzae_2	AF-A5DH00-F1-model_v6	0.000	69	36	881	1.000	0.076	6.248E-01	6.121E-01	3.586E-02	2.845E-01	53	AF-A5DH00-F1-model_v6 Inclusion body clearance protein IML2
MC25_sitophilus_oryzae_2	AF-P0AET2-F1-model_v6	0.039	51	36	108	0.861	0.454	5.170E-01	4.680E-01	2.073E-01	2.845E-01	37	AF-P0AET2-F1-model_v6 Acid stress chaperone HdeB
MC25_sitophilus_oryzae_2	AF-Q9FF99-F1-model_v6	0.017	57	36	467	0.833	0.120	6.846E-01	5.865E-01	5.743E-02	2.845E-01	51	AF-Q9FF99-F1-model_v6 Probable amino acid permease 7
MC25_sitophilus_oryzae_2	AF-Q1CBE8-F1-model_v6	0.051	39	36	443	0.917	0.077	6.342E-01	5.851E-01	6.039E-02	2.845E-01	50	AF-Q1CBE8-F1-model_v6 ATP-dependent protease ATPase subunit HslU
MC25_sitophilus_oryzae_2	AF-Q4JQI1-F1-model_v6	0.005	168	36	261	0.972	0.644	5.882E-01	5.705E-01	1.126E-01	2.845E-01	45	AF-Q4JQI1-F1-model_v6 Cytochrome c oxidase subunit 3
MC25_sitophilus_oryzae_2	AF-Q94I55-F1-model_v6	0.048	41	36	336	0.917	0.113	6.346E-01	5.905E-01	8.363E-02	2.845E-01	48	AF-Q94I55-F1-model_v6 Probable dolichyl-diphosphooligosaccharide--protein glycosyltransferase subunit 3
MC25_sitophilus_oryzae_2	AF-B2HE92-F1-model_v6	0.055	90	36	553	0.944	0.157	6.415E-01	6.025E-01	5.196E-02	2.844E-01	51	AF-B2HE92-F1-model_v6 PE cleavage protein A
MC25_sitophilus_oryzae_2	AF-Q8ZJJ5-F1-model_v6	0.051	39	36	443	0.917	0.077	6.338E-01	5.847E-01	6.039E-02	2.844E-01	50	AF-Q8ZJJ5-F1-model_v6 ATP-dependent protease ATPase subunit HslU
MC25_sitophilus_oryzae_2	AF-B2JZC5-F1-model_v6	0.051	39	36	443	0.917	0.077	6.339E-01	5.848E-01	6.039E-02	2.844E-01	50	AF-B2JZC5-F1-model_v6 ATP-dependent protease ATPase subunit HslU
MC25_sitophilus_oryzae_2	AF-Q8RWQ5-F1-model_v6	0.006	158	36	491	1.000	0.320	6.192E-01	6.082E-01	6.516E-02	2.844E-01	50	AF-Q8RWQ5-F1-model_v6 Probable folate-biopterin transporter 4
MC25_sitophilus_oryzae_2	AF-Q8BSN3-F1-model_v6	0.025	39	36	593	0.889	0.066	6.643E-01	5.965E-01	4.897E-02	2.844E-01	52	AF-Q8BSN3-F1-model_v6 Outer dynein arm-docking complex subunit 3
MC25_sitophilus_oryzae_2	AF-P05528-F1-model_v6	0.025	116	36	241	0.778	0.481	6.577E-01	5.500E-01	1.037E-01	2.844E-01	46	AF-P05528-F1-model_v6 Protein McbE
MC25_sitophilus_oryzae_2	AF-P32727-F1-model_v6	0.017	117	36	371	0.750	0.313	7.028E-01	5.634E-01	6.684E-02	2.843E-01	50	AF-P32727-F1-model_v6 Transcription termination/antitermination protein NusA
MC25_sitophilus_oryzae_2	AF-F1NJ67-F1-model_v6	0.047	42	36	473	0.833	0.085	6.861E-01	5.931E-01	5.649E-02	2.843E-01	51	AF-F1NJ67-F1-model_v6 Proton-coupled folate transporter
MC25_sitophilus_oryzae_2	AF-Q8ZEG0-F1-model_v6	0.009	206	36	318	0.889	0.648	6.233E-01	5.639E-01	8.931E-02	2.843E-01	48	AF-Q8ZEG0-F1-model_v6 Ribosomal large subunit pseudouridine synthase B
MC25_sitophilus_oryzae_2	AF-C4R3R8-F1-model_v6	0.013	75	36	428	1.000	0.166	5.868E-01	5.747E-01	6.623E-02	2.843E-01	50	AF-C4R3R8-F1-model_v6 Arginine biosynthesis bifunctional protein ArgJ, mitochondrial
MC25_sitophilus_oryzae_2	AF-Q81L74-F1-model_v6	0.027	109	36	594	1.000	0.178	6.162E-01	6.038E-01	5.079E-02	2.842E-01	51	AF-Q81L74-F1-model_v6 UvrABC system protein C
MC25_sitophilus_oryzae_2	AF-A0KQI8-F1-model_v6	0.050	40	36	442	0.917	0.077	6.335E-01	5.812E-01	5.922E-02	2.842E-01	50	AF-A0KQI8-F1-model_v6 ATP-dependent protease ATPase subunit HslU
MC25_sitophilus_oryzae_2	AF-A9R6C7-F1-model_v6	0.051	39	36	443	0.917	0.077	6.338E-01	5.846E-01	6.039E-02	2.842E-01	50	AF-A9R6C7-F1-model_v6 ATP-dependent protease ATPase subunit HslU
MC25_sitophilus_oryzae_2	AF-Q8DCP4-F1-model_v6	0.075	40	36	443	0.917	0.077	6.331E-01	5.819E-01	5.908E-02	2.842E-01	50	AF-Q8DCP4-F1-model_v6 ATP-dependent protease ATPase subunit HslU
MC25_sitophilus_oryzae_2	AF-Q6GB76-F1-model_v6	0.000	41	36	369	0.944	0.100	6.187E-01	5.822E-01	7.409E-02	2.842E-01	49	AF-Q6GB76-F1-model_v6 Peptide chain release factor 2
MC25_sitophilus_oryzae_2	AF-Q35137-F1-model_v6	0.100	50	36	234	0.972	0.184	5.650E-01	5.439E-01	1.085E-01	2.842E-01	46	AF-Q35137-F1-model_v6 Putative uncharacterized mitochondrial protein NCU16001
MC25_sitophilus_oryzae_2	AF-Q9XEF0-F1-model_v6	0.068	29	36	254	0.722	0.114	6.834E-01	5.502E-01	9.666E-02	2.842E-01	47	AF-Q9XEF0-F1-model_v6 Transcription factor bHLH51
MC25_sitophilus_oryzae_2	AF-B1JQ76-F1-model_v6	0.051	39	36	443	0.917	0.077	6.336E-01	5.844E-01	6.038E-02	2.842E-01	50	AF-B1JQ76-F1-model_v6 ATP-dependent protease ATPase subunit HslU
MC25_sitophilus_oryzae_2	AF-A7FCY4-F1-model_v6	0.051	39	36	443	0.917	0.077	6.337E-01	5.847E-01	6.039E-02	2.842E-01	50	AF-A7FCY4-F1-model_v6 ATP-dependent protease ATPase subunit HslU
MC25_sitophilus_oryzae_2	AF-A8MFD2-F1-model_v6	0.028	69	36	313	0.833	0.220	6.524E-01	5.647E-01	8.617E-02	2.842E-01	48	AF-A8MFD2-F1-model_v6 tRNA dimethylallyltransferase
MC25_sitophilus_oryzae_2	AF-A0A396IUP1-F1-model_v6	0.016	59	36	594	1.000	0.093	6.280E-01	6.159E-01	5.051E-02	2.840E-01	51	AF-A0A396IUP1-F1-model_v6 DELLA protein 1
MC25_sitophilus_oryzae_2	AF-P57968-F1-model_v6	0.051	39	36	443	0.917	0.081	6.385E-01	5.923E-01	6.343E-02	2.840E-01	50	AF-P57968-F1-model_v6 ATP-dependent protease ATPase subunit HslU
MC25_sitophilus_oryzae_2	AF-B3P321-F1-model_v6	0.030	66	36	447	0.889	0.145	6.326E-01	5.694E-01	6.243E-02	2.840E-01	50	AF-B3P321-F1-model_v6 Adenylosuccinate synthetase
MC25_sitophilus_oryzae_2	AF-Q9PLN1-F1-model_v6	0.011	85	36	392	1.000	0.212	6.051E-01	5.945E-01	7.785E-02	2.840E-01	49	AF-Q9PLN1-F1-model_v6 Uncharacterized protein TC_0068
MC25_sitophilus_oryzae_2	AF-Q6BL68-F1-model_v6	0.025	78	36	153	1.000	0.438	5.034E-01	4.927E-01	1.413E-01	2.840E-01	43	AF-Q6BL68-F1-model_v6 Protein YAE1
MC25_sitophilus_oryzae_2	AF-C4XIQ6-F1-model_v6	0.043	46	36	444	0.944	0.104	6.434E-01	6.117E-01	7.178E-02	2.840E-01	49	AF-C4XIQ6-F1-model_v6 GTPase Der
MC25_sitophilus_oryzae_2	AF-Q1JLN1-F1-model_v6	0.029	34	36	263	0.806	0.129	6.407E-01	5.552E-01	1.017E-01	2.839E-01	46	AF-Q1JLN1-F1-model_v6 Ribonuclease HII
MC25_sitophilus_oryzae_2	AF-B5VPI9-F1-model_v6	0.049	102	36	441	1.000	0.222	5.887E-01	5.777E-01	6.413E-02	2.838E-01	50	AF-B5VPI9-F1-model_v6 Arginine biosynthesis bifunctional protein ArgJ, mitochondrial
MC25_sitophilus_oryzae_2	AF-P47821-F1-model_v6	0.007	126	36	323	0.861	0.384	6.513E-01	5.788E-01	8.343E-02	2.838E-01	48	AF-P47821-F1-model_v6 RNA polymerase II holoenzyme cyclin-like subunit
MC25_sitophilus_oryzae_2	AF-Q9NVH6-F1-model_v6	0.067	74	36	421	1.000	0.169	5.945E-01	5.832E-01	7.073E-02	2.838E-01	49	AF-Q9NVH6-F1-model_v6 Trimethyllysine dioxygenase, mitochondrial
MC25_sitophilus_oryzae_2	AF-A4JIR3-F1-model_v6	0.025	39	36	447	0.917	0.081	6.399E-01	5.920E-01	6.290E-02	2.838E-01	50	AF-A4JIR3-F1-model_v6 ATP-dependent protease ATPase subunit HslU
MC25_sitophilus_oryzae_2	AF-A1AX02-F1-model_v6	0.002	357	36	363	0.833	0.981	6.487E-01	5.616E-01	7.353E-02	2.838E-01	49	AF-A1AX02-F1-model_v6 Peptide chain release factor 1
MC25_sitophilus_oryzae_2	AF-Q8LCH5-F1-model_v6	0.000	22	36	154	0.556	0.143	7.188E-01	4.824E-01	1.233E-01	2.838E-01	44	AF-Q8LCH5-F1-model_v6 Mediator of RNA polymerase II transcription subunit 22b
MC25_sitophilus_oryzae_2	AF-A9MI34-F1-model_v6	0.076	39	36	443	0.917	0.077	6.329E-01	5.840E-01	6.038E-02	2.838E-01	50	AF-A9MI34-F1-model_v6 ATP-dependent protease ATPase subunit HslU
MC25_sitophilus_oryzae_2	AF-W0HFN9-F1-model_v6	0.012	81	36	403	1.000	0.196	6.075E-01	5.972E-01	7.647E-02	2.838E-01	49	AF-W0HFN9-F1-model_v6 Hyaluronidase 2
MC25_sitophilus_oryzae_2	AF-Q6DII7-F1-model_v6	0.000	104	36	345	1.000	0.281	5.764E-01	5.645E-01	7.609E-02	2.838E-01	49	AF-Q6DII7-F1-model_v6 Src kinase-associated phosphoprotein 1
MC25_sitophilus_oryzae_2	AF-G0S3T2-F1-model_v6	0.050	40	36	259	1.000	0.151	5.836E-01	5.752E-01	1.209E-01	2.837E-01	44	AF-G0S3T2-F1-model_v6 Pre-rRNA-processing protein PNO1
MC25_sitophilus_oryzae_2	AF-A6TZN3-F1-model_v6	0.000	41	36	369	0.944	0.100	6.179E-01	5.816E-01	7.416E-02	2.837E-01	49	AF-A6TZN3-F1-model_v6 Peptide chain release factor 2
MC25_sitophilus_oryzae_2	AF-Q9I8D0-F1-model_v6	0.000	36	36	838	0.861	0.042	6.900E-01	6.059E-01	3.420E-02	2.837E-01	53	AF-Q9I8D0-F1-model_v6 V-type proton ATPase 116 kDa subunit a 1
MC25_sitophilus_oryzae_2	AF-Q5AUJ1-F1-model_v6	0.045	22	36	136	0.556	0.162	7.100E-01	4.674E-01	1.350E-01	2.837E-01	43	AF-Q5AUJ1-F1-model_v6 Histone H2A.Z
MC25_sitophilus_oryzae_2	AF-B9DPE0-F1-model_v6	0.030	66	36	701	1.000	0.094	6.495E-01	6.382E-01	4.813E-02	2.836E-01	51	AF-B9DPE0-F1-model_v6 Polyribonucleotide nucleotidyltransferase
MC25_sitophilus_oryzae_2	AF-A0A0C1C354-F1-model_v6	0.000	143	36	587	1.000	0.244	6.469E-01	6.369E-01	5.775E-02	2.836E-01	51	AF-A0A0C1C354-F1-model_v6 MFS-type transporter opaD
MC25_sitophilus_oryzae_2	AF-P53431-F1-model_v6	0.012	83	36	153	1.000	0.497	5.185E-01	5.097E-01	1.576E-01	2.836E-01	41	AF-P53431-F1-model_v6 Uncharacterized protein ML1138
MC25_sitophilus_oryzae_2	AF-Q8LPL2-F1-model_v6	0.023	170	36	591	1.000	0.288	6.398E-01	6.291E-01	5.651E-02	2.836E-01	51	AF-Q8LPL2-F1-model_v6 Protein NRT1/ PTR FAMILY 1.1
MC25_sitophilus_oryzae_2	AF-Q6GIN7-F1-model_v6	0.000	41	36	369	0.944	0.100	6.177E-01	5.814E-01	7.407E-02	2.836E-01	49	AF-Q6GIN7-F1-model_v6 Peptide chain release factor 2
MC25_sitophilus_oryzae_2	AF-Q0AYB0-F1-model_v6	0.004	239	36	310	0.833	0.768	6.543E-01	5.739E-01	8.735E-02	2.835E-01	48	AF-Q0AYB0-F1-model_v6 tRNA dimethylallyltransferase
MC25_sitophilus_oryzae_2	AF-A3MZ85-F1-model_v6	0.000	38	36	198	1.000	0.136	6.291E-01	5.160E-01	1.153E-01	2.835E-01	45	AF-A3MZ85-F1-model_v6 Protein GrpE
MC25_sitophilus_oryzae_2	AF-Q2NIX5-F1-model_v6	0.013	217	36	217	0.889	0.991	5.678E-01	5.235E-01	1.203E-01	2.835E-01	45	AF-Q2NIX5-F1-model_v6 Adenylate kinase
MC25_sitophilus_oryzae_2	AF-Q6GJX5-F1-model_v6	0.013	74	36	284	0.889	0.257	6.143E-01	5.585E-01	9.688E-02	2.835E-01	47	AF-Q6GJX5-F1-model_v6 Efem/EfeO family lipoprotein
MC25_sitophilus_oryzae_2	AF-B6IUW3-F1-model_v6	0.008	235	36	317	1.000	0.726	5.692E-01	5.576E-01	8.601E-02	2.835E-01	48	AF-B6IUW3-F1-model_v6 Acetyl-coenzyme A carboxylase carboxyl transferase subunit alpha
MC25_sitophilus_oryzae_2	AF-Q5R5D8-F1-model_v6	0.027	73	36	387	1.000	0.178	5.858E-01	5.746E-01	7.455E-02	2.835E-01	49	AF-Q5R5D8-F1-model_v6 Gamma-butyrobetaine dioxygenase
MC25_sitophilus_oryzae_2	AF-Q96JB2-F1-model_v6	0.022	131	36	828	1.000	0.156	6.520E-01	6.409E-01	3.941E-02	2.834E-01	52	AF-Q96JB2-F1-model_v6 Conserved oligomeric Golgi complex subunit 3
MC25_sitophilus_oryzae_2	AF-A0A0D2UG83-F1-model_v6	0.075	53	36	368	1.000	0.141	6.091E-01	5.988E-01	8.561E-02	2.834E-01	48	AF-A0A0D2UG83-F1-model_v6 Histone macroH2A1.1
MC25_sitophilus_oryzae_2	AF-Q9LAI0-F1-model_v6	0.025	116	36	301	0.861	0.379	6.437E-01	5.737E-01	9.012E-02	2.834E-01	47	AF-Q9LAI0-F1-model_v6 Type II restriction enzyme BslI subunit beta
MC25_sitophilus_oryzae_2	AF-Q8BSN3-3-F1-model_v6	0.023	43	36	594	0.917	0.071	6.439E-01	5.944E-01	4.891E-02	2.834E-01	51	AF-Q8BSN3-3-F1-model_v6 Outer dynein arm-docking complex subunit 3
MC25_sitophilus_oryzae_2	AF-Q6A808-F1-model_v6	0.066	30	36	368	0.778	0.082	6.751E-01	5.513E-01	7.173E-02	2.833E-01	49	AF-Q6A808-F1-model_v6 Peptide chain release factor 2
MC25_sitophilus_oryzae_2	AF-Q9UBP0-4-F1-model_v6	0.000	38	36	498	0.889	0.074	6.359E-01	5.701E-01	5.671E-02	2.833E-01	51	AF-Q9UBP0-4-F1-model_v6 Spastin
MC25_sitophilus_oryzae_2	AF-A7MWJ3-F1-model_v6	0.075	40	36	443	0.917	0.077	6.314E-01	5.809E-01	5.906E-02	2.833E-01	50	AF-A7MWJ3-F1-model_v6 ATP-dependent protease ATPase subunit HslU
MC25_sitophilus_oryzae_2	AF-Q05543-F1-model_v6	0.030	65	36	409	1.000	0.149	5.859E-01	5.740E-01	6.865E-02	2.833E-01	49	AF-Q05543-F1-model_v6 Regulator of Ty1 transposition protein 103
MC25_sitophilus_oryzae_2	AF-Q5U2R2-F1-model_v6	0.028	69	36	263	0.944	0.243	5.784E-01	5.430E-01	9.685E-02	2.833E-01	47	AF-Q5U2R2-F1-model_v6 UPF0739 protein C1orf74 homolog
MC25_sitophilus_oryzae_2	AF-Q5QV36-F1-model_v6	0.076	39	36	450	0.917	0.080	6.368E-01	5.910E-01	6.247E-02	2.833E-01	50	AF-Q5QV36-F1-model_v6 ATP-dependent protease ATPase subunit HslU
MC25_sitophilus_oryzae_2	AF-Q9FNY3-F1-model_v6	0.071	42	36	292	0.778	0.144	6.695E-01	5.642E-01	8.842E-02	2.833E-01	47	AF-Q9FNY3-F1-model_v6 Transcription factor-like protein DPA
MC25_sitophilus_oryzae_2	AF-Q01237-F1-model_v6	0.027	37	36	887	0.861	0.042	7.202E-01	6.416E-01	3.391E-02	2.832E-01	53	AF-Q01237-F1-model_v6 3-hydroxy-3-methylglutaryl-coenzyme A reductase
MC25_sitophilus_oryzae_2	AF-P10386-F1-model_v6	0.027	72	36	307	1.000	0.231	5.978E-01	5.883E-01	1.011E-01	2.832E-01	46	AF-P10386-F1-model_v6 Glutenin, low molecular weight subunit 1D1
MC25_sitophilus_oryzae_2	AF-Q2YVG5-F1-model_v6	0.013	74	36	284	0.889	0.257	6.139E-01	5.582E-01	9.692E-02	2.831E-01	47	AF-Q2YVG5-F1-model_v6 Efem/EfeO family lipoprotein
MC25_sitophilus_oryzae_2	AF-Q89ER4-F1-model_v6	0.040	49	36	278	1.000	0.165	5.781E-01	5.683E-01	1.036E-01	2.831E-01	46	AF-Q89ER4-F1-model_v6 Aliphatic sulfonates import ATP-binding protein SsuB
MC25_sitophilus_oryzae_2	AF-Q9KQE9-F1-model_v6	0.016	120	36	184	0.917	0.630	5.584E-01	5.175E-01	1.329E-01	2.831E-01	43	AF-Q9KQE9-F1-model_v6 Thiol:disulfide interchange protein DsbE
MC25_sitophilus_oryzae_2	AF-Q2LTK6-F1-model_v6	0.003	279	36	443	0.861	0.630	6.607E-01	5.917E-01	6.555E-02	2.831E-01	50	AF-Q2LTK6-F1-model_v6 Trigger factor
MC25_sitophilus_oryzae_2	AF-Q6GCC9-F1-model_v6	0.013	74	36	284	0.889	0.257	6.136E-01	5.580E-01	9.691E-02	2.831E-01	47	AF-Q6GCC9-F1-model_v6 Efem/EfeO family lipoprotein
MC25_sitophilus_oryzae_2	AF-P49976-F1-model_v6	0.004	247	36	356	0.889	0.694	6.447E-01	5.877E-01	8.156E-02	2.831E-01	48	AF-P49976-F1-model_v6 Protein translocase subunit SecY (Fragment)
MC25_sitophilus_oryzae_2	AF-A3GHC1-F1-model_v6	0.029	34	36	132	0.750	0.242	5.715E-01	4.745E-01	1.619E-01	2.830E-01	41	AF-A3GHC1-F1-model_v6 Histone H2A.Z
MC25_sitophilus_oryzae_2	AF-Q5HIV1-F1-model_v6	0.013	74	36	284	0.889	0.257	6.136E-01	5.580E-01	9.691E-02	2.830E-01	47	AF-Q5HIV1-F1-model_v6 Efem/EfeO family lipoprotein
MC25_sitophilus_oryzae_2	AF-Q7A7M3-F1-model_v6	0.013	74	36	284	0.889	0.257	6.138E-01	5.581E-01	9.690E-02	2.830E-01	47	AF-Q7A7M3-F1-model_v6 Efem/EfeO family lipoprotein
MC25_sitophilus_oryzae_2	AF-Q9UBP0-3-F1-model_v6	0.000	37	36	530	0.861	0.068	6.542E-01	5.695E-01	5.233E-02	2.829E-01	51	AF-Q9UBP0-3-F1-model_v6 Spastin
MC25_sitophilus_oryzae_2	AF-P15559-2-F1-model_v6	0.005	170	36	240	1.000	0.679	5.593E-01	5.485E-01	1.072E-01	2.829E-01	46	AF-P15559-2-F1-model_v6 NAD(P)H dehydrogenase [quinone] 1
MC25_sitophilus_oryzae_2	AF-Q6CII9-F1-model_v6	0.029	103	36	441	1.000	0.222	5.875E-01	5.751E-01	6.285E-02	2.829E-01	50	AF-Q6CII9-F1-model_v6 Arginine biosynthesis bifunctional protein ArgJ, mitochondrial
MC25_sitophilus_oryzae_2	AF-Q9Y0Y2-F1-model_v6	0.030	66	36	447	0.889	0.145	6.333E-01	5.692E-01	6.226E-02	2.828E-01	50	AF-Q9Y0Y2-F1-model_v6 Adenylosuccinate synthetase
MC25_sitophilus_oryzae_2	AF-B4II68-F1-model_v6	0.014	68	36	447	0.889	0.145	6.393E-01	5.705E-01	5.932E-02	2.828E-01	50	AF-B4II68-F1-model_v6 Adenylosuccinate synthetase
MC25_sitophilus_oryzae_2	AF-P76299-F1-model_v6	0.011	84	36	382	1.000	0.209	5.778E-01	5.663E-01	7.424E-02	2.828E-01	49	AF-P76299-F1-model_v6 Flagellar biosynthetic protein FlhB
MC25_sitophilus_oryzae_2	AF-Q59PZ7-F1-model_v6	0.013	72	36	246	0.889	0.280	6.067E-01	5.528E-01	1.044E-01	2.828E-01	46	AF-Q59PZ7-F1-model_v6 2',3'-cyclic-nucleotide 3'-phosphodiesterase
MC25_sitophilus_oryzae_2	AF-Q79FU3-F1-model_v6	0.054	92	36	923	0.944	0.096	6.500E-01	6.102E-01	3.183E-02	2.828E-01	53	AF-Q79FU3-F1-model_v6 PE-PGRS family protein PE_PGRS16
MC25_sitophilus_oryzae_2	AF-B7NFN0-F1-model_v6	0.051	39	36	443	0.917	0.081	6.364E-01	5.907E-01	6.341E-02	2.827E-01	50	AF-B7NFN0-F1-model_v6 ATP-dependent protease ATPase subunit HslU
MC25_sitophilus_oryzae_2	AF-Q1W675-F1-model_v6	0.021	47	36	885	1.000	0.051	6.360E-01	6.246E-01	3.653E-02	2.827E-01	52	AF-Q1W675-F1-model_v6 3-hydroxy-3-methylglutaryl-coenzyme A reductase
MC25_sitophilus_oryzae_2	AF-Q9VW09-F1-model_v6	0.000	44	36	1747	1.000	0.025	6.870E-01	6.751E-01	1.962E-02	2.827E-01	54	AF-Q9VW09-F1-model_v6 E3 ubiquitin-protein ligase listerin
MC25_sitophilus_oryzae_2	AF-O28970-F1-model_v6	0.078	38	36	326	0.806	0.113	6.624E-01	5.634E-01	8.077E-02	2.827E-01	48	AF-O28970-F1-model_v6 Transcription initiation factor IIB
MC25_sitophilus_oryzae_2	AF-Q10D38-F1-model_v6	0.047	63	36	384	1.000	0.143	5.688E-01	5.566E-01	6.696E-02	2.826E-01	49	AF-Q10D38-F1-model_v6 Magnesium transporter MRS2-I
MC25_sitophilus_oryzae_2	AF-Q2FJS0-F1-model_v6	0.013	74	36	284	0.889	0.257	6.133E-01	5.579E-01	9.694E-02	2.826E-01	47	AF-Q2FJS0-F1-model_v6 Efem/EfeO family lipoprotein
MC25_sitophilus_oryzae_2	AF-Q9MYX0-F1-model_v6	0.019	313	36	630	0.944	0.497	6.626E-01	6.274E-01	5.055E-02	2.826E-01	51	AF-Q9MYX0-F1-model_v6 Sodium-dependent serotonin transporter
MC25_sitophilus_oryzae_2	AF-Q312S1-F1-model_v6	0.008	224	36	635	0.833	0.353	7.077E-01	6.211E-01	4.579E-02	2.826E-01	51	AF-Q312S1-F1-model_v6 Isethionate TRAP transporter permease protein DctMQ
MC25_sitophilus_oryzae_2	AF-Q54LA5-F1-model_v6	0.030	33	36	143	0.750	0.217	5.926E-01	4.838E-01	1.504E-01	2.826E-01	41	AF-Q54LA5-F1-model_v6 Histone H2A.z
MC25_sitophilus_oryzae_2	AF-Q99WN4-F1-model_v6	0.013	74	36	284	0.889	0.257	6.128E-01	5.574E-01	9.689E-02	2.825E-01	47	AF-Q99WN4-F1-model_v6 Efem/EfeO family lipoprotein
MC25_sitophilus_oryzae_2	AF-Q15ZS2-F1-model_v6	0.050	40	36	592	0.944	0.062	6.361E-01	5.973E-01	4.855E-02	2.825E-01	51	AF-Q15ZS2-F1-model_v6 Thiol:disulfide interchange protein DsbD
MC25_sitophilus_oryzae_2	AF-J9SQF3-13-F1-model_v6	0.111	45	36	1337	1.000	0.031	6.628E-01	6.502E-01	2.396E-02	2.825E-01	54	AF-J9SQF3-13-F1-model_v6 Transient receptor potential cation channel subfamily M member 3
MC25_sitophilus_oryzae_2	AF-Q035B4-F1-model_v6	0.004	223	36	264	0.917	0.830	5.906E-01	5.433E-01	9.597E-02	2.825E-01	47	AF-Q035B4-F1-model_v6 Energy-coupling factor transporter transmembrane protein EcfT
MC25_sitophilus_oryzae_2	AF-Q9NNX6-F1-model_v6	0.027	37	36	404	0.944	0.084	6.213E-01	5.855E-01	6.985E-02	2.825E-01	49	AF-Q9NNX6-F1-model_v6 CD209 antigen
MC25_sitophilus_oryzae_2	AF-P21337-F1-model_v6	0.027	73	36	211	1.000	0.341	5.480E-01	5.411E-01	1.404E-01	2.825E-01	42	AF-P21337-F1-model_v6 Tetracycline repressor protein class E
MC25_sitophilus_oryzae_2	AF-Q30UT6-F1-model_v6	0.017	57	36	267	0.806	0.210	6.426E-01	5.480E-01	9.599E-02	2.825E-01	47	AF-Q30UT6-F1-model_v6 Phosphatidylglycerol--prolipoprotein diacylglyceryl transferase
MC25_sitophilus_oryzae_2	AF-Q98DA2-F1-model_v6	0.000	51	36	365	1.000	0.126	5.867E-01	5.760E-01	7.776E-02	2.824E-01	48	AF-Q98DA2-F1-model_v6 Methionine import ATP-binding protein MetN
MC25_sitophilus_oryzae_2	AF-D5AQI9-F1-model_v6	0.027	37	36	674	0.806	0.055	7.239E-01	6.159E-01	4.173E-02	2.824E-01	52	AF-D5AQI9-F1-model_v6 RNA polymerase sigma factor RpoD
MC25_sitophilus_oryzae_2	AF-A2BZ47-F1-model_v6	0.046	64	36	65	0.917	0.862	4.333E-01	4.047E-01	2.654E-01	2.824E-01	32	AF-A2BZ47-F1-model_v6 Large ribosomal subunit protein bL35
MC25_sitophilus_oryzae_2	AF-Q16WU7-F1-model_v6	0.019	105	36	317	1.000	0.306	5.648E-01	5.529E-01	8.036E-02	2.823E-01	48	AF-Q16WU7-F1-model_v6 WSCD family member AAEL009094
MC25_sitophilus_oryzae_2	AF-Q1DTG2-F1-model_v6	0.045	22	36	138	0.556	0.159	7.064E-01	4.670E-01	1.331E-01	2.823E-01	43	AF-Q1DTG2-F1-model_v6 Histone H2A.Z
MC25_sitophilus_oryzae_2	AF-Q8YDZ4-F1-model_v6	0.021	91	36	831	1.000	0.107	6.179E-01	6.055E-01	3.871E-02	2.823E-01	52	AF-Q8YDZ4-F1-model_v6 Type IV secretion system protein virB4
MC25_sitophilus_oryzae_2	AF-A3PFE3-F1-model_v6	0.015	257	36	477	0.889	0.539	6.549E-01	5.966E-01	6.251E-02	2.822E-01	50	AF-A3PFE3-F1-model_v6 Trigger factor
MC25_sitophilus_oryzae_2	AF-A5N5Y0-F1-model_v6	0.128	39	36	399	0.833	0.098	6.829E-01	6.067E-01	7.201E-02	2.822E-01	49	AF-A5N5Y0-F1-model_v6 Glutamyl-tRNA reductase
MC25_sitophilus_oryzae_2	AF-Q9AHD2-F1-model_v6	0.006	162	36	227	0.972	0.692	5.520E-01	5.323E-01	1.147E-01	2.822E-01	45	AF-Q9AHD2-F1-model_v6 Tyrosine-protein kinase CpsD
MC25_sitophilus_oryzae_2	AF-A1TMB0-F1-model_v6	0.034	86	36	270	1.000	0.315	6.069E-01	5.981E-01	1.154E-01	2.822E-01	45	AF-A1TMB0-F1-model_v6 Phosphatidylglycerol--prolipoprotein diacylglyceryl transferase
MC25_sitophilus_oryzae_2	AF-Q8TW01-F1-model_v6	0.000	228	36	228	0.861	0.996	6.060E-01	5.421E-01	1.145E-01	2.822E-01	45	AF-Q8TW01-F1-model_v6 RNA-free ribonuclease P
MC25_sitophilus_oryzae_2	AF-Q4PMC9-F1-model_v6	0.017	56	36	234	0.917	0.231	5.773E-01	5.391E-01	1.147E-01	2.821E-01	45	AF-Q4PMC9-F1-model_v6 RNA-binding protein pno1
MC25_sitophilus_oryzae_2	AF-Q2K284-F1-model_v6	0.043	46	36	361	0.972	0.125	6.076E-01	5.872E-01	8.423E-02	2.821E-01	48	AF-Q2K284-F1-model_v6 Methionine import ATP-binding protein MetN
MC25_sitophilus_oryzae_2	AF-Q50KZ9-F1-model_v6	0.007	129	36	303	0.944	0.416	5.851E-01	5.527E-01	8.885E-02	2.821E-01	47	AF-Q50KZ9-F1-model_v6 Taste receptor type 2 member 2
MC25_sitophilus_oryzae_2	AF-Q9M081-F1-model_v6	0.000	226	36	1080	1.000	0.209	6.542E-01	6.425E-01	3.161E-02	2.821E-01	53	AF-Q9M081-F1-model_v6 Protein transport protein SEC24 C
MC25_sitophilus_oryzae_2	AF-Q9NUT2-4-F1-model_v6	0.000	40	36	630	0.944	0.059	6.382E-01	5.990E-01	4.599E-02	2.821E-01	51	AF-Q9NUT2-4-F1-model_v6 Mitochondrial potassium channel ATP-binding subunit
MC25_sitophilus_oryzae_2	AF-I1S160-F1-model_v6	0.006	149	36	496	0.889	0.296	6.551E-01	5.893E-01	5.611E-02	2.821E-01	50	AF-I1S160-F1-model_v6 Fusarielin biosynthesis cluster transcription factor FSL7
MC25_sitophilus_oryzae_2	AF-P52301-F1-model_v6	0.010	99	36	216	1.000	0.444	5.584E-01	5.494E-01	1.297E-01	2.820E-01	43	AF-P52301-F1-model_v6 GTP-binding nuclear protein Ran
MC25_sitophilus_oryzae_2	AF-Q1MJ22-F1-model_v6	0.057	35	36	463	0.833	0.069	6.710E-01	5.683E-01	5.486E-02	2.820E-01	50	AF-Q1MJ22-F1-model_v6 Cysteine--tRNA ligase
MC25_sitophilus_oryzae_2	AF-A4TS84-F1-model_v6	0.051	39	36	443	0.917	0.079	6.358E-01	5.898E-01	6.195E-02	2.819E-01	50	AF-A4TS84-F1-model_v6 ATP-dependent protease ATPase subunit HslU
MC25_sitophilus_oryzae_2	AF-Q7ZZX9-F1-model_v6	0.010	99	36	215	1.000	0.447	5.580E-01	5.490E-01	1.302E-01	2.819E-01	43	AF-Q7ZZX9-F1-model_v6 GTP-binding nuclear protein Ran
MC25_sitophilus_oryzae_2	AF-Q9ZJA6-F1-model_v6	0.009	109	36	395	0.806	0.276	6.771E-01	5.790E-01	6.858E-02	2.819E-01	49	AF-Q9ZJA6-F1-model_v6 Transcription termination/antitermination protein NusA
MC25_sitophilus_oryzae_2	AF-Q9HTU7-F1-model_v6	0.000	44	36	160	0.722	0.275	6.174E-01	5.057E-01	1.432E-01	2.819E-01	42	AF-Q9HTU7-F1-model_v6 UPF0178 protein PA5247
MC25_sitophilus_oryzae_2	AF-Q2TBS1-F1-model_v6	0.024	82	36	317	0.944	0.246	5.777E-01	5.445E-01	8.377E-02	2.819E-01	48	AF-Q2TBS1-F1-model_v6 Metaxin-1
MC25_sitophilus_oryzae_2	AF-Q9M817-F1-model_v6	0.023	171	36	607	1.000	0.282	6.393E-01	6.286E-01	5.509E-02	2.819E-01	50	AF-Q9M817-F1-model_v6 Protein NRT1/ PTR FAMILY 1.2
MC25_sitophilus_oryzae_2	AF-P45608-F1-model_v6	0.111	36	36	431	0.833	0.084	6.874E-01	6.096E-01	6.671E-02	2.818E-01	49	AF-P45608-F1-model_v6 Phosphate regulon sensor protein PhoR
MC25_sitophilus_oryzae_2	AF-P0CZ15-F1-model_v6	0.027	37	36	674	0.806	0.055	7.236E-01	6.160E-01	4.174E-02	2.818E-01	52	AF-P0CZ15-F1-model_v6 RNA polymerase sigma factor RpoD
MC25_sitophilus_oryzae_2	AF-P22620-F1-model_v6	0.040	50	36	743	0.889	0.065	6.467E-01	5.778E-01	3.746E-02	2.818E-01	52	AF-P22620-F1-model_v6 Merozoite surface protein 9
MC25_sitophilus_oryzae_2	AF-Q9NVH6-8-F1-model_v6	0.039	76	36	432	1.000	0.164	5.969E-01	5.852E-01	6.604E-02	2.817E-01	49	AF-Q9NVH6-8-F1-model_v6 Trimethyllysine dioxygenase, mitochondrial
MC25_sitophilus_oryzae_2	AF-Q9KH57-F1-model_v6	0.029	101	36	139	1.000	0.676	5.151E-01	5.074E-01	1.766E-01	2.817E-01	39	AF-Q9KH57-F1-model_v6 Diacylglycerol acyltransferase/mycolyltransferase Ag85A (Fragment)
MC25_sitophilus_oryzae_2	AF-Q5UE96-F1-model_v6	0.054	55	36	336	1.000	0.158	6.016E-01	5.914E-01	9.030E-02	2.817E-01	47	AF-Q5UE96-F1-model_v6 Potassium channel subfamily K member 1
MC25_sitophilus_oryzae_2	AF-A7MPB4-F1-model_v6	0.010	98	36	326	0.944	0.298	6.038E-01	5.705E-01	8.913E-02	2.816E-01	47	AF-A7MPB4-F1-model_v6 NADH-quinone oxidoreductase subunit H
MC25_sitophilus_oryzae_2	AF-D8TFA8-F1-model_v6	0.030	100	36	410	0.944	0.232	6.152E-01	5.797E-01	6.680E-02	2.816E-01	49	AF-D8TFA8-F1-model_v6 LIMR family protein SELMODRAFT_432208
MC25_sitophilus_oryzae_2	AF-Q9HSF7-F1-model_v6	0.052	38	36	323	0.806	0.115	6.615E-01	5.671E-01	8.153E-02	2.816E-01	48	AF-Q9HSF7-F1-model_v6 Transcription initiation factor IIB 7
MC25_sitophilus_oryzae_2	AF-Q75EB3-F1-model_v6	0.009	102	36	127	0.972	0.748	4.933E-01	4.795E-01	1.839E-01	2.816E-01	38	AF-Q75EB3-F1-model_v6 Mediator of RNA polymerase II transcription subunit 31
MC25_sitophilus_oryzae_2	AF-Q6UYE1-2-F1-model_v6	0.000	126	36	160	0.833	0.756	5.709E-01	4.920E-01	1.372E-01	2.816E-01	42	AF-Q6UYE1-2-F1-model_v6 Leukemia-associated protein 7
MC25_sitophilus_oryzae_2	AF-Q042K5-F1-model_v6	0.000	357	36	362	0.833	0.983	6.491E-01	5.609E-01	7.379E-02	2.816E-01	49	AF-Q042K5-F1-model_v6 Peptide chain release factor 1
MC25_sitophilus_oryzae_2	AF-Q7U3V6-F1-model_v6	0.000	229	36	450	0.889	0.502	6.455E-01	5.835E-01	6.095E-02	2.816E-01	50	AF-Q7U3V6-F1-model_v6 tRNA modification GTPase MnmE
MC25_sitophilus_oryzae_2	AF-Q82D82-F1-model_v6	0.033	30	36	368	0.778	0.082	6.722E-01	5.512E-01	7.168E-02	2.815E-01	49	AF-Q82D82-F1-model_v6 Peptide chain release factor 2
MC25_sitophilus_oryzae_2	AF-Q9W3F7-F1-model_v6	0.002	335	36	525	0.917	0.636	6.544E-01	6.079E-01	5.726E-02	2.815E-01	50	AF-Q9W3F7-F1-model_v6 Mitoguardin
MC25_sitophilus_oryzae_2	AF-Q3J5T4-F1-model_v6	0.000	47	36	150	1.000	0.287	5.238E-01	5.161E-01	1.731E-01	2.815E-01	39	AF-Q3J5T4-F1-model_v6 Large ribosomal subunit protein uL11
MC25_sitophilus_oryzae_2	AF-Q3MHH7-F1-model_v6	0.034	115	36	550	0.889	0.207	6.493E-01	5.827E-01	5.183E-02	2.815E-01	51	AF-Q3MHH7-F1-model_v6 Palmdelphin
MC25_sitophilus_oryzae_2	AF-Q1MTN8-F1-model_v6	0.057	69	36	336	1.000	0.202	5.902E-01	5.800E-01	9.040E-02	2.815E-01	47	AF-Q1MTN8-F1-model_v6 Probable assembly chaperone of rpl4
MC25_sitophilus_oryzae_2	AF-O68685-F1-model_v6	0.000	45	36	204	0.889	0.201	5.750E-01	5.170E-01	1.181E-01	2.815E-01	44	AF-O68685-F1-model_v6 Probable spore germination protein GerPC
MC25_sitophilus_oryzae_2	AF-Q9CLC4-F1-model_v6	0.025	39	36	316	0.778	0.123	6.639E-01	5.595E-01	8.243E-02	2.814E-01	48	AF-Q9CLC4-F1-model_v6 Magnesium transport protein CorA
MC25_sitophilus_oryzae_2	AF-Q2A485-F1-model_v6	0.000	40	36	268	0.833	0.149	6.450E-01	5.782E-01	1.041E-01	2.814E-01	46	AF-Q2A485-F1-model_v6 Phosphatidylglycerol--prolipoprotein diacylglyceryl transferase
MC25_sitophilus_oryzae_2	AF-Q92843-F1-model_v6	0.000	125	36	193	0.861	0.648	5.700E-01	5.232E-01	1.380E-01	2.814E-01	42	AF-Q92843-F1-model_v6 Bcl-2-like protein 2
MC25_sitophilus_oryzae_2	AF-A2BNX7-F1-model_v6	0.019	52	36	179	0.778	0.291	5.944E-01	5.076E-01	1.351E-01	2.814E-01	43	AF-A2BNX7-F1-model_v6 Endoribonuclease YbeY
MC25_sitophilus_oryzae_2	AF-Q0IIA6-F1-model_v6	0.028	141	36	409	0.917	0.345	6.084E-01	5.604E-01	7.109E-02	2.814E-01	49	AF-Q0IIA6-F1-model_v6 Spermatogenesis-associated protein 2-like protein
MC25_sitophilus_oryzae_2	AF-P0AF16-F1-model_v6	0.011	167	36	511	0.889	0.327	6.553E-01	5.933E-01	5.711E-02	2.814E-01	50	AF-P0AF16-F1-model_v6 Lipid II flippase MurJ
MC25_sitophilus_oryzae_2	AF-Q99685-2-F1-model_v6	0.030	132	36	283	0.861	0.466	6.240E-01	5.664E-01	9.917E-02	2.813E-01	46	AF-Q99685-2-F1-model_v6 Monoglyceride lipase
MC25_sitophilus_oryzae_2	AF-Q0VQE1-F1-model_v6	0.012	233	36	323	1.000	0.709	5.652E-01	5.539E-01	8.556E-02	2.813E-01	47	AF-Q0VQE1-F1-model_v6 Acetyl-coenzyme A carboxylase carboxyl transferase subunit alpha
MC25_sitophilus_oryzae_2	AF-A0K5M2-F1-model_v6	0.019	105	36	228	1.000	0.439	5.375E-01	5.269E-01	1.136E-01	2.813E-01	45	AF-A0K5M2-F1-model_v6 Cytidylate kinase
MC25_sitophilus_oryzae_2	AF-Q6GL85-F1-model_v6	0.010	99	36	216	1.000	0.444	5.585E-01	5.495E-01	1.296E-01	2.813E-01	43	AF-Q6GL85-F1-model_v6 GTP-binding nuclear protein Ran
MC25_sitophilus_oryzae_2	AF-Q45T69-F1-model_v6	0.000	125	36	193	0.861	0.648	5.693E-01	5.228E-01	1.380E-01	2.812E-01	42	AF-Q45T69-F1-model_v6 Bcl-2-like protein 2
MC25_sitophilus_oryzae_2	AF-Q7KBL8-F1-model_v6	0.069	43	36	188	0.778	0.213	6.151E-01	5.083E-01	1.184E-01	2.812E-01	44	AF-Q7KBL8-F1-model_v6 Mediator of RNA polymerase II transcription subunit 29
MC25_sitophilus_oryzae_2	AF-P92547-F1-model_v6	0.093	43	36	349	0.833	0.123	6.433E-01	5.592E-01	7.764E-02	2.812E-01	48	AF-P92547-F1-model_v6 ATP synthase subunit a-2
MC25_sitophilus_oryzae_2	AF-O75425-2-F1-model_v6	0.083	48	36	221	0.944	0.199	5.718E-01	5.412E-01	1.173E-01	2.812E-01	44	AF-O75425-2-F1-model_v6 Motile sperm domain-containing protein 3
MC25_sitophilus_oryzae_2	AF-A5DQA6-F1-model_v6	0.000	78	36	588	0.889	0.131	6.474E-01	5.804E-01	4.862E-02	2.812E-01	51	AF-A5DQA6-F1-model_v6 DNA-directed RNA polymerase III subunit RPC3
MC25_sitophilus_oryzae_2	AF-P70345-F1-model_v6	0.000	126	36	193	0.861	0.648	5.700E-01	5.223E-01	1.351E-01	2.811E-01	43	AF-P70345-F1-model_v6 Bcl-2-like protein 2
MC25_sitophilus_oryzae_2	AF-Q27511-F1-model_v6	0.045	22	36	140	0.556	0.157	7.043E-01	4.667E-01	1.313E-01	2.811E-01	43	AF-Q27511-F1-model_v6 Histone H2A.V
MC25_sitophilus_oryzae_2	AF-Q2KI15-F1-model_v6	0.003	263	36	380	0.778	0.692	6.802E-01	5.638E-01	6.905E-02	2.811E-01	49	AF-Q2KI15-F1-model_v6 Peptide chain release factor 1-like, mitochondrial
MC25_sitophilus_oryzae_2	AF-A7NB79-F1-model_v6	0.000	40	36	268	0.833	0.149	6.452E-01	5.794E-01	1.042E-01	2.811E-01	45	AF-A7NB79-F1-model_v6 Phosphatidylglycerol--prolipoprotein diacylglyceryl transferase
MC25_sitophilus_oryzae_2	AF-Q626C1-F1-model_v6	0.121	41	36	276	0.944	0.138	5.681E-01	5.358E-01	9.753E-02	2.811E-01	46	AF-Q626C1-F1-model_v6 RNA-binding protein pno-1
MC25_sitophilus_oryzae_2	AF-Q8AA31-F1-model_v6	0.102	39	36	439	0.917	0.077	6.172E-01	5.640E-01	5.927E-02	2.811E-01	50	AF-Q8AA31-F1-model_v6 Na(+)/H(+) antiporter NhaA
MC25_sitophilus_oryzae_2	AF-P32368-F1-model_v6	0.068	44	36	623	0.944	0.069	6.446E-01	6.074E-01	4.925E-02	2.811E-01	51	AF-P32368-F1-model_v6 Phosphatidylinositol-3-phosphatase SAC1
MC25_sitophilus_oryzae_2	AF-Q9JJG5-F1-model_v6	0.022	44	36	309	1.000	0.117	5.644E-01	5.532E-01	8.263E-02	2.811E-01	48	AF-Q9JJG5-F1-model_v6 SERTA domain-containing protein 2
MC25_sitophilus_oryzae_2	AF-Q22516-F1-model_v6	0.047	63	36	1787	1.000	0.035	6.481E-01	6.358E-01	1.937E-02	2.810E-01	54	AF-Q22516-F1-model_v6 Chromodomain-helicase-DNA-binding protein 3 homolog
MC25_sitophilus_oryzae_2	AF-O74936-F1-model_v6	0.001	558	36	700	1.000	0.793	6.224E-01	6.104E-01	4.416E-02	2.810E-01	51	AF-O74936-F1-model_v6 Acyl-coenzyme A oxidase 3
MC25_sitophilus_oryzae_2	AF-Q9PPI1-F1-model_v6	0.009	101	36	327	1.000	0.294	5.811E-01	5.704E-01	8.535E-02	2.810E-01	47	AF-Q9PPI1-F1-model_v6 Magnesium transport protein CorA
MC25_sitophilus_oryzae_2	AF-Q8BH07-F1-model_v6	0.045	44	36	226	0.861	0.195	5.965E-01	5.370E-01	1.189E-01	2.810E-01	44	AF-Q8BH07-F1-model_v6 ADP-ribosylation factor-like protein 6-interacting protein 6
MC25_sitophilus_oryzae_2	AF-Q9NVH6-5-F1-model_v6	0.040	74	36	382	1.000	0.186	5.853E-01	5.754E-01	7.660E-02	2.810E-01	48	AF-Q9NVH6-5-F1-model_v6 Trimethyllysine dioxygenase, mitochondrial
MC25_sitophilus_oryzae_2	AF-Q3T9M1-2-F1-model_v6	0.026	38	36	391	0.944	0.090	6.249E-01	5.909E-01	7.390E-02	2.810E-01	48	AF-Q3T9M1-2-F1-model_v6 Sphingosine-1-phosphate transporter MFSD2B
MC25_sitophilus_oryzae_2	AF-A7GRF9-F1-model_v6	0.050	40	36	463	0.917	0.073	6.324E-01	5.802E-01	5.657E-02	2.810E-01	50	AF-A7GRF9-F1-model_v6 ATP-dependent protease ATPase subunit HslU
MC25_sitophilus_oryzae_2	AF-B2VES3-F1-model_v6	0.102	39	36	443	0.917	0.081	6.347E-01	5.894E-01	6.339E-02	2.809E-01	49	AF-B2VES3-F1-model_v6 ATP-dependent protease ATPase subunit HslU
MC25_sitophilus_oryzae_2	AF-Q7TPS5-2-F1-model_v6	0.013	230	36	990	0.806	0.232	7.086E-01	5.869E-01	2.804E-02	2.809E-01	53	AF-Q7TPS5-2-F1-model_v6 C2 domain-containing protein 5
MC25_sitophilus_oryzae_2	AF-P79735-F1-model_v6	0.010	99	36	215	1.000	0.447	5.579E-01	5.489E-01	1.302E-01	2.809E-01	43	AF-P79735-F1-model_v6 GTP-binding nuclear protein Ran
MC25_sitophilus_oryzae_2	AF-Q0P5W1-F1-model_v6	0.018	54	36	1427	1.000	0.035	6.251E-01	6.118E-01	2.137E-02	2.808E-01	54	AF-Q0P5W1-F1-model_v6 Vacuolar protein sorting-associated protein 8 homolog
MC25_sitophilus_oryzae_2	AF-Q0P5A0-F1-model_v6	0.054	55	36	336	1.000	0.158	6.007E-01	5.905E-01	9.026E-02	2.807E-01	47	AF-Q0P5A0-F1-model_v6 Potassium channel subfamily K member 1
MC25_sitophilus_oryzae_2	AF-B0C2W4-F1-model_v6	0.021	46	36	367	1.000	0.125	6.038E-01	5.945E-01	8.743E-02	2.807E-01	47	AF-B0C2W4-F1-model_v6 Heat-inducible transcription repressor HrcA
MC25_sitophilus_oryzae_2	AF-B6ITJ7-F1-model_v6	0.011	85	36	277	1.000	0.307	5.939E-01	5.854E-01	1.153E-01	2.807E-01	44	AF-B6ITJ7-F1-model_v6 Phosphatidylglycerol--prolipoprotein diacylglyceryl transferase
MC25_sitophilus_oryzae_2	AF-Q91VT1-F1-model_v6	0.011	84	36	247	0.972	0.296	5.603E-01	5.363E-01	9.222E-02	2.807E-01	47	AF-Q91VT1-F1-model_v6 E3 SUMO-protein ligase NSE2
MC25_sitophilus_oryzae_2	AF-C1F2J1-F1-model_v6	0.000	30	36	358	0.778	0.081	6.764E-01	5.530E-01	7.113E-02	2.807E-01	49	AF-C1F2J1-F1-model_v6 Peptide chain release factor 1
MC25_sitophilus_oryzae_2	AF-B9IVB8-F1-model_v6	0.050	40	36	463	0.917	0.073	6.320E-01	5.811E-01	5.657E-02	2.806E-01	50	AF-B9IVB8-F1-model_v6 ATP-dependent protease ATPase subunit HslU
MC25_sitophilus_oryzae_2	AF-P28367-F1-model_v6	0.000	81	36	366	0.944	0.210	5.979E-01	5.639E-01	7.379E-02	2.806E-01	48	AF-P28367-F1-model_v6 Peptide chain release factor 2
MC25_sitophilus_oryzae_2	AF-P9WIF1-F1-model_v6	0.055	90	36	558	0.944	0.156	6.294E-01	5.933E-01	5.165E-02	2.806E-01	51	AF-P9WIF1-F1-model_v6 PE cleavage protein A
MC25_sitophilus_oryzae_2	AF-C7GL62-F1-model_v6	0.065	76	36	441	1.000	0.161	5.835E-01	5.714E-01	6.306E-02	2.806E-01	49	AF-C7GL62-F1-model_v6 Arginine biosynthesis bifunctional protein ArgJ, mitochondrial
MC25_sitophilus_oryzae_2	AF-Q5HGF7-F1-model_v6	0.030	65	36	698	0.972	0.093	6.530E-01	6.300E-01	4.709E-02	2.806E-01	51	AF-Q5HGF7-F1-model_v6 Polyribonucleotide nucleotidyltransferase
MC25_sitophilus_oryzae_2	AF-P9WJ60-F1-model_v6	0.095	42	36	296	0.806	0.139	6.347E-01	5.378E-01	8.585E-02	2.805E-01	47	AF-P9WJ60-F1-model_v6 Tuberculosinyl adenosine transferase
MC25_sitophilus_oryzae_2	AF-Q63ST1-F1-model_v6	0.103	29	36	489	0.806	0.059	6.902E-01	5.818E-01	5.642E-02	2.805E-01	50	AF-Q63ST1-F1-model_v6 tRNA(Ile)-lysidine synthase
MC25_sitophilus_oryzae_2	AF-Q5PG52-F1-model_v6	0.036	82	36	673	0.861	0.119	6.602E-01	5.777E-01	4.055E-02	2.805E-01	52	AF-Q5PG52-F1-model_v6 UvrABC system protein B
MC25_sitophilus_oryzae_2	AF-A9L8T6-F1-model_v6	0.005	385	36	855	1.000	0.449	6.260E-01	6.141E-01	3.803E-02	2.804E-01	52	AF-A9L8T6-F1-model_v6 Inactive rhomboid protein 1
MC25_sitophilus_oryzae_2	AF-Q64VP0-F1-model_v6	0.029	67	36	65	0.806	0.892	4.571E-01	3.765E-01	2.283E-01	2.804E-01	34	AF-Q64VP0-F1-model_v6 Large ribosomal subunit protein bL35
MC25_sitophilus_oryzae_2	AF-Q5LEQ4-F1-model_v6	0.029	67	36	65	0.806	0.892	4.571E-01	3.766E-01	2.284E-01	2.804E-01	34	AF-Q5LEQ4-F1-model_v6 Large ribosomal subunit protein bL35
MC25_sitophilus_oryzae_2	AF-Q5U921-F1-model_v6	0.058	85	36	399	0.861	0.211	6.429E-01	5.777E-01	6.998E-02	2.803E-01	49	AF-Q5U921-F1-model_v6 (R)-2-hydroxy-4-methylpentanoate CoA-transferase
MC25_sitophilus_oryzae_2	AF-Q9X806-F1-model_v6	0.007	272	36	545	0.889	0.490	6.281E-01	5.635E-01	4.727E-02	2.803E-01	51	AF-Q9X806-F1-model_v6 Cytochrome bc1 complex cytochrome b subunit
MC25_sitophilus_oryzae_2	AF-Q4PI89-F1-model_v6	0.000	100	36	1723	1.000	0.057	6.583E-01	6.459E-01	1.960E-02	2.803E-01	54	AF-Q4PI89-F1-model_v6 Transcription elongation factor SPT6
MC25_sitophilus_oryzae_2	AF-P09610-F1-model_v6	0.000	47	36	887	1.000	0.051	6.353E-01	6.238E-01	3.646E-02	2.803E-01	52	AF-P09610-F1-model_v6 3-hydroxy-3-methylglutaryl-coenzyme A reductase
MC25_sitophilus_oryzae_2	AF-P38544-F1-model_v6	0.000	99	36	215	1.000	0.447	5.572E-01	5.483E-01	1.302E-01	2.803E-01	43	AF-P38544-F1-model_v6 GTP-binding nuclear protein Ran
MC25_sitophilus_oryzae_2	AF-A1AWE8-F1-model_v6	0.036	83	36	338	0.889	0.240	6.259E-01	5.692E-01	8.073E-02	2.803E-01	48	AF-A1AWE8-F1-model_v6 UDP-N-acetylglucosamine--N-acetylmuramyl-(pentapeptide) pyrophosphoryl-undecaprenol N-acetylglucosamine transferase
MC25_sitophilus_oryzae_2	AF-Q6GHG1-F1-model_v6	0.030	65	36	698	0.972	0.093	6.530E-01	6.302E-01	4.709E-02	2.803E-01	51	AF-Q6GHG1-F1-model_v6 Polyribonucleotide nucleotidyltransferase
MC25_sitophilus_oryzae_2	AF-Q07NM6-F1-model_v6	0.017	58	36	200	0.917	0.275	5.708E-01	5.322E-01	1.288E-01	2.803E-01	43	AF-Q07NM6-F1-model_v6 NADH-quinone oxidoreductase subunit B 2
MC25_sitophilus_oryzae_2	AF-O75425-4-F1-model_v6	0.000	57	36	225	0.861	0.240	5.945E-01	5.293E-01	1.108E-01	2.803E-01	45	AF-O75425-4-F1-model_v6 Motile sperm domain-containing protein 3
MC25_sitophilus_oryzae_2	AF-Q7TQ32-F1-model_v6	0.018	220	36	420	1.000	0.512	6.109E-01	6.000E-01	6.933E-02	2.803E-01	49	AF-Q7TQ32-F1-model_v6 Hemojuvelin
MC25_sitophilus_oryzae_2	AF-Q7VIE6-F1-model_v6	0.020	48	36	366	1.000	0.107	5.782E-01	5.663E-01	6.950E-02	2.802E-01	49	AF-Q7VIE6-F1-model_v6 Peptide chain release factor 2
MC25_sitophilus_oryzae_2	AF-P9WIF0-F1-model_v6	0.054	92	36	558	0.944	0.159	6.306E-01	5.933E-01	5.163E-02	2.802E-01	50	AF-P9WIF0-F1-model_v6 PE cleavage protein A
MC25_sitophilus_oryzae_2	AF-Q5AEE1-F1-model_v6	0.028	35	36	133	0.750	0.241	5.696E-01	4.700E-01	1.574E-01	2.802E-01	40	AF-Q5AEE1-F1-model_v6 Histone H2A.Z
MC25_sitophilus_oryzae_2	AF-Q59650-F1-model_v6	0.035	57	36	487	1.000	0.113	6.004E-01	5.896E-01	6.454E-02	2.801E-01	49	AF-Q59650-F1-model_v6 UDP-N-acetylmuramoyl-L-alanyl-D-glutamate--2,6-diaminopimelate ligase
MC25_sitophilus_oryzae_2	AF-A6LQH5-F1-model_v6	0.007	268	36	283	0.944	0.936	5.948E-01	5.652E-01	9.744E-02	2.801E-01	46	AF-A6LQH5-F1-model_v6 ATP synthase gamma chain
MC25_sitophilus_oryzae_2	AF-P9WLI8-F1-model_v6	0.013	75	36	214	1.000	0.294	5.126E-01	5.014E-01	1.010E-01	2.801E-01	46	AF-P9WLI8-F1-model_v6 Uncharacterized protein MT2253
MC25_sitophilus_oryzae_2	AF-Q92R20-F1-model_v6	0.088	34	36	466	0.833	0.069	6.607E-01	5.631E-01	5.584E-02	2.800E-01	50	AF-Q92R20-F1-model_v6 Cysteine--tRNA ligase
MC25_sitophilus_oryzae_2	AF-P16315-F1-model_v6	0.026	75	36	295	1.000	0.251	5.920E-01	5.828E-01	1.046E-01	2.800E-01	45	AF-P16315-F1-model_v6 Glutenin, low molecular weight subunit PTDUCD1
MC25_sitophilus_oryzae_2	AF-A4W8C2-F1-model_v6	0.036	82	36	673	0.861	0.119	6.777E-01	5.956E-01	4.101E-02	2.800E-01	51	AF-A4W8C2-F1-model_v6 UvrABC system protein B
MC25_sitophilus_oryzae_2	AF-Q8NG04-2-F1-model_v6	0.025	39	36	454	0.861	0.086	6.796E-01	6.176E-01	6.520E-02	2.799E-01	49	AF-Q8NG04-2-F1-model_v6 Putative solute carrier family 26 member 10P
MC25_sitophilus_oryzae_2	AF-O08581-F1-model_v6	0.054	55	36	336	1.000	0.158	5.992E-01	5.891E-01	9.018E-02	2.799E-01	47	AF-O08581-F1-model_v6 Potassium channel subfamily K member 1
MC25_sitophilus_oryzae_2	AF-C0R393-F1-model_v6	0.026	112	36	263	0.861	0.426	6.136E-01	5.474E-01	1.033E-01	2.799E-01	45	AF-C0R393-F1-model_v6 Phosphatidylglycerol--prolipoprotein diacylglyceryl transferase
MC25_sitophilus_oryzae_2	AF-A0L1D3-F1-model_v6	0.071	42	36	177	0.889	0.209	5.625E-01	5.099E-01	1.340E-01	2.799E-01	43	AF-A0L1D3-F1-model_v6 Dual-action ribosomal maturation protein DarP
MC25_sitophilus_oryzae_2	AF-A8EUK5-F1-model_v6	0.051	39	36	431	0.917	0.079	6.165E-01	5.637E-01	6.022E-02	2.799E-01	50	AF-A8EUK5-F1-model_v6 Na(+)/H(+) antiporter NhaA 1
MC25_sitophilus_oryzae_2	AF-P52406-F1-model_v6	0.000	165	36	302	0.944	0.540	5.749E-01	5.425E-01	9.059E-02	2.799E-01	47	AF-P52406-F1-model_v6 Endochitinase 4 (Fragment)
MC25_sitophilus_oryzae_2	AF-Q9VZ23-F1-model_v6	0.010	99	36	216	1.000	0.444	5.555E-01	5.466E-01	1.296E-01	2.799E-01	43	AF-Q9VZ23-F1-model_v6 GTP-binding nuclear protein Ran
MC25_sitophilus_oryzae_2	AF-Q5NMC7-F1-model_v6	0.081	61	36	358	0.944	0.156	5.833E-01	5.480E-01	7.272E-02	2.799E-01	48	AF-Q5NMC7-F1-model_v6 Peptide chain release factor 1
MC25_sitophilus_oryzae_2	AF-Q03A29-F1-model_v6	0.033	30	36	359	0.778	0.084	6.737E-01	5.522E-01	7.371E-02	2.798E-01	48	AF-Q03A29-F1-model_v6 Peptide chain release factor 1
MC25_sitophilus_oryzae_2	AF-Q925W4-F1-model_v6	0.100	40	36	453	1.000	0.084	6.314E-01	6.216E-01	7.036E-02	2.798E-01	49	AF-Q925W4-F1-model_v6 Uncharacterized protein Lin1253/Lin1744
MC25_sitophilus_oryzae_2	AF-P97605-F1-model_v6	0.000	224	36	228	0.833	0.978	6.000E-01	5.247E-01	1.115E-01	2.798E-01	45	AF-P97605-F1-model_v6 Ephrin-A5
MC25_sitophilus_oryzae_2	AF-Q645T7-F1-model_v6	0.055	36	36	318	0.944	0.097	6.350E-01	5.661E-01	8.367E-02	2.798E-01	47	AF-Q645T7-F1-model_v6 Taste receptor type 2 member 7
MC25_sitophilus_oryzae_2	AF-Q0HEJ5-F1-model_v6	0.071	42	36	177	0.889	0.209	5.622E-01	5.095E-01	1.340E-01	2.798E-01	42	AF-Q0HEJ5-F1-model_v6 Dual-action ribosomal maturation protein DarP
MC25_sitophilus_oryzae_2	AF-A3PAQ0-F1-model_v6	0.019	52	36	179	0.778	0.291	5.876E-01	5.034E-01	1.350E-01	2.798E-01	42	AF-A3PAQ0-F1-model_v6 Endoribonuclease YbeY
MC25_sitophilus_oryzae_2	AF-O60762-F1-model_v6	0.060	33	36	260	0.861	0.123	6.160E-01	5.496E-01	1.013E-01	2.797E-01	46	AF-O60762-F1-model_v6 Dolichol-phosphate mannosyltransferase subunit 1
MC25_sitophilus_oryzae_2	AF-A0A6J4B5J2-F1-model_v6	0.051	39	36	219	0.944	0.151	5.713E-01	5.283E-01	1.126E-01	2.797E-01	44	AF-A0A6J4B5J2-F1-model_v6 Glutathione S-transferase-like protein LUC7
MC25_sitophilus_oryzae_2	AF-P21758-F1-model_v6	0.000	37	36	453	0.917	0.077	6.179E-01	5.704E-01	6.255E-02	2.797E-01	49	AF-P21758-F1-model_v6 Macrophage scavenger receptor types I and II
MC25_sitophilus_oryzae_2	AF-Q8BGG6-F1-model_v6	0.000	58	36	235	0.861	0.230	6.025E-01	5.336E-01	1.041E-01	2.796E-01	45	AF-Q8BGG6-F1-model_v6 Motile sperm domain-containing protein 3
MC25_sitophilus_oryzae_2	AF-A6LKJ3-F1-model_v6	0.080	25	36	138	0.694	0.181	5.849E-01	4.897E-01	1.615E-01	2.796E-01	40	AF-A6LKJ3-F1-model_v6 Endoribonuclease YbeY
MC25_sitophilus_oryzae_2	AF-Q9X4K8-F1-model_v6	0.008	240	36	312	1.000	0.740	5.712E-01	5.597E-01	8.114E-02	2.796E-01	47	AF-Q9X4K8-F1-model_v6 Malate dehydrogenase
MC25_sitophilus_oryzae_2	AF-Q32RH9-F1-model_v6	0.078	38	36	702	0.889	0.054	6.755E-01	6.133E-01	4.297E-02	2.796E-01	51	AF-Q32RH9-F1-model_v6 NAD(P)H-quinone oxidoreductase subunit 5, chloroplastic
MC25_sitophilus_oryzae_2	AF-Q5PKM1-F1-model_v6	0.051	39	36	316	0.778	0.123	6.663E-01	5.580E-01	8.204E-02	2.796E-01	47	AF-Q5PKM1-F1-model_v6 Magnesium transport protein CorA
MC25_sitophilus_oryzae_2	AF-B4F059-F1-model_v6	0.050	40	36	203	1.000	0.153	5.818E-01	5.187E-01	1.181E-01	2.796E-01	44	AF-B4F059-F1-model_v6 Protein GrpE
MC25_sitophilus_oryzae_2	AF-Q6F0I3-F1-model_v6	0.002	357	36	363	0.833	0.981	6.495E-01	5.640E-01	7.360E-02	2.795E-01	48	AF-Q6F0I3-F1-model_v6 Peptide chain release factor 1
MC25_sitophilus_oryzae_2	AF-C1L2I7-F1-model_v6	0.025	39	36	469	0.917	0.077	6.375E-01	5.903E-01	5.997E-02	2.795E-01	49	AF-C1L2I7-F1-model_v6 ATP-dependent protease ATPase subunit HslU
MC25_sitophilus_oryzae_2	AF-Q8U4M3-F1-model_v6	0.135	37	36	352	0.833	0.102	6.542E-01	5.757E-01	7.773E-02	2.795E-01	48	AF-Q8U4M3-F1-model_v6 Dolichol-phosphate mannosyltransferase
MC25_sitophilus_oryzae_2	AF-Q8N720-3-F1-model_v6	0.010	94	36	526	0.972	0.169	5.984E-01	5.743E-01	5.285E-02	2.794E-01	50	AF-Q8N720-3-F1-model_v6 Zinc finger protein 655
MC25_sitophilus_oryzae_2	AF-Q5F425-F1-model_v6	0.047	42	36	197	0.972	0.168	5.484E-01	5.083E-01	1.177E-01	2.794E-01	44	AF-Q5F425-F1-model_v6 Protein lin-7 homolog C
MC25_sitophilus_oryzae_2	AF-Q09712-F1-model_v6	0.012	82	36	464	0.861	0.170	6.463E-01	5.667E-01	5.717E-02	2.794E-01	50	AF-Q09712-F1-model_v6 GPI mannosyltransferase 2
MC25_sitophilus_oryzae_2	AF-Q7XJ98-F1-model_v6	0.000	413	36	619	0.861	0.667	6.676E-01	5.916E-01	4.663E-02	2.794E-01	51	AF-Q7XJ98-F1-model_v6 Xyloglucan galactosyltransferase MUR3
MC25_sitophilus_oryzae_2	AF-A5IVE3-F1-model_v6	0.010	187	36	457	0.833	0.409	6.813E-01	5.946E-01	6.188E-02	2.794E-01	49	AF-A5IVE3-F1-model_v6 Heme sensor protein HssS
MC25_sitophilus_oryzae_2	AF-A6U193-F1-model_v6	0.030	65	36	698	0.972	0.093	6.512E-01	6.284E-01	4.707E-02	2.794E-01	51	AF-A6U193-F1-model_v6 Polyribonucleotide nucleotidyltransferase
MC25_sitophilus_oryzae_2	AF-P01193-F1-model_v6	0.108	37	36	235	0.861	0.140	5.835E-01	5.156E-01	1.023E-01	2.793E-01	45	AF-P01193-F1-model_v6 Pro-opiomelanocortin
MC25_sitophilus_oryzae_2	AF-Q6G849-F1-model_v6	0.081	37	36	347	0.944	0.098	5.994E-01	5.684E-01	8.081E-02	2.793E-01	47	AF-Q6G849-F1-model_v6 Sensor protein VraS
MC25_sitophilus_oryzae_2	AF-Q5ACM4-F1-model_v6	0.121	41	36	276	0.944	0.138	5.728E-01	5.396E-01	9.755E-02	2.793E-01	46	AF-Q5ACM4-F1-model_v6 Pre-rRNA-processing protein PNO1
MC25_sitophilus_oryzae_2	AF-O66505-F1-model_v6	0.041	24	36	100	0.639	0.220	5.464E-01	4.442E-01	1.858E-01	2.793E-01	37	AF-O66505-F1-model_v6 Protein-export membrane protein SecG
MC25_sitophilus_oryzae_2	AF-Q9Y345-2-F1-model_v6	0.007	140	36	563	1.000	0.245	6.040E-01	5.951E-01	5.488E-02	2.792E-01	50	AF-Q9Y345-2-F1-model_v6 Sodium- and chloride-dependent glycine transporter 2
MC25_sitophilus_oryzae_2	AF-Q8Y9K8-F1-model_v6	0.000	144	36	471	1.000	0.306	6.273E-01	6.178E-01	7.080E-02	2.792E-01	48	AF-Q8Y9K8-F1-model_v6 Lincomycin resistance protein LmrB
MC25_sitophilus_oryzae_2	AF-Q9QUS4-F1-model_v6	0.009	103	36	339	0.722	0.304	7.096E-01	5.540E-01	7.216E-02	2.792E-01	48	AF-Q9QUS4-F1-model_v6 Hairy/enhancer-of-split related with YRPW motif protein 2
MC25_sitophilus_oryzae_2	AF-A6TQJ6-F1-model_v6	0.000	106	36	427	1.000	0.248	5.952E-01	5.850E-01	7.418E-02	2.792E-01	48	AF-A6TQJ6-F1-model_v6 GTPase Obg
MC25_sitophilus_oryzae_2	AF-P32563-F1-model_v6	0.027	36	36	840	0.861	0.042	6.870E-01	6.051E-01	3.432E-02	2.792E-01	52	AF-P32563-F1-model_v6 V-type proton ATPase subunit a, vacuolar isoform
MC25_sitophilus_oryzae_2	AF-Q9WXV3-F1-model_v6	0.009	106	36	435	1.000	0.241	5.973E-01	5.870E-01	7.213E-02	2.792E-01	48	AF-Q9WXV3-F1-model_v6 GTPase Obg
MC25_sitophilus_oryzae_2	AF-P20715-F1-model_v6	0.027	37	36	883	0.861	0.042	7.122E-01	6.364E-01	3.406E-02	2.792E-01	52	AF-P20715-F1-model_v6 3-hydroxy-3-methylglutaryl-coenzyme A reductase
MC25_sitophilus_oryzae_2	AF-P9WG84-F1-model_v6	0.027	147	36	687	1.000	0.214	6.287E-01	6.185E-01	4.898E-02	2.791E-01	50	AF-P9WG84-F1-model_v6 Uncharacterized MFS-type transporter MT1926
MC25_sitophilus_oryzae_2	AF-P41586-5-F1-model_v6	0.026	38	36	411	0.861	0.090	6.443E-01	5.685E-01	6.736E-02	2.791E-01	49	AF-P41586-5-F1-model_v6 Pituitary adenylate cyclase-activating polypeptide type I receptor
MC25_sitophilus_oryzae_2	AF-Q9USP5-F1-model_v6	0.016	302	36	380	0.861	0.789	6.477E-01	5.761E-01	7.105E-02	2.791E-01	48	AF-Q9USP5-F1-model_v6 GPI-anchor transamidase
MC25_sitophilus_oryzae_2	AF-Q8JZV4-F1-model_v6	0.000	36	36	413	0.833	0.085	6.626E-01	5.752E-01	6.544E-02	2.791E-01	49	AF-Q8JZV4-F1-model_v6 RNA-binding protein 41
MC25_sitophilus_oryzae_2	AF-Q6UWM7-F1-model_v6	0.064	78	36	567	1.000	0.127	5.915E-01	5.795E-01	4.956E-02	2.791E-01	50	AF-Q6UWM7-F1-model_v6 Lactase-like protein
MC25_sitophilus_oryzae_2	AF-P9WJC3-F1-model_v6	0.013	215	36	280	0.861	0.750	6.171E-01	5.382E-01	8.419E-02	2.791E-01	47	AF-P9WJC3-F1-model_v6 ESX-1 secretion-associated protein EspJ
MC25_sitophilus_oryzae_2	AF-Q7MYP0-F1-model_v6	0.025	39	36	316	0.778	0.123	6.583E-01	5.568E-01	8.230E-02	2.791E-01	47	AF-Q7MYP0-F1-model_v6 Magnesium transport protein CorA
MC25_sitophilus_oryzae_2	AF-A6U7D9-F1-model_v6	0.057	35	36	466	0.833	0.069	6.601E-01	5.609E-01	5.457E-02	2.791E-01	50	AF-A6U7D9-F1-model_v6 Cysteine--tRNA ligase
MC25_sitophilus_oryzae_2	AF-Q9C206-F1-model_v6	0.009	221	36	363	0.917	0.603	6.156E-01	5.732E-01	7.871E-02	2.790E-01	48	AF-Q9C206-F1-model_v6 Alternative oxidase, mitochondrial
MC25_sitophilus_oryzae_2	AF-Q720E2-F1-model_v6	0.025	39	36	469	0.917	0.077	6.365E-01	5.895E-01	5.994E-02	2.790E-01	49	AF-Q720E2-F1-model_v6 ATP-dependent protease ATPase subunit HslU
MC25_sitophilus_oryzae_2	AF-Q73UD4-F1-model_v6	0.020	96	36	330	0.833	0.291	6.433E-01	5.761E-01	8.533E-02	2.790E-01	47	AF-Q73UD4-F1-model_v6 UPF0353 protein MAP_3434
MC25_sitophilus_oryzae_2	AF-Q753C6-F1-model_v6	0.047	42	36	267	1.000	0.150	5.836E-01	5.755E-01	1.144E-01	2.790E-01	44	AF-Q753C6-F1-model_v6 Pre-rRNA-processing protein PNO1
MC25_sitophilus_oryzae_2	AF-P32215-5-F1-model_v6	0.027	36	36	467	0.889	0.075	6.383E-01	5.740E-01	6.104E-02	2.790E-01	49	AF-P32215-5-F1-model_v6 Pituitary adenylate cyclase-activating polypeptide type I receptor
MC25_sitophilus_oryzae_2	AF-B7T1V0-F1-model_v6	0.037	108	36	644	1.000	0.168	6.173E-01	6.066E-01	5.206E-02	2.790E-01	50	AF-B7T1V0-F1-model_v6 ATP-dependent zinc metalloprotease FtsH
MC25_sitophilus_oryzae_2	AF-A6QQA5-F1-model_v6	0.017	58	36	263	0.944	0.202	5.551E-01	5.249E-01	9.894E-02	2.790E-01	46	AF-A6QQA5-F1-model_v6 UPF0739 protein C1orf74 homolog
MC25_sitophilus_oryzae_2	AF-Q9UBP0-F1-model_v6	0.000	37	36	616	0.861	0.058	6.536E-01	5.691E-01	4.538E-02	2.790E-01	51	AF-Q9UBP0-F1-model_v6 Spastin
MC25_sitophilus_oryzae_2	AF-O67655-F1-model_v6	0.021	142	36	335	1.000	0.409	5.764E-01	5.653E-01	8.230E-02	2.790E-01	47	AF-O67655-F1-model_v6 Malate dehydrogenase 1
MC25_sitophilus_oryzae_2	AF-Q4ZV08-F1-model_v6	0.051	39	36	779	1.000	0.044	6.635E-01	6.274E-01	3.863E-02	2.790E-01	51	AF-Q4ZV08-F1-model_v6 Acyl-homoserine lactone acylase PvdQ
MC25_sitophilus_oryzae_2	AF-B9J024-F1-model_v6	0.026	112	36	594	1.000	0.184	6.094E-01	5.973E-01	5.072E-02	2.789E-01	50	AF-B9J024-F1-model_v6 UvrABC system protein C
MC25_sitophilus_oryzae_2	AF-Q7M1B9-F1-model_v6	0.057	52	36	110	0.917	0.436	4.897E-01	4.612E-01	2.007E-01	2.789E-01	37	AF-Q7M1B9-F1-model_v6 Thioredoxin
MC25_sitophilus_oryzae_2	AF-O84465-F1-model_v6	0.033	30	36	369	0.778	0.081	6.772E-01	5.578E-01	7.173E-02	2.789E-01	48	AF-O84465-F1-model_v6 Peptide chain release factor 2
MC25_sitophilus_oryzae_2	AF-B2A3J0-F1-model_v6	0.027	36	36	357	0.917	0.092	5.988E-01	5.486E-01	7.422E-02	2.789E-01	48	AF-B2A3J0-F1-model_v6 Peptide chain release factor 1
MC25_sitophilus_oryzae_2	AF-P41915-F1-model_v6	0.000	98	36	225	1.000	0.427	5.569E-01	5.478E-01	1.266E-01	2.789E-01	43	AF-P41915-F1-model_v6 GTP-binding nuclear protein Ran
MC25_sitophilus_oryzae_2	AF-P0CT97-F1-model_v6	0.000	327	36	379	0.861	0.858	6.502E-01	5.793E-01	7.232E-02	2.789E-01	48	AF-P0CT97-F1-model_v6 Uncharacterized transporter SPBPB10D8.07c
MC25_sitophilus_oryzae_2	AF-P55977-F1-model_v6	0.009	108	36	395	0.778	0.273	6.772E-01	5.741E-01	6.745E-02	2.788E-01	49	AF-P55977-F1-model_v6 Transcription termination/antitermination protein NusA
MC25_sitophilus_oryzae_2	AF-Q06213-F1-model_v6	0.045	22	36	157	0.556	0.140	7.014E-01	4.784E-01	1.210E-01	2.788E-01	43	AF-Q06213-F1-model_v6 Mediator of RNA polymerase II transcription subunit 10
MC25_sitophilus_oryzae_2	AF-B4F6J6-F1-model_v6	0.043	115	36	360	1.000	0.319	6.137E-01	6.045E-01	9.014E-02	2.788E-01	46	AF-B4F6J6-F1-model_v6 Outer mitochondrial transmembrane helix translocase
MC25_sitophilus_oryzae_2	AF-Q7TPS5-F1-model_v6	0.012	239	36	1016	0.806	0.235	7.052E-01	5.852E-01	2.734E-02	2.788E-01	53	AF-Q7TPS5-F1-model_v6 C2 domain-containing protein 5
MC25_sitophilus_oryzae_2	AF-Q5F4A9-F1-model_v6	0.046	43	36	231	0.889	0.169	5.737E-01	5.160E-01	1.050E-01	2.788E-01	45	AF-Q5F4A9-F1-model_v6 ADP-ribosylation factor-like protein 6-interacting protein 4
MC25_sitophilus_oryzae_2	AF-J9SQF3-F1-model_v6	0.111	45	36	1732	1.000	0.024	6.607E-01	6.482E-01	1.858E-02	2.788E-01	53	AF-J9SQF3-F1-model_v6 Transient receptor potential cation channel subfamily M member 3
MC25_sitophilus_oryzae_2	AF-Q55AW9-F1-model_v6	0.032	62	36	581	1.000	0.107	6.069E-01	5.956E-01	5.637E-02	2.788E-01	50	AF-Q55AW9-F1-model_v6 Phosphatidylinositol-3-phosphatase SAC1
MC25_sitophilus_oryzae_2	AF-C4L5K9-F1-model_v6	0.000	30	36	366	0.778	0.082	6.750E-01	5.556E-01	7.214E-02	2.788E-01	48	AF-C4L5K9-F1-model_v6 Peptide chain release factor 2
MC25_sitophilus_oryzae_2	AF-D4GYG3-F1-model_v6	0.031	63	36	303	1.000	0.175	5.535E-01	5.420E-01	8.002E-02	2.788E-01	47	AF-D4GYG3-F1-model_v6 Glycosyltransferase AglJ
MC25_sitophilus_oryzae_2	AF-Q5LWE5-F1-model_v6	0.037	79	36	908	1.000	0.087	6.411E-01	6.303E-01	3.756E-02	2.788E-01	52	AF-Q5LWE5-F1-model_v6 Bifunctional uridylyltransferase/uridylyl-removing enzyme
MC25_sitophilus_oryzae_2	AF-P08862-F1-model_v6	0.062	64	36	472	0.806	0.136	6.988E-01	5.991E-01	5.827E-02	2.788E-01	49	AF-P08862-F1-model_v6 Excisase A
MC25_sitophilus_oryzae_2	AF-Q9YGK5-F1-model_v6	0.117	34	36	222	0.833	0.135	6.038E-01	5.242E-01	1.080E-01	2.787E-01	45	AF-Q9YGK5-F1-model_v6 Pro-opiomelanocortin-2
MC25_sitophilus_oryzae_2	AF-B4PPT4-F1-model_v6	0.014	67	36	506	0.889	0.128	6.348E-01	5.695E-01	5.425E-02	2.787E-01	50	AF-B4PPT4-F1-model_v6 Adenylosuccinate synthetase
MC25_sitophilus_oryzae_2	AF-I1S0P7-F1-model_v6	0.026	38	36	2182	0.833	0.017	7.277E-01	6.253E-01	1.312E-02	2.787E-01	54	AF-I1S0P7-F1-model_v6 Autophagy-related protein 2
MC25_sitophilus_oryzae_2	AF-A0A1L7TXW3-F1-model_v6	0.007	137	36	394	1.000	0.330	5.761E-01	5.643E-01	6.700E-02	2.786E-01	49	AF-A0A1L7TXW3-F1-model_v6 Transcription factor
MC25_sitophilus_oryzae_2	AF-P0A249-F1-model_v6	0.081	37	36	575	0.889	0.059	6.426E-01	5.798E-01	4.761E-02	2.786E-01	51	AF-P0A249-F1-model_v6 Phosphoenolpyruvate-protein phosphotransferase
MC25_sitophilus_oryzae_2	AF-P95722-F1-model_v6	0.011	178	36	478	0.917	0.364	6.166E-01	5.638E-01	5.567E-02	2.785E-01	50	AF-P95722-F1-model_v6 GTPase Obg
MC25_sitophilus_oryzae_2	AF-Q8IL06-F1-model_v6	0.026	38	36	357	0.861	0.095	6.500E-01	5.744E-01	7.158E-02	2.785E-01	48	AF-Q8IL06-F1-model_v6 Uncharacterized protein PF3D7_1446700
MC25_sitophilus_oryzae_2	AF-Q1GDL4-F1-model_v6	0.000	45	36	635	0.972	0.060	6.163E-01	5.907E-01	4.237E-02	2.785E-01	51	AF-Q1GDL4-F1-model_v6 UvrABC system protein C
MC25_sitophilus_oryzae_2	AF-P0ABI5-F1-model_v6	0.051	39	36	316	0.778	0.123	6.635E-01	5.563E-01	8.198E-02	2.785E-01	47	AF-P0ABI5-F1-model_v6 Magnesium transport protein CorA
MC25_sitophilus_oryzae_2	AF-O59726-F1-model_v6	0.006	150	36	577	1.000	0.260	6.226E-01	6.122E-01	5.779E-02	2.785E-01	49	AF-O59726-F1-model_v6 Vacuolar membrane amino acid uptake transporter fnx2
MC25_sitophilus_oryzae_2	AF-Q9US56-F1-model_v6	0.026	38	36	229	1.000	0.118	6.515E-01	5.237E-01	9.919E-02	2.784E-01	45	AF-Q9US56-F1-model_v6 Meiotically up-regulated gene 31 protein
MC25_sitophilus_oryzae_2	AF-P0CT95-F1-model_v6	0.000	327	36	379	0.861	0.858	6.487E-01	5.782E-01	7.230E-02	2.784E-01	48	AF-P0CT95-F1-model_v6 Uncharacterized transporter SPBPB10D8.05c
MC25_sitophilus_oryzae_2	AF-D7PI13-F1-model_v6	0.013	148	36	554	1.000	0.267	6.219E-01	6.119E-01	6.025E-02	2.783E-01	49	AF-D7PI13-F1-model_v6 Probable efflux pump gsfJ
MC25_sitophilus_oryzae_2	AF-Q9FZ22-F1-model_v6	0.012	77	36	530	0.917	0.145	6.506E-01	6.070E-01	5.786E-02	2.783E-01	49	AF-Q9FZ22-F1-model_v6 Probable glycerol-3-phosphate acyltransferase 2
MC25_sitophilus_oryzae_2	AF-Q63ZG0-F1-model_v6	0.000	81	36	335	1.000	0.221	5.595E-01	5.478E-01	7.738E-02	2.783E-01	48	AF-Q63ZG0-F1-model_v6 Transmembrane protein 120B
MC25_sitophilus_oryzae_2	AF-Q6GFH2-F1-model_v6	0.081	37	36	347	0.944	0.098	5.978E-01	5.661E-01	8.100E-02	2.783E-01	47	AF-Q6GFH2-F1-model_v6 Sensor protein VraS
MC25_sitophilus_oryzae_2	AF-Q5A3K2-F1-model_v6	0.032	31	36	170	0.694	0.182	6.317E-01	5.072E-01	1.329E-01	2.783E-01	42	AF-Q5A3K2-F1-model_v6 Mediator of RNA polymerase II transcription subunit 10
MC25_sitophilus_oryzae_2	AF-Q31UH1-F1-model_v6	0.051	39	36	316	0.778	0.123	6.630E-01	5.562E-01	8.197E-02	2.783E-01	47	AF-Q31UH1-F1-model_v6 Magnesium transport protein CorA
MC25_sitophilus_oryzae_2	AF-P0ABI6-F1-model_v6	0.051	39	36	316	0.778	0.123	6.627E-01	5.559E-01	8.197E-02	2.783E-01	47	AF-P0ABI6-F1-model_v6 Magnesium transport protein CorA
MC25_sitophilus_oryzae_2	AF-Q8BJU9-F1-model_v6	0.093	43	36	373	1.000	0.105	5.729E-01	5.613E-01	7.449E-02	2.782E-01	48	AF-Q8BJU9-F1-model_v6 Peptide chain release factor 1-like, mitochondrial
MC25_sitophilus_oryzae_2	AF-A5EYG2-F1-model_v6	0.000	48	36	187	0.806	0.225	5.936E-01	4.873E-01	1.093E-01	2.782E-01	44	AF-A5EYG2-F1-model_v6 Protein GrpE
MC25_sitophilus_oryzae_2	AF-Q9HCF6-2-F1-model_v6	0.111	45	36	1707	1.000	0.025	6.598E-01	6.473E-01	1.884E-02	2.782E-01	53	AF-Q9HCF6-2-F1-model_v6 Transient receptor potential cation channel subfamily M member 3
MC25_sitophilus_oryzae_2	AF-A0A386JVA3-F1-model_v6	0.000	82	36	403	1.000	0.203	5.988E-01	5.891E-01	7.937E-02	2.782E-01	47	AF-A0A386JVA3-F1-model_v6 Farnesyl pyrophosphate synthase
MC25_sitophilus_oryzae_2	AF-Q5FKZ0-F1-model_v6	0.033	30	36	361	0.778	0.083	6.705E-01	5.503E-01	7.327E-02	2.782E-01	48	AF-Q5FKZ0-F1-model_v6 Peptide chain release factor 1
MC25_sitophilus_oryzae_2	AF-A6Q1Q1-F1-model_v6	0.000	126	36	330	1.000	0.376	5.918E-01	5.817E-01	9.072E-02	2.782E-01	46	AF-A6Q1Q1-F1-model_v6 NADH-quinone oxidoreductase subunit H
MC25_sitophilus_oryzae_2	AF-A5IKX2-F1-model_v6	0.009	106	36	435	1.000	0.241	5.988E-01	5.884E-01	7.212E-02	2.782E-01	48	AF-A5IKX2-F1-model_v6 GTPase Obg
MC25_sitophilus_oryzae_2	AF-Q57HQ5-F1-model_v6	0.051	39	36	316	0.778	0.123	6.634E-01	5.567E-01	8.204E-02	2.782E-01	47	AF-Q57HQ5-F1-model_v6 Magnesium transport protein CorA
MC25_sitophilus_oryzae_2	AF-B4SGC6-F1-model_v6	0.000	196	36	291	0.833	0.663	6.241E-01	5.317E-01	8.481E-02	2.781E-01	47	AF-B4SGC6-F1-model_v6 ATP synthase gamma chain
MC25_sitophilus_oryzae_2	AF-Q06136-2-F1-model_v6	0.068	44	36	268	1.000	0.157	5.557E-01	5.464E-01	1.097E-01	2.781E-01	45	AF-Q06136-2-F1-model_v6 3-ketodihydrosphingosine reductase
MC25_sitophilus_oryzae_2	AF-P31639-F1-model_v6	0.006	295	36	672	0.889	0.439	6.713E-01	6.112E-01	4.520E-02	2.781E-01	51	AF-P31639-F1-model_v6 Sodium/glucose cotransporter 2
MC25_sitophilus_oryzae_2	AF-Q91V24-F1-model_v6	0.032	93	36	2159	1.000	0.043	6.520E-01	6.399E-01	1.574E-02	2.780E-01	54	AF-Q91V24-F1-model_v6 ATP-binding cassette sub-family A member 7
MC25_sitophilus_oryzae_2	AF-Q9P7C1-F1-model_v6	0.033	60	36	303	1.000	0.188	5.710E-01	5.617E-01	9.673E-02	2.780E-01	46	AF-Q9P7C1-F1-model_v6 Uncharacterized J domain-containing protein C2E1P5.03
MC25_sitophilus_oryzae_2	AF-Q09812-F1-model_v6	0.012	157	36	529	1.000	0.295	6.159E-01	6.061E-01	6.160E-02	2.780E-01	49	AF-Q09812-F1-model_v6 Autophagy-related protein 22
MC25_sitophilus_oryzae_2	AF-A7Z7D7-F1-model_v6	0.027	110	36	590	1.000	0.181	6.125E-01	6.006E-01	5.112E-02	2.780E-01	50	AF-A7Z7D7-F1-model_v6 UvrABC system protein C
MC25_sitophilus_oryzae_2	AF-Q8CRA8-F1-model_v6	0.005	195	36	451	0.917	0.424	6.466E-01	5.989E-01	6.110E-02	2.780E-01	49	AF-Q8CRA8-F1-model_v6 Heme sensor protein HssS
MC25_sitophilus_oryzae_2	AF-P71496-F1-model_v6	0.005	357	36	363	0.833	0.981	6.492E-01	5.651E-01	7.356E-02	2.780E-01	48	AF-P71496-F1-model_v6 Peptide chain release factor 1
MC25_sitophilus_oryzae_2	AF-P0AAE2-F1-model_v6	0.000	307	36	457	0.917	0.667	6.234E-01	5.776E-01	6.217E-02	2.780E-01	49	AF-P0AAE2-F1-model_v6 Proline-specific permease ProY
MC25_sitophilus_oryzae_2	AF-S3E7P4-F1-model_v6	0.025	80	36	281	0.833	0.278	6.350E-01	5.556E-01	9.233E-02	2.780E-01	46	AF-S3E7P4-F1-model_v6 Probable thioesterase gloN
MC25_sitophilus_oryzae_2	AF-Q58526-F1-model_v6	0.100	40	36	402	1.000	0.077	6.443E-01	5.666E-01	6.357E-02	2.779E-01	49	AF-Q58526-F1-model_v6 GTPase HflX
MC25_sitophilus_oryzae_2	AF-B2UQZ3-F1-model_v6	0.135	37	36	436	0.806	0.083	6.819E-01	5.774E-01	6.115E-02	2.779E-01	49	AF-B2UQZ3-F1-model_v6 Trigger factor
MC25_sitophilus_oryzae_2	AF-P59536-F1-model_v6	0.017	57	36	307	0.833	0.186	6.460E-01	5.718E-01	9.014E-02	2.779E-01	46	AF-P59536-F1-model_v6 Taste receptor type 2 member 41
MC25_sitophilus_oryzae_2	AF-Q9FNU2-F1-model_v6	0.017	56	36	641	0.944	0.081	6.191E-01	5.808E-01	4.389E-02	2.779E-01	51	AF-Q9FNU2-F1-model_v6 ABC transporter B family member 25
MC25_sitophilus_oryzae_2	AF-A7Z064-F1-model_v6	0.027	37	36	888	0.861	0.042	7.093E-01	6.340E-01	3.384E-02	2.779E-01	52	AF-A7Z064-F1-model_v6 3-hydroxy-3-methylglutaryl-coenzyme A reductase
MC25_sitophilus_oryzae_2	AF-Q5EAX9-F1-model_v6	0.006	159	36	335	1.000	0.454	5.548E-01	5.429E-01	7.581E-02	2.778E-01	48	AF-Q5EAX9-F1-model_v6 Transmembrane protein 120B-A
MC25_sitophilus_oryzae_2	AF-B1VXD8-F1-model_v6	0.016	178	36	478	0.917	0.364	6.190E-01	5.660E-01	5.645E-02	2.778E-01	49	AF-B1VXD8-F1-model_v6 GTPase Obg
MC25_sitophilus_oryzae_2	AF-A8XJ98-F1-model_v6	0.056	53	36	432	1.000	0.118	6.176E-01	6.076E-01	7.320E-02	2.778E-01	48	AF-A8XJ98-F1-model_v6 FLYWCH-type zinc finger-containing protein peb-1
MC25_sitophilus_oryzae_2	AF-A0JMD4-F1-model_v6	0.021	93	36	774	1.000	0.118	6.230E-01	6.124E-01	4.102E-02	2.778E-01	51	AF-A0JMD4-F1-model_v6 Two pore channel protein 2
MC25_sitophilus_oryzae_2	AF-A1S8R2-F1-model_v6	0.003	262	36	363	0.778	0.722	6.657E-01	5.540E-01	7.191E-02	2.778E-01	48	AF-A1S8R2-F1-model_v6 Peptide chain release factor 1
MC25_sitophilus_oryzae_2	AF-Q89ZQ3-F1-model_v6	0.008	235	36	306	0.833	0.765	6.382E-01	5.584E-01	8.743E-02	2.778E-01	46	AF-Q89ZQ3-F1-model_v6 tRNA dimethylallyltransferase 2
MC25_sitophilus_oryzae_2	AF-Q01896-F1-model_v6	0.021	140	36	1091	0.833	0.128	7.169E-01	6.274E-01	2.674E-02	2.777E-01	52	AF-Q01896-F1-model_v6 Sodium/potassium exporting P-type ATPase 2
MC25_sitophilus_oryzae_2	AF-Q9HCF6-4-F1-model_v6	0.111	45	36	1697	1.000	0.025	6.590E-01	6.466E-01	1.896E-02	2.777E-01	53	AF-Q9HCF6-4-F1-model_v6 Transient receptor potential cation channel subfamily M member 3
MC25_sitophilus_oryzae_2	AF-Q1IVS5-F1-model_v6	0.027	111	36	365	1.000	0.301	5.922E-01	5.822E-01	8.485E-02	2.777E-01	47	AF-Q1IVS5-F1-model_v6 GTPase Obg
MC25_sitophilus_oryzae_2	AF-B0JR86-F1-model_v6	0.017	56	36	667	1.000	0.081	6.054E-01	5.937E-01	4.672E-02	2.777E-01	50	AF-B0JR86-F1-model_v6 UvrABC system protein B
MC25_sitophilus_oryzae_2	AF-P25396-F1-model_v6	0.038	77	36	330	1.000	0.215	5.585E-01	5.476E-01	8.175E-02	2.777E-01	47	AF-P25396-F1-model_v6 Tellurite resistance protein TehA
MC25_sitophilus_oryzae_2	AF-B8DUM8-F1-model_v6	0.027	36	36	181	0.833	0.171	5.871E-01	5.090E-01	1.239E-01	2.777E-01	43	AF-B8DUM8-F1-model_v6 Endoribonuclease YbeY
MC25_sitophilus_oryzae_2	AF-Q4WZP2-F1-model_v6	0.000	39	36	334	1.000	0.081	6.834E-01	5.318E-01	6.704E-02	2.776E-01	48	AF-Q4WZP2-F1-model_v6 COP9 signalosome complex subunit 5
MC25_sitophilus_oryzae_2	AF-A1VR95-F1-model_v6	0.034	86	36	271	1.000	0.314	5.990E-01	5.905E-01	1.147E-01	2.776E-01	44	AF-A1VR95-F1-model_v6 Phosphatidylglycerol--prolipoprotein diacylglyceryl transferase
MC25_sitophilus_oryzae_2	AF-P9WLX3-F1-model_v6	0.023	84	36	288	1.000	0.274	5.591E-01	5.485E-01	9.416E-02	2.776E-01	46	AF-P9WLX3-F1-model_v6 Uncharacterized protein Rv1486c
MC25_sitophilus_oryzae_2	AF-A8MI83-F1-model_v6	0.000	59	36	64	0.861	0.812	4.350E-01	3.914E-01	2.606E-01	2.776E-01	32	AF-A8MI83-F1-model_v6 Large ribosomal subunit protein bL35
MC25_sitophilus_oryzae_2	AF-Q9WU83-F1-model_v6	0.090	33	36	266	0.861	0.120	6.162E-01	5.484E-01	9.886E-02	2.775E-01	45	AF-Q9WU83-F1-model_v6 Dolichol-phosphate mannosyltransferase subunit 1
MC25_sitophilus_oryzae_2	AF-Q0HFC8-F1-model_v6	0.002	357	36	363	0.833	0.981	6.387E-01	5.543E-01	7.359E-02	2.775E-01	48	AF-Q0HFC8-F1-model_v6 Peptide chain release factor 1
MC25_sitophilus_oryzae_2	AF-Q06GK2-F1-model_v6	0.052	38	36	740	0.889	0.051	6.711E-01	6.097E-01	4.079E-02	2.775E-01	51	AF-Q06GK2-F1-model_v6 NAD(P)H-quinone oxidoreductase subunit 5, chloroplastic
MC25_sitophilus_oryzae_2	AF-Q6UWM7-2-F1-model_v6	0.026	76	36	394	0.972	0.183	5.982E-01	5.761E-01	7.166E-02	2.775E-01	48	AF-Q6UWM7-2-F1-model_v6 Lactase-like protein
MC25_sitophilus_oryzae_2	AF-K4BIZ9-F1-model_v6	0.023	43	36	273	0.944	0.139	5.715E-01	5.423E-01	9.619E-02	2.775E-01	46	AF-K4BIZ9-F1-model_v6 WRKY DNA-binding transcription factor 70
MC25_sitophilus_oryzae_2	AF-B3PUS4-F1-model_v6	0.057	35	36	463	0.833	0.069	6.608E-01	5.608E-01	5.489E-02	2.775E-01	50	AF-B3PUS4-F1-model_v6 Cysteine--tRNA ligase
MC25_sitophilus_oryzae_2	AF-Q2P736-F1-model_v6	0.050	59	36	328	1.000	0.159	5.573E-01	5.460E-01	7.914E-02	2.775E-01	47	AF-Q2P736-F1-model_v6 Malate dehydrogenase
MC25_sitophilus_oryzae_2	AF-O75425-F1-model_v6	0.000	58	36	235	0.861	0.230	5.950E-01	5.268E-01	1.042E-01	2.774E-01	45	AF-O75425-F1-model_v6 Motile sperm domain-containing protein 3
MC25_sitophilus_oryzae_2	AF-Q0P4W3-F1-model_v6	0.031	63	36	412	1.000	0.146	5.940E-01	5.831E-01	7.200E-02	2.774E-01	48	AF-Q0P4W3-F1-model_v6 Regulator of microtubule dynamics protein 2
MC25_sitophilus_oryzae_2	AF-Q6IQH6-F1-model_v6	0.051	78	36	333	1.000	0.225	5.833E-01	5.732E-01	8.902E-02	2.774E-01	46	AF-Q6IQH6-F1-model_v6 Phospholipid phosphatase-related protein type 1
MC25_sitophilus_oryzae_2	AF-Q8UGG4-F1-model_v6	0.057	35	36	461	0.833	0.069	6.577E-01	5.595E-01	5.505E-02	2.774E-01	50	AF-Q8UGG4-F1-model_v6 Cysteine--tRNA ligase
MC25_sitophilus_oryzae_2	AF-B3R1J8-F1-model_v6	0.030	164	36	447	0.917	0.367	6.195E-01	5.770E-01	6.791E-02	2.774E-01	48	AF-B3R1J8-F1-model_v6 GTPase Der
MC25_sitophilus_oryzae_2	AF-A7I0P7-F1-model_v6	0.022	44	36	364	1.000	0.107	5.660E-01	5.555E-01	7.598E-02	2.774E-01	48	AF-A7I0P7-F1-model_v6 Peptide chain release factor 2
MC25_sitophilus_oryzae_2	AF-C1B7T0-F1-model_v6	0.024	41	36	410	0.917	0.090	6.036E-01	5.537E-01	6.499E-02	2.774E-01	49	AF-C1B7T0-F1-model_v6 DNA replication and repair protein RecF
MC25_sitophilus_oryzae_2	AF-Q6VBQ6-F1-model_v6	0.075	40	36	243	1.000	0.160	5.630E-01	5.553E-01	1.273E-01	2.774E-01	43	AF-Q6VBQ6-F1-model_v6 RNA-binding protein PNO1
MC25_sitophilus_oryzae_2	AF-O83688-F1-model_v6	0.000	38	36	193	0.944	0.181	5.595E-01	5.334E-01	1.375E-01	2.773E-01	42	AF-O83688-F1-model_v6 Uncharacterized protein TP_0690
MC25_sitophilus_oryzae_2	AF-A6U8P9-F1-model_v6	0.010	365	36	480	1.000	0.754	6.056E-01	5.951E-01	6.305E-02	2.773E-01	49	AF-A6U8P9-F1-model_v6 Methylenetetrahydrofolate--tRNA-(uracil-5-)-methyltransferase TrmFO
MC25_sitophilus_oryzae_2	AF-Q719N1-F1-model_v6	0.000	37	36	616	0.861	0.058	6.502E-01	5.669E-01	4.536E-02	2.773E-01	50	AF-Q719N1-F1-model_v6 Spastin
MC25_sitophilus_oryzae_2	AF-P06105-F1-model_v6	0.000	77	36	1222	0.889	0.062	6.747E-01	6.061E-01	2.441E-02	2.773E-01	53	AF-P06105-F1-model_v6 Protein SCP160
MC25_sitophilus_oryzae_2	AF-Q9UW24-F1-model_v6	0.052	38	36	956	0.833	0.040	6.946E-01	6.016E-01	3.046E-02	2.773E-01	52	AF-Q9UW24-F1-model_v6 Phosphatidylinositol 4-kinase PIK1a
MC25_sitophilus_oryzae_2	AF-P14951-F1-model_v6	0.027	110	36	590	1.000	0.181	6.012E-01	5.896E-01	5.107E-02	2.773E-01	50	AF-P14951-F1-model_v6 UvrABC system protein C
MC25_sitophilus_oryzae_2	AF-Q9UNF0-F1-model_v6	0.025	40	36	486	0.944	0.076	6.123E-01	5.769E-01	5.873E-02	2.773E-01	49	AF-Q9UNF0-F1-model_v6 Protein kinase C and casein kinase substrate in neurons protein 2
MC25_sitophilus_oryzae_2	AF-A4QKF4-F1-model_v6	0.052	38	36	746	0.889	0.051	6.710E-01	6.098E-01	4.050E-02	2.773E-01	51	AF-A4QKF4-F1-model_v6 NAD(P)H-quinone oxidoreductase subunit 5, chloroplastic
MC25_sitophilus_oryzae_2	AF-P42501-F1-model_v6	0.000	95	36	382	0.833	0.243	6.575E-01	5.710E-01	6.935E-02	2.773E-01	48	AF-P42501-F1-model_v6 Capsule polysaccharide export inner-membrane protein KpsE
MC25_sitophilus_oryzae_2	AF-C5DCN3-F1-model_v6	0.052	76	36	441	1.000	0.161	5.814E-01	5.695E-01	6.302E-02	2.773E-01	49	AF-C5DCN3-F1-model_v6 Arginine biosynthesis bifunctional protein ArgJ, mitochondrial
MC25_sitophilus_oryzae_2	AF-B1AHY9-F1-model_v6	0.033	30	36	359	0.778	0.081	6.647E-01	5.490E-01	7.113E-02	2.772E-01	48	AF-B1AHY9-F1-model_v6 Peptide chain release factor 1
MC25_sitophilus_oryzae_2	AF-B9JCA5-F1-model_v6	0.057	35	36	463	0.833	0.069	6.562E-01	5.584E-01	5.485E-02	2.772E-01	50	AF-B9JCA5-F1-model_v6 Cysteine--tRNA ligase
MC25_sitophilus_oryzae_2	AF-P0AFV0-F1-model_v6	0.023	127	36	378	0.861	0.336	6.104E-01	5.435E-01	7.308E-02	2.772E-01	48	AF-P0AFV0-F1-model_v6 Inner membrane protein YibH
MC25_sitophilus_oryzae_2	AF-A8IW34-F1-model_v6	0.013	73	36	463	1.000	0.156	5.964E-01	5.857E-01	6.683E-02	2.771E-01	48	AF-A8IW34-F1-model_v6 Adenylosuccinate synthetase, chloroplastic
MC25_sitophilus_oryzae_2	AF-Q9HCF6-F1-model_v6	0.111	45	36	1732	1.000	0.024	6.581E-01	6.457E-01	1.858E-02	2.771E-01	53	AF-Q9HCF6-F1-model_v6 Transient receptor potential cation channel subfamily M member 3
MC25_sitophilus_oryzae_2	AF-Q9Z949-F1-model_v6	0.027	36	36	325	0.944	0.089	6.630E-01	5.661E-01	7.878E-02	2.770E-01	47	AF-Q9Z949-F1-model_v6 Uncharacterized protein CPn_0132/CP_0640/CPj0132/CpB0133
MC25_sitophilus_oryzae_2	AF-Q28GQ3-F1-model_v6	0.013	73	36	254	0.806	0.287	6.282E-01	5.545E-01	1.045E-01	2.770E-01	45	AF-Q28GQ3-F1-model_v6 OCIA domain-containing protein 1
MC25_sitophilus_oryzae_2	AF-B0VX73-F1-model_v6	0.005	385	36	855	1.000	0.449	6.227E-01	6.114E-01	3.812E-02	2.769E-01	51	AF-B0VX73-F1-model_v6 Inactive rhomboid protein 1
MC25_sitophilus_oryzae_2	AF-Q14140-F1-model_v6	0.045	44	36	314	1.000	0.115	5.641E-01	5.529E-01	8.099E-02	2.769E-01	47	AF-Q14140-F1-model_v6 SERTA domain-containing protein 2
MC25_sitophilus_oryzae_2	AF-Q5R030-F1-model_v6	0.009	222	36	310	0.944	0.710	5.808E-01	5.502E-01	8.974E-02	2.768E-01	46	AF-Q5R030-F1-model_v6 Malate dehydrogenase
MC25_sitophilus_oryzae_2	AF-A0A411PQN9-F1-model_v6	0.029	67	36	439	0.917	0.148	6.183E-01	5.704E-01	6.417E-02	2.768E-01	49	AF-A0A411PQN9-F1-model_v6 Agnestins biosynthesis cluster transcriptional coactivator AgnL9
MC25_sitophilus_oryzae_2	AF-P0AA87-F1-model_v6	0.041	120	36	185	0.917	0.627	5.522E-01	5.126E-01	1.318E-01	2.768E-01	42	AF-P0AA87-F1-model_v6 Thiol:disulfide interchange protein DsbE
MC25_sitophilus_oryzae_2	AF-Q9HCF6-7-F1-model_v6	0.111	45	36	1722	1.000	0.024	6.579E-01	6.455E-01	1.868E-02	2.768E-01	53	AF-Q9HCF6-7-F1-model_v6 Transient receptor potential cation channel subfamily M member 3
MC25_sitophilus_oryzae_2	AF-Q53915-F1-model_v6	0.024	41	36	368	0.944	0.101	5.974E-01	5.633E-01	7.402E-02	2.768E-01	48	AF-Q53915-F1-model_v6 Peptide chain release factor 2
MC25_sitophilus_oryzae_2	AF-Q6FJ36-F1-model_v6	0.062	32	36	201	0.889	0.144	6.039E-01	5.335E-01	1.284E-01	2.768E-01	42	AF-Q6FJ36-F1-model_v6 Mediator of RNA polymerase II transcription subunit 19
MC25_sitophilus_oryzae_2	AF-A8G2I8-F1-model_v6	0.007	135	36	179	0.917	0.721	5.300E-01	4.910E-01	1.281E-01	2.766E-01	42	AF-A8G2I8-F1-model_v6 Endoribonuclease YbeY
MC25_sitophilus_oryzae_2	AF-A3DLR9-F1-model_v6	0.015	130	36	379	0.917	0.343	6.157E-01	5.757E-01	7.925E-02	2.766E-01	47	AF-A3DLR9-F1-model_v6 Succinate--CoA ligase [ADP-forming] subunit beta
MC25_sitophilus_oryzae_2	AF-P27189-2-F1-model_v6	0.023	42	36	746	0.972	0.048	6.250E-01	6.004E-01	3.735E-02	2.766E-01	51	AF-P27189-2-F1-model_v6 DNA primase TraC
MC25_sitophilus_oryzae_2	AF-Q75EA5-F1-model_v6	0.030	33	36	301	0.861	0.103	6.096E-01	5.373E-01	8.742E-02	2.766E-01	46	AF-Q75EA5-F1-model_v6 Structure-specific endonuclease subunit SLX1
MC25_sitophilus_oryzae_2	AF-Q8STY8-F1-model_v6	0.076	39	36	271	0.944	0.133	5.658E-01	5.371E-01	9.791E-02	2.766E-01	45	AF-Q8STY8-F1-model_v6 UPF0328 protein ECU09_0020
MC25_sitophilus_oryzae_2	AF-Q2TAC6-3-F1-model_v6	0.000	206	36	506	1.000	0.395	5.932E-01	5.812E-01	5.488E-02	2.766E-01	49	AF-Q2TAC6-3-F1-model_v6 Kinesin-like protein KIF19
MC25_sitophilus_oryzae_2	AF-Q5E930-F1-model_v6	0.040	74	36	385	1.000	0.179	5.702E-01	5.590E-01	7.239E-02	2.766E-01	48	AF-Q5E930-F1-model_v6 S-type anion channel SLAH1
MC25_sitophilus_oryzae_2	AF-Q2H0X9-F1-model_v6	0.013	75	36	921	1.000	0.079	6.421E-01	6.302E-01	3.489E-02	2.766E-01	51	AF-Q2H0X9-F1-model_v6 GPI ethanolamine phosphate transferase 1
MC25_sitophilus_oryzae_2	AF-Q6PIX5-F1-model_v6	0.005	385	36	856	1.000	0.449	6.215E-01	6.103E-01	3.806E-02	2.765E-01	51	AF-Q6PIX5-F1-model_v6 Inactive rhomboid protein 1
MC25_sitophilus_oryzae_2	AF-Q9UJ83-3-F1-model_v6	0.001	300	36	496	1.000	0.599	5.970E-01	5.869E-01	6.117E-02	2.765E-01	49	AF-Q9UJ83-3-F1-model_v6 2-hydroxyacyl-CoA lyase 1
MC25_sitophilus_oryzae_2	AF-Q3E9F5-F1-model_v6	0.031	63	36	456	1.000	0.127	5.824E-01	5.706E-01	6.154E-02	2.765E-01	49	AF-Q3E9F5-F1-model_v6 U-box domain-containing protein 48
MC25_sitophilus_oryzae_2	AF-Q9PRE0-F1-model_v6	0.033	30	36	359	0.778	0.081	6.635E-01	5.482E-01	7.111E-02	2.765E-01	48	AF-Q9PRE0-F1-model_v6 Peptide chain release factor 1
MC25_sitophilus_oryzae_2	AF-Q3T033-F1-model_v6	0.000	57	36	235	0.861	0.230	5.905E-01	5.279E-01	1.062E-01	2.765E-01	44	AF-Q3T033-F1-model_v6 Motile sperm domain-containing protein 3
MC25_sitophilus_oryzae_2	AF-M1UZ07-F1-model_v6	0.032	93	36	337	1.000	0.273	5.999E-01	5.908E-01	9.293E-02	2.765E-01	46	AF-M1UZ07-F1-model_v6 Prenyltransferase terC
MC25_sitophilus_oryzae_2	AF-B0Z506-F1-model_v6	0.052	38	36	772	0.889	0.049	6.720E-01	6.107E-01	3.918E-02	2.764E-01	51	AF-B0Z506-F1-model_v6 NAD(P)H-quinone oxidoreductase subunit 5, chloroplastic
MC25_sitophilus_oryzae_2	AF-Q88A51-F1-model_v6	0.004	249	36	423	1.000	0.570	5.823E-01	5.703E-01	6.156E-02	2.764E-01	49	AF-Q88A51-F1-model_v6 UPF0229 protein PSPTO_0546
MC25_sitophilus_oryzae_2	AF-Q5ZL43-F1-model_v6	0.021	94	36	180	1.000	0.494	5.068E-01	4.976E-01	1.354E-01	2.764E-01	42	AF-Q5ZL43-F1-model_v6 Acireductone dioxygenase
MC25_sitophilus_oryzae_2	AF-Q9P4E9-F1-model_v6	0.020	99	36	214	1.000	0.453	5.419E-01	5.345E-01	1.336E-01	2.764E-01	42	AF-Q9P4E9-F1-model_v6 GTP-binding nuclear protein GSP1/Ran
MC25_sitophilus_oryzae_2	AF-Q5ZK92-F1-model_v6	0.022	44	36	613	0.944	0.065	6.185E-01	5.827E-01	4.585E-02	2.764E-01	50	AF-Q5ZK92-F1-model_v6 Spastin
MC25_sitophilus_oryzae_2	AF-Q4L5X7-F1-model_v6	0.030	65	36	700	0.972	0.093	6.425E-01	6.210E-01	4.710E-02	2.763E-01	50	AF-Q4L5X7-F1-model_v6 Polyribonucleotide nucleotidyltransferase
MC25_sitophilus_oryzae_2	AF-Q58208-F1-model_v6	0.017	56	36	334	0.917	0.156	6.110E-01	5.680E-01	8.061E-02	2.763E-01	47	AF-Q58208-F1-model_v6 TPR repeat-containing protein MJ0798
MC25_sitophilus_oryzae_2	AF-Q8KA50-F1-model_v6	0.055	36	36	570	0.861	0.060	6.614E-01	5.855E-01	4.870E-02	2.763E-01	50	AF-Q8KA50-F1-model_v6 Phosphoenolpyruvate-protein phosphotransferase
MC25_sitophilus_oryzae_2	AF-Q12691-F1-model_v6	0.021	140	36	1091	0.833	0.128	7.169E-01	6.253E-01	2.673E-02	2.762E-01	52	AF-Q12691-F1-model_v6 Sodium/potassium exporting P-type ATPase 5
MC25_sitophilus_oryzae_2	AF-Q62986-4-F1-model_v6	0.000	135	36	509	1.000	0.261	5.982E-01	5.875E-01	6.138E-02	2.762E-01	49	AF-Q62986-4-F1-model_v6 Estrogen receptor beta
MC25_sitophilus_oryzae_2	AF-Q9Y753-F1-model_v6	0.026	115	36	445	1.000	0.254	5.983E-01	5.874E-01	6.887E-02	2.762E-01	48	AF-Q9Y753-F1-model_v6 Squalene synthase
MC25_sitophilus_oryzae_2	AF-Q5RED0-F1-model_v6	0.025	78	36	195	0.944	0.379	5.446E-01	5.164E-01	1.292E-01	2.761E-01	42	AF-Q5RED0-F1-model_v6 Membrane-associated progesterone receptor component 1
MC25_sitophilus_oryzae_2	AF-Q5ZK92-2-F1-model_v6	0.022	44	36	581	0.944	0.069	6.166E-01	5.811E-01	4.829E-02	2.761E-01	50	AF-Q5ZK92-2-F1-model_v6 Spastin
MC25_sitophilus_oryzae_2	AF-A6TS39-F1-model_v6	0.008	112	36	440	0.889	0.255	6.391E-01	5.854E-01	6.721E-02	2.761E-01	48	AF-A6TS39-F1-model_v6 GTPase Der
MC25_sitophilus_oryzae_2	AF-Q16RR7-F1-model_v6	0.023	42	36	250	0.917	0.144	5.732E-01	5.281E-01	9.774E-02	2.761E-01	45	AF-Q16RR7-F1-model_v6 Mediator of RNA polymerase II transcription subunit 8
MC25_sitophilus_oryzae_2	AF-A2RI97-F1-model_v6	0.000	38	36	477	1.000	0.055	7.320E-01	5.640E-01	4.890E-02	2.761E-01	50	AF-A2RI97-F1-model_v6 Histidine permease HisP
MC25_sitophilus_oryzae_2	AF-A1SSC6-F1-model_v6	0.004	227	36	560	0.944	0.398	6.162E-01	5.791E-01	4.958E-02	2.760E-01	50	AF-A1SSC6-F1-model_v6 NAD-dependent malic enzyme
MC25_sitophilus_oryzae_2	AF-Q3SK32-F1-model_v6	0.016	59	36	65	0.861	0.800	4.276E-01	3.856E-01	2.557E-01	2.760E-01	32	AF-Q3SK32-F1-model_v6 Large ribosomal subunit protein bL35
MC25_sitophilus_oryzae_2	AF-A7IH29-F1-model_v6	0.000	156	36	509	1.000	0.301	5.957E-01	5.847E-01	6.014E-02	2.760E-01	49	AF-A7IH29-F1-model_v6 ATP synthase subunit alpha
MC25_sitophilus_oryzae_2	AF-Q43908-F1-model_v6	0.000	413	36	510	1.000	0.806	6.045E-01	5.934E-01	6.051E-02	2.760E-01	49	AF-Q43908-F1-model_v6 L-2,4-diaminobutyrate decarboxylase
MC25_sitophilus_oryzae_2	AF-P9WGV1-F1-model_v6	0.017	169	36	403	1.000	0.397	5.899E-01	5.781E-01	6.442E-02	2.759E-01	48	AF-P9WGV1-F1-model_v6 S-adenosylmethionine synthase
MC25_sitophilus_oryzae_2	AF-P35176-F1-model_v6	0.022	174	36	225	1.000	0.742	5.273E-01	5.178E-01	1.082E-01	2.759E-01	44	AF-P35176-F1-model_v6 Peptidyl-prolyl cis-trans isomerase D
MC25_sitophilus_oryzae_2	AF-O17934-F1-model_v6	0.084	71	36	405	1.000	0.175	6.026E-01	5.925E-01	7.929E-02	2.759E-01	47	AF-O17934-F1-model_v6 Nuclear hormone receptor family member nhr-199
MC25_sitophilus_oryzae_2	AF-A4QVR2-F1-model_v6	0.029	34	36	142	0.750	0.225	5.646E-01	4.694E-01	1.512E-01	2.759E-01	40	AF-A4QVR2-F1-model_v6 Histone H2A.Z
MC25_sitophilus_oryzae_2	AF-P12623-F1-model_v6	0.004	242	36	400	0.778	0.605	6.739E-01	5.549E-01	6.521E-02	2.759E-01	48	AF-P12623-F1-model_v6 Cysteine desulfurase
MC25_sitophilus_oryzae_2	AF-Q6FMB3-F1-model_v6	0.047	42	36	261	1.000	0.153	5.756E-01	5.678E-01	1.164E-01	2.759E-01	43	AF-Q6FMB3-F1-model_v6 Pre-rRNA-processing protein PNO1
MC25_sitophilus_oryzae_2	AF-Q758M1-F1-model_v6	0.062	32	36	151	0.667	0.205	6.195E-01	4.778E-01	1.379E-01	2.759E-01	41	AF-Q758M1-F1-model_v6 Mediator of RNA polymerase II transcription subunit 10
MC25_sitophilus_oryzae_2	AF-Q8TFK3-F1-model_v6	0.040	99	36	214	1.000	0.453	5.452E-01	5.374E-01	1.329E-01	2.758E-01	42	AF-Q8TFK3-F1-model_v6 GTP-binding nuclear protein GSP1/Ran
MC25_sitophilus_oryzae_2	AF-Q05070-F1-model_v6	0.090	33	36	496	0.861	0.065	6.543E-01	5.837E-01	5.708E-02	2.758E-01	49	AF-Q05070-F1-model_v6 Uncharacterized protein alr4393
MC25_sitophilus_oryzae_2	AF-Q3E912-F1-model_v6	0.023	43	36	191	0.944	0.194	5.261E-01	4.985E-01	1.267E-01	2.758E-01	42	AF-Q3E912-F1-model_v6 Protein DMP10
MC25_sitophilus_oryzae_2	AF-Q6PC30-F1-model_v6	0.000	36	36	334	0.944	0.093	6.149E-01	5.472E-01	7.826E-02	2.758E-01	47	AF-Q6PC30-F1-model_v6 COP9 signalosome complex subunit 5
MC25_sitophilus_oryzae_2	AF-Q7MA34-F1-model_v6	0.027	36	36	184	0.972	0.141	6.262E-01	4.942E-01	1.184E-01	2.758E-01	43	AF-Q7MA34-F1-model_v6 Protein GrpE
MC25_sitophilus_oryzae_2	AF-Q0WVW7-F1-model_v6	0.000	178	36	911	0.833	0.195	7.017E-01	6.120E-01	3.199E-02	2.757E-01	51	AF-Q0WVW7-F1-model_v6 ATP-dependent DNA helicase Q-like 5
MC25_sitophilus_oryzae_2	AF-P28748-F1-model_v6	0.020	99	36	216	1.000	0.449	5.404E-01	5.332E-01	1.326E-01	2.757E-01	42	AF-P28748-F1-model_v6 GTP-binding nuclear protein spi1
MC25_sitophilus_oryzae_2	AF-B5ZWB3-F1-model_v6	0.057	35	36	463	0.833	0.069	6.579E-01	5.614E-01	5.496E-02	2.757E-01	49	AF-B5ZWB3-F1-model_v6 Cysteine--tRNA ligase
MC25_sitophilus_oryzae_2	AF-Q7MJC0-F1-model_v6	0.004	250	36	559	1.000	0.444	5.927E-01	5.813E-01	5.427E-02	2.757E-01	49	AF-Q7MJC0-F1-model_v6 NAD-dependent malic enzyme 2
MC25_sitophilus_oryzae_2	AF-Q56902-F1-model_v6	0.024	41	36	259	0.778	0.158	6.451E-01	5.544E-01	1.003E-01	2.757E-01	45	AF-Q56902-F1-model_v6 O-antigen export system permease protein RfbD
MC25_sitophilus_oryzae_2	AF-P68527-F1-model_v6	0.093	43	36	386	0.833	0.111	6.389E-01	5.569E-01	7.057E-02	2.757E-01	48	AF-P68527-F1-model_v6 ATP synthase subunit a
MC25_sitophilus_oryzae_2	AF-A6L4M5-F1-model_v6	0.000	38	36	289	0.889	0.114	5.937E-01	5.331E-01	8.556E-02	2.756E-01	46	AF-A6L4M5-F1-model_v6 ATP synthase gamma chain
MC25_sitophilus_oryzae_2	AF-Q9UGJ1-F1-model_v6	0.022	132	36	667	1.000	0.198	6.265E-01	6.159E-01	4.990E-02	2.756E-01	50	AF-Q9UGJ1-F1-model_v6 Gamma-tubulin complex component 4
MC25_sitophilus_oryzae_2	AF-Q5A5K7-F1-model_v6	0.142	42	36	226	0.972	0.142	5.684E-01	5.084E-01	9.952E-02	2.756E-01	45	AF-Q5A5K7-F1-model_v6 Probable GPI-anchored adhesin-like protein PGA28
MC25_sitophilus_oryzae_2	AF-P46749-F1-model_v6	0.014	70	36	231	1.000	0.277	5.398E-01	5.301E-01	1.124E-01	2.756E-01	44	AF-P46749-F1-model_v6 Large ribosomal subunit protein uL5m
MC25_sitophilus_oryzae_2	AF-Q7A584-F1-model_v6	0.011	175	36	430	0.917	0.405	6.179E-01	5.696E-01	6.684E-02	2.755E-01	48	AF-Q7A584-F1-model_v6 GTPase Obg
MC25_sitophilus_oryzae_2	AF-A2QFJ9-F1-model_v6	0.005	174	36	614	1.000	0.280	6.179E-01	6.066E-01	5.103E-02	2.755E-01	50	AF-A2QFJ9-F1-model_v6 Autophagy-related protein 22-1
MC25_sitophilus_oryzae_2	AF-A9FGS5-F1-model_v6	0.105	38	36	255	0.778	0.149	6.426E-01	5.472E-01	1.006E-01	2.755E-01	45	AF-A9FGS5-F1-model_v6 ATP synthase subunit a
MC25_sitophilus_oryzae_2	AF-Q9BRT2-F1-model_v6	0.011	88	36	126	0.639	0.698	5.797E-01	4.572E-01	1.568E-01	2.755E-01	39	AF-Q9BRT2-F1-model_v6 Ubiquinol-cytochrome c reductase complex assembly factor 2
MC25_sitophilus_oryzae_2	AF-Q1KKZ1-F1-model_v6	0.019	104	36	329	1.000	0.295	5.680E-01	5.567E-01	7.950E-02	2.755E-01	47	AF-Q1KKZ1-F1-model_v6 Src kinase-associated phosphoprotein 2
MC25_sitophilus_oryzae_2	AF-Q646F6-F1-model_v6	0.027	36	36	317	0.944	0.098	6.229E-01	5.566E-01	8.352E-02	2.755E-01	46	AF-Q646F6-F1-model_v6 Taste receptor type 2 member 7
MC25_sitophilus_oryzae_2	AF-O53553-F1-model_v6	0.033	90	36	1901	0.944	0.046	6.567E-01	6.161E-01	1.576E-02	2.755E-01	53	AF-O53553-F1-model_v6 Uncharacterized PE-PGRS family protein PE_PGRS54
MC25_sitophilus_oryzae_2	AF-Q9P999-F1-model_v6	0.011	418	36	731	0.944	0.565	6.334E-01	5.956E-01	3.824E-02	2.755E-01	51	AF-Q9P999-F1-model_v6 Alpha-xylosidase
MC25_sitophilus_oryzae_2	AF-Q6FU44-F1-model_v6	0.008	242	36	441	1.000	0.540	5.646E-01	5.532E-01	6.335E-02	2.755E-01	48	AF-Q6FU44-F1-model_v6 Arginine biosynthesis bifunctional protein ArgJ, mitochondrial
MC25_sitophilus_oryzae_2	AF-B3QL62-F1-model_v6	0.014	281	36	292	0.861	0.945	6.083E-01	5.323E-01	8.156E-02	2.754E-01	47	AF-B3QL62-F1-model_v6 ATP synthase gamma chain
MC25_sitophilus_oryzae_2	AF-Q1QC40-F1-model_v6	0.008	248	36	560	1.000	0.441	5.881E-01	5.766E-01	5.507E-02	2.754E-01	49	AF-Q1QC40-F1-model_v6 NAD-dependent malic enzyme
MC25_sitophilus_oryzae_2	AF-Q5ZXT8-F1-model_v6	0.020	48	36	412	0.917	0.112	6.257E-01	5.824E-01	6.949E-02	2.754E-01	48	AF-Q5ZXT8-F1-model_v6 UPF0761 membrane protein lpg0643
MC25_sitophilus_oryzae_2	AF-Q9VR07-2-F1-model_v6	0.009	318	36	658	1.000	0.483	6.226E-01	6.123E-01	5.087E-02	2.754E-01	50	AF-Q9VR07-2-F1-model_v6 Sodium- and chloride-dependent GABA transporter ine
MC25_sitophilus_oryzae_2	AF-Q86VX9-F1-model_v6	0.010	94	36	652	1.000	0.143	6.262E-01	6.173E-01	5.134E-02	2.754E-01	49	AF-Q86VX9-F1-model_v6 Vacuolar fusion protein MON1 homolog A
MC25_sitophilus_oryzae_2	AF-P54339-F1-model_v6	0.066	45	36	348	0.861	0.129	6.462E-01	5.820E-01	8.199E-02	2.753E-01	46	AF-P54339-F1-model_v6 Phage-like element PBSX protein XkdT
MC25_sitophilus_oryzae_2	AF-Q552Z6-F1-model_v6	0.018	53	36	449	1.000	0.107	5.797E-01	5.681E-01	6.265E-02	2.753E-01	48	AF-Q552Z6-F1-model_v6 GTP-binding protein A
MC25_sitophilus_oryzae_2	AF-B1AJ46-F1-model_v6	0.051	39	36	218	1.000	0.138	6.048E-01	5.307E-01	1.129E-01	2.753E-01	44	AF-B1AJ46-F1-model_v6 Protein GrpE
MC25_sitophilus_oryzae_2	AF-P0CB63-F1-model_v6	0.025	119	36	298	0.889	0.399	6.097E-01	5.602E-01	9.539E-02	2.753E-01	45	AF-P0CB63-F1-model_v6 Golgi to ER traffic protein 2
MC25_sitophilus_oryzae_2	AF-Q9PLE5-F1-model_v6	0.043	46	36	753	1.000	0.057	6.073E-01	5.958E-01	4.103E-02	2.753E-01	50	AF-Q9PLE5-F1-model_v6 Replication restart protein PriA
MC25_sitophilus_oryzae_2	AF-B7K3M6-F1-model_v6	0.031	32	36	391	0.861	0.077	6.436E-01	5.570E-01	6.778E-02	2.753E-01	48	AF-B7K3M6-F1-model_v6 Adaptive-response sensory kinase SasA
MC25_sitophilus_oryzae_2	AF-P47046-F1-model_v6	0.000	138	36	822	1.000	0.158	5.975E-01	5.845E-01	3.265E-02	2.753E-01	51	AF-P47046-F1-model_v6 Uncharacterized protein IRC8
MC25_sitophilus_oryzae_2	AF-Q8U8B8-F1-model_v6	0.002	354	36	360	0.833	0.981	6.350E-01	5.511E-01	7.320E-02	2.753E-01	47	AF-Q8U8B8-F1-model_v6 Peptide chain release factor 1
MC25_sitophilus_oryzae_2	AF-Q0II91-F1-model_v6	0.008	115	36	533	0.861	0.216	6.567E-01	5.851E-01	5.386E-02	2.753E-01	49	AF-Q0II91-F1-model_v6 DnaJ homolog subfamily C member 21
MC25_sitophilus_oryzae_2	AF-F4JZ68-F1-model_v6	0.000	105	36	1063	1.000	0.099	6.280E-01	6.169E-01	3.200E-02	2.753E-01	51	AF-F4JZ68-F1-model_v6 Kinesin-like protein KIN-7H
MC25_sitophilus_oryzae_2	AF-Q8WTR4-F1-model_v6	0.019	102	36	605	1.000	0.160	6.005E-01	5.889E-01	4.805E-02	2.753E-01	50	AF-Q8WTR4-F1-model_v6 Glycerophosphodiester phosphodiesterase domain-containing protein 5
MC25_sitophilus_oryzae_2	AF-A1T6D1-F1-model_v6	0.000	106	36	368	0.917	0.280	6.223E-01	5.768E-01	7.495E-02	2.753E-01	47	AF-A1T6D1-F1-model_v6 Peptide chain release factor 2
MC25_sitophilus_oryzae_2	AF-Q99SZ7-F1-model_v6	0.075	40	36	347	0.944	0.107	5.860E-01	5.553E-01	8.002E-02	2.753E-01	47	AF-Q99SZ7-F1-model_v6 Sensor protein VraS
MC25_sitophilus_oryzae_2	AF-Q0SAG4-F1-model_v6	0.024	41	36	410	0.917	0.090	5.972E-01	5.484E-01	6.500E-02	2.753E-01	48	AF-Q0SAG4-F1-model_v6 DNA replication and repair protein RecF
MC25_sitophilus_oryzae_2	AF-Q9PQE6-F1-model_v6	0.031	63	36	294	1.000	0.194	5.636E-01	5.532E-01	9.227E-02	2.752E-01	46	AF-Q9PQE6-F1-model_v6 Segregation and condensation protein A
MC25_sitophilus_oryzae_2	AF-Q91X85-F1-model_v6	0.114	35	36	551	0.944	0.054	6.690E-01	5.791E-01	4.952E-02	2.752E-01	50	AF-Q91X85-F1-model_v6 Choline/ethanolamine transporter FLVCR2
MC25_sitophilus_oryzae_2	AF-Q5M7T9-F1-model_v6	0.011	360	36	485	0.889	0.738	6.361E-01	5.771E-01	5.792E-02	2.752E-01	49	AF-Q5M7T9-F1-model_v6 Threonine synthase-like 2
MC25_sitophilus_oryzae_2	AF-B7HCU2-F1-model_v6	0.000	216	36	338	1.000	0.636	5.776E-01	5.678E-01	9.220E-02	2.752E-01	46	AF-B7HCU2-F1-model_v6 Heat-inducible transcription repressor HrcA
MC25_sitophilus_oryzae_2	AF-Q4FRX3-F1-model_v6	0.008	248	36	560	1.000	0.441	5.883E-01	5.769E-01	5.507E-02	2.752E-01	49	AF-Q4FRX3-F1-model_v6 NAD-dependent malic enzyme
MC25_sitophilus_oryzae_2	AF-Q9UJX6-2-F1-model_v6	0.073	41	36	819	0.917	0.048	6.588E-01	6.090E-01	3.621E-02	2.752E-01	51	AF-Q9UJX6-2-F1-model_v6 Anaphase-promoting complex subunit 2
MC25_sitophilus_oryzae_2	AF-Q646C7-F1-model_v6	0.005	190	36	307	0.889	0.616	5.937E-01	5.414E-01	8.717E-02	2.752E-01	46	AF-Q646C7-F1-model_v6 Taste receptor type 2 member 41
MC25_sitophilus_oryzae_2	AF-Q6PJP8-F1-model_v6	0.014	203	36	1040	1.000	0.194	6.298E-01	6.185E-01	3.187E-02	2.752E-01	51	AF-Q6PJP8-F1-model_v6 DNA cross-link repair 1A protein
MC25_sitophilus_oryzae_2	AF-Q79FW5-F1-model_v6	0.000	40	36	584	0.917	0.063	6.518E-01	6.060E-01	4.953E-02	2.752E-01	50	AF-Q79FW5-F1-model_v6 PE-PGRS family protein PE_PGRS11
MC25_sitophilus_oryzae_2	AF-E9Q8D0-F1-model_v6	0.008	115	36	531	0.861	0.217	6.575E-01	5.843E-01	5.414E-02	2.752E-01	49	AF-E9Q8D0-F1-model_v6 DnaJ homolog subfamily C member 21
MC25_sitophilus_oryzae_2	AF-Q5R447-F1-model_v6	0.024	123	36	443	1.000	0.266	5.749E-01	5.634E-01	6.349E-02	2.752E-01	48	AF-Q5R447-F1-model_v6 Magnesium transporter MRS2 homolog, mitochondrial
MC25_sitophilus_oryzae_2	AF-Q92076-F1-model_v6	0.038	105	36	647	0.944	0.162	6.381E-01	6.039E-01	4.892E-02	2.751E-01	50	AF-Q92076-F1-model_v6 DNA polymerase subunit gamma-1 (Fragment)
MC25_sitophilus_oryzae_2	AF-P63389-F1-model_v6	0.000	36	36	637	0.944	0.047	6.723E-01	5.698E-01	4.108E-02	2.751E-01	50	AF-P63389-F1-model_v6 Probable ATP-binding protein YheS
MC25_sitophilus_oryzae_2	AF-Q8KAW9-F1-model_v6	0.014	281	36	292	0.861	0.945	6.094E-01	5.330E-01	8.159E-02	2.751E-01	46	AF-Q8KAW9-F1-model_v6 ATP synthase gamma chain
MC25_sitophilus_oryzae_2	AF-Q4L655-F1-model_v6	0.050	79	36	1011	0.833	0.078	6.964E-01	6.025E-01	2.846E-02	2.751E-01	52	AF-Q4L655-F1-model_v6 Nuclease SbcCD subunit C
MC25_sitophilus_oryzae_2	AF-Q46IE1-F1-model_v6	0.014	67	36	678	1.000	0.093	5.984E-01	5.867E-01	4.388E-02	2.751E-01	50	AF-Q46IE1-F1-model_v6 UvrABC system protein B
MC25_sitophilus_oryzae_2	AF-Q7ZUC2-F1-model_v6	0.012	78	36	356	0.806	0.219	6.534E-01	5.573E-01	7.373E-02	2.751E-01	47	AF-Q7ZUC2-F1-model_v6 45 kDa calcium-binding protein
MC25_sitophilus_oryzae_2	AF-Q7U051-F1-model_v6	0.017	169	36	403	1.000	0.397	5.886E-01	5.770E-01	6.442E-02	2.750E-01	48	AF-Q7U051-F1-model_v6 S-adenosylmethionine synthase
MC25_sitophilus_oryzae_2	AF-Q8EAR3-F1-model_v6	0.002	357	36	363	0.833	0.981	6.273E-01	5.494E-01	7.321E-02	2.750E-01	47	AF-Q8EAR3-F1-model_v6 Peptide chain release factor 1
MC25_sitophilus_oryzae_2	AF-O00408-5-F1-model_v6	0.000	60	36	685	0.944	0.082	6.407E-01	6.043E-01	4.201E-02	2.750E-01	50	AF-O00408-5-F1-model_v6 cGMP-dependent 3',5'-cyclic phosphodiesterase
MC25_sitophilus_oryzae_2	AF-P40881-F1-model_v6	0.028	140	36	247	0.861	0.555	6.062E-01	5.423E-01	1.037E-01	2.750E-01	44	AF-P40881-F1-model_v6 Carbonic anhydrase
MC25_sitophilus_oryzae_2	AF-B8AFK5-F1-model_v6	0.043	23	36	152	0.583	0.151	6.008E-01	4.788E-01	1.311E-01	2.749E-01	42	AF-B8AFK5-F1-model_v6 Cytochrome c-type biogenesis CcmH-like mitochondrial protein
MC25_sitophilus_oryzae_2	AF-B6J855-F1-model_v6	0.017	58	36	152	0.750	0.362	5.956E-01	4.718E-01	1.348E-01	2.748E-01	41	AF-B6J855-F1-model_v6 Endoribonuclease YbeY
MC25_sitophilus_oryzae_2	AF-P0A1Z3-F1-model_v6	0.041	24	36	161	0.611	0.149	6.400E-01	4.809E-01	1.253E-01	2.748E-01	42	AF-P0A1Z3-F1-model_v6 Chaperone protein Skp
MC25_sitophilus_oryzae_2	AF-P59534-F1-model_v6	0.014	138	36	338	1.000	0.391	5.623E-01	5.514E-01	8.036E-02	2.747E-01	47	AF-P59534-F1-model_v6 Taste receptor type 2 member 39
MC25_sitophilus_oryzae_2	AF-Q11NS4-F1-model_v6	0.003	261	36	359	0.778	0.727	6.584E-01	5.502E-01	7.252E-02	2.747E-01	47	AF-Q11NS4-F1-model_v6 Peptide chain release factor 1
MC25_sitophilus_oryzae_2	AF-P73276-F1-model_v6	0.022	133	36	434	1.000	0.295	5.800E-01	5.685E-01	6.464E-02	2.747E-01	48	AF-P73276-F1-model_v6 Sensor histidine kinase Hik2
MC25_sitophilus_oryzae_2	AF-Q5F1R6-F1-model_v6	0.008	116	36	531	0.861	0.217	6.487E-01	5.780E-01	5.280E-02	2.747E-01	49	AF-Q5F1R6-F1-model_v6 DnaJ homolog subfamily C member 21
MC25_sitophilus_oryzae_2	AF-O81028-F1-model_v6	0.030	65	36	799	1.000	0.080	6.180E-01	6.065E-01	4.065E-02	2.747E-01	50	AF-O81028-F1-model_v6 Pentatricopeptide repeat-containing protein At2g26790, mitochondrial
MC25_sitophilus_oryzae_2	AF-Q96NA8-F1-model_v6	0.021	95	36	513	1.000	0.179	5.995E-01	5.886E-01	5.880E-02	2.747E-01	49	AF-Q96NA8-F1-model_v6 t-SNARE domain-containing protein 1
MC25_sitophilus_oryzae_2	AF-Q8EJM6-F1-model_v6	0.000	75	36	856	1.000	0.086	6.247E-01	6.139E-01	3.894E-02	2.747E-01	51	AF-Q8EJM6-F1-model_v6 Cyclic di-GMP phosphodiesterase PdeB
MC25_sitophilus_oryzae_2	AF-A7RP64-F1-model_v6	0.050	40	36	238	1.000	0.164	5.606E-01	5.536E-01	1.293E-01	2.746E-01	42	AF-A7RP64-F1-model_v6 RNA-binding protein pno1
MC25_sitophilus_oryzae_2	AF-A4VHH5-F1-model_v6	0.004	249	36	423	1.000	0.570	5.800E-01	5.680E-01	6.150E-02	2.746E-01	48	AF-A4VHH5-F1-model_v6 UPF0229 protein PST_0721
MC25_sitophilus_oryzae_2	AF-Q9ZEA2-F1-model_v6	0.027	110	36	637	1.000	0.173	6.103E-01	5.999E-01	5.221E-02	2.746E-01	49	AF-Q9ZEA2-F1-model_v6 ATP-dependent zinc metalloprotease FtsH
MC25_sitophilus_oryzae_2	AF-Q97I90-F1-model_v6	0.000	108	36	254	1.000	0.406	5.598E-01	5.503E-01	1.081E-01	2.746E-01	44	AF-Q97I90-F1-model_v6 Ribonuclease HII
MC25_sitophilus_oryzae_2	AF-O59221-F1-model_v6	0.071	42	36	265	0.972	0.155	5.477E-01	5.324E-01	1.110E-01	2.746E-01	44	AF-O59221-F1-model_v6 Exosome complex component Rrp4
MC25_sitophilus_oryzae_2	AF-A9NC56-F1-model_v6	0.017	58	36	152	0.750	0.362	5.950E-01	4.716E-01	1.348E-01	2.746E-01	41	AF-A9NC56-F1-model_v6 Endoribonuclease YbeY
MC25_sitophilus_oryzae_2	AF-A0PY67-F1-model_v6	0.007	136	36	1236	1.000	0.108	6.383E-01	6.264E-01	2.626E-02	2.746E-01	52	AF-A0PY67-F1-model_v6 ATP-dependent helicase/nuclease subunit A
MC25_sitophilus_oryzae_2	AF-B5YFA5-F1-model_v6	0.000	22	36	188	0.556	0.117	7.243E-01	4.840E-01	1.014E-01	2.745E-01	44	AF-B5YFA5-F1-model_v6 V-type proton ATPase subunit E
MC25_sitophilus_oryzae_2	AF-Q8BZQ7-F1-model_v6	0.097	41	36	837	0.917	0.047	6.595E-01	6.092E-01	3.545E-02	2.745E-01	51	AF-Q8BZQ7-F1-model_v6 Anaphase-promoting complex subunit 2
MC25_sitophilus_oryzae_2	AF-C6BYQ4-F1-model_v6	0.000	37	36	357	0.917	0.092	5.871E-01	5.374E-01	7.216E-02	2.745E-01	47	AF-C6BYQ4-F1-model_v6 Peptide chain release factor 1
MC25_sitophilus_oryzae_2	AF-Q8H398-F1-model_v6	0.000	38	36	234	1.000	0.120	6.236E-01	5.278E-01	1.032E-01	2.744E-01	44	AF-Q8H398-F1-model_v6 SPX domain-containing protein 6
MC25_sitophilus_oryzae_2	AF-B0KDB7-F1-model_v6	0.015	131	36	1233	1.000	0.104	6.328E-01	6.209E-01	2.575E-02	2.744E-01	52	AF-B0KDB7-F1-model_v6 ATP-dependent helicase/nuclease subunit A
MC25_sitophilus_oryzae_2	AF-B1MT31-F1-model_v6	0.005	392	36	855	1.000	0.454	6.182E-01	6.067E-01	3.562E-02	2.744E-01	51	AF-B1MT31-F1-model_v6 Inactive rhomboid protein 1
MC25_sitophilus_oryzae_2	AF-A7MBH5-F1-model_v6	0.015	65	36	621	0.917	0.101	6.373E-01	5.891E-01	4.627E-02	2.744E-01	50	AF-A7MBH5-F1-model_v6 Outer dynein arm-docking complex subunit 3
MC25_sitophilus_oryzae_2	AF-B6J1A6-F1-model_v6	0.017	58	36	152	0.750	0.362	5.927E-01	4.698E-01	1.347E-01	2.744E-01	41	AF-B6J1A6-F1-model_v6 Endoribonuclease YbeY
MC25_sitophilus_oryzae_2	AF-C4KYV2-F1-model_v6	0.003	257	36	356	0.806	0.719	6.552E-01	5.505E-01	7.142E-02	2.744E-01	47	AF-C4KYV2-F1-model_v6 Peptide chain release factor 1
MC25_sitophilus_oryzae_2	AF-Q8YG89-F1-model_v6	0.019	51	36	506	0.861	0.095	6.352E-01	5.576E-01	5.173E-02	2.744E-01	49	AF-Q8YG89-F1-model_v6 Cysteine--tRNA ligase
MC25_sitophilus_oryzae_2	AF-Q6MT05-F1-model_v6	0.081	37	36	200	1.000	0.140	5.975E-01	5.116E-01	1.210E-01	2.743E-01	43	AF-Q6MT05-F1-model_v6 Protein GrpE
MC25_sitophilus_oryzae_2	AF-A5GRE1-F1-model_v6	0.015	64	36	425	1.000	0.148	5.911E-01	5.828E-01	7.591E-02	2.743E-01	47	AF-A5GRE1-F1-model_v6 Serine--tRNA ligase
MC25_sitophilus_oryzae_2	AF-Q3TYD4-F1-model_v6	0.014	70	36	525	1.000	0.133	6.006E-01	5.900E-01	6.142E-02	2.743E-01	48	AF-Q3TYD4-F1-model_v6 Arylsulfatase G
MC25_sitophilus_oryzae_2	AF-P40382-F1-model_v6	0.017	116	36	444	0.861	0.261	6.545E-01	5.880E-01	6.532E-02	2.743E-01	48	AF-P40382-F1-model_v6 Cell division cycle protein cdt1
MC25_sitophilus_oryzae_2	AF-O94427-F1-model_v6	0.014	68	36	424	1.000	0.149	5.765E-01	5.655E-01	6.622E-02	2.743E-01	48	AF-O94427-F1-model_v6 PtdIns3K complex I subunit atg38
MC25_sitophilus_oryzae_2	AF-A1TEL6-F1-model_v6	0.100	50	36	484	1.000	0.093	5.849E-01	5.739E-01	5.973E-02	2.743E-01	48	AF-A1TEL6-F1-model_v6 Signal transduction histidine-protein kinase/phosphatase MprB
MC25_sitophilus_oryzae_2	AF-Q20735-F1-model_v6	0.016	119	36	335	0.806	0.355	6.496E-01	5.505E-01	7.865E-02	2.743E-01	47	AF-Q20735-F1-model_v6 Phosphatidylcholine:ceramide cholinephosphotransferase 2
MC25_sitophilus_oryzae_2	AF-Q6MBF0-F1-model_v6	0.048	41	36	435	0.806	0.092	6.759E-01	5.768E-01	6.096E-02	2.742E-01	48	AF-Q6MBF0-F1-model_v6 Trigger factor
MC25_sitophilus_oryzae_2	AF-B7PXE3-F1-model_v6	0.000	37	36	648	0.889	0.056	6.310E-01	5.661E-01	4.424E-02	2.742E-01	50	AF-B7PXE3-F1-model_v6 Spastin
MC25_sitophilus_oryzae_2	AF-Q9P840-F1-model_v6	0.000	21	36	180	0.528	0.117	7.831E-01	4.711E-01	1.012E-01	2.742E-01	44	AF-Q9P840-F1-model_v6 Protein YAE1
MC25_sitophilus_oryzae_2	AF-Q5NGL6-F1-model_v6	0.015	63	36	65	0.917	0.862	4.187E-01	3.930E-01	2.644E-01	2.741E-01	31	AF-Q5NGL6-F1-model_v6 Large ribosomal subunit protein bL35
MC25_sitophilus_oryzae_2	AF-Q9WXI6-F1-model_v6	0.083	36	36	571	0.917	0.058	6.346E-01	5.855E-01	4.932E-02	2.741E-01	49	AF-Q9WXI6-F1-model_v6 Phosphoenolpyruvate-protein phosphotransferase
MC25_sitophilus_oryzae_2	AF-Q6I576-F1-model_v6	0.003	272	36	842	1.000	0.319	6.146E-01	6.028E-01	3.680E-02	2.741E-01	51	AF-Q6I576-F1-model_v6 Squamosa promoter-binding-like protein 9
MC25_sitophilus_oryzae_2	AF-Q8K1F9-3-F1-model_v6	0.015	63	36	407	1.000	0.155	5.942E-01	5.843E-01	7.801E-02	2.741E-01	47	AF-Q8K1F9-3-F1-model_v6 Lactase-like protein
MC25_sitophilus_oryzae_2	AF-P57077-1-F1-model_v6	0.000	35	36	242	0.889	0.136	5.880E-01	5.369E-01	1.086E-01	2.740E-01	44	AF-P57077-1-F1-model_v6 MAP3K7 C-terminal-like protein
MC25_sitophilus_oryzae_2	AF-Q9PD85-F1-model_v6	0.043	46	36	281	0.972	0.149	5.551E-01	5.355E-01	9.401E-02	2.740E-01	45	AF-Q9PD85-F1-model_v6 UPF0162 protein XF_1494
MC25_sitophilus_oryzae_2	AF-P0AA88-F1-model_v6	0.049	121	36	185	0.917	0.627	5.503E-01	5.100E-01	1.284E-01	2.740E-01	42	AF-P0AA88-F1-model_v6 Thiol:disulfide interchange protein DsbE
MC25_sitophilus_oryzae_2	AF-A1TJ39-F1-model_v6	0.063	47	36	519	0.833	0.089	6.593E-01	5.678E-01	5.218E-02	2.740E-01	49	AF-A1TJ39-F1-model_v6 ATP synthase subunit alpha
MC25_sitophilus_oryzae_2	AF-A5EY43-F1-model_v6	0.000	234	36	450	0.889	0.513	6.221E-01	5.631E-01	6.020E-02	2.740E-01	48	AF-A5EY43-F1-model_v6 tRNA modification GTPase MnmE
MC25_sitophilus_oryzae_2	AF-Q8W5S1-F1-model_v6	0.007	132	36	336	0.861	0.387	6.346E-01	5.671E-01	8.033E-02	2.740E-01	46	AF-Q8W5S1-F1-model_v6 Cyclin-H1-1
MC25_sitophilus_oryzae_2	AF-O15068-9-F1-model_v6	0.009	103	36	1125	1.000	0.091	6.243E-01	6.124E-01	2.917E-02	2.740E-01	51	AF-O15068-9-F1-model_v6 Guanine nucleotide exchange factor DBS
MC25_sitophilus_oryzae_2	AF-Q2UH00-F1-model_v6	0.055	36	36	803	0.972	0.037	6.904E-01	5.983E-01	3.484E-02	2.739E-01	51	AF-Q2UH00-F1-model_v6 Pre-mRNA-splicing ATP-dependent RNA helicase prp28
MC25_sitophilus_oryzae_2	AF-P47002-F1-model_v6	0.000	71	36	699	1.000	0.100	6.098E-01	5.987E-01	4.573E-02	2.739E-01	50	AF-P47002-F1-model_v6 SPS-sensor serine protease component SSY5
MC25_sitophilus_oryzae_2	AF-Q7VLG3-F1-model_v6	0.044	90	36	795	1.000	0.103	5.817E-01	5.689E-01	3.357E-02	2.739E-01	51	AF-Q7VLG3-F1-model_v6 Phenylalanine--tRNA ligase beta subunit
MC25_sitophilus_oryzae_2	AF-Q5PGX5-F1-model_v6	0.028	70	36	384	0.944	0.174	5.862E-01	5.517E-01	7.217E-02	2.739E-01	47	AF-Q5PGX5-F1-model_v6 Glucans biosynthesis protein C
MC25_sitophilus_oryzae_2	AF-P0AA86-F1-model_v6	0.049	121	36	185	0.917	0.627	5.502E-01	5.099E-01	1.284E-01	2.739E-01	42	AF-P0AA86-F1-model_v6 Thiol:disulfide interchange protein DsbE
MC25_sitophilus_oryzae_2	AF-Q05581-F1-model_v6	0.058	34	36	324	0.833	0.090	6.486E-01	5.415E-01	7.304E-02	2.739E-01	47	AF-Q05581-F1-model_v6 Clavaminate synthase 1
MC25_sitophilus_oryzae_2	AF-Q923T7-3-F1-model_v6	0.173	23	36	243	0.639	0.095	6.954E-01	5.035E-01	8.826E-02	2.739E-01	46	AF-Q923T7-3-F1-model_v6 E3 ubiquitin-protein ligase TRIM7
MC25_sitophilus_oryzae_2	AF-Q2A2J2-F1-model_v6	0.015	63	36	65	0.917	0.862	4.185E-01	3.927E-01	2.643E-01	2.739E-01	31	AF-Q2A2J2-F1-model_v6 Large ribosomal subunit protein bL35
MC25_sitophilus_oryzae_2	AF-A1UFL0-F1-model_v6	0.017	175	36	402	1.000	0.428	5.712E-01	5.605E-01	7.310E-02	2.739E-01	47	AF-A1UFL0-F1-model_v6 S-adenosylmethionine synthase
MC25_sitophilus_oryzae_2	AF-Q6GPK9-F1-model_v6	0.026	38	36	1025	0.833	0.037	7.047E-01	6.117E-01	2.847E-02	2.738E-01	51	AF-Q6GPK9-F1-model_v6 Serine/threonine-protein kinase TAO2
MC25_sitophilus_oryzae_2	AF-Q8NNU2-F1-model_v6	0.000	175	36	316	1.000	0.532	5.627E-01	5.518E-01	8.341E-02	2.738E-01	46	AF-Q8NNU2-F1-model_v6 Phosphatidylglycerol--prolipoprotein diacylglyceryl transferase
MC25_sitophilus_oryzae_2	AF-Q8G1N5-F1-model_v6	0.025	39	36	506	0.833	0.071	6.531E-01	5.571E-01	5.065E-02	2.738E-01	49	AF-Q8G1N5-F1-model_v6 Cysteine--tRNA ligase
MC25_sitophilus_oryzae_2	AF-A6ZWN8-F1-model_v6	0.016	246	36	861	0.944	0.286	6.376E-01	6.021E-01	3.715E-02	2.737E-01	51	AF-A6ZWN8-F1-model_v6 ATP-dependent DNA helicase CHL1
MC25_sitophilus_oryzae_2	AF-Q4L8M0-F1-model_v6	0.010	195	36	456	0.917	0.419	6.344E-01	5.882E-01	6.027E-02	2.737E-01	48	AF-Q4L8M0-F1-model_v6 Heme sensor protein HssS
MC25_sitophilus_oryzae_2	AF-A2VDU3-F1-model_v6	0.008	347	36	579	0.861	0.599	6.397E-01	5.620E-01	4.861E-02	2.737E-01	49	AF-A2VDU3-F1-model_v6 Mitogen-activated protein kinase kinase kinase 7
MC25_sitophilus_oryzae_2	AF-Q6CUA5-F1-model_v6	0.047	42	36	274	1.000	0.146	5.774E-01	5.696E-01	1.115E-01	2.737E-01	43	AF-Q6CUA5-F1-model_v6 Pre-rRNA-processing protein PNO1
MC25_sitophilus_oryzae_2	AF-Q646B2-F1-model_v6	0.005	190	36	307	0.889	0.616	5.920E-01	5.394E-01	8.710E-02	2.737E-01	46	AF-Q646B2-F1-model_v6 Taste receptor type 2 member 41
MC25_sitophilus_oryzae_2	AF-P9WKC8-F1-model_v6	0.007	128	36	463	0.861	0.276	6.509E-01	5.895E-01	6.351E-02	2.737E-01	48	AF-P9WKC8-F1-model_v6 Probable diacyglycerol O-acyltransferase tgs1
MC25_sitophilus_oryzae_2	AF-Q8IUW3-F1-model_v6	0.012	157	36	424	1.000	0.358	5.685E-01	5.567E-01	6.391E-02	2.736E-01	48	AF-Q8IUW3-F1-model_v6 Spermatogenesis-associated protein 2-like protein
MC25_sitophilus_oryzae_2	AF-Q7SB97-F1-model_v6	0.000	40	36	790	0.889	0.051	6.568E-01	5.974E-01	3.832E-02	2.736E-01	50	AF-Q7SB97-F1-model_v6 Sorting nexin mvp1
MC25_sitophilus_oryzae_2	AF-A8ZRY1-F1-model_v6	0.011	176	36	333	0.917	0.520	5.736E-01	5.313E-01	7.970E-02	2.736E-01	46	AF-A8ZRY1-F1-model_v6 GTPase Obg
MC25_sitophilus_oryzae_2	AF-Q9XI46-F1-model_v6	0.000	22	36	159	0.556	0.138	6.416E-01	4.671E-01	1.180E-01	2.736E-01	43	AF-Q9XI46-F1-model_v6 Cytochrome c-type biogenesis CcmH-like mitochondrial protein
MC25_sitophilus_oryzae_2	AF-P20169-F1-model_v6	0.060	50	36	663	1.000	0.068	6.028E-01	5.910E-01	4.388E-02	2.736E-01	50	AF-P20169-F1-model_v6 Drug sensory protein A
MC25_sitophilus_oryzae_2	AF-C0QWA1-F1-model_v6	0.048	41	36	358	1.000	0.112	5.723E-01	5.622E-01	8.341E-02	2.735E-01	46	AF-C0QWA1-F1-model_v6 Peptide chain release factor 1
MC25_sitophilus_oryzae_2	AF-Q9US54-F1-model_v6	0.000	22	36	199	0.556	0.111	7.394E-01	4.855E-01	9.589E-02	2.735E-01	45	AF-Q9US54-F1-model_v6 Transcription initiation factor TFIID subunit 11
MC25_sitophilus_oryzae_2	AF-P43218-F1-model_v6	0.048	41	36	462	0.917	0.084	6.110E-01	5.634E-01	6.087E-02	2.735E-01	48	AF-P43218-F1-model_v6 Gastric inhibitory polypeptide receptor
MC25_sitophilus_oryzae_2	AF-Q70PU2-F1-model_v6	0.000	31	36	185	0.722	0.162	5.796E-01	4.814E-01	1.200E-01	2.735E-01	43	AF-Q70PU2-F1-model_v6 Peptidoglycan-recognition protein SC1a/b
MC25_sitophilus_oryzae_2	AF-Q9UJ83-2-F1-model_v6	0.008	355	36	551	1.000	0.639	5.916E-01	5.815E-01	5.531E-02	2.735E-01	49	AF-Q9UJ83-2-F1-model_v6 2-hydroxyacyl-CoA lyase 1
MC25_sitophilus_oryzae_2	AF-Q6F215-F1-model_v6	0.012	80	36	156	0.806	0.462	5.701E-01	4.720E-01	1.237E-01	2.735E-01	42	AF-Q6F215-F1-model_v6 Transcription elongation factor GreA
MC25_sitophilus_oryzae_2	AF-P0AEU9-F1-model_v6	0.125	24	36	161	0.611	0.149	6.334E-01	4.793E-01	1.252E-01	2.735E-01	42	AF-P0AEU9-F1-model_v6 Chaperone protein Skp
MC25_sitophilus_oryzae_2	AF-A0KT88-F1-model_v6	0.002	357	36	363	0.833	0.981	6.359E-01	5.524E-01	7.330E-02	2.735E-01	47	AF-A0KT88-F1-model_v6 Peptide chain release factor 1
MC25_sitophilus_oryzae_2	AF-P92529-F1-model_v6	0.050	59	36	215	0.694	0.274	6.571E-01	5.128E-01	1.052E-01	2.735E-01	44	AF-P92529-F1-model_v6 Uncharacterized mitochondrial protein AtMg00920
MC25_sitophilus_oryzae_2	AF-Q8XFE5-F1-model_v6	0.033	120	36	185	0.917	0.627	5.464E-01	5.079E-01	1.314E-01	2.735E-01	42	AF-Q8XFE5-F1-model_v6 Thiol:disulfide interchange protein DsbE
MC25_sitophilus_oryzae_2	AF-Q92IR7-F1-model_v6	0.007	132	36	483	0.833	0.269	6.541E-01	5.580E-01	5.345E-02	2.734E-01	49	AF-Q92IR7-F1-model_v6 Isocitrate dehydrogenase [NADP]
MC25_sitophilus_oryzae_2	AF-A0JPA1-F1-model_v6	0.005	387	36	826	1.000	0.467	6.148E-01	6.039E-01	3.934E-02	2.734E-01	50	AF-A0JPA1-F1-model_v6 Inactive rhomboid protein 2
MC25_sitophilus_oryzae_2	AF-B5VL29-F1-model_v6	0.000	72	36	699	1.000	0.100	6.076E-01	5.985E-01	4.475E-02	2.734E-01	50	AF-B5VL29-F1-model_v6 SPS-sensor serine protease component SSY5
MC25_sitophilus_oryzae_2	AF-Q0HYK8-F1-model_v6	0.002	357	36	363	0.833	0.981	6.351E-01	5.516E-01	7.326E-02	2.734E-01	47	AF-Q0HYK8-F1-model_v6 Peptide chain release factor 1
MC25_sitophilus_oryzae_2	AF-Q6PJF5-F1-model_v6	0.007	396	36	856	1.000	0.458	6.193E-01	6.077E-01	3.558E-02	2.734E-01	51	AF-Q6PJF5-F1-model_v6 Inactive rhomboid protein 2
MC25_sitophilus_oryzae_2	AF-P9WG60-F1-model_v6	0.041	48	36	304	0.972	0.138	5.752E-01	5.535E-01	8.706E-02	2.733E-01	46	AF-P9WG60-F1-model_v6 Uncharacterized protein MT1366
MC25_sitophilus_oryzae_2	AF-B0SRF2-F1-model_v6	0.130	23	36	190	0.583	0.121	6.900E-01	4.921E-01	1.053E-01	2.733E-01	44	AF-B0SRF2-F1-model_v6 Protein GrpE
MC25_sitophilus_oryzae_2	AF-P67559-F1-model_v6	0.028	70	36	385	0.944	0.174	5.866E-01	5.522E-01	7.203E-02	2.733E-01	47	AF-P67559-F1-model_v6 Glucans biosynthesis protein C
MC25_sitophilus_oryzae_2	AF-B9KIV2-F1-model_v6	0.022	45	36	359	1.000	0.117	5.664E-01	5.563E-01	8.084E-02	2.733E-01	46	AF-B9KIV2-F1-model_v6 Peptide chain release factor 1
MC25_sitophilus_oryzae_2	AF-P35723-F1-model_v6	0.017	115	36	206	0.917	0.529	5.512E-01	5.109E-01	1.140E-01	2.733E-01	43	AF-P35723-F1-model_v6 Endoplasmic reticulum transmembrane protein 1
MC25_sitophilus_oryzae_2	AF-Q11JR3-F1-model_v6	0.031	32	36	497	0.833	0.062	6.484E-01	5.591E-01	5.375E-02	2.733E-01	49	AF-Q11JR3-F1-model_v6 Cysteine--tRNA ligase
MC25_sitophilus_oryzae_2	AF-Q8R9G4-F1-model_v6	0.019	101	36	450	1.000	0.222	5.751E-01	5.664E-01	6.995E-02	2.732E-01	47	AF-Q8R9G4-F1-model_v6 UDP-N-acetylmuramoylalanine--D-glutamate ligase
MC25_sitophilus_oryzae_2	AF-Q5R6M8-F1-model_v6	0.139	43	36	364	1.000	0.096	5.687E-01	5.454E-01	7.002E-02	2.732E-01	47	AF-Q5R6M8-F1-model_v6 Protein Bop
MC25_sitophilus_oryzae_2	AF-Q6VBQ8-F1-model_v6	0.075	40	36	248	1.000	0.157	5.512E-01	5.436E-01	1.239E-01	2.732E-01	42	AF-Q6VBQ8-F1-model_v6 RNA-binding protein PNO1
MC25_sitophilus_oryzae_2	AF-Q80WQ6-F1-model_v6	0.005	395	36	827	1.000	0.473	6.181E-01	6.065E-01	3.677E-02	2.732E-01	50	AF-Q80WQ6-F1-model_v6 Inactive rhomboid protein 2
MC25_sitophilus_oryzae_2	AF-Q8PX75-F1-model_v6	0.000	51	36	415	0.889	0.123	6.165E-01	5.622E-01	6.937E-02	2.732E-01	47	AF-Q8PX75-F1-model_v6 Peptide chain release factor subunit 1
MC25_sitophilus_oryzae_2	AF-Q6CNX6-F1-model_v6	0.075	40	36	636	0.944	0.057	6.277E-01	5.911E-01	4.446E-02	2.732E-01	50	AF-Q6CNX6-F1-model_v6 Autophagy-related protein 20
MC25_sitophilus_oryzae_2	AF-Q3K1P9-F1-model_v6	0.006	145	36	309	0.806	0.469	6.209E-01	5.400E-01	8.525E-02	2.731E-01	46	AF-Q3K1P9-F1-model_v6 Foldase protein PrsA
MC25_sitophilus_oryzae_2	AF-P40375-F1-model_v6	0.004	249	36	565	1.000	0.437	5.826E-01	5.713E-01	5.361E-02	2.731E-01	49	AF-P40375-F1-model_v6 NAD-dependent malic enzyme
MC25_sitophilus_oryzae_2	AF-B8E2D4-F1-model_v6	0.000	22	36	188	0.556	0.117	7.112E-01	4.831E-01	1.014E-01	2.731E-01	44	AF-B8E2D4-F1-model_v6 V-type proton ATPase subunit E
MC25_sitophilus_oryzae_2	AF-A8EV72-F1-model_v6	0.065	46	36	505	0.833	0.087	6.607E-01	5.682E-01	5.251E-02	2.731E-01	49	AF-A8EV72-F1-model_v6 ATP synthase subunit alpha
MC25_sitophilus_oryzae_2	AF-Q8BJ52-F1-model_v6	0.000	73	36	321	1.000	0.221	6.011E-01	5.922E-01	9.629E-02	2.731E-01	45	AF-Q8BJ52-F1-model_v6 Phospholipid phosphatase-related protein type 5
MC25_sitophilus_oryzae_2	AF-Q55179-F1-model_v6	0.011	169	36	533	0.889	0.315	6.404E-01	5.853E-01	5.512E-02	2.731E-01	49	AF-Q55179-F1-model_v6 Probable lipid II flippase MurJ
MC25_sitophilus_oryzae_2	AF-Q0I8C9-F1-model_v6	0.015	64	36	425	1.000	0.148	5.877E-01	5.795E-01	7.583E-02	2.731E-01	47	AF-Q0I8C9-F1-model_v6 Serine--tRNA ligase
MC25_sitophilus_oryzae_2	AF-P07668-3-F1-model_v6	0.000	40	36	720	1.000	0.053	6.052E-01	5.937E-01	4.406E-02	2.731E-01	50	AF-P07668-3-F1-model_v6 Choline O-acetyltransferase
MC25_sitophilus_oryzae_2	AF-A0A8H4CUY8-F1-model_v6	0.007	141	36	760	0.972	0.183	6.244E-01	6.012E-01	4.099E-02	2.731E-01	50	AF-A0A8H4CUY8-F1-model_v6 Colleterpenol synthase
MC25_sitophilus_oryzae_2	AF-P0AEU7-F1-model_v6	0.125	24	36	161	0.611	0.149	6.323E-01	4.787E-01	1.252E-01	2.731E-01	42	AF-P0AEU7-F1-model_v6 Chaperone protein Skp
MC25_sitophilus_oryzae_2	AF-Q72GD5-F1-model_v6	0.100	50	36	365	0.944	0.129	6.027E-01	5.728E-01	7.819E-02	2.730E-01	46	AF-Q72GD5-F1-model_v6 NADH-quinone oxidoreductase subunit H
MC25_sitophilus_oryzae_2	AF-Q3Z5I0-F1-model_v6	0.125	24	36	161	0.611	0.149	6.325E-01	4.788E-01	1.252E-01	2.730E-01	42	AF-Q3Z5I0-F1-model_v6 Chaperone protein Skp
MC25_sitophilus_oryzae_2	AF-Q1RGP0-F1-model_v6	0.027	110	36	638	1.000	0.172	6.081E-01	5.977E-01	5.212E-02	2.730E-01	49	AF-Q1RGP0-F1-model_v6 ATP-dependent zinc metalloprotease FtsH
MC25_sitophilus_oryzae_2	AF-Q14I18-F1-model_v6	0.015	63	36	65	0.917	0.862	4.170E-01	3.920E-01	2.644E-01	2.730E-01	31	AF-Q14I18-F1-model_v6 Large ribosomal subunit protein bL35
MC25_sitophilus_oryzae_2	AF-Q30X18-F1-model_v6	0.000	37	36	357	0.917	0.092	5.841E-01	5.349E-01	7.207E-02	2.730E-01	47	AF-Q30X18-F1-model_v6 Peptide chain release factor 1
MC25_sitophilus_oryzae_2	AF-Q92JJ9-F1-model_v6	0.027	109	36	637	1.000	0.171	6.061E-01	5.959E-01	5.221E-02	2.729E-01	49	AF-Q92JJ9-F1-model_v6 ATP-dependent zinc metalloprotease FtsH
MC25_sitophilus_oryzae_2	AF-A2C5B3-F1-model_v6	0.014	67	36	678	1.000	0.093	5.926E-01	5.812E-01	4.389E-02	2.729E-01	50	AF-A2C5B3-F1-model_v6 UvrABC system protein B
MC25_sitophilus_oryzae_2	AF-Q1CZI3-F1-model_v6	0.022	44	36	470	0.944	0.079	5.882E-01	5.491E-01	5.425E-02	2.729E-01	49	AF-Q1CZI3-F1-model_v6 Na(+)/H(+) antiporter NhaA 2
MC25_sitophilus_oryzae_2	AF-P42213-F1-model_v6	0.007	139	36	558	0.944	0.244	6.260E-01	5.915E-01	5.196E-02	2.729E-01	49	AF-P42213-F1-model_v6 Polysialic acid transport protein KpsD
MC25_sitophilus_oryzae_2	AF-Q8RGR2-F1-model_v6	0.019	52	36	663	0.944	0.071	6.001E-01	5.621E-01	4.132E-02	2.729E-01	50	AF-Q8RGR2-F1-model_v6 UvrABC system protein B
MC25_sitophilus_oryzae_2	AF-Q0IIY2-F1-model_v6	0.000	103	36	573	1.000	0.169	5.819E-01	5.697E-01	4.807E-02	2.729E-01	49	AF-Q0IIY2-F1-model_v6 Sialate:O-sulfotransferase 1
MC25_sitophilus_oryzae_2	AF-Q1ZXE1-F1-model_v6	0.016	120	36	896	0.972	0.131	6.398E-01	6.171E-01	3.395E-02	2.729E-01	51	AF-Q1ZXE1-F1-model_v6 Rho GTPase-activating protein gacM
MC25_sitophilus_oryzae_2	AF-A4SGM8-F1-model_v6	0.014	280	36	291	0.861	0.945	6.045E-01	5.299E-01	8.181E-02	2.728E-01	46	AF-A4SGM8-F1-model_v6 ATP synthase gamma chain
MC25_sitophilus_oryzae_2	AF-P0AEU8-F1-model_v6	0.125	24	36	161	0.611	0.149	6.310E-01	4.784E-01	1.251E-01	2.728E-01	42	AF-P0AEU8-F1-model_v6 Chaperone protein Skp
MC25_sitophilus_oryzae_2	AF-A0A140LIJ0-F1-model_v6	0.058	34	36	701	0.917	0.040	7.056E-01	5.692E-01	3.689E-02	2.728E-01	50	AF-A0A140LIJ0-F1-model_v6 DC-STAMP domain-containing protein 2
MC25_sitophilus_oryzae_2	AF-Q96CC6-F1-model_v6	0.005	393	36	855	1.000	0.455	6.172E-01	6.057E-01	3.559E-02	2.728E-01	51	AF-Q96CC6-F1-model_v6 Inactive rhomboid protein 1
MC25_sitophilus_oryzae_2	AF-Q3AM35-F1-model_v6	0.015	64	36	425	1.000	0.148	5.894E-01	5.813E-01	7.591E-02	2.728E-01	47	AF-Q3AM35-F1-model_v6 Serine--tRNA ligase
MC25_sitophilus_oryzae_2	AF-A8FZ49-F1-model_v6	0.008	249	36	562	1.000	0.441	5.798E-01	5.685E-01	5.481E-02	2.727E-01	49	AF-A8FZ49-F1-model_v6 NAD-dependent malic enzyme
MC25_sitophilus_oryzae_2	AF-Q00M95-F1-model_v6	0.007	396	36	827	1.000	0.474	6.169E-01	6.054E-01	3.676E-02	2.727E-01	50	AF-Q00M95-F1-model_v6 Inactive rhomboid protein 2
MC25_sitophilus_oryzae_2	AF-A0A0F7TWX5-F1-model_v6	0.029	34	36	405	0.778	0.084	6.487E-01	5.572E-01	6.574E-02	2.727E-01	48	AF-A0A0F7TWX5-F1-model_v6 Terpene cyclase pbrA
MC25_sitophilus_oryzae_2	AF-P64808-F1-model_v6	0.041	48	36	304	0.972	0.138	5.740E-01	5.523E-01	8.697E-02	2.727E-01	46	AF-P64808-F1-model_v6 Uncharacterized protein Mb1359
MC25_sitophilus_oryzae_2	AF-Q8R1X6-2-F1-model_v6	0.023	42	36	614	0.944	0.060	6.044E-01	5.690E-01	4.505E-02	2.727E-01	50	AF-Q8R1X6-2-F1-model_v6 Spartin
MC25_sitophilus_oryzae_2	AF-A0PJK1-2-F1-model_v6	0.003	260	36	569	0.917	0.457	6.586E-01	6.158E-01	5.480E-02	2.726E-01	49	AF-A0PJK1-2-F1-model_v6 Sodium/mannose cotransporter SLC5A10
MC25_sitophilus_oryzae_2	AF-Q9CPS7-F1-model_v6	0.075	40	36	248	1.000	0.157	5.502E-01	5.426E-01	1.238E-01	2.726E-01	42	AF-Q9CPS7-F1-model_v6 RNA-binding protein PNO1
MC25_sitophilus_oryzae_2	AF-Q6FFL8-F1-model_v6	0.007	253	36	566	0.944	0.445	6.003E-01	5.651E-01	5.261E-02	2.726E-01	49	AF-Q6FFL8-F1-model_v6 NAD-dependent malic enzyme
MC25_sitophilus_oryzae_2	AF-C8VCL5-F1-model_v6	0.000	286	36	503	1.000	0.565	5.990E-01	5.882E-01	6.124E-02	2.726E-01	48	AF-C8VCL5-F1-model_v6 Rhomboid-type serine protease 2
MC25_sitophilus_oryzae_2	AF-A4J7D9-F1-model_v6	0.119	42	36	153	0.944	0.196	5.547E-01	4.698E-01	1.280E-01	2.726E-01	41	AF-A4J7D9-F1-model_v6 Endoribonuclease YbeY
MC25_sitophilus_oryzae_2	AF-A5VPL3-F1-model_v6	0.020	50	36	506	0.861	0.095	6.330E-01	5.552E-01	5.328E-02	2.726E-01	49	AF-A5VPL3-F1-model_v6 Cysteine--tRNA ligase
MC25_sitophilus_oryzae_2	AF-Q9U6Y9-F1-model_v6	0.063	63	36	610	1.000	0.098	6.083E-01	5.976E-01	5.074E-02	2.726E-01	49	AF-Q9U6Y9-F1-model_v6 Protein arginine N-methyltransferase 5
MC25_sitophilus_oryzae_2	AF-Q6FX19-F1-model_v6	0.025	39	36	357	0.750	0.106	6.737E-01	5.420E-01	6.770E-02	2.725E-01	47	AF-Q6FX19-F1-model_v6 Protein BUR2
MC25_sitophilus_oryzae_2	AF-P35241-5-F1-model_v6	0.013	76	36	604	1.000	0.126	6.157E-01	6.054E-01	5.487E-02	2.725E-01	49	AF-P35241-5-F1-model_v6 Radixin
MC25_sitophilus_oryzae_2	AF-P09937-F1-model_v6	0.029	34	36	338	0.833	0.089	6.336E-01	5.426E-01	7.181E-02	2.725E-01	47	AF-P09937-F1-model_v6 Sporulation-specific protein 4
MC25_sitophilus_oryzae_2	AF-P60122-F1-model_v6	0.005	169	36	456	0.889	0.368	6.108E-01	5.530E-01	6.151E-02	2.725E-01	48	AF-P60122-F1-model_v6 RuvB-like 1
MC25_sitophilus_oryzae_2	AF-P06010-F1-model_v6	0.000	141	36	324	0.972	0.417	5.642E-01	5.434E-01	8.062E-02	2.725E-01	46	AF-P06010-F1-model_v6 Reaction center protein M chain
MC25_sitophilus_oryzae_2	AF-P0DX03-F1-model_v6	0.000	36	36	155	0.583	0.232	6.329E-01	4.735E-01	1.255E-01	2.725E-01	42	AF-P0DX03-F1-model_v6 Probable tellurium resistance transcriptional regulator TerW
MC25_sitophilus_oryzae_2	AF-Q6PJF5-2-F1-model_v6	0.007	396	36	827	1.000	0.474	6.175E-01	6.059E-01	3.677E-02	2.725E-01	50	AF-Q6PJF5-2-F1-model_v6 Inactive rhomboid protein 2
MC25_sitophilus_oryzae_2	AF-P50052-F1-model_v6	0.009	103	36	363	0.889	0.278	6.114E-01	5.536E-01	7.442E-02	2.725E-01	47	AF-P50052-F1-model_v6 Type-2 angiotensin II receptor
MC25_sitophilus_oryzae_2	AF-Q6BKI1-F1-model_v6	0.045	22	36	184	0.556	0.120	7.002E-01	4.791E-01	1.032E-01	2.725E-01	44	AF-Q6BKI1-F1-model_v6 Mediator of RNA polymerase II transcription subunit 11
MC25_sitophilus_oryzae_2	AF-K4ICC9-F1-model_v6	0.095	42	36	336	0.917	0.116	5.854E-01	5.396E-01	7.954E-02	2.724E-01	46	AF-K4ICC9-F1-model_v6 Homoserine O-acetyltransferase
MC25_sitophilus_oryzae_2	AF-B0TPG7-F1-model_v6	0.016	120	36	252	0.806	0.472	6.144E-01	5.339E-01	1.012E-01	2.724E-01	44	AF-B0TPG7-F1-model_v6 Flap endonuclease Xni
MC25_sitophilus_oryzae_2	AF-P54008-F1-model_v6	0.061	81	36	373	1.000	0.214	6.068E-01	5.979E-01	8.620E-02	2.724E-01	46	AF-P54008-F1-model_v6 RNA cytidine acetyltransferase (Fragment)
MC25_sitophilus_oryzae_2	AF-P40341-F1-model_v6	0.000	88	36	825	0.889	0.103	6.528E-01	5.867E-01	3.371E-02	2.724E-01	51	AF-P40341-F1-model_v6 Mitochondrial inner membrane m-AAA protease component YTA12
MC25_sitophilus_oryzae_2	AF-Q75LL6-F1-model_v6	0.019	52	36	567	1.000	0.083	5.979E-01	5.868E-01	5.179E-02	2.724E-01	49	AF-Q75LL6-F1-model_v6 Transcriptional adapter ADA2
MC25_sitophilus_oryzae_2	AF-B4ESY2-F1-model_v6	0.008	250	36	565	1.000	0.439	5.860E-01	5.754E-01	5.365E-02	2.724E-01	49	AF-B4ESY2-F1-model_v6 NAD-dependent malic enzyme
MC25_sitophilus_oryzae_2	AF-Q30PI6-F1-model_v6	0.019	103	36	328	1.000	0.308	5.843E-01	5.752E-01	9.215E-02	2.723E-01	45	AF-Q30PI6-F1-model_v6 NADH-quinone oxidoreductase subunit H
MC25_sitophilus_oryzae_2	AF-Q9Y265-F1-model_v6	0.005	170	36	456	0.889	0.368	6.090E-01	5.513E-01	5.999E-02	2.723E-01	48	AF-Q9Y265-F1-model_v6 RuvB-like 1
MC25_sitophilus_oryzae_2	AF-Q4FPG2-F1-model_v6	0.000	80	36	158	0.806	0.456	5.664E-01	4.694E-01	1.219E-01	2.723E-01	42	AF-Q4FPG2-F1-model_v6 Transcription elongation factor GreA
MC25_sitophilus_oryzae_2	AF-P75920-F1-model_v6	0.028	70	36	385	0.944	0.174	5.851E-01	5.510E-01	7.201E-02	2.723E-01	47	AF-P75920-F1-model_v6 Glucans biosynthesis protein C
MC25_sitophilus_oryzae_2	AF-B0BWK0-F1-model_v6	0.024	41	36	661	0.861	0.062	6.646E-01	5.923E-01	4.425E-02	2.723E-01	50	AF-B0BWK0-F1-model_v6 UvrABC system protein B
MC25_sitophilus_oryzae_2	AF-Q8N0X7-F1-model_v6	0.023	42	36	666	0.944	0.056	6.062E-01	5.701E-01	4.167E-02	2.723E-01	50	AF-Q8N0X7-F1-model_v6 Spartin
MC25_sitophilus_oryzae_2	AF-A8GR53-F1-model_v6	0.024	41	36	661	0.861	0.062	6.641E-01	5.919E-01	4.424E-02	2.722E-01	50	AF-A8GR53-F1-model_v6 UvrABC system protein B
MC25_sitophilus_oryzae_2	AF-Q6NU21-F1-model_v6	0.026	38	36	1001	0.833	0.038	6.842E-01	5.983E-01	2.911E-02	2.722E-01	51	AF-Q6NU21-F1-model_v6 Serine/threonine-protein kinase TAO1-A
MC25_sitophilus_oryzae_2	AF-P36013-F1-model_v6	0.008	242	36	669	1.000	0.362	5.836E-01	5.752E-01	4.767E-02	2.722E-01	49	AF-P36013-F1-model_v6 NAD-dependent malic enzyme, mitochondrial
MC25_sitophilus_oryzae_2	AF-Q9BR26-F1-model_v6	0.026	38	36	566	0.833	0.065	6.808E-01	5.956E-01	4.974E-02	2.722E-01	49	AF-Q9BR26-F1-model_v6 Osteoclast stimulatory transmembrane protein
MC25_sitophilus_oryzae_2	AF-A0JNJ3-F1-model_v6	0.023	42	36	668	0.944	0.055	6.051E-01	5.691E-01	4.149E-02	2.722E-01	50	AF-A0JNJ3-F1-model_v6 Spartin
MC25_sitophilus_oryzae_2	AF-Q3AF51-F1-model_v6	0.000	107	36	429	0.972	0.249	6.052E-01	5.849E-01	7.248E-02	2.722E-01	47	AF-Q3AF51-F1-model_v6 GTPase Obg
MC25_sitophilus_oryzae_2	AF-Q6G6V8-F1-model_v6	0.005	195	36	457	0.917	0.418	6.369E-01	5.910E-01	6.021E-02	2.721E-01	48	AF-Q6G6V8-F1-model_v6 Heme sensor protein HssS
MC25_sitophilus_oryzae_2	AF-A1WMU7-F1-model_v6	0.034	87	36	277	1.000	0.307	5.911E-01	5.827E-01	1.101E-01	2.721E-01	43	AF-A1WMU7-F1-model_v6 Phosphatidylglycerol--prolipoprotein diacylglyceryl transferase
MC25_sitophilus_oryzae_2	AF-B1XJM0-F1-model_v6	0.015	64	36	427	1.000	0.148	5.829E-01	5.749E-01	7.534E-02	2.721E-01	47	AF-B1XJM0-F1-model_v6 Serine--tRNA ligase
MC25_sitophilus_oryzae_2	AF-Q8K9X7-F1-model_v6	0.052	38	36	615	0.889	0.062	6.516E-01	5.928E-01	4.851E-02	2.721E-01	49	AF-Q8K9X7-F1-model_v6 NADH-quinone oxidoreductase subunit L
MC25_sitophilus_oryzae_2	AF-Q2YN22-F1-model_v6	0.020	50	36	506	0.861	0.095	6.315E-01	5.540E-01	5.325E-02	2.721E-01	49	AF-Q2YN22-F1-model_v6 Cysteine--tRNA ligase
MC25_sitophilus_oryzae_2	AF-Q6LQM6-F1-model_v6	0.008	249	36	562	1.000	0.441	5.844E-01	5.735E-01	5.506E-02	2.720E-01	49	AF-Q6LQM6-F1-model_v6 NAD-dependent malic enzyme 1
MC25_sitophilus_oryzae_2	AF-A8FID1-F1-model_v6	0.007	257	36	355	0.806	0.721	6.498E-01	5.456E-01	7.129E-02	2.720E-01	47	AF-A8FID1-F1-model_v6 Peptide chain release factor 1
MC25_sitophilus_oryzae_2	AF-Q9PLU1-F1-model_v6	0.000	58	36	714	1.000	0.076	6.167E-01	6.052E-01	4.248E-02	2.720E-01	50	AF-Q9PLU1-F1-model_v6 Transcription elongation factor GreA
MC25_sitophilus_oryzae_2	AF-A7A082-F1-model_v6	0.052	38	36	253	0.889	0.130	5.720E-01	5.160E-01	9.534E-02	2.720E-01	45	AF-A7A082-F1-model_v6 ER membrane protein complex subunit 3
MC25_sitophilus_oryzae_2	AF-A3CLN6-F1-model_v6	0.000	55	36	356	0.889	0.140	6.014E-01	5.398E-01	7.056E-02	2.720E-01	47	AF-A3CLN6-F1-model_v6 UDP-N-acetylglucosamine--N-acetylmuramyl-(pentapeptide) pyrophosphoryl-undecaprenol N-acetylglucosamine transferase
MC25_sitophilus_oryzae_2	AF-P9WKC9-F1-model_v6	0.007	128	36	463	0.861	0.276	6.475E-01	5.873E-01	6.351E-02	2.720E-01	48	AF-P9WKC9-F1-model_v6 Probable diacyglycerol O-acyltransferase tgs1
MC25_sitophilus_oryzae_2	AF-Q7TT23-F1-model_v6	0.000	39	36	1179	0.806	0.033	7.213E-01	6.127E-01	2.407E-02	2.720E-01	51	AF-Q7TT23-F1-model_v6 Dynein axonemal assembly factor 9
MC25_sitophilus_oryzae_2	AF-Q8E5I2-F1-model_v6	0.018	106	36	253	1.000	0.403	5.514E-01	5.419E-01	1.085E-01	2.720E-01	43	AF-Q8E5I2-F1-model_v6 Ribonuclease HII
MC25_sitophilus_oryzae_2	AF-A0A1V0QS34-F1-model_v6	0.023	42	36	316	0.889	0.127	6.076E-01	5.534E-01	8.619E-02	2.719E-01	45	AF-A0A1V0QS34-F1-model_v6 Short-chain dehydrogenase/reductase eriB
MC25_sitophilus_oryzae_2	AF-Q086X9-F1-model_v6	0.008	249	36	562	1.000	0.441	5.805E-01	5.693E-01	5.476E-02	2.719E-01	49	AF-Q086X9-F1-model_v6 NAD-dependent malic enzyme
MC25_sitophilus_oryzae_2	AF-C3PMP5-F1-model_v6	0.024	41	36	661	0.861	0.062	6.640E-01	5.918E-01	4.424E-02	2.719E-01	50	AF-C3PMP5-F1-model_v6 UvrABC system protein B
MC25_sitophilus_oryzae_2	AF-Q9ALA2-F1-model_v6	0.092	65	36	523	0.944	0.115	6.179E-01	5.830E-01	5.262E-02	2.719E-01	49	AF-Q9ALA2-F1-model_v6 NAD(P) transhydrogenase subunit alpha
MC25_sitophilus_oryzae_2	AF-Q1XDP5-F1-model_v6	0.018	53	36	504	0.778	0.105	6.859E-01	5.636E-01	5.183E-02	2.719E-01	49	AF-Q1XDP5-F1-model_v6 ATP synthase subunit alpha, chloroplastic
MC25_sitophilus_oryzae_2	AF-A9MA50-F1-model_v6	0.020	50	36	506	0.861	0.095	6.316E-01	5.540E-01	5.324E-02	2.719E-01	49	AF-A9MA50-F1-model_v6 Cysteine--tRNA ligase
MC25_sitophilus_oryzae_2	AF-A6SY47-F1-model_v6	0.013	145	36	329	1.000	0.416	5.484E-01	5.377E-01	7.753E-02	2.719E-01	46	AF-A6SY47-F1-model_v6 Malate dehydrogenase
MC25_sitophilus_oryzae_2	AF-Q2FED4-F1-model_v6	0.005	195	36	457	0.917	0.418	6.384E-01	5.924E-01	6.027E-02	2.719E-01	48	AF-Q2FED4-F1-model_v6 Heme sensor protein HssS
MC25_sitophilus_oryzae_2	AF-B4K799-F1-model_v6	0.000	44	36	765	0.944	0.051	6.286E-01	5.911E-01	3.620E-02	2.719E-01	50	AF-B4K799-F1-model_v6 Spastin
MC25_sitophilus_oryzae_2	AF-Q57E65-F1-model_v6	0.020	50	36	506	0.861	0.095	6.320E-01	5.546E-01	5.328E-02	2.719E-01	49	AF-Q57E65-F1-model_v6 Cysteine--tRNA ligase
MC25_sitophilus_oryzae_2	AF-Q6GM06-F1-model_v6	0.000	35	36	294	0.861	0.105	6.048E-01	5.344E-01	8.383E-02	2.719E-01	46	AF-Q6GM06-F1-model_v6 Deubiquitinase OTUD6B
MC25_sitophilus_oryzae_2	AF-A6WSF0-F1-model_v6	0.003	262	36	363	0.778	0.722	6.529E-01	5.463E-01	7.170E-02	2.718E-01	47	AF-A6WSF0-F1-model_v6 Peptide chain release factor 1
MC25_sitophilus_oryzae_2	AF-A1K1S0-F1-model_v6	0.086	46	36	512	0.833	0.086	6.503E-01	5.636E-01	5.188E-02	2.718E-01	49	AF-A1K1S0-F1-model_v6 ATP synthase subunit alpha
MC25_sitophilus_oryzae_2	AF-Q8GMR7-F1-model_v6	0.015	65	36	428	1.000	0.147	5.893E-01	5.809E-01	7.353E-02	2.718E-01	47	AF-Q8GMR7-F1-model_v6 Serine--tRNA ligase
MC25_sitophilus_oryzae_2	AF-Q01495-F1-model_v6	0.016	125	36	569	1.000	0.213	5.764E-01	5.651E-01	5.138E-02	2.718E-01	49	AF-Q01495-F1-model_v6 Peroxisomal targeting signal receptor
MC25_sitophilus_oryzae_2	AF-Q02776-F1-model_v6	0.037	27	36	476	0.722	0.057	7.147E-01	5.503E-01	5.131E-02	2.718E-01	49	AF-Q02776-F1-model_v6 Mitochondrial import inner membrane translocase subunit TIM50
MC25_sitophilus_oryzae_2	AF-Q499S9-F1-model_v6	0.005	392	36	856	1.000	0.453	6.144E-01	6.030E-01	3.558E-02	2.717E-01	50	AF-Q499S9-F1-model_v6 Inactive rhomboid protein 1
MC25_sitophilus_oryzae_2	AF-O23052-F1-model_v6	0.037	54	36	808	1.000	0.061	5.737E-01	5.628E-01	3.612E-02	2.717E-01	50	AF-O23052-F1-model_v6 Uncharacterized TPR repeat-containing protein At1g05150
MC25_sitophilus_oryzae_2	AF-Q7M7S6-F1-model_v6	0.000	144	36	272	0.917	0.515	5.751E-01	5.350E-01	9.546E-02	2.717E-01	44	AF-Q7M7S6-F1-model_v6 Phosphatidylglycerol--prolipoprotein diacylglyceryl transferase
MC25_sitophilus_oryzae_2	AF-Q969W1-3-F1-model_v6	0.007	130	36	338	1.000	0.361	5.406E-01	5.293E-01	7.396E-02	2.717E-01	47	AF-Q969W1-3-F1-model_v6 Palmitoyltransferase ZDHHC16
MC25_sitophilus_oryzae_2	AF-Q646D6-F1-model_v6	0.081	37	36	325	0.972	0.095	6.095E-01	5.479E-01	8.123E-02	2.717E-01	46	AF-Q646D6-F1-model_v6 Taste receptor type 2 member 7
MC25_sitophilus_oryzae_2	AF-P33113-F1-model_v6	0.017	56	36	459	0.972	0.111	5.591E-01	5.346E-01	5.737E-02	2.717E-01	48	AF-P33113-F1-model_v6 Sensor histidine kinase SpaK
MC25_sitophilus_oryzae_2	AF-B4F2H6-F1-model_v6	0.002	670	36	967	1.000	0.691	6.367E-01	6.254E-01	3.372E-02	2.716E-01	50	AF-B4F2H6-F1-model_v6 RNA polymerase-associated protein RapA
MC25_sitophilus_oryzae_2	AF-O74552-F1-model_v6	0.011	85	36	836	1.000	0.097	5.997E-01	5.902E-01	3.606E-02	2.716E-01	50	AF-O74552-F1-model_v6 Vacuolar protein sorting-associated protein 35
MC25_sitophilus_oryzae_2	AF-Q9NZ43-F1-model_v6	0.066	45	36	259	1.000	0.143	5.413E-01	5.313E-01	9.743E-02	2.716E-01	44	AF-Q9NZ43-F1-model_v6 Vesicle transport protein USE1
MC25_sitophilus_oryzae_2	AF-B8CQT6-F1-model_v6	0.008	249	36	562	1.000	0.441	5.786E-01	5.674E-01	5.478E-02	2.716E-01	48	AF-B8CQT6-F1-model_v6 NAD-dependent malic enzyme
MC25_sitophilus_oryzae_2	AF-Q8AAP0-F1-model_v6	0.016	60	36	65	0.861	0.800	4.119E-01	3.714E-01	2.432E-01	2.716E-01	32	AF-Q8AAP0-F1-model_v6 Large ribosomal subunit protein bL35
MC25_sitophilus_oryzae_2	AF-B0CL02-F1-model_v6	0.020	50	36	506	0.861	0.095	6.297E-01	5.545E-01	5.330E-02	2.716E-01	49	AF-B0CL02-F1-model_v6 Cysteine--tRNA ligase
MC25_sitophilus_oryzae_2	AF-P72294-F1-model_v6	0.006	151	36	297	1.000	0.498	5.676E-01	5.582E-01	9.782E-02	2.716E-01	44	AF-P72294-F1-model_v6 Octopine catabolism/uptake operon regulatory protein OccR
MC25_sitophilus_oryzae_2	AF-P0CH65-F1-model_v6	0.036	82	36	510	1.000	0.153	5.747E-01	5.631E-01	5.584E-02	2.716E-01	48	AF-P0CH65-F1-model_v6 Arginine biosynthesis bifunctional protein ArgJ, mitochondrial
MC25_sitophilus_oryzae_2	AF-Q9TUA7-F1-model_v6	0.000	54	36	309	1.000	0.149	5.664E-01	5.562E-01	8.427E-02	2.715E-01	46	AF-Q9TUA7-F1-model_v6 Olfactory receptor 1A1
MC25_sitophilus_oryzae_2	AF-Q2LR03-F1-model_v6	0.000	22	36	161	0.556	0.137	6.559E-01	4.709E-01	1.171E-01	2.715E-01	42	AF-Q2LR03-F1-model_v6 Transcription elongation factor GreA
MC25_sitophilus_oryzae_2	AF-Q12V98-F1-model_v6	0.000	52	36	414	0.833	0.126	6.407E-01	5.618E-01	6.664E-02	2.715E-01	47	AF-Q12V98-F1-model_v6 Peptide chain release factor subunit 1
MC25_sitophilus_oryzae_2	AF-Q4UKL6-F1-model_v6	0.048	41	36	661	0.861	0.062	6.673E-01	5.934E-01	4.442E-02	2.715E-01	49	AF-Q4UKL6-F1-model_v6 UvrABC system protein B
MC25_sitophilus_oryzae_2	AF-Q65CM0-F1-model_v6	0.014	207	36	480	0.889	0.427	6.245E-01	5.655E-01	5.776E-02	2.715E-01	48	AF-Q65CM0-F1-model_v6 Nuclear hormone receptor family member nhr-76
MC25_sitophilus_oryzae_2	AF-Q98Q12-F1-model_v6	0.000	42	36	873	0.889	0.047	6.542E-01	5.934E-01	3.356E-02	2.715E-01	50	AF-Q98Q12-F1-model_v6 Alanine--tRNA ligase
MC25_sitophilus_oryzae_2	AF-A3D0G1-F1-model_v6	0.003	262	36	363	0.778	0.722	6.481E-01	5.448E-01	7.145E-02	2.715E-01	47	AF-A3D0G1-F1-model_v6 Peptide chain release factor 1
MC25_sitophilus_oryzae_2	AF-Q8R1X6-F1-model_v6	0.023	42	36	671	0.944	0.055	6.061E-01	5.705E-01	4.136E-02	2.714E-01	50	AF-Q8R1X6-F1-model_v6 Spartin
MC25_sitophilus_oryzae_2	AF-Q3JC03-F1-model_v6	0.000	553	36	687	0.889	0.805	6.533E-01	5.928E-01	4.359E-02	2.714E-01	49	AF-Q3JC03-F1-model_v6 UvrABC system protein B
MC25_sitophilus_oryzae_2	AF-A5FHI8-F1-model_v6	0.000	37	36	358	0.917	0.092	5.864E-01	5.376E-01	7.223E-02	2.714E-01	47	AF-A5FHI8-F1-model_v6 Peptide chain release factor 1
MC25_sitophilus_oryzae_2	AF-A0LTX2-F1-model_v6	0.029	102	36	641	0.889	0.156	6.203E-01	5.558E-01	4.365E-02	2.714E-01	49	AF-A0LTX2-F1-model_v6 UvrABC system protein C
MC25_sitophilus_oryzae_2	AF-A4Y3J8-F1-model_v6	0.005	357	36	363	0.833	0.981	6.256E-01	5.472E-01	7.323E-02	2.713E-01	47	AF-A4Y3J8-F1-model_v6 Peptide chain release factor 1
MC25_sitophilus_oryzae_2	AF-Q5BH32-F1-model_v6	0.010	96	36	435	0.944	0.221	5.990E-01	5.672E-01	6.979E-02	2.713E-01	47	AF-Q5BH32-F1-model_v6 Monodictyphenone cluster transcription factor
MC25_sitophilus_oryzae_2	AF-Q9Y2X7-2-F1-model_v6	0.009	111	36	176	0.917	0.597	5.351E-01	4.938E-01	1.285E-01	2.713E-01	41	AF-Q9Y2X7-2-F1-model_v6 ARF GTPase-activating protein GIT1
MC25_sitophilus_oryzae_2	AF-B7UWK9-F1-model_v6	0.003	251	36	564	1.000	0.441	5.812E-01	5.699E-01	5.375E-02	2.713E-01	48	AF-B7UWK9-F1-model_v6 NAD-dependent malic enzyme
MC25_sitophilus_oryzae_2	AF-C0RI19-F1-model_v6	0.020	50	36	506	0.861	0.095	6.307E-01	5.535E-01	5.325E-02	2.713E-01	49	AF-C0RI19-F1-model_v6 Cysteine--tRNA ligase
MC25_sitophilus_oryzae_2	AF-Q6A333-3-F1-model_v6	0.000	61	36	974	1.000	0.061	6.508E-01	6.399E-01	3.362E-02	2.713E-01	50	AF-Q6A333-3-F1-model_v6 Protein ALWAYS EARLY 2
MC25_sitophilus_oryzae_2	AF-Q6K762-F1-model_v6	0.031	63	36	586	1.000	0.102	5.831E-01	5.720E-01	5.160E-02	2.712E-01	49	AF-Q6K762-F1-model_v6 U-box domain-containing protein 73
MC25_sitophilus_oryzae_2	AF-Q8E449-F1-model_v6	0.005	189	36	195	0.944	0.933	5.233E-01	4.905E-01	1.161E-01	2.712E-01	42	AF-Q8E449-F1-model_v6 Dephospho-CoA kinase
MC25_sitophilus_oryzae_2	AF-A8AYJ0-F1-model_v6	0.004	219	36	309	0.889	0.702	6.066E-01	5.540E-01	8.788E-02	2.712E-01	45	AF-A8AYJ0-F1-model_v6 Foldase protein PrsA
MC25_sitophilus_oryzae_2	AF-P9WIF6-F1-model_v6	0.048	41	36	603	0.889	0.068	6.446E-01	5.846E-01	4.905E-02	2.711E-01	49	AF-P9WIF6-F1-model_v6 Uncharacterized PE-PGRS family protein PE_PGRS24
MC25_sitophilus_oryzae_2	AF-K4GKX2-F1-model_v6	0.004	243	36	495	0.944	0.489	6.103E-01	5.783E-01	6.129E-02	2.711E-01	48	AF-K4GKX2-F1-model_v6 UDP-glycosyltransferase 73C10
MC25_sitophilus_oryzae_2	AF-B2A713-F1-model_v6	0.024	41	36	658	0.861	0.062	6.681E-01	5.954E-01	4.468E-02	2.711E-01	49	AF-B2A713-F1-model_v6 UvrABC system protein B
MC25_sitophilus_oryzae_2	AF-Q5FWI2-F1-model_v6	0.000	37	36	447	0.861	0.083	6.266E-01	5.555E-01	6.382E-02	2.711E-01	47	AF-Q5FWI2-F1-model_v6 Secretin receptor
MC25_sitophilus_oryzae_2	AF-Q601F9-F1-model_v6	0.064	31	36	361	0.833	0.083	6.331E-01	5.543E-01	7.508E-02	2.711E-01	46	AF-Q601F9-F1-model_v6 Peptide chain release factor 1
MC25_sitophilus_oryzae_2	AF-A8AW15-F1-model_v6	0.000	55	36	356	0.889	0.140	5.999E-01	5.393E-01	7.059E-02	2.711E-01	47	AF-A8AW15-F1-model_v6 UDP-N-acetylglucosamine--N-acetylmuramyl-(pentapeptide) pyrophosphoryl-undecaprenol N-acetylglucosamine transferase
MC25_sitophilus_oryzae_2	AF-A8FFD4-F1-model_v6	0.009	217	36	343	1.000	0.630	6.006E-01	5.925E-01	9.368E-02	2.710E-01	45	AF-A8FFD4-F1-model_v6 Heat-inducible transcription repressor HrcA
MC25_sitophilus_oryzae_2	AF-Q5XCY1-F1-model_v6	0.007	280	36	291	0.806	0.948	6.216E-01	5.173E-01	7.915E-02	2.710E-01	46	AF-Q5XCY1-F1-model_v6 ATP synthase gamma chain
MC25_sitophilus_oryzae_2	AF-Q6D3B3-F1-model_v6	0.008	249	36	565	1.000	0.439	5.796E-01	5.683E-01	5.462E-02	2.709E-01	48	AF-Q6D3B3-F1-model_v6 NAD-dependent malic enzyme
MC25_sitophilus_oryzae_2	AF-K4GMD6-F1-model_v6	0.008	243	36	495	0.944	0.489	6.097E-01	5.778E-01	6.126E-02	2.709E-01	48	AF-K4GMD6-F1-model_v6 UDP-glycosyltransferase 73C9
MC25_sitophilus_oryzae_2	AF-Q5ZYX7-F1-model_v6	0.018	111	36	1495	1.000	0.074	6.226E-01	6.104E-01	2.222E-02	2.709E-01	51	AF-Q5ZYX7-F1-model_v6 Ubiquitinating enzyme SidE
MC25_sitophilus_oryzae_2	AF-O34389-F1-model_v6	0.125	48	36	566	1.000	0.081	5.771E-01	5.657E-01	5.420E-02	2.709E-01	48	AF-O34389-F1-model_v6 NAD-dependent malic enzyme 3
MC25_sitophilus_oryzae_2	AF-Q7T339-F1-model_v6	0.000	22	36	220	0.556	0.100	7.460E-01	4.876E-01	8.698E-02	2.709E-01	45	AF-Q7T339-F1-model_v6 Charged multivesicular body protein 5
MC25_sitophilus_oryzae_2	AF-Q74ZM2-F1-model_v6	0.007	260	36	401	0.944	0.636	5.947E-01	5.608E-01	6.729E-02	2.709E-01	47	AF-Q74ZM2-F1-model_v6 Protein BUR2
MC25_sitophilus_oryzae_2	AF-A1S8W7-F1-model_v6	0.008	249	36	562	1.000	0.441	5.777E-01	5.666E-01	5.482E-02	2.708E-01	48	AF-A1S8W7-F1-model_v6 NAD-dependent malic enzyme
MC25_sitophilus_oryzae_2	AF-A8GC31-F1-model_v6	0.004	249	36	565	1.000	0.439	5.789E-01	5.678E-01	5.458E-02	2.708E-01	48	AF-A8GC31-F1-model_v6 NAD-dependent malic enzyme
MC25_sitophilus_oryzae_2	AF-Q5FWV6-F1-model_v6	0.006	153	36	336	1.000	0.440	5.586E-01	5.480E-01	8.097E-02	2.708E-01	46	AF-Q5FWV6-F1-model_v6 Transmembrane protein 120A
MC25_sitophilus_oryzae_2	AF-E5A7D6-F1-model_v6	0.054	37	36	551	0.917	0.062	6.351E-01	5.907E-01	5.199E-02	2.708E-01	49	AF-E5A7D6-F1-model_v6 Cytochrome P450 monooxygenase abl5
MC25_sitophilus_oryzae_2	AF-P0CU03-F1-model_v6	0.004	433	36	673	1.000	0.640	6.194E-01	6.087E-01	4.786E-02	2.708E-01	49	AF-P0CU03-F1-model_v6 Putative lysophospholipase SPBC1348.10c
MC25_sitophilus_oryzae_2	AF-Q0AFV3-F1-model_v6	0.017	116	36	292	1.000	0.366	5.502E-01	5.392E-01	8.488E-02	2.707E-01	45	AF-Q0AFV3-F1-model_v6 Protease HtpX homolog
MC25_sitophilus_oryzae_2	AF-Q2K5E1-F1-model_v6	0.000	72	36	355	0.944	0.189	5.804E-01	5.481E-01	7.461E-02	2.707E-01	46	AF-Q2K5E1-F1-model_v6 Cyclic nucleotide-gated potassium channel RHE_CH03180
MC25_sitophilus_oryzae_2	AF-Q8NKR9-F1-model_v6	0.024	83	36	375	1.000	0.213	5.522E-01	5.418E-01	7.663E-02	2.707E-01	46	AF-Q8NKR9-F1-model_v6 Fructose-1,6-bisphosphate aldolase/phosphatase
MC25_sitophilus_oryzae_2	AF-Q6ZQ29-2-F1-model_v6	0.026	38	36	1055	0.833	0.036	6.791E-01	5.952E-01	2.763E-02	2.707E-01	51	AF-Q6ZQ29-2-F1-model_v6 Serine/threonine-protein kinase TAO2
MC25_sitophilus_oryzae_2	AF-Q39T32-F1-model_v6	0.063	95	36	521	1.000	0.180	6.044E-01	5.943E-01	6.190E-02	2.707E-01	48	AF-Q39T32-F1-model_v6 Apolipoprotein N-acyltransferase
MC25_sitophilus_oryzae_2	AF-C6DDS6-F1-model_v6	0.008	250	36	565	1.000	0.439	5.795E-01	5.682E-01	5.355E-02	2.706E-01	48	AF-C6DDS6-F1-model_v6 NAD-dependent malic enzyme
MC25_sitophilus_oryzae_2	AF-Q8X0Q1-F1-model_v6	0.025	39	36	132	0.917	0.258	4.991E-01	4.631E-01	1.636E-01	2.706E-01	38	AF-Q8X0Q1-F1-model_v6 Long chronological lifespan protein 2
MC25_sitophilus_oryzae_2	AF-Q59S85-F1-model_v6	0.000	154	36	453	0.889	0.338	6.205E-01	5.621E-01	6.279E-02	2.706E-01	47	AF-Q59S85-F1-model_v6 Mitochondrial inner membrane magnesium transporter LPE10
MC25_sitophilus_oryzae_2	AF-Q9R269-F1-model_v6	0.033	89	36	1755	1.000	0.049	6.329E-01	6.209E-01	1.822E-02	2.706E-01	52	AF-Q9R269-F1-model_v6 Periplakin
MC25_sitophilus_oryzae_2	AF-K4GGT4-F1-model_v6	0.004	243	36	495	0.944	0.489	6.103E-01	5.784E-01	6.129E-02	2.705E-01	48	AF-K4GGT4-F1-model_v6 UDP-glycosyltransferase 73C11
MC25_sitophilus_oryzae_2	AF-Q8ZG09-F1-model_v6	0.011	252	36	565	1.000	0.444	5.790E-01	5.679E-01	5.441E-02	2.705E-01	48	AF-Q8ZG09-F1-model_v6 NAD-dependent malic enzyme
MC25_sitophilus_oryzae_2	AF-Q9SHU7-F1-model_v6	0.051	39	36	296	0.944	0.111	5.842E-01	5.432E-01	8.605E-02	2.705E-01	45	AF-Q9SHU7-F1-model_v6 Protein TIC 21, chloroplastic
MC25_sitophilus_oryzae_2	AF-Q07528-F1-model_v6	0.000	245	36	640	0.861	0.380	6.534E-01	5.753E-01	4.272E-02	2.705E-01	49	AF-Q07528-F1-model_v6 Autophagy-related protein 20
MC25_sitophilus_oryzae_2	AF-B1I6D9-F1-model_v6	0.004	218	36	344	1.000	0.631	5.987E-01	5.906E-01	9.326E-02	2.705E-01	44	AF-B1I6D9-F1-model_v6 Heat-inducible transcription repressor HrcA
MC25_sitophilus_oryzae_2	AF-Q80W22-F1-model_v6	0.003	314	36	483	0.806	0.648	6.535E-01	5.418E-01	5.290E-02	2.705E-01	48	AF-Q80W22-F1-model_v6 Threonine synthase-like 2
MC25_sitophilus_oryzae_2	AF-Q7V608-F1-model_v6	0.015	65	36	425	1.000	0.148	5.917E-01	5.833E-01	7.412E-02	2.705E-01	46	AF-Q7V608-F1-model_v6 Serine--tRNA ligase
MC25_sitophilus_oryzae_2	AF-Q48LC8-F1-model_v6	0.007	251	36	563	1.000	0.442	5.814E-01	5.704E-01	5.388E-02	2.705E-01	48	AF-Q48LC8-F1-model_v6 NAD-dependent malic enzyme
MC25_sitophilus_oryzae_2	AF-B8E815-F1-model_v6	0.003	262	36	363	0.778	0.722	6.460E-01	5.436E-01	7.143E-02	2.705E-01	47	AF-B8E815-F1-model_v6 Peptide chain release factor 1
MC25_sitophilus_oryzae_2	AF-Q54ER9-F1-model_v6	0.027	36	36	602	0.944	0.050	6.674E-01	5.726E-01	4.384E-02	2.704E-01	49	AF-Q54ER9-F1-model_v6 Basic-leucine zipper transcription factor B
MC25_sitophilus_oryzae_2	AF-Q4FU23-F1-model_v6	0.032	62	36	206	0.750	0.286	6.227E-01	4.830E-01	1.022E-01	2.704E-01	44	AF-Q4FU23-F1-model_v6 Endoribonuclease YbeY
MC25_sitophilus_oryzae_2	AF-Q1RHI9-F1-model_v6	0.000	41	36	661	0.861	0.062	6.664E-01	5.935E-01	4.444E-02	2.704E-01	49	AF-Q1RHI9-F1-model_v6 UvrABC system protein B
MC25_sitophilus_oryzae_2	AF-Q9KSR8-F1-model_v6	0.008	249	36	562	1.000	0.441	5.765E-01	5.655E-01	5.477E-02	2.704E-01	48	AF-Q9KSR8-F1-model_v6 NAD-dependent malic enzyme
MC25_sitophilus_oryzae_2	AF-Q55823-F1-model_v6	0.054	37	36	337	0.944	0.098	6.022E-01	5.604E-01	8.114E-02	2.704E-01	46	AF-Q55823-F1-model_v6 Ycf66-like protein
MC25_sitophilus_oryzae_2	AF-Q6IE21-F1-model_v6	0.000	35	36	290	0.861	0.107	5.997E-01	5.299E-01	8.467E-02	2.704E-01	45	AF-Q6IE21-F1-model_v6 OTU domain-containing protein 6A
MC25_sitophilus_oryzae_2	AF-Q818H2-F1-model_v6	0.025	39	36	436	0.778	0.089	6.757E-01	5.680E-01	6.104E-02	2.704E-01	48	AF-Q818H2-F1-model_v6 DEAD-box ATP-dependent RNA helicase CshB
MC25_sitophilus_oryzae_2	AF-A6WSH0-F1-model_v6	0.003	252	36	562	1.000	0.447	5.753E-01	5.644E-01	5.476E-02	2.704E-01	48	AF-A6WSH0-F1-model_v6 NAD-dependent malic enzyme
MC25_sitophilus_oryzae_2	AF-Q03246-F1-model_v6	0.000	55	36	237	0.778	0.232	6.209E-01	5.287E-01	1.056E-01	2.704E-01	43	AF-Q03246-F1-model_v6 Small ribosomal subunit protein uS17m
MC25_sitophilus_oryzae_2	AF-Q0HYM7-F1-model_v6	0.003	252	36	562	1.000	0.447	5.757E-01	5.648E-01	5.476E-02	2.704E-01	48	AF-Q0HYM7-F1-model_v6 NAD-dependent malic enzyme
MC25_sitophilus_oryzae_2	AF-C5BCM3-F1-model_v6	0.008	250	36	565	1.000	0.439	5.794E-01	5.680E-01	5.356E-02	2.704E-01	48	AF-C5BCM3-F1-model_v6 NAD-dependent malic enzyme
MC25_sitophilus_oryzae_2	AF-Q8K4M9-F1-model_v6	0.020	97	36	950	1.000	0.102	6.268E-01	6.158E-01	3.563E-02	2.703E-01	50	AF-Q8K4M9-F1-model_v6 Oxysterol-binding protein-related protein 1
MC25_sitophilus_oryzae_2	AF-Q5E4J3-F1-model_v6	0.008	249	36	562	1.000	0.441	5.762E-01	5.652E-01	5.478E-02	2.703E-01	48	AF-Q5E4J3-F1-model_v6 NAD-dependent malic enzyme
MC25_sitophilus_oryzae_2	AF-Q8WWU5-2-F1-model_v6	0.011	171	36	441	0.861	0.388	6.386E-01	5.732E-01	6.390E-02	2.703E-01	47	AF-Q8WWU5-2-F1-model_v6 T-complex protein 11 homolog
MC25_sitophilus_oryzae_2	AF-Q587N6-F1-model_v6	0.000	82	36	495	1.000	0.154	5.666E-01	5.560E-01	5.639E-02	2.703E-01	48	AF-Q587N6-F1-model_v6 Tripartite motif-containing protein 5
MC25_sitophilus_oryzae_2	AF-B2S264-F1-model_v6	0.034	58	36	668	1.000	0.084	5.996E-01	5.886E-01	4.717E-02	2.703E-01	49	AF-B2S264-F1-model_v6 UvrABC system protein B
MC25_sitophilus_oryzae_2	AF-C5BPC3-F1-model_v6	0.004	246	36	419	1.000	0.568	5.711E-01	5.596E-01	6.195E-02	2.703E-01	47	AF-C5BPC3-F1-model_v6 UPF0229 protein TERTU_3150
MC25_sitophilus_oryzae_2	AF-P9WKD9-F1-model_v6	0.015	126	36	273	0.944	0.425	5.577E-01	5.218E-01	8.196E-02	2.703E-01	45	AF-P9WKD9-F1-model_v6 Non-homologous end joining protein Ku
MC25_sitophilus_oryzae_2	AF-A8H7G5-F1-model_v6	0.008	249	36	562	1.000	0.441	5.781E-01	5.669E-01	5.479E-02	2.702E-01	48	AF-A8H7G5-F1-model_v6 NAD-dependent malic enzyme
MC25_sitophilus_oryzae_2	AF-Q7N6K4-F1-model_v6	0.004	250	36	565	1.000	0.439	5.812E-01	5.704E-01	5.359E-02	2.702E-01	48	AF-Q7N6K4-F1-model_v6 NAD-dependent malic enzyme
MC25_sitophilus_oryzae_2	AF-A4W1V8-F1-model_v6	0.007	281	36	292	0.806	0.949	6.196E-01	5.161E-01	7.892E-02	2.702E-01	46	AF-A4W1V8-F1-model_v6 ATP synthase gamma chain
MC25_sitophilus_oryzae_2	AF-Q6KIA0-F1-model_v6	0.062	32	36	358	0.833	0.084	6.325E-01	5.486E-01	7.359E-02	2.702E-01	46	AF-Q6KIA0-F1-model_v6 Peptide chain release factor 1
MC25_sitophilus_oryzae_2	AF-A7FJK4-F1-model_v6	0.011	253	36	565	0.944	0.446	5.995E-01	5.648E-01	5.273E-02	2.702E-01	48	AF-A7FJK4-F1-model_v6 NAD-dependent malic enzyme
MC25_sitophilus_oryzae_2	AF-B5FEY5-F1-model_v6	0.008	249	36	562	1.000	0.441	5.759E-01	5.648E-01	5.475E-02	2.702E-01	48	AF-B5FEY5-F1-model_v6 NAD-dependent malic enzyme
MC25_sitophilus_oryzae_2	AF-A0KT69-F1-model_v6	0.003	252	36	562	1.000	0.447	5.731E-01	5.645E-01	5.475E-02	2.702E-01	48	AF-A0KT69-F1-model_v6 NAD-dependent malic enzyme
MC25_sitophilus_oryzae_2	AF-Q8NSC4-F1-model_v6	0.003	278	36	474	0.889	0.586	6.173E-01	5.606E-01	6.109E-02	2.702E-01	48	AF-Q8NSC4-F1-model_v6 Adenosylhomocysteinase
MC25_sitophilus_oryzae_2	AF-Q12P83-F1-model_v6	0.010	275	36	404	0.944	0.676	5.755E-01	5.407E-01	6.920E-02	2.702E-01	47	AF-Q12P83-F1-model_v6 Cysteine desulfurase IscS
MC25_sitophilus_oryzae_2	AF-Q9LZ15-F1-model_v6	0.052	57	36	456	1.000	0.118	5.812E-01	5.707E-01	6.539E-02	2.701E-01	47	AF-Q9LZ15-F1-model_v6 Putative F-box/LRR-repeat protein At5g02700
MC25_sitophilus_oryzae_2	AF-Q8XFK6-F1-model_v6	0.033	120	36	185	0.917	0.627	5.407E-01	5.034E-01	1.312E-01	2.701E-01	41	AF-Q8XFK6-F1-model_v6 Thiol:disulfide interchange protein DsbE
MC25_sitophilus_oryzae_2	AF-O13705-F1-model_v6	0.040	98	36	811	1.000	0.118	6.356E-01	6.246E-01	3.950E-02	2.701E-01	50	AF-O13705-F1-model_v6 Exocyst complex component sec10
MC25_sitophilus_oryzae_2	AF-Q1LJK1-F1-model_v6	0.006	159	36	270	0.917	0.589	5.844E-01	5.489E-01	1.040E-01	2.701E-01	43	AF-Q1LJK1-F1-model_v6 Phosphatidylglycerol--prolipoprotein diacylglyceryl transferase
MC25_sitophilus_oryzae_2	AF-Q2GD99-F1-model_v6	0.000	22	36	159	0.556	0.138	6.458E-01	4.694E-01	1.185E-01	2.701E-01	42	AF-Q2GD99-F1-model_v6 Transcription elongation factor GreA
MC25_sitophilus_oryzae_2	AF-Q8CBG9-2-F1-model_v6	0.041	96	36	239	0.694	0.402	6.530E-01	5.030E-01	9.377E-02	2.701E-01	44	AF-Q8CBG9-2-F1-model_v6 E3 ubiquitin-protein ligase RNF170
MC25_sitophilus_oryzae_2	AF-Q692V3-F1-model_v6	0.007	270	36	1318	1.000	0.203	6.103E-01	5.989E-01	2.394E-02	2.701E-01	51	AF-Q692V3-F1-model_v6 Tetratricopeptide repeat protein 41
MC25_sitophilus_oryzae_2	AF-Q8EAP2-F1-model_v6	0.003	252	36	562	1.000	0.447	5.748E-01	5.639E-01	5.473E-02	2.701E-01	48	AF-Q8EAP2-F1-model_v6 NAD-dependent malic enzyme
MC25_sitophilus_oryzae_2	AF-Q88NV1-F1-model_v6	0.018	53	36	816	1.000	0.064	6.030E-01	5.915E-01	3.961E-02	2.701E-01	50	AF-Q88NV1-F1-model_v6 ATP-dependent helicase Lhr-Core
MC25_sitophilus_oryzae_2	AF-P87352-F1-model_v6	0.114	35	36	263	0.861	0.118	5.889E-01	5.213E-01	9.286E-02	2.701E-01	44	AF-P87352-F1-model_v6 Pro-opiomelanocortin
MC25_sitophilus_oryzae_2	AF-Q9H6A9-2-F1-model_v6	0.007	774	36	982	0.889	0.788	6.470E-01	5.861E-01	3.100E-02	2.701E-01	50	AF-Q9H6A9-2-F1-model_v6 Pecanex-like protein 3
MC25_sitophilus_oryzae_2	AF-P73201-F1-model_v6	0.015	65	36	430	1.000	0.147	5.895E-01	5.803E-01	7.311E-02	2.701E-01	46	AF-P73201-F1-model_v6 Serine--tRNA ligase
MC25_sitophilus_oryzae_2	AF-A2BTD0-F1-model_v6	0.000	23	36	160	0.583	0.144	6.270E-01	4.709E-01	1.229E-01	2.701E-01	41	AF-A2BTD0-F1-model_v6 Large ribosomal subunit protein uL16
MC25_sitophilus_oryzae_2	AF-Q24VA2-F1-model_v6	0.021	184	36	441	1.000	0.410	5.681E-01	5.575E-01	6.687E-02	2.700E-01	47	AF-Q24VA2-F1-model_v6 GTPase Der
MC25_sitophilus_oryzae_2	AF-Q7VDI8-F1-model_v6	0.020	50	36	456	0.889	0.103	6.168E-01	5.546E-01	5.821E-02	2.700E-01	48	AF-Q7VDI8-F1-model_v6 GTPase Der
MC25_sitophilus_oryzae_2	AF-Q0HFA9-F1-model_v6	0.008	249	36	562	1.000	0.441	5.749E-01	5.639E-01	5.475E-02	2.700E-01	48	AF-Q0HFA9-F1-model_v6 NAD-dependent malic enzyme
MC25_sitophilus_oryzae_2	AF-F4IZW8-F1-model_v6	0.004	210	36	528	1.000	0.386	5.875E-01	5.761E-01	5.357E-02	2.700E-01	48	AF-F4IZW8-F1-model_v6 Amino acid transporter AVT1F
MC25_sitophilus_oryzae_2	AF-Q8D911-F1-model_v6	0.008	249	36	562	1.000	0.441	5.764E-01	5.654E-01	5.474E-02	2.700E-01	48	AF-Q8D911-F1-model_v6 NAD-dependent malic enzyme
MC25_sitophilus_oryzae_2	AF-A0LK20-F1-model_v6	0.000	22	36	156	0.556	0.141	6.353E-01	4.687E-01	1.208E-01	2.700E-01	42	AF-A0LK20-F1-model_v6 Transcription elongation factor GreA
MC25_sitophilus_oryzae_2	AF-B8B016-F1-model_v6	0.019	104	36	384	0.806	0.268	6.401E-01	5.527E-01	6.871E-02	2.700E-01	47	AF-B8B016-F1-model_v6 Lipoyl synthase 2, chloroplastic
MC25_sitophilus_oryzae_2	AF-Q68WG4-F1-model_v6	0.018	54	36	626	1.000	0.078	5.915E-01	5.804E-01	4.658E-02	2.700E-01	49	AF-Q68WG4-F1-model_v6 UvrABC system protein C
MC25_sitophilus_oryzae_2	AF-Q6FS06-F1-model_v6	0.010	183	36	666	1.000	0.267	5.857E-01	5.744E-01	4.384E-02	2.700E-01	49	AF-Q6FS06-F1-model_v6 Inheritance of peroxisomes protein 2
MC25_sitophilus_oryzae_2	AF-B8ZUM2-F1-model_v6	0.011	175	36	403	1.000	0.427	5.644E-01	5.540E-01	7.266E-02	2.700E-01	46	AF-B8ZUM2-F1-model_v6 S-adenosylmethionine synthase
MC25_sitophilus_oryzae_2	AF-A9L2F4-F1-model_v6	0.003	252	36	562	1.000	0.447	5.747E-01	5.638E-01	5.474E-02	2.699E-01	48	AF-A9L2F4-F1-model_v6 NAD-dependent malic enzyme
MC25_sitophilus_oryzae_2	AF-Q9ERD6-2-F1-model_v6	0.039	101	36	555	1.000	0.177	5.889E-01	5.777E-01	5.396E-02	2.699E-01	48	AF-Q9ERD6-2-F1-model_v6 Ras-specific guanine nucleotide-releasing factor RalGPS2
MC25_sitophilus_oryzae_2	AF-Q2NUD3-F1-model_v6	0.004	250	36	565	1.000	0.439	5.768E-01	5.656E-01	5.356E-02	2.699E-01	48	AF-Q2NUD3-F1-model_v6 NAD-dependent malic enzyme
MC25_sitophilus_oryzae_2	AF-P22638-F1-model_v6	0.069	43	36	607	0.972	0.059	5.747E-01	5.500E-01	4.346E-02	2.699E-01	49	AF-P22638-F1-model_v6 Heterocyst differentiation ATP-binding protein HepA
MC25_sitophilus_oryzae_2	AF-Q5XH90-F1-model_v6	0.000	256	36	493	1.000	0.519	6.162E-01	6.067E-01	6.694E-02	2.699E-01	47	AF-Q5XH90-F1-model_v6 Sodium-coupled neutral amino acid symporter 2
MC25_sitophilus_oryzae_2	AF-Q149B8-F1-model_v6	0.146	41	36	807	0.889	0.050	6.641E-01	6.054E-01	3.678E-02	2.699E-01	50	AF-Q149B8-F1-model_v6 PGC-1 and ERR-induced regulator in muscle protein 1
MC25_sitophilus_oryzae_2	AF-A4TKN8-F1-model_v6	0.011	253	36	565	0.944	0.446	5.991E-01	5.645E-01	5.275E-02	2.699E-01	48	AF-A4TKN8-F1-model_v6 NAD-dependent malic enzyme
MC25_sitophilus_oryzae_2	AF-Q5M638-F1-model_v6	0.095	21	36	160	0.583	0.125	6.439E-01	4.648E-01	1.169E-01	2.698E-01	42	AF-Q5M638-F1-model_v6 Transcription elongation factor GreA
MC25_sitophilus_oryzae_2	AF-A5F1Z0-F1-model_v6	0.008	249	36	562	1.000	0.441	5.746E-01	5.636E-01	5.469E-02	2.698E-01	48	AF-A5F1Z0-F1-model_v6 NAD-dependent malic enzyme
MC25_sitophilus_oryzae_2	AF-A4Y3I1-F1-model_v6	0.003	252	36	562	1.000	0.447	5.744E-01	5.635E-01	5.469E-02	2.698E-01	48	AF-A4Y3I1-F1-model_v6 NAD-dependent malic enzyme
MC25_sitophilus_oryzae_2	AF-Q87AG8-F1-model_v6	0.033	60	36	914	0.861	0.063	6.574E-01	5.835E-01	3.053E-02	2.698E-01	50	AF-Q87AG8-F1-model_v6 Protein translocase subunit SecA
MC25_sitophilus_oryzae_2	AF-Q5QWY8-F1-model_v6	0.016	249	36	562	1.000	0.441	5.783E-01	5.676E-01	5.487E-02	2.698E-01	48	AF-Q5QWY8-F1-model_v6 NAD-dependent malic enzyme
MC25_sitophilus_oryzae_2	AF-Q8RKV3-F1-model_v6	0.007	281	36	292	0.806	0.949	6.172E-01	5.146E-01	7.880E-02	2.698E-01	46	AF-Q8RKV3-F1-model_v6 ATP synthase gamma chain
MC25_sitophilus_oryzae_2	AF-Q5M105-F1-model_v6	0.007	281	36	292	0.806	0.949	6.175E-01	5.150E-01	7.880E-02	2.698E-01	46	AF-Q5M105-F1-model_v6 ATP synthase gamma chain
MC25_sitophilus_oryzae_2	AF-Q037Z6-F1-model_v6	0.032	62	36	657	1.000	0.088	5.893E-01	5.780E-01	4.528E-02	2.698E-01	49	AF-Q037Z6-F1-model_v6 Threonine--tRNA ligase
MC25_sitophilus_oryzae_2	AF-Q8DZT5-F1-model_v6	0.018	106	36	253	1.000	0.403	5.487E-01	5.393E-01	1.084E-01	2.698E-01	43	AF-Q8DZT5-F1-model_v6 Ribonuclease HII
MC25_sitophilus_oryzae_2	AF-Q9I5V0-F1-model_v6	0.045	44	36	423	1.000	0.085	5.740E-01	5.628E-01	6.217E-02	2.698E-01	47	AF-Q9I5V0-F1-model_v6 UPF0229 protein PA0587
MC25_sitophilus_oryzae_2	AF-Q2NT27-F1-model_v6	0.011	90	36	795	1.000	0.103	5.734E-01	5.611E-01	3.352E-02	2.697E-01	50	AF-Q2NT27-F1-model_v6 Phenylalanine--tRNA ligase beta subunit
MC25_sitophilus_oryzae_2	AF-Q8AWC3-F1-model_v6	0.027	36	36	404	0.861	0.084	6.129E-01	5.442E-01	6.640E-02	2.697E-01	47	AF-Q8AWC3-F1-model_v6 Activity-regulated cytoskeleton-associated protein
MC25_sitophilus_oryzae_2	AF-Q5M5J2-F1-model_v6	0.007	281	36	292	0.806	0.949	6.168E-01	5.145E-01	7.883E-02	2.697E-01	46	AF-Q5M5J2-F1-model_v6 ATP synthase gamma chain
MC25_sitophilus_oryzae_2	AF-Q0S0L4-F1-model_v6	0.011	176	36	404	1.000	0.426	5.642E-01	5.537E-01	7.099E-02	2.697E-01	46	AF-Q0S0L4-F1-model_v6 S-adenosylmethionine synthase
MC25_sitophilus_oryzae_2	AF-Q9ZQ97-F1-model_v6	0.008	243	36	496	0.944	0.488	6.056E-01	5.737E-01	6.095E-02	2.697E-01	47	AF-Q9ZQ97-F1-model_v6 UDP-glycosyltransferase 73C4
MC25_sitophilus_oryzae_2	AF-Q03LX4-F1-model_v6	0.007	281	36	292	0.806	0.949	6.175E-01	5.150E-01	7.882E-02	2.697E-01	46	AF-Q03LX4-F1-model_v6 ATP synthase gamma chain
MC25_sitophilus_oryzae_2	AF-Q4ZW63-F1-model_v6	0.007	251	36	563	1.000	0.442	5.797E-01	5.689E-01	5.388E-02	2.697E-01	48	AF-Q4ZW63-F1-model_v6 NAD-dependent malic enzyme
MC25_sitophilus_oryzae_2	AF-A1RNF8-F1-model_v6	0.003	252	36	562	1.000	0.447	5.752E-01	5.643E-01	5.478E-02	2.697E-01	48	AF-A1RNF8-F1-model_v6 NAD-dependent malic enzyme
MC25_sitophilus_oryzae_2	AF-Q7MLG3-F1-model_v6	0.008	249	36	562	1.000	0.441	5.764E-01	5.654E-01	5.474E-02	2.697E-01	48	AF-Q7MLG3-F1-model_v6 NAD-dependent malic enzyme 1
MC25_sitophilus_oryzae_2	AF-Q486Z0-F1-model_v6	0.003	275	36	404	0.944	0.673	5.731E-01	5.384E-01	6.796E-02	2.696E-01	47	AF-Q486Z0-F1-model_v6 Cysteine desulfurase IscS
MC25_sitophilus_oryzae_2	AF-B0UJI9-F1-model_v6	0.095	42	36	437	0.944	0.085	5.976E-01	5.672E-01	6.289E-02	2.696E-01	47	AF-B0UJI9-F1-model_v6 tRNA modification GTPase MnmE
MC25_sitophilus_oryzae_2	AF-O34171-F1-model_v6	0.052	38	36	473	0.806	0.080	6.610E-01	5.642E-01	5.732E-02	2.696E-01	48	AF-O34171-F1-model_v6 Flagellum-specific ATP synthase
MC25_sitophilus_oryzae_2	AF-A1JTY5-F1-model_v6	0.007	252	36	565	0.944	0.446	6.001E-01	5.654E-01	5.394E-02	2.696E-01	48	AF-A1JTY5-F1-model_v6 NAD-dependent malic enzyme
MC25_sitophilus_oryzae_2	AF-Q607A4-F1-model_v6	0.051	39	36	185	1.000	0.157	5.656E-01	4.909E-01	1.246E-01	2.696E-01	41	AF-Q607A4-F1-model_v6 Protein GrpE
MC25_sitophilus_oryzae_2	AF-Q4R8R3-F1-model_v6	0.025	40	36	446	0.944	0.072	6.157E-01	5.560E-01	5.552E-02	2.696E-01	48	AF-Q4R8R3-F1-model_v6 Coiled-coil domain-containing protein 112
MC25_sitophilus_oryzae_2	AF-Q87Y79-F1-model_v6	0.007	251	36	563	1.000	0.442	5.787E-01	5.676E-01	5.385E-02	2.696E-01	48	AF-Q87Y79-F1-model_v6 NAD-dependent malic enzyme
MC25_sitophilus_oryzae_2	AF-Q740D6-F1-model_v6	0.130	46	36	466	0.944	0.099	6.379E-01	6.087E-01	6.828E-02	2.695E-01	47	AF-Q740D6-F1-model_v6 GTPase Der
MC25_sitophilus_oryzae_2	AF-P57464-F1-model_v6	0.000	22	36	159	0.556	0.138	6.352E-01	4.694E-01	1.188E-01	2.695E-01	42	AF-P57464-F1-model_v6 Transcription elongation factor GreA
MC25_sitophilus_oryzae_2	AF-A2C798-F1-model_v6	0.015	65	36	425	1.000	0.148	5.898E-01	5.815E-01	7.409E-02	2.695E-01	46	AF-A2C798-F1-model_v6 Serine--tRNA ligase
MC25_sitophilus_oryzae_2	AF-Q9UTK6-F1-model_v6	0.018	55	36	797	1.000	0.064	6.032E-01	5.917E-01	3.813E-02	2.695E-01	50	AF-Q9UTK6-F1-model_v6 G-patch domain-containing protein C1486.03
MC25_sitophilus_oryzae_2	AF-B4GZN1-F1-model_v6	0.016	123	36	562	1.000	0.206	5.948E-01	5.831E-01	4.835E-02	2.695E-01	49	AF-B4GZN1-F1-model_v6 Protein wntless
MC25_sitophilus_oryzae_2	AF-Q0THU1-F1-model_v6	0.008	249	36	565	1.000	0.439	5.786E-01	5.678E-01	5.474E-02	2.695E-01	48	AF-Q0THU1-F1-model_v6 NAD-dependent malic enzyme
MC25_sitophilus_oryzae_2	AF-A0A5B8YUX3-F1-model_v6	0.000	113	36	409	0.944	0.271	5.966E-01	5.655E-01	7.029E-02	2.695E-01	46	AF-A0A5B8YUX3-F1-model_v6 Transcriptional regulator GME11370
MC25_sitophilus_oryzae_2	AF-Q2M2W7-2-F1-model_v6	0.017	113	36	317	0.833	0.356	6.197E-01	5.546E-01	8.681E-02	2.695E-01	45	AF-Q2M2W7-2-F1-model_v6 UPF0450 protein C17orf58
MC25_sitophilus_oryzae_2	AF-A3D0E1-F1-model_v6	0.003	252	36	562	1.000	0.447	5.746E-01	5.638E-01	5.475E-02	2.695E-01	48	AF-A3D0E1-F1-model_v6 NAD-dependent malic enzyme
MC25_sitophilus_oryzae_2	AF-O60090-F1-model_v6	0.027	36	36	297	0.972	0.114	5.968E-01	5.715E-01	1.001E-01	2.694E-01	44	AF-O60090-F1-model_v6 IMPACT family member C14C8.09c
MC25_sitophilus_oryzae_2	AF-A8F8W9-F1-model_v6	0.018	53	36	656	1.000	0.073	5.738E-01	5.623E-01	4.351E-02	2.694E-01	49	AF-A8F8W9-F1-model_v6 UvrABC system protein B
MC25_sitophilus_oryzae_2	AF-Q47Y94-F1-model_v6	0.064	31	36	362	0.833	0.083	6.302E-01	5.506E-01	7.470E-02	2.694E-01	46	AF-Q47Y94-F1-model_v6 Peptide chain release factor 1
MC25_sitophilus_oryzae_2	AF-B8D9G7-F1-model_v6	0.000	22	36	159	0.556	0.138	6.338E-01	4.694E-01	1.189E-01	2.694E-01	42	AF-B8D9G7-F1-model_v6 Transcription elongation factor GreA
MC25_sitophilus_oryzae_2	AF-C1B4J7-F1-model_v6	0.011	176	36	404	1.000	0.426	5.644E-01	5.538E-01	7.102E-02	2.694E-01	46	AF-C1B4J7-F1-model_v6 S-adenosylmethionine synthase
MC25_sitophilus_oryzae_2	AF-A1RNE1-F1-model_v6	0.064	31	36	363	0.833	0.083	6.337E-01	5.543E-01	7.468E-02	2.694E-01	46	AF-A1RNE1-F1-model_v6 Peptide chain release factor 1
MC25_sitophilus_oryzae_2	AF-A5GN16-F1-model_v6	0.015	65	36	425	1.000	0.148	5.876E-01	5.794E-01	7.404E-02	2.694E-01	46	AF-A5GN16-F1-model_v6 Serine--tRNA ligase
MC25_sitophilus_oryzae_2	AF-Q9GSF8-F1-model_v6	0.023	85	36	437	0.944	0.192	6.034E-01	5.714E-01	6.863E-02	2.694E-01	47	AF-Q9GSF8-F1-model_v6 La-related protein 7 homolog
MC25_sitophilus_oryzae_2	AF-Q4L547-F1-model_v6	0.014	206	36	556	0.806	0.371	6.757E-01	5.760E-01	4.960E-02	2.694E-01	48	AF-Q4L547-F1-model_v6 2-succinyl-5-enolpyruvyl-6-hydroxy-3-cyclohexene-1-carboxylate synthase
MC25_sitophilus_oryzae_2	AF-A9KP81-F1-model_v6	0.027	109	36	403	1.000	0.263	5.686E-01	5.583E-01	7.210E-02	2.694E-01	46	AF-A9KP81-F1-model_v6 Glutamyl-tRNA reductase 1
MC25_sitophilus_oryzae_2	AF-Q60A21-F1-model_v6	0.033	30	36	360	0.778	0.081	6.570E-01	5.434E-01	7.051E-02	2.694E-01	46	AF-Q60A21-F1-model_v6 Peptide chain release factor 1
MC25_sitophilus_oryzae_2	AF-B9L0L0-F1-model_v6	0.000	80	36	156	0.806	0.462	5.563E-01	4.630E-01	1.225E-01	2.694E-01	41	AF-B9L0L0-F1-model_v6 Transcription elongation factor GreA
MC25_sitophilus_oryzae_2	AF-A7E1Z1-F1-model_v6	0.016	59	36	235	0.944	0.209	5.470E-01	5.145E-01	9.660E-02	2.693E-01	44	AF-A7E1Z1-F1-model_v6 Transmembrane protein 215
MC25_sitophilus_oryzae_2	AF-Q9NPB9-F1-model_v6	0.024	41	36	350	0.917	0.111	5.889E-01	5.456E-01	7.856E-02	2.693E-01	46	AF-Q9NPB9-F1-model_v6 Atypical chemokine receptor 4
MC25_sitophilus_oryzae_2	AF-P45872-F1-model_v6	0.000	36	36	356	0.917	0.093	5.837E-01	5.370E-01	7.418E-02	2.693E-01	46	AF-P45872-F1-model_v6 Peptide chain release factor 1
MC25_sitophilus_oryzae_2	AF-B8E835-F1-model_v6	0.003	252	36	562	1.000	0.447	5.741E-01	5.632E-01	5.470E-02	2.693E-01	48	AF-B8E835-F1-model_v6 NAD-dependent malic enzyme
MC25_sitophilus_oryzae_2	AF-Q9Y271-F1-model_v6	0.046	43	36	337	0.806	0.125	6.333E-01	5.395E-01	7.583E-02	2.693E-01	46	AF-Q9Y271-F1-model_v6 Cysteinyl leukotriene receptor 1
MC25_sitophilus_oryzae_2	AF-K4GHR9-F1-model_v6	0.004	243	36	495	0.944	0.489	6.087E-01	5.771E-01	6.127E-02	2.693E-01	47	AF-K4GHR9-F1-model_v6 UDP-glycosyltransferase 1
MC25_sitophilus_oryzae_2	AF-B8D7R9-F1-model_v6	0.000	22	36	159	0.556	0.138	6.347E-01	4.690E-01	1.188E-01	2.693E-01	42	AF-B8D7R9-F1-model_v6 Transcription elongation factor GreA
MC25_sitophilus_oryzae_2	AF-O32193-F1-model_v6	0.005	195	36	451	0.889	0.432	6.423E-01	5.897E-01	6.534E-02	2.693E-01	47	AF-O32193-F1-model_v6 Sensor histidine kinase CssS
MC25_sitophilus_oryzae_2	AF-A0A142I724-F1-model_v6	0.020	143	36	595	1.000	0.240	6.190E-01	6.119E-01	5.620E-02	2.693E-01	48	AF-A0A142I724-F1-model_v6 MFS-type transporter phomT
MC25_sitophilus_oryzae_2	AF-O35864-F1-model_v6	0.000	108	36	334	0.889	0.311	6.043E-01	5.459E-01	7.652E-02	2.693E-01	46	AF-O35864-F1-model_v6 COP9 signalosome complex subunit 5
MC25_sitophilus_oryzae_2	AF-Q86X27-3-F1-model_v6	0.029	101	36	557	1.000	0.176	5.875E-01	5.764E-01	5.393E-02	2.693E-01	48	AF-Q86X27-3-F1-model_v6 Ras-specific guanine nucleotide-releasing factor RalGPS2
MC25_sitophilus_oryzae_2	AF-Q8GBW6-F1-model_v6	0.025	40	36	524	0.833	0.074	6.580E-01	5.735E-01	5.215E-02	2.692E-01	48	AF-Q8GBW6-F1-model_v6 Methylmalonyl-CoA carboxyltransferase 12S subunit
MC25_sitophilus_oryzae_2	AF-Q83E18-F1-model_v6	0.016	59	36	672	1.000	0.086	6.058E-01	5.951E-01	4.776E-02	2.692E-01	49	AF-Q83E18-F1-model_v6 UvrABC system protein B
MC25_sitophilus_oryzae_2	AF-Q05788-F1-model_v6	0.007	272	36	311	0.833	0.875	6.084E-01	5.257E-01	8.305E-02	2.692E-01	45	AF-Q05788-F1-model_v6 Purine nucleoside phosphorylase
MC25_sitophilus_oryzae_2	AF-Q8G5I3-F1-model_v6	0.042	47	36	1066	0.944	0.041	6.392E-01	6.016E-01	2.773E-02	2.692E-01	51	AF-Q8G5I3-F1-model_v6 UPF0182 protein BL1029
MC25_sitophilus_oryzae_2	AF-Q6FYM1-F1-model_v6	0.021	46	36	511	0.833	0.086	6.539E-01	5.624E-01	5.146E-02	2.692E-01	48	AF-Q6FYM1-F1-model_v6 ATP synthase subunit alpha
MC25_sitophilus_oryzae_2	AF-Q8FHH1-F1-model_v6	0.008	249	36	565	1.000	0.439	5.794E-01	5.683E-01	5.476E-02	2.692E-01	48	AF-Q8FHH1-F1-model_v6 NAD-dependent malic enzyme
MC25_sitophilus_oryzae_2	AF-O62826-F1-model_v6	0.028	71	36	432	0.889	0.153	6.183E-01	5.556E-01	5.845E-02	2.692E-01	48	AF-O62826-F1-model_v6 Short transient receptor potential channel 2 homolog
MC25_sitophilus_oryzae_2	AF-B4QSF0-F1-model_v6	0.023	43	36	758	0.944	0.051	6.167E-01	5.837E-01	3.748E-02	2.692E-01	50	AF-B4QSF0-F1-model_v6 Spastin
MC25_sitophilus_oryzae_2	AF-Q73FU0-F1-model_v6	0.014	281	36	290	0.861	0.952	5.904E-01	5.198E-01	8.153E-02	2.692E-01	45	AF-Q73FU0-F1-model_v6 ATP synthase gamma chain
MC25_sitophilus_oryzae_2	AF-Q6MU89-F1-model_v6	0.064	31	36	364	0.833	0.082	6.305E-01	5.495E-01	7.429E-02	2.692E-01	46	AF-Q6MU89-F1-model_v6 Peptide chain release factor 1
MC25_sitophilus_oryzae_2	AF-Q1CGT4-F1-model_v6	0.012	250	36	565	1.000	0.439	5.766E-01	5.659E-01	5.358E-02	2.692E-01	48	AF-Q1CGT4-F1-model_v6 NAD-dependent malic enzyme
MC25_sitophilus_oryzae_2	AF-P48926-F1-model_v6	0.000	134	36	175	0.861	0.737	5.513E-01	4.907E-01	1.299E-01	2.692E-01	41	AF-P48926-F1-model_v6 NADH-ubiquinone oxidoreductase chain 6
MC25_sitophilus_oryzae_2	AF-Q9SKC3-F1-model_v6	0.000	57	36	543	1.000	0.092	5.582E-01	5.473E-01	4.946E-02	2.692E-01	48	AF-Q9SKC3-F1-model_v6 Probable E3 ubiquitin-protein ligase ARI9
MC25_sitophilus_oryzae_2	AF-Q1RBT9-F1-model_v6	0.008	249	36	565	1.000	0.439	5.758E-01	5.648E-01	5.474E-02	2.692E-01	48	AF-Q1RBT9-F1-model_v6 NAD-dependent malic enzyme
MC25_sitophilus_oryzae_2	AF-Q8N4L1-F1-model_v6	0.028	70	36	468	1.000	0.132	5.827E-01	5.715E-01	5.702E-02	2.692E-01	48	AF-Q8N4L1-F1-model_v6 Transmembrane protein 151A
MC25_sitophilus_oryzae_2	AF-B3CTQ6-F1-model_v6	0.012	80	36	159	0.806	0.453	5.608E-01	4.669E-01	1.214E-01	2.691E-01	41	AF-B3CTQ6-F1-model_v6 Transcription elongation factor GreA
MC25_sitophilus_oryzae_2	AF-A4J9A1-F1-model_v6	0.065	46	36	501	0.833	0.088	6.501E-01	5.639E-01	5.301E-02	2.691E-01	48	AF-A4J9A1-F1-model_v6 ATP synthase subunit alpha
MC25_sitophilus_oryzae_2	AF-Q4R7W3-F1-model_v6	0.029	101	36	557	1.000	0.176	5.876E-01	5.765E-01	5.394E-02	2.691E-01	48	AF-Q4R7W3-F1-model_v6 Ras-specific guanine nucleotide-releasing factor RalGPS2
MC25_sitophilus_oryzae_2	AF-Q0VPZ5-F1-model_v6	0.035	57	36	607	1.000	0.086	5.684E-01	5.569E-01	4.660E-02	2.691E-01	49	AF-Q0VPZ5-F1-model_v6 UvrABC system protein C
MC25_sitophilus_oryzae_2	AF-Q66C80-F1-model_v6	0.012	250	36	565	1.000	0.439	5.768E-01	5.660E-01	5.359E-02	2.691E-01	48	AF-Q66C80-F1-model_v6 NAD-dependent malic enzyme
MC25_sitophilus_oryzae_2	AF-B1JPZ6-F1-model_v6	0.012	250	36	565	1.000	0.439	5.768E-01	5.659E-01	5.357E-02	2.691E-01	48	AF-B1JPZ6-F1-model_v6 NAD-dependent malic enzyme
MC25_sitophilus_oryzae_2	AF-Q8K9G6-F1-model_v6	0.000	22	36	159	0.556	0.138	6.319E-01	4.691E-01	1.188E-01	2.691E-01	42	AF-Q8K9G6-F1-model_v6 Transcription elongation factor GreA
MC25_sitophilus_oryzae_2	AF-Q5X906-F1-model_v6	0.054	37	36	663	0.889	0.051	6.224E-01	5.572E-01	4.103E-02	2.691E-01	49	AF-Q5X906-F1-model_v6 UvrABC system protein B
MC25_sitophilus_oryzae_2	AF-P12070-F1-model_v6	0.054	74	36	395	1.000	0.175	5.563E-01	5.456E-01	7.035E-02	2.691E-01	46	AF-P12070-F1-model_v6 Xylose isomerase
MC25_sitophilus_oryzae_2	AF-Q7A5S6-F1-model_v6	0.001	626	36	1009	1.000	0.615	6.033E-01	5.916E-01	2.936E-02	2.691E-01	50	AF-Q7A5S6-F1-model_v6 Nuclease SbcCD subunit C
MC25_sitophilus_oryzae_2	AF-Q9UGC7-F1-model_v6	0.083	48	36	380	1.000	0.103	5.708E-01	5.597E-01	6.759E-02	2.691E-01	47	AF-Q9UGC7-F1-model_v6 Peptide chain release factor 1-like, mitochondrial
MC25_sitophilus_oryzae_2	AF-Q8XAS9-F1-model_v6	0.008	249	36	565	1.000	0.439	5.752E-01	5.643E-01	5.479E-02	2.691E-01	48	AF-Q8XAS9-F1-model_v6 NAD-dependent malic enzyme
MC25_sitophilus_oryzae_2	AF-A5I9P3-F1-model_v6	0.054	37	36	663	0.889	0.051	6.217E-01	5.565E-01	4.102E-02	2.691E-01	49	AF-A5I9P3-F1-model_v6 UvrABC system protein B
MC25_sitophilus_oryzae_2	AF-Q6UXU4-2-F1-model_v6	0.000	102	36	176	1.000	0.534	5.111E-01	5.045E-01	1.358E-01	2.691E-01	40	AF-Q6UXU4-2-F1-model_v6 Germ cell-specific gene 1-like protein
MC25_sitophilus_oryzae_2	AF-B2JZJ5-F1-model_v6	0.012	250	36	565	1.000	0.439	5.764E-01	5.657E-01	5.357E-02	2.691E-01	48	AF-B2JZJ5-F1-model_v6 NAD-dependent malic enzyme
MC25_sitophilus_oryzae_2	AF-A9IRQ9-F1-model_v6	0.038	77	36	503	0.917	0.145	6.137E-01	5.664E-01	5.409E-02	2.690E-01	48	AF-A9IRQ9-F1-model_v6 Cysteine--tRNA ligase
MC25_sitophilus_oryzae_2	AF-Q9TYU9-F1-model_v6	0.000	164	36	843	1.000	0.189	5.899E-01	5.782E-01	3.472E-02	2.690E-01	50	AF-Q9TYU9-F1-model_v6 Excretory canal abnormal protein 6
MC25_sitophilus_oryzae_2	AF-A0A8M9Q308-F1-model_v6	0.088	34	36	485	0.944	0.062	6.433E-01	5.617E-01	5.662E-02	2.690E-01	48	AF-A0A8M9Q308-F1-model_v6 Choline/ethanolamine transporter flvcr2b
MC25_sitophilus_oryzae_2	AF-Q0T457-F1-model_v6	0.008	249	36	565	1.000	0.439	5.748E-01	5.638E-01	5.478E-02	2.690E-01	48	AF-Q0T457-F1-model_v6 NAD-dependent malic enzyme
MC25_sitophilus_oryzae_2	AF-P40215-F1-model_v6	0.020	48	36	560	0.944	0.077	6.152E-01	5.797E-01	4.930E-02	2.690E-01	48	AF-P40215-F1-model_v6 External NADH-ubiquinone oxidoreductase 1, mitochondrial
MC25_sitophilus_oryzae_2	AF-O43663-3-F1-model_v6	0.046	43	36	525	0.833	0.080	6.416E-01	5.590E-01	5.157E-02	2.690E-01	48	AF-O43663-3-F1-model_v6 Protein regulator of cytokinesis 1
MC25_sitophilus_oryzae_2	AF-Q6B8Q8-F1-model_v6	0.027	74	36	503	1.000	0.137	5.989E-01	5.882E-01	5.773E-02	2.690E-01	48	AF-Q6B8Q8-F1-model_v6 ATP synthase subunit alpha, chloroplastic
MC25_sitophilus_oryzae_2	AF-B3QTT2-F1-model_v6	0.045	22	36	205	0.556	0.107	7.180E-01	4.820E-01	9.324E-02	2.690E-01	44	AF-B3QTT2-F1-model_v6 Protein GrpE
MC25_sitophilus_oryzae_2	AF-A2RFC3-F1-model_v6	0.007	280	36	291	0.806	0.948	6.155E-01	5.137E-01	7.915E-02	2.690E-01	45	AF-A2RFC3-F1-model_v6 ATP synthase gamma chain
MC25_sitophilus_oryzae_2	AF-B3EE12-F1-model_v6	0.012	81	36	159	0.833	0.459	5.388E-01	4.626E-01	1.248E-01	2.690E-01	41	AF-B3EE12-F1-model_v6 Transcription elongation factor GreA
MC25_sitophilus_oryzae_2	AF-B4SCE2-F1-model_v6	0.058	102	36	429	0.944	0.228	5.930E-01	5.584E-01	6.396E-02	2.690E-01	47	AF-B4SCE2-F1-model_v6 Histidine--tRNA ligase
MC25_sitophilus_oryzae_2	AF-C4ZWP8-F1-model_v6	0.008	249	36	565	1.000	0.439	5.785E-01	5.674E-01	5.474E-02	2.690E-01	48	AF-C4ZWP8-F1-model_v6 NAD-dependent malic enzyme
MC25_sitophilus_oryzae_2	AF-Q320R8-F1-model_v6	0.008	249	36	565	1.000	0.439	5.787E-01	5.675E-01	5.474E-02	2.690E-01	48	AF-Q320R8-F1-model_v6 NAD-dependent malic enzyme
MC25_sitophilus_oryzae_2	AF-A5CWF7-F1-model_v6	0.030	65	36	65	0.889	0.831	4.143E-01	3.758E-01	2.374E-01	2.689E-01	31	AF-A5CWF7-F1-model_v6 Large ribosomal subunit protein bL35
MC25_sitophilus_oryzae_2	AF-Q2LZ37-F1-model_v6	0.016	123	36	562	1.000	0.206	5.938E-01	5.822E-01	4.836E-02	2.689E-01	48	AF-Q2LZ37-F1-model_v6 Protein wntless
MC25_sitophilus_oryzae_2	AF-A4XKY5-F1-model_v6	0.048	41	36	661	0.861	0.062	6.630E-01	5.913E-01	4.443E-02	2.689E-01	49	AF-A4XKY5-F1-model_v6 UvrABC system protein B
MC25_sitophilus_oryzae_2	AF-Q8Y0N2-F1-model_v6	0.073	41	36	696	0.861	0.059	6.636E-01	5.912E-01	4.224E-02	2.689E-01	49	AF-Q8Y0N2-F1-model_v6 UvrABC system protein B
MC25_sitophilus_oryzae_2	AF-Q21YY9-F1-model_v6	0.032	31	36	366	0.833	0.082	6.336E-01	5.559E-01	7.419E-02	2.689E-01	46	AF-Q21YY9-F1-model_v6 Peptide chain release factor 1
MC25_sitophilus_oryzae_2	AF-Q475B0-F1-model_v6	0.006	159	36	276	0.917	0.576	5.848E-01	5.494E-01	1.019E-01	2.689E-01	43	AF-Q475B0-F1-model_v6 Phosphatidylglycerol--prolipoprotein diacylglyceryl transferase
MC25_sitophilus_oryzae_2	AF-Q8D2T1-F1-model_v6	0.050	40	36	315	1.000	0.102	5.870E-01	5.343E-01	8.153E-02	2.689E-01	45	AF-Q8D2T1-F1-model_v6 Magnesium transport protein CorA
MC25_sitophilus_oryzae_2	AF-B4N5D3-F1-model_v6	0.008	124	36	562	1.000	0.208	5.936E-01	5.820E-01	4.832E-02	2.689E-01	48	AF-B4N5D3-F1-model_v6 Protein wntless
MC25_sitophilus_oryzae_2	AF-Q68XG5-F1-model_v6	0.000	42	36	662	0.861	0.062	6.625E-01	5.905E-01	4.349E-02	2.689E-01	49	AF-Q68XG5-F1-model_v6 UvrABC system protein B
MC25_sitophilus_oryzae_2	AF-B7MUR3-F1-model_v6	0.008	249	36	565	1.000	0.439	5.755E-01	5.646E-01	5.476E-02	2.689E-01	48	AF-B7MUR3-F1-model_v6 NAD-dependent malic enzyme
MC25_sitophilus_oryzae_2	AF-B9LRF2-F1-model_v6	0.034	58	36	416	0.889	0.127	6.155E-01	5.541E-01	6.072E-02	2.689E-01	47	AF-B9LRF2-F1-model_v6 Peptide chain release factor subunit 1
MC25_sitophilus_oryzae_2	AF-O05542-F1-model_v6	0.037	80	36	757	1.000	0.102	5.921E-01	5.804E-01	4.016E-02	2.689E-01	49	AF-O05542-F1-model_v6 Alcohol dehydrogenase (quinone), dehydrogenase subunit
MC25_sitophilus_oryzae_2	AF-A6V1V5-F1-model_v6	0.004	250	36	564	1.000	0.441	5.785E-01	5.674E-01	5.494E-02	2.688E-01	48	AF-A6V1V5-F1-model_v6 NAD-dependent malic enzyme
MC25_sitophilus_oryzae_2	AF-B0Y462-F1-model_v6	0.000	35	36	378	0.750	0.093	6.734E-01	5.495E-01	6.626E-02	2.688E-01	47	AF-B0Y462-F1-model_v6 Mitogen-activated protein kinase mpkC
MC25_sitophilus_oryzae_2	AF-Q1RH22-F1-model_v6	0.024	41	36	1157	1.000	0.028	6.630E-01	5.948E-01	2.292E-02	2.688E-01	51	AF-Q1RH22-F1-model_v6 Uncharacterized lipoprotein RBE_1261
MC25_sitophilus_oryzae_2	AF-Q8SW76-F1-model_v6	0.005	173	36	267	0.861	0.637	5.937E-01	5.305E-01	9.503E-02	2.688E-01	44	AF-Q8SW76-F1-model_v6 UPF0328 protein ECU03_0110
MC25_sitophilus_oryzae_2	AF-O07402-F1-model_v6	0.020	247	36	306	0.972	0.794	5.772E-01	5.590E-01	9.243E-02	2.688E-01	44	AF-O07402-F1-model_v6 Uncharacterized protein MAV321
MC25_sitophilus_oryzae_2	AF-A3QH30-F1-model_v6	0.029	34	36	361	0.833	0.091	6.269E-01	5.496E-01	7.503E-02	2.688E-01	46	AF-A3QH30-F1-model_v6 Peptide chain release factor 1
MC25_sitophilus_oryzae_2	AF-Q9HYD5-F1-model_v6	0.003	253	36	564	0.944	0.449	6.017E-01	5.670E-01	5.409E-02	2.688E-01	48	AF-Q9HYD5-F1-model_v6 NAD-dependent malic enzyme
MC25_sitophilus_oryzae_2	AF-Q9UL54-2-F1-model_v6	0.026	38	36	1049	0.833	0.036	6.777E-01	5.941E-01	2.778E-02	2.688E-01	50	AF-Q9UL54-2-F1-model_v6 Serine/threonine-protein kinase TAO2
MC25_sitophilus_oryzae_2	AF-B7URL9-F1-model_v6	0.008	249	36	565	1.000	0.439	5.785E-01	5.674E-01	5.473E-02	2.688E-01	48	AF-B7URL9-F1-model_v6 NAD-dependent malic enzyme
MC25_sitophilus_oryzae_2	AF-O97681-F1-model_v6	0.055	36	36	854	0.861	0.041	6.694E-01	5.969E-01	3.386E-02	2.688E-01	50	AF-O97681-F1-model_v6 V-type proton ATPase 116 kDa subunit a 2
MC25_sitophilus_oryzae_2	AF-Q5HHR0-F1-model_v6	0.024	41	36	663	0.861	0.062	6.629E-01	5.910E-01	4.427E-02	2.688E-01	49	AF-Q5HHR0-F1-model_v6 UvrABC system protein B
MC25_sitophilus_oryzae_2	AF-Q9PP35-F1-model_v6	0.033	120	36	773	1.000	0.153	5.927E-01	5.812E-01	4.088E-02	2.688E-01	49	AF-Q9PP35-F1-model_v6 Phenylalanine--tRNA ligase beta subunit
MC25_sitophilus_oryzae_2	AF-K4GHS2-F1-model_v6	0.004	243	36	495	0.944	0.489	6.028E-01	5.718E-01	6.124E-02	2.687E-01	47	AF-K4GHS2-F1-model_v6 UDP-glycosyltransferase 73C13
MC25_sitophilus_oryzae_2	AF-Q5NFN4-F1-model_v6	0.037	54	36	668	0.972	0.075	5.865E-01	5.664E-01	4.340E-02	2.687E-01	49	AF-Q5NFN4-F1-model_v6 UvrABC system protein B
MC25_sitophilus_oryzae_2	AF-Q7CPC0-F1-model_v6	0.032	62	36	577	0.917	0.106	6.249E-01	5.802E-01	5.119E-02	2.687E-01	48	AF-Q7CPC0-F1-model_v6 Phosphoethanolamine transferase CptA
MC25_sitophilus_oryzae_2	AF-Q8NXM0-F1-model_v6	0.024	41	36	663	0.861	0.062	6.629E-01	5.911E-01	4.427E-02	2.687E-01	49	AF-Q8NXM0-F1-model_v6 UvrABC system protein B
MC25_sitophilus_oryzae_2	AF-Q1C9U8-F1-model_v6	0.012	250	36	565	1.000	0.439	5.753E-01	5.647E-01	5.357E-02	2.687E-01	48	AF-Q1C9U8-F1-model_v6 NAD-dependent malic enzyme
MC25_sitophilus_oryzae_2	AF-A4SFN0-F1-model_v6	0.012	81	36	159	0.833	0.459	5.388E-01	4.624E-01	1.242E-01	2.687E-01	41	AF-A4SFN0-F1-model_v6 Transcription elongation factor GreA
MC25_sitophilus_oryzae_2	AF-P67425-F1-model_v6	0.024	41	36	663	0.861	0.062	6.629E-01	5.910E-01	4.427E-02	2.687E-01	49	AF-P67425-F1-model_v6 UvrABC system protein B
MC25_sitophilus_oryzae_2	AF-Q95ST2-2-F1-model_v6	0.008	124	36	562	1.000	0.208	5.928E-01	5.812E-01	4.840E-02	2.687E-01	48	AF-Q95ST2-2-F1-model_v6 Protein wntless
MC25_sitophilus_oryzae_2	AF-P58105-F1-model_v6	0.071	42	36	369	1.000	0.108	5.688E-01	5.588E-01	7.957E-02	2.686E-01	45	AF-P58105-F1-model_v6 Peptide chain release factor 2
MC25_sitophilus_oryzae_2	AF-P54815-2-F1-model_v6	0.016	119	36	339	0.861	0.339	6.087E-01	5.395E-01	7.382E-02	2.686E-01	46	AF-P54815-2-F1-model_v6 Mitochondrial sorting homolog
MC25_sitophilus_oryzae_2	AF-B4R4T6-F1-model_v6	0.005	358	36	643	0.889	0.555	6.438E-01	5.886E-01	4.567E-02	2.686E-01	49	AF-B4R4T6-F1-model_v6 Sodium-dependent nutrient amino acid transporter 1
MC25_sitophilus_oryzae_2	AF-Q5M3I4-F1-model_v6	0.005	184	36	209	0.861	0.876	5.459E-01	4.922E-01	1.158E-01	2.686E-01	42	AF-Q5M3I4-F1-model_v6 Guanylate kinase
MC25_sitophilus_oryzae_2	AF-G3Y415-F1-model_v6	0.017	227	36	817	1.000	0.275	6.011E-01	5.895E-01	3.839E-02	2.686E-01	49	AF-G3Y415-F1-model_v6 Transcription factor yanR
MC25_sitophilus_oryzae_2	AF-P67424-F1-model_v6	0.024	41	36	663	0.861	0.062	6.628E-01	5.910E-01	4.427E-02	2.686E-01	49	AF-P67424-F1-model_v6 UvrABC system protein B
MC25_sitophilus_oryzae_2	AF-A7I0P0-F1-model_v6	0.000	60	36	63	0.861	0.810	4.024E-01	3.627E-01	2.426E-01	2.685E-01	31	AF-A7I0P0-F1-model_v6 Large ribosomal subunit protein bL35
MC25_sitophilus_oryzae_2	AF-Q02QW0-F1-model_v6	0.003	253	36	564	0.944	0.449	6.014E-01	5.669E-01	5.411E-02	2.685E-01	48	AF-Q02QW0-F1-model_v6 NAD-dependent malic enzyme
MC25_sitophilus_oryzae_2	AF-Q4V8A0-F1-model_v6	0.050	79	36	247	0.944	0.308	5.522E-01	5.234E-01	1.072E-01	2.685E-01	43	AF-Q4V8A0-F1-model_v6 E3 SUMO-protein ligase NSE2
MC25_sitophilus_oryzae_2	AF-B6J1E8-F1-model_v6	0.016	59	36	672	1.000	0.086	6.039E-01	5.931E-01	4.778E-02	2.684E-01	48	AF-B6J1E8-F1-model_v6 UvrABC system protein B
MC25_sitophilus_oryzae_2	AF-Q7QBW0-F1-model_v6	0.000	37	36	827	0.889	0.044	6.295E-01	5.644E-01	3.505E-02	2.684E-01	50	AF-Q7QBW0-F1-model_v6 Spastin
MC25_sitophilus_oryzae_2	AF-B7LQX1-F1-model_v6	0.008	249	36	565	1.000	0.439	5.741E-01	5.637E-01	5.474E-02	2.683E-01	48	AF-B7LQX1-F1-model_v6 NAD-dependent malic enzyme
MC25_sitophilus_oryzae_2	AF-Q5M1J6-F1-model_v6	0.095	21	36	160	0.583	0.125	6.511E-01	4.641E-01	1.168E-01	2.683E-01	42	AF-Q5M1J6-F1-model_v6 Transcription elongation factor GreA
MC25_sitophilus_oryzae_2	AF-Q9CKU1-F1-model_v6	0.000	37	36	509	0.889	0.065	6.065E-01	5.409E-01	5.060E-02	2.683E-01	48	AF-Q9CKU1-F1-model_v6 Surface lipoprotein assembly modifier
MC25_sitophilus_oryzae_2	AF-Q8MIQ9-F1-model_v6	0.008	361	36	845	1.000	0.427	6.461E-01	6.361E-01	4.057E-02	2.683E-01	49	AF-Q8MIQ9-F1-model_v6 P protein
MC25_sitophilus_oryzae_2	AF-Q6GB72-F1-model_v6	0.024	41	36	663	0.861	0.062	6.622E-01	5.906E-01	4.427E-02	2.683E-01	49	AF-Q6GB72-F1-model_v6 UvrABC system protein B
MC25_sitophilus_oryzae_2	AF-A8FYZ0-F1-model_v6	0.031	32	36	361	0.833	0.083	6.205E-01	5.366E-01	7.266E-02	2.683E-01	46	AF-A8FYZ0-F1-model_v6 Peptide chain release factor 1
MC25_sitophilus_oryzae_2	AF-Q87Q92-F1-model_v6	0.008	249	36	562	1.000	0.441	5.743E-01	5.634E-01	5.476E-02	2.683E-01	48	AF-Q87Q92-F1-model_v6 NAD-dependent malic enzyme
MC25_sitophilus_oryzae_2	AF-A0A8M9Q308-2-F1-model_v6	0.088	34	36	495	0.944	0.061	6.428E-01	5.615E-01	5.549E-02	2.683E-01	48	AF-A0A8M9Q308-2-F1-model_v6 Choline/ethanolamine transporter flvcr2b
MC25_sitophilus_oryzae_2	AF-Q4WUN7-F1-model_v6	0.000	67	36	378	0.750	0.177	6.654E-01	5.468E-01	6.632E-02	2.683E-01	47	AF-Q4WUN7-F1-model_v6 Mitogen-activated protein kinase mpkC
MC25_sitophilus_oryzae_2	AF-Q2H6A9-F1-model_v6	0.000	36	36	277	0.889	0.119	5.737E-01	5.189E-01	9.069E-02	2.682E-01	44	AF-Q2H6A9-F1-model_v6 rRNA-processing protein EFG1
MC25_sitophilus_oryzae_2	AF-P55746-F1-model_v6	0.000	40	36	1182	0.944	0.030	6.273E-01	5.920E-01	2.459E-02	2.682E-01	51	AF-P55746-F1-model_v6 Cytotoxicity-associated immunodominant antigen
MC25_sitophilus_oryzae_2	AF-Q79G04-F1-model_v6	0.029	68	36	468	0.917	0.141	6.068E-01	5.625E-01	6.021E-02	2.682E-01	47	AF-Q79G04-F1-model_v6 PE family protein PE3
MC25_sitophilus_oryzae_2	AF-P36557-F1-model_v6	0.041	48	36	356	1.000	0.124	5.533E-01	5.439E-01	8.086E-02	2.682E-01	45	AF-P36557-F1-model_v6 Sensor protein BasS
MC25_sitophilus_oryzae_2	AF-Q6MT18-F1-model_v6	0.011	90	36	794	1.000	0.103	5.776E-01	5.651E-01	3.353E-02	2.682E-01	50	AF-Q6MT18-F1-model_v6 Phenylalanine--tRNA ligase beta subunit
MC25_sitophilus_oryzae_2	AF-A1A139-F1-model_v6	0.020	48	36	1083	0.917	0.043	6.458E-01	5.956E-01	2.788E-02	2.682E-01	50	AF-A1A139-F1-model_v6 UPF0182 protein BAD_0641
MC25_sitophilus_oryzae_2	AF-Q6MJE4-F1-model_v6	0.008	249	36	565	1.000	0.439	5.748E-01	5.638E-01	5.440E-02	2.682E-01	48	AF-Q6MJE4-F1-model_v6 NAD-dependent malic enzyme
MC25_sitophilus_oryzae_2	AF-A1S544-F1-model_v6	0.007	275	36	404	0.944	0.676	5.716E-01	5.369E-01	6.903E-02	2.682E-01	46	AF-A1S544-F1-model_v6 Cysteine desulfurase IscS
MC25_sitophilus_oryzae_2	AF-Q03214-F1-model_v6	0.016	62	36	1411	1.000	0.041	5.998E-01	5.878E-01	2.168E-02	2.682E-01	51	AF-Q03214-F1-model_v6 Protein ECM5
MC25_sitophilus_oryzae_2	AF-Q6GIN3-F1-model_v6	0.024	41	36	663	0.861	0.062	6.619E-01	5.903E-01	4.426E-02	2.681E-01	49	AF-Q6GIN3-F1-model_v6 UvrABC system protein B
MC25_sitophilus_oryzae_2	AF-B2HYI3-F1-model_v6	0.034	58	36	907	0.944	0.064	6.403E-01	6.066E-01	3.548E-02	2.680E-01	50	AF-B2HYI3-F1-model_v6 Protein translocase subunit SecA
MC25_sitophilus_oryzae_2	AF-A8EQY4-F1-model_v6	0.000	59	36	65	0.806	0.800	4.159E-01	3.675E-01	2.422E-01	2.680E-01	31	AF-A8EQY4-F1-model_v6 Large ribosomal subunit protein bL35
MC25_sitophilus_oryzae_2	AF-Q8K2H2-F1-model_v6	0.029	34	36	294	0.889	0.102	6.036E-01	5.254E-01	8.549E-02	2.680E-01	45	AF-Q8K2H2-F1-model_v6 Deubiquitinase OTUD6B
MC25_sitophilus_oryzae_2	AF-O13089-F1-model_v6	0.017	58	36	522	0.917	0.105	6.039E-01	5.581E-01	5.277E-02	2.679E-01	48	AF-O13089-F1-model_v6 DNA-binding protein Ikaros
MC25_sitophilus_oryzae_2	AF-B7LZ73-F1-model_v6	0.007	251	36	565	1.000	0.439	5.694E-01	5.589E-01	5.301E-02	2.679E-01	48	AF-B7LZ73-F1-model_v6 NAD-dependent malic enzyme
MC25_sitophilus_oryzae_2	AF-Q9CS74-F1-model_v6	0.030	65	36	641	0.889	0.101	6.319E-01	5.721E-01	4.542E-02	2.679E-01	49	AF-Q9CS74-F1-model_v6 Protein ecdysoneless homolog
MC25_sitophilus_oryzae_2	AF-Q47Z18-F1-model_v6	0.087	57	36	639	1.000	0.081	5.702E-01	5.586E-01	4.443E-02	2.678E-01	49	AF-Q47Z18-F1-model_v6 UvrABC system protein C
MC25_sitophilus_oryzae_2	AF-Q8N6M0-F1-model_v6	0.029	34	36	293	0.889	0.102	6.035E-01	5.251E-01	8.567E-02	2.678E-01	45	AF-Q8N6M0-F1-model_v6 Deubiquitinase OTUD6B
MC25_sitophilus_oryzae_2	AF-Q6IVC3-F1-model_v6	0.000	36	36	333	0.861	0.105	6.071E-01	5.439E-01	8.160E-02	2.678E-01	45	AF-Q6IVC3-F1-model_v6 Transcription factor TGA2.2
MC25_sitophilus_oryzae_2	AF-B8DKC9-F1-model_v6	0.066	30	36	250	0.833	0.100	6.514E-01	5.278E-01	9.450E-02	2.678E-01	44	AF-B8DKC9-F1-model_v6 Orotidine 5'-phosphate decarboxylase
MC25_sitophilus_oryzae_2	AF-A0A345BJP3-F1-model_v6	0.000	143	36	557	1.000	0.255	6.106E-01	6.006E-01	5.807E-02	2.678E-01	47	AF-A0A345BJP3-F1-model_v6 MFS-type transporter clz4
MC25_sitophilus_oryzae_2	AF-A7HMM7-F1-model_v6	0.000	427	36	864	0.861	0.493	6.661E-01	5.908E-01	3.344E-02	2.678E-01	50	AF-A7HMM7-F1-model_v6 Protein translocase subunit SecA
MC25_sitophilus_oryzae_2	AF-Q3B1F5-F1-model_v6	0.014	208	36	290	0.833	0.710	6.014E-01	5.233E-01	8.507E-02	2.678E-01	45	AF-Q3B1F5-F1-model_v6 ATP synthase gamma chain
MC25_sitophilus_oryzae_2	AF-B3NV41-F1-model_v6	0.009	333	36	641	0.944	0.520	6.378E-01	6.076E-01	5.010E-02	2.678E-01	48	AF-B3NV41-F1-model_v6 Sodium-dependent nutrient amino acid transporter 1
MC25_sitophilus_oryzae_2	AF-Q9Z645-F1-model_v6	0.024	121	36	185	0.917	0.627	5.366E-01	4.987E-01	1.284E-01	2.677E-01	41	AF-Q9Z645-F1-model_v6 Thiol:disulfide interchange protein DsbE
MC25_sitophilus_oryzae_2	AF-Q9ZE16-F1-model_v6	0.058	34	36	612	0.806	0.056	6.843E-01	5.921E-01	4.569E-02	2.677E-01	49	AF-Q9ZE16-F1-model_v6 Uncharacterized protein RP146
MC25_sitophilus_oryzae_2	AF-C3PAA9-F1-model_v6	0.022	90	36	594	0.944	0.145	5.874E-01	5.525E-01	4.669E-02	2.677E-01	48	AF-C3PAA9-F1-model_v6 UvrABC system protein C
MC25_sitophilus_oryzae_2	AF-Q47QN5-F1-model_v6	0.003	569	36	701	1.000	0.805	5.775E-01	5.658E-01	4.092E-02	2.677E-01	49	AF-Q47QN5-F1-model_v6 UvrABC system protein B
MC25_sitophilus_oryzae_2	AF-Q49AG3-F1-model_v6	0.058	34	36	693	0.889	0.046	6.393E-01	5.777E-01	4.067E-02	2.677E-01	49	AF-Q49AG3-F1-model_v6 Zinc finger BED domain-containing protein 5
MC25_sitophilus_oryzae_2	AF-A1SAC7-F1-model_v6	0.002	673	36	967	1.000	0.695	6.251E-01	6.144E-01	3.439E-02	2.677E-01	50	AF-A1SAC7-F1-model_v6 RNA polymerase-associated protein RapA
MC25_sitophilus_oryzae_2	AF-Q851F9-F1-model_v6	0.045	87	36	586	0.861	0.147	6.599E-01	5.898E-01	4.837E-02	2.677E-01	48	AF-Q851F9-F1-model_v6 Probable zinc metalloprotease EGY3, chloroplastic
MC25_sitophilus_oryzae_2	AF-Q54XY4-F1-model_v6	0.001	100	36	1582	1.000	0.061	6.032E-01	5.911E-01	1.989E-02	2.677E-01	51	AF-Q54XY4-F1-model_v6 Sca1 complex scaffold protein scaA
MC25_sitophilus_oryzae_2	AF-C5BSZ6-F1-model_v6	0.057	35	36	360	0.833	0.094	6.093E-01	5.289E-01	7.453E-02	2.676E-01	46	AF-C5BSZ6-F1-model_v6 Peptide chain release factor 1
MC25_sitophilus_oryzae_2	AF-A8FXA5-F1-model_v6	0.007	275	36	404	0.944	0.676	5.710E-01	5.370E-01	6.908E-02	2.676E-01	46	AF-A8FXA5-F1-model_v6 Cysteine desulfurase IscS
MC25_sitophilus_oryzae_2	AF-A6T9K7-F1-model_v6	0.008	249	36	565	1.000	0.439	5.782E-01	5.699E-01	5.477E-02	2.676E-01	48	AF-A6T9K7-F1-model_v6 NAD-dependent malic enzyme
MC25_sitophilus_oryzae_2	AF-Q55EH8-F1-model_v6	0.021	93	36	701	1.000	0.133	6.099E-01	5.998E-01	4.760E-02	2.676E-01	48	AF-Q55EH8-F1-model_v6 ABC transporter G family member 23
MC25_sitophilus_oryzae_2	AF-O83154-F1-model_v6	0.034	58	36	668	1.000	0.084	5.911E-01	5.802E-01	4.691E-02	2.676E-01	48	AF-O83154-F1-model_v6 UvrABC system protein B
MC25_sitophilus_oryzae_2	AF-Q3T183-F1-model_v6	0.055	18	36	100	0.500	0.180	6.327E-01	4.163E-01	1.656E-01	2.676E-01	37	AF-Q3T183-F1-model_v6 Proline-rich protein 15-like protein
MC25_sitophilus_oryzae_2	AF-Q4UV60-F1-model_v6	0.052	57	36	618	1.000	0.084	5.718E-01	5.601E-01	4.588E-02	2.675E-01	48	AF-Q4UV60-F1-model_v6 UvrABC system protein C
MC25_sitophilus_oryzae_2	AF-P15920-F1-model_v6	0.083	36	36	856	0.861	0.041	6.670E-01	5.950E-01	3.376E-02	2.675E-01	50	AF-P15920-F1-model_v6 V-type proton ATPase 116 kDa subunit a 2
MC25_sitophilus_oryzae_2	AF-P45617-F1-model_v6	0.027	36	36	573	0.861	0.059	6.470E-01	5.769E-01	4.850E-02	2.675E-01	48	AF-P45617-F1-model_v6 Phosphoenolpyruvate-protein phosphotransferase
MC25_sitophilus_oryzae_2	AF-Q9PMQ9-F1-model_v6	0.007	255	36	613	1.000	0.411	6.088E-01	5.984E-01	5.038E-02	2.675E-01	48	AF-Q9PMQ9-F1-model_v6 Fe(2+) transporter FeoB
MC25_sitophilus_oryzae_2	AF-Q180Y2-F1-model_v6	0.064	31	36	354	0.833	0.085	6.297E-01	5.537E-01	7.662E-02	2.675E-01	45	AF-Q180Y2-F1-model_v6 Peptide chain release factor 1
MC25_sitophilus_oryzae_2	AF-Q8R3V5-3-F1-model_v6	0.026	38	36	379	0.944	0.092	5.938E-01	5.634E-01	7.403E-02	2.675E-01	46	AF-Q8R3V5-3-F1-model_v6 Endophilin-B2
MC25_sitophilus_oryzae_2	AF-Q31DL8-F1-model_v6	0.000	253	36	513	1.000	0.487	5.901E-01	5.797E-01	5.866E-02	2.675E-01	47	AF-Q31DL8-F1-model_v6 ATP synthase subunit alpha
MC25_sitophilus_oryzae_2	AF-Q89ZL5-F1-model_v6	0.075	40	36	1106	0.917	0.033	6.616E-01	6.131E-01	2.575E-02	2.675E-01	50	AF-Q89ZL5-F1-model_v6 Protein translocase subunit SecA
MC25_sitophilus_oryzae_2	AF-A0A0H3GPN8-F1-model_v6	0.027	72	36	453	0.889	0.157	6.014E-01	5.471E-01	6.194E-02	2.675E-01	47	AF-A0A0H3GPN8-F1-model_v6 Sensor histidine kinase CpxA
MC25_sitophilus_oryzae_2	AF-Q3AV47-F1-model_v6	0.031	64	36	425	1.000	0.148	5.873E-01	5.794E-01	7.606E-02	2.675E-01	46	AF-Q3AV47-F1-model_v6 Serine--tRNA ligase
MC25_sitophilus_oryzae_2	AF-Q3UUV5-3-F1-model_v6	0.000	105	36	345	1.000	0.287	5.508E-01	5.401E-01	7.793E-02	2.674E-01	45	AF-Q3UUV5-3-F1-model_v6 Src kinase-associated phosphoprotein 1
MC25_sitophilus_oryzae_2	AF-Q6PG29-F1-model_v6	0.009	105	36	341	1.000	0.290	5.489E-01	5.384E-01	7.886E-02	2.674E-01	45	AF-Q6PG29-F1-model_v6 Src kinase-associated phosphoprotein 2
MC25_sitophilus_oryzae_2	AF-Q607B0-F1-model_v6	0.000	22	36	158	0.556	0.139	6.271E-01	4.653E-01	1.190E-01	2.674E-01	41	AF-Q607B0-F1-model_v6 Transcription elongation factor GreA
MC25_sitophilus_oryzae_2	AF-B1IRX9-F1-model_v6	0.008	250	36	565	1.000	0.439	5.786E-01	5.674E-01	5.356E-02	2.674E-01	48	AF-B1IRX9-F1-model_v6 NAD-dependent malic enzyme
MC25_sitophilus_oryzae_2	AF-Q03687-F1-model_v6	0.027	74	36	405	1.000	0.175	5.570E-01	5.464E-01	7.087E-02	2.674E-01	46	AF-Q03687-F1-model_v6 Scramblase ANY1
MC25_sitophilus_oryzae_2	AF-A0R3S7-F1-model_v6	0.012	77	36	318	0.917	0.217	5.771E-01	5.303E-01	7.328E-02	2.673E-01	46	AF-A0R3S7-F1-model_v6 Non-homologous end joining protein Ku
MC25_sitophilus_oryzae_2	AF-Q030Z7-F1-model_v6	0.095	21	36	156	0.583	0.128	6.314E-01	4.615E-01	1.196E-01	2.673E-01	41	AF-Q030Z7-F1-model_v6 Transcription elongation factor GreA
MC25_sitophilus_oryzae_2	AF-Q2RLU8-F1-model_v6	0.035	57	36	613	1.000	0.085	5.733E-01	5.619E-01	4.662E-02	2.673E-01	48	AF-Q2RLU8-F1-model_v6 UvrABC system protein C
MC25_sitophilus_oryzae_2	AF-Q9TM26-F1-model_v6	0.018	53	36	504	0.778	0.105	6.756E-01	5.597E-01	5.170E-02	2.673E-01	48	AF-Q9TM26-F1-model_v6 ATP synthase subunit alpha, chloroplastic
MC25_sitophilus_oryzae_2	AF-Q9ERD6-F1-model_v6	0.029	101	36	590	1.000	0.166	5.864E-01	5.753E-01	5.106E-02	2.673E-01	48	AF-Q9ERD6-F1-model_v6 Ras-specific guanine nucleotide-releasing factor RalGPS2
MC25_sitophilus_oryzae_2	AF-Q187T5-F1-model_v6	0.000	308	36	311	0.833	0.987	6.011E-01	5.233E-01	8.386E-02	2.673E-01	45	AF-Q187T5-F1-model_v6 tRNA dimethylallyltransferase
MC25_sitophilus_oryzae_2	AF-B7ID86-F1-model_v6	0.142	21	36	156	0.583	0.128	6.117E-01	4.590E-01	1.193E-01	2.672E-01	41	AF-B7ID86-F1-model_v6 Transcription elongation factor GreA
MC25_sitophilus_oryzae_2	AF-Q89AC4-F1-model_v6	0.024	41	36	366	1.000	0.101	5.494E-01	5.392E-01	7.676E-02	2.672E-01	45	AF-Q89AC4-F1-model_v6 Peptide chain release factor 2
MC25_sitophilus_oryzae_2	AF-A6MVW4-F1-model_v6	0.066	45	36	502	0.833	0.088	6.495E-01	5.664E-01	5.447E-02	2.672E-01	48	AF-A6MVW4-F1-model_v6 ATP synthase subunit alpha, chloroplastic
MC25_sitophilus_oryzae_2	AF-B8IUB4-F1-model_v6	0.048	41	36	359	1.000	0.103	5.479E-01	5.379E-01	7.815E-02	2.672E-01	45	AF-B8IUB4-F1-model_v6 Peptide chain release factor 1
MC25_sitophilus_oryzae_2	AF-Q28GL3-F1-model_v6	0.000	80	36	416	0.972	0.190	6.183E-01	6.001E-01	7.465E-02	2.672E-01	46	AF-Q28GL3-F1-model_v6 E3 ubiquitin-protein ligase RNFT1
MC25_sitophilus_oryzae_2	AF-Q9HSQ2-F1-model_v6	0.037	108	36	289	1.000	0.343	5.512E-01	5.410E-01	8.632E-02	2.672E-01	44	AF-Q9HSQ2-F1-model_v6 Protease HtpX homolog
MC25_sitophilus_oryzae_2	AF-G3UVW3-F1-model_v6	0.019	155	36	457	0.917	0.326	6.078E-01	5.588E-01	5.565E-02	2.671E-01	47	AF-G3UVW3-F1-model_v6 Solute carrier family 38 member 6
MC25_sitophilus_oryzae_2	AF-Q7U518-F1-model_v6	0.015	65	36	425	1.000	0.148	5.870E-01	5.789E-01	7.408E-02	2.671E-01	46	AF-Q7U518-F1-model_v6 Serine--tRNA ligase
MC25_sitophilus_oryzae_2	AF-A7N025-F1-model_v6	0.008	249	36	562	1.000	0.441	5.725E-01	5.616E-01	5.474E-02	2.671E-01	48	AF-A7N025-F1-model_v6 NAD-dependent malic enzyme
MC25_sitophilus_oryzae_2	AF-P48181-F1-model_v6	0.004	226	36	493	0.889	0.456	6.320E-01	5.756E-01	5.825E-02	2.671E-01	47	AF-P48181-F1-model_v6 Acetylcholine receptor subunit beta-type unc-29
MC25_sitophilus_oryzae_2	AF-A0A3G1DJG1-F1-model_v6	0.000	148	36	563	1.000	0.263	6.053E-01	5.955E-01	5.849E-02	2.671E-01	47	AF-A0A3G1DJG1-F1-model_v6 MFS-type transporter M2
MC25_sitophilus_oryzae_2	AF-A9KCU2-F1-model_v6	0.016	59	36	672	1.000	0.086	5.995E-01	5.888E-01	4.774E-02	2.671E-01	48	AF-A9KCU2-F1-model_v6 UvrABC system protein B
MC25_sitophilus_oryzae_2	AF-Q83Q34-F1-model_v6	0.011	173	36	414	0.694	0.418	7.012E-01	5.447E-01	5.775E-02	2.671E-01	47	AF-Q83Q34-F1-model_v6 Serine/threonine transporter SstT
MC25_sitophilus_oryzae_2	AF-Q2KII7-F1-model_v6	0.026	38	36	328	0.861	0.110	6.125E-01	5.472E-01	8.011E-02	2.671E-01	45	AF-Q2KII7-F1-model_v6 Peroxisomal membrane protein PEX16
MC25_sitophilus_oryzae_2	AF-Q9CXJ4-F1-model_v6	0.069	43	36	717	0.944	0.053	6.029E-01	5.695E-01	3.887E-02	2.670E-01	49	AF-Q9CXJ4-F1-model_v6 Mitochondrial potassium channel ATP-binding subunit
MC25_sitophilus_oryzae_2	AF-B8J4R4-F1-model_v6	0.062	32	36	356	0.833	0.084	6.150E-01	5.316E-01	7.355E-02	2.670E-01	46	AF-B8J4R4-F1-model_v6 Peptide chain release factor 1
MC25_sitophilus_oryzae_2	AF-Q8IY84-F1-model_v6	0.041	72	36	436	0.972	0.163	5.785E-01	5.587E-01	6.903E-02	2.670E-01	46	AF-Q8IY84-F1-model_v6 Serine/threonine-protein kinase NIM1
MC25_sitophilus_oryzae_2	AF-A4QHG9-F1-model_v6	0.100	20	36	184	0.556	0.109	6.972E-01	4.674E-01	1.005E-01	2.670E-01	43	AF-A4QHG9-F1-model_v6 Orotate phosphoribosyltransferase
MC25_sitophilus_oryzae_2	AF-Q8NV46-F1-model_v6	0.005	195	36	457	0.917	0.418	6.265E-01	5.827E-01	6.013E-02	2.670E-01	47	AF-Q8NV46-F1-model_v6 Heme sensor protein HssS
MC25_sitophilus_oryzae_2	AF-Q5JS13-2-F1-model_v6	0.019	101	36	529	1.000	0.185	5.801E-01	5.716E-01	5.657E-02	2.670E-01	47	AF-Q5JS13-2-F1-model_v6 Ras-specific guanine nucleotide-releasing factor RalGPS1
MC25_sitophilus_oryzae_2	AF-B3FN88-F1-model_v6	0.015	66	36	423	0.861	0.144	6.083E-01	5.294E-01	5.681E-02	2.670E-01	47	AF-B3FN88-F1-model_v6 UDP-N-acetylgalactosamine-undecaprenyl-phosphate N-acetylgalactosaminephosphotransferase
MC25_sitophilus_oryzae_2	AF-Q6HCW8-F1-model_v6	0.044	89	36	806	1.000	0.102	5.737E-01	5.617E-01	3.401E-02	2.670E-01	50	AF-Q6HCW8-F1-model_v6 Phenylalanine--tRNA ligase beta subunit
MC25_sitophilus_oryzae_2	AF-Q7M6Z4-F1-model_v6	0.037	106	36	1394	0.889	0.076	6.671E-01	6.060E-01	2.201E-02	2.670E-01	51	AF-Q7M6Z4-F1-model_v6 Kinesin-like protein KIF27
MC25_sitophilus_oryzae_2	AF-Q96NA8-2-F1-model_v6	0.032	91	36	512	1.000	0.178	5.946E-01	5.844E-01	6.274E-02	2.669E-01	47	AF-Q96NA8-2-F1-model_v6 t-SNARE domain-containing protein 1
MC25_sitophilus_oryzae_2	AF-A5IZH6-F1-model_v6	0.064	31	36	358	0.833	0.084	6.255E-01	5.472E-01	7.552E-02	2.669E-01	45	AF-A5IZH6-F1-model_v6 Peptide chain release factor 1
MC25_sitophilus_oryzae_2	AF-B3QV56-F1-model_v6	0.012	80	36	158	0.806	0.456	5.531E-01	4.616E-01	1.214E-01	2.669E-01	41	AF-B3QV56-F1-model_v6 Transcription elongation factor GreA
MC25_sitophilus_oryzae_2	AF-Q8XZ24-F1-model_v6	0.020	99	36	809	1.000	0.112	5.719E-01	5.599E-01	3.309E-02	2.669E-01	50	AF-Q8XZ24-F1-model_v6 Phenylalanine--tRNA ligase beta subunit
MC25_sitophilus_oryzae_2	AF-A4G729-F1-model_v6	0.054	37	36	293	1.000	0.096	6.186E-01	5.190E-01	8.414E-02	2.669E-01	45	AF-A4G729-F1-model_v6 Protease HtpX homolog
MC25_sitophilus_oryzae_2	AF-K4GIP0-F1-model_v6	0.004	242	36	495	0.944	0.489	6.092E-01	5.776E-01	6.244E-02	2.668E-01	47	AF-K4GIP0-F1-model_v6 UDP-glycosyltransferase 73C12
MC25_sitophilus_oryzae_2	AF-A8AGN6-F1-model_v6	0.008	249	36	565	1.000	0.439	5.761E-01	5.651E-01	5.475E-02	2.668E-01	48	AF-A8AGN6-F1-model_v6 NAD-dependent malic enzyme
MC25_sitophilus_oryzae_2	AF-Q3ZZT8-F1-model_v6	0.015	192	36	285	0.833	0.660	6.002E-01	5.174E-01	8.447E-02	2.668E-01	45	AF-Q3ZZT8-F1-model_v6 ATP synthase gamma chain
MC25_sitophilus_oryzae_2	AF-Q12QR8-F1-model_v6	0.028	35	36	361	0.833	0.091	6.166E-01	5.320E-01	7.247E-02	2.668E-01	46	AF-Q12QR8-F1-model_v6 Peptide chain release factor 1
MC25_sitophilus_oryzae_2	AF-Q8H157-F1-model_v6	0.011	167	36	585	1.000	0.284	6.288E-01	6.191E-01	5.610E-02	2.668E-01	47	AF-Q8H157-F1-model_v6 Protein NRT1/ PTR FAMILY 4.6
MC25_sitophilus_oryzae_2	AF-B4RH54-F1-model_v6	0.142	21	36	157	0.583	0.127	6.329E-01	4.618E-01	1.190E-01	2.668E-01	41	AF-B4RH54-F1-model_v6 Transcription elongation factor GreA
MC25_sitophilus_oryzae_2	AF-P28306-F1-model_v6	0.000	72	36	340	0.778	0.212	6.307E-01	5.342E-01	7.513E-02	2.668E-01	45	AF-P28306-F1-model_v6 Endolytic murein transglycosylase
MC25_sitophilus_oryzae_2	AF-Q819T6-F1-model_v6	0.066	30	36	205	0.833	0.122	6.276E-01	4.999E-01	1.102E-01	2.668E-01	42	AF-Q819T6-F1-model_v6 Guanylate kinase
MC25_sitophilus_oryzae_2	AF-Q9RSH5-F1-model_v6	0.061	97	36	428	1.000	0.217	5.855E-01	5.760E-01	6.855E-02	2.668E-01	46	AF-Q9RSH5-F1-model_v6 Membrane protein insertase YidC
MC25_sitophilus_oryzae_2	AF-Q97LQ2-F1-model_v6	0.000	41	36	666	0.861	0.062	6.566E-01	5.862E-01	4.381E-02	2.668E-01	49	AF-Q97LQ2-F1-model_v6 UvrABC system protein B
MC25_sitophilus_oryzae_2	AF-B5YJW4-F1-model_v6	0.071	42	36	671	0.861	0.063	6.562E-01	5.861E-01	4.372E-02	2.667E-01	49	AF-B5YJW4-F1-model_v6 UvrABC system protein B
MC25_sitophilus_oryzae_2	AF-Q9QYY8-F1-model_v6	0.013	76	36	614	1.000	0.121	6.054E-01	5.950E-01	5.096E-02	2.667E-01	48	AF-Q9QYY8-F1-model_v6 Spastin
MC25_sitophilus_oryzae_2	AF-Q9UJ83-F1-model_v6	0.005	386	36	578	1.000	0.661	5.708E-01	5.601E-01	4.989E-02	2.667E-01	48	AF-Q9UJ83-F1-model_v6 2-hydroxyacyl-CoA lyase 1
MC25_sitophilus_oryzae_2	AF-Q7N6Q1-F1-model_v6	0.026	38	36	669	0.889	0.051	6.211E-01	5.585E-01	3.995E-02	2.667E-01	49	AF-Q7N6Q1-F1-model_v6 UvrABC system protein B
MC25_sitophilus_oryzae_2	AF-P51242-F1-model_v6	0.056	53	36	504	0.778	0.105	6.748E-01	5.643E-01	5.287E-02	2.667E-01	48	AF-P51242-F1-model_v6 ATP synthase subunit alpha, chloroplastic
MC25_sitophilus_oryzae_2	AF-Q9ZQ94-F1-model_v6	0.004	243	36	495	0.944	0.489	5.984E-01	5.679E-01	6.118E-02	2.667E-01	47	AF-Q9ZQ94-F1-model_v6 UDP-glycosyltransferase 73C5
MC25_sitophilus_oryzae_2	AF-P63328-F1-model_v6	0.000	36	36	521	1.000	0.054	6.775E-01	5.695E-01	5.132E-02	2.667E-01	48	AF-P63328-F1-model_v6 Protein phosphatase 3 catalytic subunit alpha
MC25_sitophilus_oryzae_2	AF-Q493U4-F1-model_v6	0.000	22	36	158	0.556	0.139	6.218E-01	4.651E-01	1.191E-01	2.667E-01	41	AF-Q493U4-F1-model_v6 Transcription elongation factor GreA
MC25_sitophilus_oryzae_2	AF-O27944-F1-model_v6	0.012	162	36	633	1.000	0.251	5.978E-01	5.873E-01	4.833E-02	2.666E-01	48	AF-O27944-F1-model_v6 Uncharacterized protein AF_2340
MC25_sitophilus_oryzae_2	AF-Q5LMC7-F1-model_v6	0.006	166	36	623	1.000	0.258	5.684E-01	5.574E-01	4.635E-02	2.666E-01	48	AF-Q5LMC7-F1-model_v6 UvrABC system protein C
MC25_sitophilus_oryzae_2	AF-Q64XF8-F1-model_v6	0.025	39	36	1109	0.889	0.034	6.623E-01	6.029E-01	2.691E-02	2.666E-01	50	AF-Q64XF8-F1-model_v6 Protein translocase subunit SecA
MC25_sitophilus_oryzae_2	AF-B0RSI3-F1-model_v6	0.051	58	36	618	1.000	0.084	5.717E-01	5.601E-01	4.493E-02	2.666E-01	48	AF-B0RSI3-F1-model_v6 UvrABC system protein C
MC25_sitophilus_oryzae_2	AF-A5VYG5-F1-model_v6	0.057	35	36	360	0.833	0.094	6.112E-01	5.303E-01	7.467E-02	2.666E-01	45	AF-A5VYG5-F1-model_v6 Peptide chain release factor 1
MC25_sitophilus_oryzae_2	AF-B2VBW9-F1-model_v6	0.034	58	36	674	1.000	0.076	5.710E-01	5.595E-01	4.076E-02	2.666E-01	49	AF-B2VBW9-F1-model_v6 UvrABC system protein B
MC25_sitophilus_oryzae_2	AF-A9M6H1-F1-model_v6	0.095	21	36	157	0.583	0.127	5.990E-01	4.569E-01	1.187E-01	2.666E-01	41	AF-A9M6H1-F1-model_v6 Transcription elongation factor GreA
MC25_sitophilus_oryzae_2	AF-Q9W4C5-F1-model_v6	0.012	331	36	641	0.944	0.516	6.353E-01	6.050E-01	5.000E-02	2.665E-01	48	AF-Q9W4C5-F1-model_v6 Sodium-dependent nutrient amino acid transporter 1
MC25_sitophilus_oryzae_2	AF-Q5HQC5-F1-model_v6	0.014	206	36	556	0.806	0.371	6.666E-01	5.676E-01	4.965E-02	2.665E-01	48	AF-Q5HQC5-F1-model_v6 2-succinyl-5-enolpyruvyl-6-hydroxy-3-cyclohexene-1-carboxylate synthase
MC25_sitophilus_oryzae_2	AF-Q5H0H5-F1-model_v6	0.051	58	36	618	1.000	0.084	5.718E-01	5.601E-01	4.494E-02	2.665E-01	48	AF-Q5H0H5-F1-model_v6 UvrABC system protein C
MC25_sitophilus_oryzae_2	AF-Q5F4B8-F1-model_v6	0.023	42	36	464	0.833	0.086	6.481E-01	5.693E-01	5.740E-02	2.664E-01	47	AF-Q5F4B8-F1-model_v6 Lysosomal proton-coupled steroid conjugate and bile acid symporter SLC46A3
MC25_sitophilus_oryzae_2	AF-B0CHU1-F1-model_v6	0.095	21	36	157	0.583	0.127	6.020E-01	4.573E-01	1.187E-01	2.664E-01	41	AF-B0CHU1-F1-model_v6 Transcription elongation factor GreA
MC25_sitophilus_oryzae_2	AF-Q7XRA1-F1-model_v6	0.090	33	36	623	0.917	0.045	6.816E-01	5.753E-01	4.346E-02	2.664E-01	48	AF-Q7XRA1-F1-model_v6 Arginine decarboxylase 2
MC25_sitophilus_oryzae_2	AF-O45595-F1-model_v6	0.083	36	36	251	1.000	0.092	6.689E-01	5.105E-01	8.692E-02	2.664E-01	44	AF-O45595-F1-model_v6 Protection of telomeres homolog 2
MC25_sitophilus_oryzae_2	AF-A9BD93-F1-model_v6	0.030	66	36	679	1.000	0.091	5.760E-01	5.647E-01	4.344E-02	2.664E-01	48	AF-A9BD93-F1-model_v6 UvrABC system protein B
MC25_sitophilus_oryzae_2	AF-Q1R6P1-F1-model_v6	0.011	173	36	414	0.694	0.418	7.002E-01	5.455E-01	5.779E-02	2.664E-01	47	AF-Q1R6P1-F1-model_v6 Serine/threonine transporter SstT
MC25_sitophilus_oryzae_2	AF-P30855-F1-model_v6	0.055	36	36	1197	0.944	0.026	6.537E-01	5.713E-01	2.309E-02	2.664E-01	50	AF-P30855-F1-model_v6 Sensor protein EvgS
MC25_sitophilus_oryzae_2	AF-F9UMS6-F1-model_v6	0.020	48	36	547	1.000	0.084	5.717E-01	5.609E-01	5.566E-02	2.664E-01	47	AF-F9UMS6-F1-model_v6 Malolactic enzyme
MC25_sitophilus_oryzae_2	AF-Q88PW5-F1-model_v6	0.057	35	36	360	0.833	0.094	6.108E-01	5.303E-01	7.468E-02	2.663E-01	45	AF-Q88PW5-F1-model_v6 Peptide chain release factor 1
MC25_sitophilus_oryzae_2	AF-Q98RA5-F1-model_v6	0.064	31	36	359	0.833	0.084	6.219E-01	5.466E-01	7.535E-02	2.663E-01	45	AF-Q98RA5-F1-model_v6 Peptide chain release factor 1
MC25_sitophilus_oryzae_2	AF-Q633N5-F1-model_v6	0.044	89	36	806	1.000	0.102	5.735E-01	5.630E-01	3.401E-02	2.663E-01	49	AF-Q633N5-F1-model_v6 Phenylalanine--tRNA ligase beta subunit
MC25_sitophilus_oryzae_2	AF-Q29GB8-F1-model_v6	0.005	349	36	653	0.889	0.533	6.415E-01	5.861E-01	4.497E-02	2.663E-01	48	AF-Q29GB8-F1-model_v6 Sodium-dependent nutrient amino acid transporter 1
MC25_sitophilus_oryzae_2	AF-Q59292-F1-model_v6	0.018	110	36	515	1.000	0.208	5.781E-01	5.673E-01	5.768E-02	2.663E-01	47	AF-Q59292-F1-model_v6 Probable multifunctional siroheme biosynthesis protein HemA
MC25_sitophilus_oryzae_2	AF-B8GNX7-F1-model_v6	0.000	22	36	158	0.556	0.139	6.193E-01	4.640E-01	1.190E-01	2.663E-01	41	AF-B8GNX7-F1-model_v6 Transcription elongation factor GreA
MC25_sitophilus_oryzae_2	AF-Q9H000-2-F1-model_v6	0.067	59	36	373	1.000	0.142	5.456E-01	5.346E-01	7.114E-02	2.663E-01	46	AF-Q9H000-2-F1-model_v6 E3 ubiquitin-protein ligase makorin-2
MC25_sitophilus_oryzae_2	AF-Q92974-F1-model_v6	0.009	104	36	986	0.833	0.102	6.658E-01	5.743E-01	2.670E-02	2.663E-01	50	AF-Q92974-F1-model_v6 Rho guanine nucleotide exchange factor 2
MC25_sitophilus_oryzae_2	AF-A9H9A6-F1-model_v6	0.007	284	36	293	0.861	0.952	5.884E-01	5.174E-01	8.096E-02	2.663E-01	45	AF-A9H9A6-F1-model_v6 ATP synthase gamma chain
MC25_sitophilus_oryzae_2	AF-Q47WB0-F1-model_v6	0.007	251	36	562	1.000	0.441	5.713E-01	5.611E-01	5.303E-02	2.662E-01	48	AF-Q47WB0-F1-model_v6 NAD-dependent malic enzyme
MC25_sitophilus_oryzae_2	AF-Q5CD84-F1-model_v6	0.000	56	36	436	0.861	0.124	6.243E-01	5.558E-01	6.178E-02	2.662E-01	47	AF-Q5CD84-F1-model_v6 Eukaryotic peptide chain release factor subunit 1
MC25_sitophilus_oryzae_2	AF-B1JEP6-F1-model_v6	0.057	35	36	360	0.833	0.094	6.112E-01	5.303E-01	7.467E-02	2.662E-01	45	AF-B1JEP6-F1-model_v6 Peptide chain release factor 1
MC25_sitophilus_oryzae_2	AF-Q01341-F1-model_v6	0.072	69	36	1165	1.000	0.058	6.336E-01	6.230E-01	2.873E-02	2.662E-01	50	AF-Q01341-F1-model_v6 Adenylate cyclase type 6
MC25_sitophilus_oryzae_2	AF-P0A6W7-F1-model_v6	0.000	22	36	158	0.556	0.139	6.176E-01	4.634E-01	1.189E-01	2.662E-01	41	AF-P0A6W7-F1-model_v6 Transcription elongation factor GreA
MC25_sitophilus_oryzae_2	AF-P28463-F1-model_v6	0.009	111	36	427	0.972	0.258	5.921E-01	5.721E-01	7.085E-02	2.662E-01	46	AF-P28463-F1-model_v6 Glutamyl-tRNA reductase
MC25_sitophilus_oryzae_2	AF-P64271-F1-model_v6	0.095	21	36	157	0.583	0.127	6.007E-01	4.568E-01	1.187E-01	2.661E-01	41	AF-P64271-F1-model_v6 Transcription elongation factor GreA
MC25_sitophilus_oryzae_2	AF-Q57C09-F1-model_v6	0.095	21	36	157	0.583	0.127	5.999E-01	4.569E-01	1.187E-01	2.661E-01	41	AF-Q57C09-F1-model_v6 Transcription elongation factor GreA
MC25_sitophilus_oryzae_2	AF-C0REE0-F1-model_v6	0.095	21	36	157	0.583	0.127	6.185E-01	4.598E-01	1.187E-01	2.661E-01	41	AF-C0REE0-F1-model_v6 Transcription elongation factor GreA
MC25_sitophilus_oryzae_2	AF-Q2YRN8-F1-model_v6	0.095	21	36	157	0.583	0.127	6.189E-01	4.599E-01	1.187E-01	2.661E-01	41	AF-Q2YRN8-F1-model_v6 Transcription elongation factor GreA
MC25_sitophilus_oryzae_2	AF-Q8K0E3-2-F1-model_v6	0.006	164	36	449	0.944	0.352	5.842E-01	5.497E-01	5.809E-02	2.661E-01	47	AF-Q8K0E3-2-F1-model_v6 Sodium/myo-inositol cotransporter 2
MC25_sitophilus_oryzae_2	AF-Q8BI72-F1-model_v6	0.016	61	36	563	0.889	0.107	6.294E-01	5.711E-01	5.069E-02	2.661E-01	48	AF-Q8BI72-F1-model_v6 CDKN2A-interacting protein
MC25_sitophilus_oryzae_2	AF-B8HA51-F1-model_v6	0.040	74	36	395	1.000	0.175	5.573E-01	5.470E-01	7.098E-02	2.661E-01	46	AF-B8HA51-F1-model_v6 Xylose isomerase
MC25_sitophilus_oryzae_2	AF-Q09807-F1-model_v6	0.027	73	36	701	0.889	0.103	6.353E-01	5.766E-01	4.166E-02	2.660E-01	49	AF-Q09807-F1-model_v6 pH-response regulator protein palA/rim20
MC25_sitophilus_oryzae_2	AF-Q1LSK1-F1-model_v6	0.000	22	36	158	0.556	0.139	6.184E-01	4.631E-01	1.189E-01	2.660E-01	41	AF-Q1LSK1-F1-model_v6 Transcription elongation factor GreA
MC25_sitophilus_oryzae_2	AF-B4L7U0-F1-model_v6	0.005	351	36	645	0.889	0.543	6.413E-01	5.870E-01	4.549E-02	2.660E-01	48	AF-B4L7U0-F1-model_v6 Sodium-dependent nutrient amino acid transporter 1
MC25_sitophilus_oryzae_2	AF-Q9CA66-F1-model_v6	0.015	65	36	298	0.833	0.218	6.226E-01	5.590E-01	9.321E-02	2.660E-01	44	AF-Q9CA66-F1-model_v6 Protein RKD2
MC25_sitophilus_oryzae_2	AF-P53687-F1-model_v6	0.017	57	36	447	1.000	0.107	5.535E-01	5.419E-01	5.611E-02	2.660E-01	47	AF-P53687-F1-model_v6 NAD-dependent histone deacetylase HST3
MC25_sitophilus_oryzae_2	AF-Q1IEX1-F1-model_v6	0.057	35	36	360	0.833	0.094	6.105E-01	5.301E-01	7.468E-02	2.660E-01	45	AF-Q1IEX1-F1-model_v6 Peptide chain release factor 1
MC25_sitophilus_oryzae_2	AF-P64281-F1-model_v6	0.000	22	36	158	0.556	0.139	6.163E-01	4.632E-01	1.189E-01	2.660E-01	41	AF-P64281-F1-model_v6 Transcription elongation factor GreA
MC25_sitophilus_oryzae_2	AF-B5FHJ6-F1-model_v6	0.008	250	36	565	1.000	0.439	5.765E-01	5.655E-01	5.358E-02	2.660E-01	47	AF-B5FHJ6-F1-model_v6 NAD-dependent malic enzyme
MC25_sitophilus_oryzae_2	AF-Q54LT0-F1-model_v6	0.006	153	36	275	1.000	0.513	5.197E-01	5.084E-01	8.028E-02	2.659E-01	45	AF-Q54LT0-F1-model_v6 Calcium uniporter protein, mitochondrial
MC25_sitophilus_oryzae_2	AF-P64272-F1-model_v6	0.095	21	36	157	0.583	0.127	5.997E-01	4.566E-01	1.187E-01	2.659E-01	41	AF-P64272-F1-model_v6 Transcription elongation factor GreA
MC25_sitophilus_oryzae_2	AF-Q5F5F6-F1-model_v6	0.007	141	36	320	1.000	0.441	5.416E-01	5.329E-01	9.468E-02	2.659E-01	44	AF-Q5F5F6-F1-model_v6 Adhesin MafA 1/4
MC25_sitophilus_oryzae_2	AF-A4XK62-F1-model_v6	0.004	401	36	787	0.917	0.508	6.216E-01	5.775E-01	3.862E-02	2.659E-01	49	AF-A4XK62-F1-model_v6 Endonuclease MutS2
MC25_sitophilus_oryzae_2	AF-B1LA53-F1-model_v6	0.014	271	36	435	1.000	0.609	5.379E-01	5.262E-01	6.025E-02	2.659E-01	47	AF-B1LA53-F1-model_v6 GTPase Obg
MC25_sitophilus_oryzae_2	AF-Q9UL63-2-F1-model_v6	0.004	437	36	528	0.889	0.826	6.357E-01	5.807E-01	5.535E-02	2.659E-01	47	AF-Q9UL63-2-F1-model_v6 Muskelin
MC25_sitophilus_oryzae_2	AF-Q58CT4-F1-model_v6	0.016	119	36	517	0.889	0.230	6.250E-01	5.695E-01	5.646E-02	2.659E-01	47	AF-Q58CT4-F1-model_v6 Transmembrane protein 180
MC25_sitophilus_oryzae_2	AF-Q754P2-F1-model_v6	0.081	37	36	344	0.861	0.105	6.152E-01	5.520E-01	7.959E-02	2.658E-01	45	AF-Q754P2-F1-model_v6 Protein IBD2
MC25_sitophilus_oryzae_2	AF-Q817I7-F1-model_v6	0.044	89	36	806	1.000	0.102	5.729E-01	5.610E-01	3.401E-02	2.658E-01	49	AF-Q817I7-F1-model_v6 Phenylalanine--tRNA ligase beta subunit
MC25_sitophilus_oryzae_2	AF-Q5NIA8-F1-model_v6	0.057	35	36	361	0.833	0.094	6.089E-01	5.296E-01	7.438E-02	2.658E-01	45	AF-Q5NIA8-F1-model_v6 Peptide chain release factor 1
MC25_sitophilus_oryzae_2	AF-Q60961-F1-model_v6	0.047	21	36	233	0.528	0.090	7.870E-01	4.808E-01	8.001E-02	2.658E-01	45	AF-Q60961-F1-model_v6 Lysosomal-associated transmembrane protein 4A
MC25_sitophilus_oryzae_2	AF-Q46323-F1-model_v6	0.000	42	36	659	0.861	0.062	6.565E-01	5.860E-01	4.342E-02	2.658E-01	48	AF-Q46323-F1-model_v6 UvrABC system protein B
MC25_sitophilus_oryzae_2	AF-B0SZ84-F1-model_v6	0.142	21	36	157	0.583	0.127	6.246E-01	4.610E-01	1.190E-01	2.658E-01	41	AF-B0SZ84-F1-model_v6 Transcription elongation factor GreA
MC25_sitophilus_oryzae_2	AF-A4J9A5-F1-model_v6	0.018	54	36	262	0.861	0.172	5.730E-01	4.933E-01	7.882E-02	2.658E-01	45	AF-A4J9A5-F1-model_v6 ATP synthase subunit a
MC25_sitophilus_oryzae_2	AF-Q84MA2-F1-model_v6	0.014	69	36	590	0.972	0.117	6.144E-01	5.951E-01	5.528E-02	2.657E-01	47	AF-Q84MA2-F1-model_v6 Type I inositol polyphosphate 5-phosphatase 1
MC25_sitophilus_oryzae_2	AF-P14565-F1-model_v6	0.085	47	36	1756	1.000	0.025	6.312E-01	6.195E-01	1.826E-02	2.657E-01	51	AF-P14565-F1-model_v6 Multifunctional conjugation protein TraI
MC25_sitophilus_oryzae_2	AF-Q924I3-F1-model_v6	0.024	41	36	350	0.917	0.111	5.824E-01	5.405E-01	7.849E-02	2.657E-01	45	AF-Q924I3-F1-model_v6 Atypical chemokine receptor 4
MC25_sitophilus_oryzae_2	AF-B4ESU7-F1-model_v6	0.026	38	36	669	0.889	0.051	6.226E-01	5.591E-01	3.994E-02	2.657E-01	49	AF-B4ESU7-F1-model_v6 UvrABC system protein B
MC25_sitophilus_oryzae_2	AF-Q8CPQ5-F1-model_v6	0.014	206	36	556	0.806	0.371	6.640E-01	5.661E-01	4.962E-02	2.657E-01	48	AF-Q8CPQ5-F1-model_v6 2-succinyl-5-enolpyruvyl-6-hydroxy-3-cyclohexene-1-carboxylate synthase
MC25_sitophilus_oryzae_2	AF-P75539-F1-model_v6	0.076	39	36	473	0.917	0.074	5.947E-01	5.518E-01	5.763E-02	2.657E-01	47	AF-P75539-F1-model_v6 Replicative DNA helicase DnaB
MC25_sitophilus_oryzae_2	AF-P64282-F1-model_v6	0.000	22	36	158	0.556	0.139	6.147E-01	4.630E-01	1.189E-01	2.657E-01	41	AF-P64282-F1-model_v6 Transcription elongation factor GreA
MC25_sitophilus_oryzae_2	AF-B4T5V6-F1-model_v6	0.008	250	36	565	1.000	0.439	5.757E-01	5.648E-01	5.357E-02	2.656E-01	47	AF-B4T5V6-F1-model_v6 NAD-dependent malic enzyme
MC25_sitophilus_oryzae_2	AF-Q58005-F1-model_v6	0.032	61	36	205	0.750	0.293	6.079E-01	4.955E-01	1.082E-01	2.656E-01	42	AF-Q58005-F1-model_v6 Uncharacterized protein MJ0585
MC25_sitophilus_oryzae_2	AF-C3PHA2-F1-model_v6	0.025	120	36	302	1.000	0.384	5.577E-01	5.486E-01	9.314E-02	2.656E-01	44	AF-C3PHA2-F1-model_v6 Phosphatidylglycerol--prolipoprotein diacylglyceryl transferase
MC25_sitophilus_oryzae_2	AF-B5F5W5-F1-model_v6	0.008	250	36	565	1.000	0.439	5.759E-01	5.649E-01	5.358E-02	2.656E-01	47	AF-B5F5W5-F1-model_v6 NAD-dependent malic enzyme
MC25_sitophilus_oryzae_2	AF-Q5EA53-F1-model_v6	0.060	50	36	517	1.000	0.097	5.868E-01	5.775E-01	6.350E-02	2.656E-01	46	AF-Q5EA53-F1-model_v6 General transcription factor IIF subunit 1
MC25_sitophilus_oryzae_2	AF-Q14JR1-F1-model_v6	0.057	35	36	361	0.833	0.094	6.086E-01	5.298E-01	7.442E-02	2.656E-01	45	AF-Q14JR1-F1-model_v6 Peptide chain release factor 1
MC25_sitophilus_oryzae_2	AF-P42262-4-F1-model_v6	0.005	334	36	836	0.833	0.398	6.644E-01	5.687E-01	3.289E-02	2.656E-01	49	AF-P42262-4-F1-model_v6 Glutamate receptor 2
MC25_sitophilus_oryzae_2	AF-Q0AC04-F1-model_v6	0.057	35	36	361	0.833	0.094	6.107E-01	5.419E-01	7.493E-02	2.656E-01	45	AF-Q0AC04-F1-model_v6 Peptide chain release factor 1
MC25_sitophilus_oryzae_2	AF-P59489-F1-model_v6	0.000	22	36	159	0.556	0.138	6.177E-01	4.632E-01	1.181E-01	2.655E-01	41	AF-P59489-F1-model_v6 Transcription elongation factor GreA
MC25_sitophilus_oryzae_2	AF-Q5QUZ8-F1-model_v6	0.003	262	36	364	0.778	0.720	6.458E-01	5.412E-01	7.141E-02	2.655E-01	46	AF-Q5QUZ8-F1-model_v6 Peptide chain release factor 1
MC25_sitophilus_oryzae_2	AF-P0A6W6-F1-model_v6	0.000	22	36	158	0.556	0.139	6.137E-01	4.628E-01	1.189E-01	2.655E-01	41	AF-P0A6W6-F1-model_v6 Transcription elongation factor GreA
MC25_sitophilus_oryzae_2	AF-Q8IZM9-F1-model_v6	0.012	155	36	456	0.917	0.327	6.018E-01	5.565E-01	5.578E-02	2.655E-01	47	AF-Q8IZM9-F1-model_v6 Solute carrier family 38 member 6
MC25_sitophilus_oryzae_2	AF-Q5LGL5-F1-model_v6	0.025	39	36	1109	0.889	0.034	6.613E-01	6.023E-01	2.692E-02	2.655E-01	50	AF-Q5LGL5-F1-model_v6 Protein translocase subunit SecA
MC25_sitophilus_oryzae_2	AF-B6J8A0-F1-model_v6	0.016	60	36	672	1.000	0.086	6.051E-01	5.944E-01	4.696E-02	2.655E-01	48	AF-B6J8A0-F1-model_v6 UvrABC system protein B
MC25_sitophilus_oryzae_2	AF-P46756-F1-model_v6	0.016	61	36	337	0.750	0.178	6.565E-01	5.287E-01	7.226E-02	2.655E-01	45	AF-P46756-F1-model_v6 Small ribosomal subunit protein uS7m
MC25_sitophilus_oryzae_2	AF-Q5SI32-F1-model_v6	0.024	41	36	590	0.889	0.063	6.197E-01	5.567E-01	4.513E-02	2.654E-01	48	AF-Q5SI32-F1-model_v6 UvrABC system protein C
MC25_sitophilus_oryzae_2	AF-Q1CSR6-F1-model_v6	0.000	141	36	279	1.000	0.487	5.290E-01	5.203E-01	9.637E-02	2.654E-01	43	AF-Q1CSR6-F1-model_v6 Phosphatidylglycerol--prolipoprotein diacylglyceryl transferase
MC25_sitophilus_oryzae_2	AF-A6H2B4-F1-model_v6	0.006	163	36	241	0.889	0.668	5.667E-01	5.202E-01	1.075E-01	2.654E-01	42	AF-A6H2B4-F1-model_v6 Type III pantothenate kinase
MC25_sitophilus_oryzae_2	AF-Q8ZPE8-F1-model_v6	0.007	253	36	565	0.944	0.446	5.948E-01	5.611E-01	5.271E-02	2.654E-01	47	AF-Q8ZPE8-F1-model_v6 NAD-dependent malic enzyme
MC25_sitophilus_oryzae_2	AF-A0A7I2V3R4-F1-model_v6	0.022	89	36	345	0.889	0.249	5.853E-01	5.298E-01	7.658E-02	2.654E-01	45	AF-A0A7I2V3R4-F1-model_v6 RING finger protein 228
MC25_sitophilus_oryzae_2	AF-Q9DBD5-F1-model_v6	0.009	103	36	1123	0.944	0.091	6.397E-01	6.047E-01	2.800E-02	2.654E-01	50	AF-Q9DBD5-F1-model_v6 Proline-, glutamic acid- and leucine-rich protein 1
MC25_sitophilus_oryzae_2	AF-A3N031-F1-model_v6	0.054	37	36	673	0.889	0.051	6.178E-01	5.573E-01	4.061E-02	2.654E-01	49	AF-A3N031-F1-model_v6 UvrABC system protein B
MC25_sitophilus_oryzae_2	AF-B5RAB4-F1-model_v6	0.008	250	36	565	1.000	0.439	5.739E-01	5.630E-01	5.359E-02	2.654E-01	47	AF-B5RAB4-F1-model_v6 NAD-dependent malic enzyme
MC25_sitophilus_oryzae_2	AF-Q48662-F1-model_v6	0.041	48	36	540	1.000	0.085	5.691E-01	5.583E-01	5.611E-02	2.653E-01	47	AF-Q48662-F1-model_v6 Malolactic enzyme
MC25_sitophilus_oryzae_2	AF-P56894-F1-model_v6	0.095	21	36	158	0.583	0.127	5.993E-01	4.567E-01	1.180E-01	2.653E-01	41	AF-P56894-F1-model_v6 Transcription elongation factor GreA
MC25_sitophilus_oryzae_2	AF-Q4K695-F1-model_v6	0.057	35	36	360	0.833	0.094	6.094E-01	5.293E-01	7.466E-02	2.653E-01	45	AF-Q4K695-F1-model_v6 Peptide chain release factor 1
MC25_sitophilus_oryzae_2	AF-Q3AFF4-F1-model_v6	0.000	41	36	662	0.861	0.062	6.530E-01	5.840E-01	4.409E-02	2.653E-01	48	AF-Q3AFF4-F1-model_v6 UvrABC system protein B
MC25_sitophilus_oryzae_2	AF-A8H7A5-F1-model_v6	0.057	35	36	361	0.833	0.094	6.076E-01	5.295E-01	7.447E-02	2.653E-01	45	AF-A8H7A5-F1-model_v6 Peptide chain release factor 1
MC25_sitophilus_oryzae_2	AF-O14232-F1-model_v6	0.000	146	36	1117	1.000	0.127	6.038E-01	5.918E-01	2.707E-02	2.652E-01	50	AF-O14232-F1-model_v6 ATP-dependent RNA helicase mtr4
MC25_sitophilus_oryzae_2	AF-B8I944-F1-model_v6	0.013	75	36	293	1.000	0.235	5.460E-01	5.368E-01	9.140E-02	2.652E-01	44	AF-B8I944-F1-model_v6 D-psicose 3-epimerase
MC25_sitophilus_oryzae_2	AF-A0JXN9-F1-model_v6	0.040	74	36	395	1.000	0.175	5.560E-01	5.457E-01	7.095E-02	2.652E-01	46	AF-A0JXN9-F1-model_v6 Xylose isomerase
MC25_sitophilus_oryzae_2	AF-Q6IRN6-F1-model_v6	0.000	170	36	1576	0.889	0.107	6.431E-01	5.787E-01	1.829E-02	2.652E-01	51	AF-Q6IRN6-F1-model_v6 Calmodulin-regulated spectrin-associated protein 1
MC25_sitophilus_oryzae_2	AF-Q4WJ02-F1-model_v6	0.038	130	36	1019	0.917	0.126	6.363E-01	5.876E-01	2.897E-02	2.652E-01	50	AF-Q4WJ02-F1-model_v6 FACT complex subunit spt16
MC25_sitophilus_oryzae_2	AF-Q8BHL5-F1-model_v6	0.000	61	36	732	1.000	0.082	5.881E-01	5.771E-01	4.336E-02	2.652E-01	48	AF-Q8BHL5-F1-model_v6 Engulfment and cell motility protein 2
MC25_sitophilus_oryzae_2	AF-Q3YVE9-F1-model_v6	0.000	80	36	316	0.667	0.247	7.084E-01	4.997E-01	6.527E-02	2.652E-01	46	AF-Q3YVE9-F1-model_v6 Magnesium transport protein CorA
MC25_sitophilus_oryzae_2	AF-A0Q844-F1-model_v6	0.057	35	36	361	0.833	0.094	6.075E-01	5.288E-01	7.439E-02	2.652E-01	45	AF-A0Q844-F1-model_v6 Peptide chain release factor 1
MC25_sitophilus_oryzae_2	AF-Q0AMQ6-F1-model_v6	0.095	21	36	157	0.583	0.127	6.225E-01	4.601E-01	1.188E-01	2.652E-01	41	AF-Q0AMQ6-F1-model_v6 Transcription elongation factor GreA
MC25_sitophilus_oryzae_2	AF-Q2A1Q0-F1-model_v6	0.057	35	36	361	0.833	0.094	6.074E-01	5.287E-01	7.439E-02	2.652E-01	45	AF-Q2A1Q0-F1-model_v6 Peptide chain release factor 1
MC25_sitophilus_oryzae_2	AF-A9MYU8-F1-model_v6	0.008	250	36	565	1.000	0.439	5.736E-01	5.629E-01	5.359E-02	2.651E-01	47	AF-A9MYU8-F1-model_v6 NAD-dependent malic enzyme
MC25_sitophilus_oryzae_2	AF-B0TR27-F1-model_v6	0.057	35	36	361	0.833	0.094	6.069E-01	5.287E-01	7.442E-02	2.651E-01	45	AF-B0TR27-F1-model_v6 Peptide chain release factor 1
MC25_sitophilus_oryzae_2	AF-A9L2D4-F1-model_v6	0.058	34	36	363	0.833	0.091	6.220E-01	5.467E-01	7.455E-02	2.651E-01	45	AF-A9L2D4-F1-model_v6 Peptide chain release factor 1
MC25_sitophilus_oryzae_2	AF-Q7MQ55-F1-model_v6	0.008	124	36	247	1.000	0.474	5.277E-01	5.183E-01	1.033E-01	2.651E-01	42	AF-Q7MQ55-F1-model_v6 Hydroxyacylglutathione hydrolase 1
MC25_sitophilus_oryzae_2	AF-Q5T5Y3-F1-model_v6	0.000	170	36	1602	0.889	0.105	6.406E-01	5.762E-01	1.803E-02	2.651E-01	51	AF-Q5T5Y3-F1-model_v6 Calmodulin-regulated spectrin-associated protein 1
MC25_sitophilus_oryzae_2	AF-Q57P88-F1-model_v6	0.008	250	36	565	1.000	0.439	5.736E-01	5.628E-01	5.359E-02	2.651E-01	47	AF-Q57P88-F1-model_v6 NAD-dependent malic enzyme
MC25_sitophilus_oryzae_2	AF-B4TW15-F1-model_v6	0.008	250	36	565	1.000	0.439	5.736E-01	5.627E-01	5.359E-02	2.651E-01	47	AF-B4TW15-F1-model_v6 NAD-dependent malic enzyme
MC25_sitophilus_oryzae_2	AF-Q9C1B3-F1-model_v6	0.013	151	36	598	1.000	0.253	6.236E-01	6.143E-01	5.647E-02	2.651E-01	47	AF-Q9C1B3-F1-model_v6 Trichothecene efflux pump TRI12
MC25_sitophilus_oryzae_2	AF-Q1QXC6-F1-model_v6	0.057	35	36	361	0.833	0.094	6.068E-01	5.277E-01	7.430E-02	2.651E-01	45	AF-Q1QXC6-F1-model_v6 Peptide chain release factor 1
MC25_sitophilus_oryzae_2	AF-B4GVM9-F1-model_v6	0.005	349	36	652	0.889	0.534	6.453E-01	5.894E-01	4.501E-02	2.651E-01	48	AF-B4GVM9-F1-model_v6 Sodium-dependent nutrient amino acid transporter 1
MC25_sitophilus_oryzae_2	AF-B4TII8-F1-model_v6	0.008	250	36	565	1.000	0.439	5.742E-01	5.633E-01	5.360E-02	2.650E-01	47	AF-B4TII8-F1-model_v6 NAD-dependent malic enzyme
MC25_sitophilus_oryzae_2	AF-Q6GLX4-F1-model_v6	0.027	37	36	251	1.000	0.112	6.103E-01	5.126E-01	9.645E-02	2.650E-01	43	AF-Q6GLX4-F1-model_v6 Regulator of G-protein signaling 9-binding protein B
MC25_sitophilus_oryzae_2	AF-B0TX37-F1-model_v6	0.057	35	36	361	0.833	0.094	6.073E-01	5.285E-01	7.436E-02	2.650E-01	45	AF-B0TX37-F1-model_v6 Peptide chain release factor 1
MC25_sitophilus_oryzae_2	AF-Q21FM3-F1-model_v6	0.000	269	36	360	0.889	0.736	5.878E-01	5.308E-01	6.979E-02	2.650E-01	46	AF-Q21FM3-F1-model_v6 Peptide chain release factor 1
MC25_sitophilus_oryzae_2	AF-P39217-F1-model_v6	0.055	36	36	662	0.944	0.048	6.347E-01	5.736E-01	4.257E-02	2.650E-01	48	AF-P39217-F1-model_v6 Methyl-accepting chemotaxis protein TlpB
MC25_sitophilus_oryzae_2	AF-P64285-F1-model_v6	0.142	21	36	160	0.583	0.125	6.316E-01	4.610E-01	1.165E-01	2.650E-01	41	AF-P64285-F1-model_v6 Transcription elongation factor GreA
MC25_sitophilus_oryzae_2	AF-B2I700-F1-model_v6	0.035	85	36	370	0.861	0.227	6.048E-01	5.370E-01	7.332E-02	2.650E-01	45	AF-B2I700-F1-model_v6 Serine O-succinyltransferase
MC25_sitophilus_oryzae_2	AF-A8LKH8-F1-model_v6	0.000	19	36	174	0.528	0.109	7.122E-01	4.615E-01	1.040E-01	2.650E-01	42	AF-A8LKH8-F1-model_v6 ATP synthase subunit b 2
MC25_sitophilus_oryzae_2	AF-F4KHQ8-F1-model_v6	0.128	39	36	733	0.972	0.053	6.048E-01	5.835E-01	4.449E-02	2.650E-01	48	AF-F4KHQ8-F1-model_v6 Neutral ceramidase 3
MC25_sitophilus_oryzae_2	AF-Q96T55-3-F1-model_v6	0.031	161	36	294	1.000	0.520	5.344E-01	5.242E-01	8.516E-02	2.649E-01	44	AF-Q96T55-3-F1-model_v6 Potassium channel subfamily K member 16
MC25_sitophilus_oryzae_2	AF-Q2LR71-F1-model_v6	0.035	57	36	618	1.000	0.084	5.698E-01	5.583E-01	4.590E-02	2.649E-01	48	AF-Q2LR71-F1-model_v6 UvrABC system protein C
MC25_sitophilus_oryzae_2	AF-Q9A4I3-F1-model_v6	0.142	21	36	157	0.583	0.127	6.205E-01	4.593E-01	1.188E-01	2.649E-01	41	AF-Q9A4I3-F1-model_v6 Transcription elongation factor GreA
MC25_sitophilus_oryzae_2	AF-Q9CEB5-F1-model_v6	0.033	90	36	797	1.000	0.103	5.681E-01	5.561E-01	3.343E-02	2.649E-01	49	AF-Q9CEB5-F1-model_v6 Phenylalanine--tRNA ligase beta subunit
MC25_sitophilus_oryzae_2	AF-Q3BTC3-F1-model_v6	0.051	58	36	619	1.000	0.084	5.697E-01	5.582E-01	4.488E-02	2.648E-01	48	AF-Q3BTC3-F1-model_v6 UvrABC system protein C
MC25_sitophilus_oryzae_2	AF-B0SF41-F1-model_v6	0.000	105	36	327	0.861	0.321	5.780E-01	5.281E-01	8.567E-02	2.648E-01	44	AF-B0SF41-F1-model_v6 Malate dehydrogenase
MC25_sitophilus_oryzae_2	AF-B2IHJ7-F1-model_v6	0.095	21	36	157	0.583	0.127	5.923E-01	4.555E-01	1.186E-01	2.648E-01	41	AF-B2IHJ7-F1-model_v6 Transcription elongation factor GreA
MC25_sitophilus_oryzae_2	AF-B6EHH5-F1-model_v6	0.057	35	36	362	0.833	0.094	6.070E-01	5.289E-01	7.422E-02	2.648E-01	45	AF-B6EHH5-F1-model_v6 Peptide chain release factor 1
MC25_sitophilus_oryzae_2	AF-B2TQS8-F1-model_v6	0.000	41	36	657	0.861	0.062	6.542E-01	5.856E-01	4.449E-02	2.648E-01	48	AF-B2TQS8-F1-model_v6 UvrABC system protein B
MC25_sitophilus_oryzae_2	AF-Q8Z728-F1-model_v6	0.008	250	36	565	1.000	0.439	5.741E-01	5.632E-01	5.359E-02	2.648E-01	47	AF-Q8Z728-F1-model_v6 NAD-dependent malic enzyme
MC25_sitophilus_oryzae_2	AF-P9WQ85-F1-model_v6	0.085	47	36	771	1.000	0.060	6.222E-01	6.122E-01	4.288E-02	2.648E-01	48	AF-P9WQ85-F1-model_v6 Putative 8-amino-7-oxononanoate synthase 2
MC25_sitophilus_oryzae_2	AF-A2RGA4-F1-model_v6	0.142	21	36	160	0.583	0.125	6.303E-01	4.608E-01	1.165E-01	2.648E-01	41	AF-A2RGA4-F1-model_v6 Transcription elongation factor GreA
MC25_sitophilus_oryzae_2	AF-Q5QVQ6-F1-model_v6	0.021	47	36	283	1.000	0.138	5.226E-01	5.124E-01	8.734E-02	2.648E-01	44	AF-Q5QVQ6-F1-model_v6 Glutamyl-Q tRNA(Asp) synthetase
MC25_sitophilus_oryzae_2	AF-Q8PKS0-F1-model_v6	0.051	58	36	619	1.000	0.084	5.699E-01	5.584E-01	4.488E-02	2.647E-01	48	AF-Q8PKS0-F1-model_v6 UvrABC system protein C
MC25_sitophilus_oryzae_2	AF-O13683-F1-model_v6	0.008	339	36	1237	1.000	0.270	5.875E-01	5.756E-01	2.379E-02	2.647E-01	50	AF-O13683-F1-model_v6 Uncharacterized protein C11E3.02c
MC25_sitophilus_oryzae_2	AF-A5WGE7-F1-model_v6	0.011	84	36	411	1.000	0.187	5.742E-01	5.641E-01	6.654E-02	2.647E-01	46	AF-A5WGE7-F1-model_v6 1-deoxy-D-xylulose 5-phosphate reductoisomerase
MC25_sitophilus_oryzae_2	AF-O68546-F1-model_v6	0.095	21	36	158	0.583	0.127	6.126E-01	4.587E-01	1.179E-01	2.647E-01	41	AF-O68546-F1-model_v6 Transcription elongation factor GreA
MC25_sitophilus_oryzae_2	AF-Q9PTW1-F1-model_v6	0.000	67	36	190	0.861	0.326	5.513E-01	4.917E-01	1.192E-01	2.647E-01	41	AF-Q9PTW1-F1-model_v6 Frizzled-6 (Fragment)
MC25_sitophilus_oryzae_2	AF-C1C8A8-F1-model_v6	0.000	80	36	160	0.806	0.450	5.531E-01	4.626E-01	1.206E-01	2.646E-01	41	AF-C1C8A8-F1-model_v6 Transcription elongation factor GreA
MC25_sitophilus_oryzae_2	AF-A9NC09-F1-model_v6	0.016	59	36	672	1.000	0.086	5.938E-01	5.835E-01	4.775E-02	2.646E-01	48	AF-A9NC09-F1-model_v6 UvrABC system protein B
MC25_sitophilus_oryzae_2	AF-Q8CG64-F1-model_v6	0.013	224	36	494	1.000	0.439	5.559E-01	5.446E-01	5.373E-02	2.646E-01	47	AF-Q8CG64-F1-model_v6 Ribitol 5-phosphate transferase FKRP
MC25_sitophilus_oryzae_2	AF-A1U367-F1-model_v6	0.003	262	36	363	0.778	0.722	6.386E-01	5.408E-01	7.185E-02	2.646E-01	45	AF-A1U367-F1-model_v6 Peptide chain release factor 1
MC25_sitophilus_oryzae_2	AF-P80200-F1-model_v6	0.052	38	36	1147	0.944	0.030	6.234E-01	5.876E-01	2.533E-02	2.646E-01	50	AF-P80200-F1-model_v6 Cytotoxicity-associated immunodominant antigen
MC25_sitophilus_oryzae_2	AF-Q1ILY2-F1-model_v6	0.051	58	36	610	1.000	0.085	5.673E-01	5.562E-01	4.575E-02	2.646E-01	48	AF-Q1ILY2-F1-model_v6 UvrABC system protein C
MC25_sitophilus_oryzae_2	AF-Q9X232-F1-model_v6	0.000	80	36	156	0.806	0.462	5.553E-01	4.612E-01	1.233E-01	2.645E-01	40	AF-Q9X232-F1-model_v6 Transcription elongation factor GreA
MC25_sitophilus_oryzae_2	AF-A2VDN5-F1-model_v6	0.026	112	36	614	1.000	0.182	5.955E-01	5.871E-01	5.424E-02	2.645E-01	47	AF-A2VDN5-F1-model_v6 Spastin
MC25_sitophilus_oryzae_2	AF-Q2GC37-F1-model_v6	0.063	47	36	437	0.944	0.105	6.105E-01	5.831E-01	7.053E-02	2.645E-01	45	AF-Q2GC37-F1-model_v6 tRNA modification GTPase MnmE
MC25_sitophilus_oryzae_2	AF-Q8WTP8-2-F1-model_v6	0.023	84	36	327	0.917	0.242	5.745E-01	5.309E-01	7.846E-02	2.645E-01	45	AF-Q8WTP8-2-F1-model_v6 Apoptosis-enhancing nuclease
MC25_sitophilus_oryzae_2	AF-Q04QJ9-F1-model_v6	0.048	41	36	666	0.861	0.062	6.543E-01	5.858E-01	4.393E-02	2.645E-01	48	AF-Q04QJ9-F1-model_v6 UvrABC system protein B
MC25_sitophilus_oryzae_2	AF-P50525-F1-model_v6	0.048	62	36	342	0.972	0.175	5.596E-01	5.416E-01	8.459E-02	2.645E-01	44	AF-P50525-F1-model_v6 Apurinic-apyrimidinic endonuclease 1
MC25_sitophilus_oryzae_2	AF-Q5PHY7-F1-model_v6	0.008	250	36	565	1.000	0.439	5.739E-01	5.630E-01	5.359E-02	2.645E-01	47	AF-Q5PHY7-F1-model_v6 NAD-dependent malic enzyme
MC25_sitophilus_oryzae_2	AF-A0PYA5-F1-model_v6	0.027	37	36	657	0.889	0.052	6.125E-01	5.528E-01	4.153E-02	2.645E-01	48	AF-A0PYA5-F1-model_v6 UvrABC system protein B
MC25_sitophilus_oryzae_2	AF-D3Z8E6-F1-model_v6	0.000	190	36	1604	0.889	0.117	6.407E-01	5.768E-01	1.802E-02	2.645E-01	51	AF-D3Z8E6-F1-model_v6 Calmodulin-regulated spectrin-associated protein 1
MC25_sitophilus_oryzae_2	AF-A9IRC3-F1-model_v6	0.095	21	36	157	0.583	0.127	5.927E-01	4.548E-01	1.185E-01	2.645E-01	41	AF-A9IRC3-F1-model_v6 Transcription elongation factor GreA
MC25_sitophilus_oryzae_2	AF-A9MR05-F1-model_v6	0.008	250	36	565	1.000	0.439	5.729E-01	5.623E-01	5.359E-02	2.645E-01	47	AF-A9MR05-F1-model_v6 NAD-dependent malic enzyme
MC25_sitophilus_oryzae_2	AF-Q9S9P3-F1-model_v6	0.006	143	36	634	0.722	0.226	7.010E-01	5.548E-01	3.955E-02	2.645E-01	48	AF-Q9S9P3-F1-model_v6 Factor of DNA methylation 1
MC25_sitophilus_oryzae_2	AF-Q2UEH7-F1-model_v6	0.027	72	36	894	1.000	0.073	5.767E-01	5.649E-01	3.101E-02	2.645E-01	49	AF-Q2UEH7-F1-model_v6 ABC-transporter-regulating transcription factor
MC25_sitophilus_oryzae_2	AF-Q9SJ40-F1-model_v6	0.000	49	36	932	1.000	0.048	5.892E-01	5.779E-01	3.239E-02	2.644E-01	49	AF-Q9SJ40-F1-model_v6 Vacuolar protein-sorting-associated protein 11 homolog
MC25_sitophilus_oryzae_2	AF-B5QTN6-F1-model_v6	0.008	250	36	565	1.000	0.439	5.738E-01	5.632E-01	5.361E-02	2.644E-01	47	AF-B5QTN6-F1-model_v6 NAD-dependent malic enzyme
MC25_sitophilus_oryzae_2	AF-B5ZXG2-F1-model_v6	0.095	21	36	158	0.583	0.127	5.943E-01	4.555E-01	1.179E-01	2.644E-01	41	AF-B5ZXG2-F1-model_v6 Transcription elongation factor GreA
MC25_sitophilus_oryzae_2	AF-Q2SRY2-F1-model_v6	0.064	31	36	164	0.833	0.183	5.417E-01	4.982E-01	1.533E-01	2.644E-01	38	AF-Q2SRY2-F1-model_v6 Endoribonuclease YbeY
MC25_sitophilus_oryzae_2	AF-A3LP19-F1-model_v6	0.055	36	36	190	0.944	0.174	5.400E-01	5.102E-01	1.388E-01	2.644E-01	39	AF-A3LP19-F1-model_v6 Regulator of rDNA transcription 14
MC25_sitophilus_oryzae_2	AF-C1CFA2-F1-model_v6	0.000	80	36	160	0.806	0.450	5.524E-01	4.621E-01	1.205E-01	2.644E-01	41	AF-C1CFA2-F1-model_v6 Transcription elongation factor GreA
MC25_sitophilus_oryzae_2	AF-A1VN58-F1-model_v6	0.045	22	36	158	0.556	0.139	6.105E-01	4.611E-01	1.187E-01	2.643E-01	41	AF-A1VN58-F1-model_v6 Transcription elongation factor GreA
MC25_sitophilus_oryzae_2	AF-Q9M024-F1-model_v6	0.105	38	36	415	0.833	0.089	6.293E-01	5.540E-01	6.570E-02	2.643E-01	46	AF-Q9M024-F1-model_v6 Thylakoid ADP,ATP carrier protein, chloroplastic
MC25_sitophilus_oryzae_2	AF-Q15SX5-F1-model_v6	0.016	60	36	65	0.861	0.800	4.157E-01	3.756E-01	2.468E-01	2.643E-01	30	AF-Q15SX5-F1-model_v6 Large ribosomal subunit protein bL35
MC25_sitophilus_oryzae_2	AF-P30845-F1-model_v6	0.014	69	36	547	0.917	0.124	6.128E-01	5.731E-01	5.404E-02	2.643E-01	47	AF-P30845-F1-model_v6 Phosphoethanolamine transferase EptA
MC25_sitophilus_oryzae_2	AF-Q3IK95-F1-model_v6	0.057	35	36	361	0.833	0.094	6.068E-01	5.285E-01	7.440E-02	2.643E-01	45	AF-Q3IK95-F1-model_v6 Peptide chain release factor 1
MC25_sitophilus_oryzae_2	AF-Q5ZS95-F1-model_v6	0.000	22	36	160	0.556	0.138	6.103E-01	4.610E-01	1.172E-01	2.643E-01	41	AF-Q5ZS95-F1-model_v6 Transcription elongation factor GreA
MC25_sitophilus_oryzae_2	AF-Q90456-F1-model_v6	0.075	40	36	287	0.944	0.118	5.462E-01	5.177E-01	8.600E-02	2.643E-01	44	AF-Q90456-F1-model_v6 Melatonin receptor type 1B-A (Fragment)
MC25_sitophilus_oryzae_2	AF-Q10Z79-F1-model_v6	0.026	38	36	622	0.889	0.055	6.078E-01	5.493E-01	4.285E-02	2.643E-01	48	AF-Q10Z79-F1-model_v6 UvrABC system protein C
MC25_sitophilus_oryzae_2	AF-A0A0H3JML2-F1-model_v6	0.014	69	36	547	0.917	0.124	6.140E-01	5.740E-01	5.404E-02	2.643E-01	47	AF-A0A0H3JML2-F1-model_v6 Phosphoethanolamine transferase EptA
MC25_sitophilus_oryzae_2	AF-B1L280-F1-model_v6	0.000	42	36	662	0.889	0.063	6.433E-01	5.869E-01	4.515E-02	2.642E-01	48	AF-B1L280-F1-model_v6 UvrABC system protein B
MC25_sitophilus_oryzae_2	AF-Q9KA55-F1-model_v6	0.037	81	36	346	0.917	0.231	5.699E-01	5.319E-01	8.017E-02	2.642E-01	45	AF-Q9KA55-F1-model_v6 Protein-glutamate methylesterase/protein-glutamine glutaminase
MC25_sitophilus_oryzae_2	AF-A1VAK8-F1-model_v6	0.062	32	36	357	0.833	0.084	6.107E-01	5.301E-01	7.338E-02	2.642E-01	45	AF-A1VAK8-F1-model_v6 Peptide chain release factor 1
MC25_sitophilus_oryzae_2	AF-Q2YA20-F1-model_v6	0.000	229	36	366	0.917	0.617	5.620E-01	5.184E-01	7.200E-02	2.642E-01	45	AF-Q2YA20-F1-model_v6 NADH-quinone oxidoreductase subunit H 2
MC25_sitophilus_oryzae_2	AF-Q1MDR7-F1-model_v6	0.095	21	36	158	0.583	0.127	6.103E-01	4.580E-01	1.178E-01	2.642E-01	41	AF-Q1MDR7-F1-model_v6 Transcription elongation factor GreA
MC25_sitophilus_oryzae_2	AF-P26043-F1-model_v6	0.011	88	36	583	1.000	0.151	6.010E-01	5.917E-01	5.665E-02	2.642E-01	47	AF-P26043-F1-model_v6 Radixin
MC25_sitophilus_oryzae_2	AF-Q5HA05-F1-model_v6	0.025	40	36	870	1.000	0.041	6.017E-01	5.903E-01	3.479E-02	2.642E-01	49	AF-Q5HA05-F1-model_v6 Protein translocase subunit SecA
MC25_sitophilus_oryzae_2	AF-Q9C5U0-F1-model_v6	0.000	60	36	1080	0.972	0.051	5.781E-01	5.531E-01	2.582E-02	2.642E-01	50	AF-Q9C5U0-F1-model_v6 Histidine kinase 4
MC25_sitophilus_oryzae_2	AF-Q5T5P2-9-F1-model_v6	0.000	39	36	1264	1.000	0.023	6.843E-01	5.742E-01	2.025E-02	2.642E-01	50	AF-Q5T5P2-9-F1-model_v6 Sickle tail protein homolog
MC25_sitophilus_oryzae_2	AF-Q3IIL2-F1-model_v6	0.033	90	36	795	1.000	0.103	5.676E-01	5.557E-01	3.355E-02	2.642E-01	49	AF-Q3IIL2-F1-model_v6 Phenylalanine--tRNA ligase beta subunit
MC25_sitophilus_oryzae_2	AF-C5MFB4-F1-model_v6	0.058	51	36	705	1.000	0.067	5.817E-01	5.704E-01	4.239E-02	2.642E-01	48	AF-C5MFB4-F1-model_v6 Nucleolar protein 9
MC25_sitophilus_oryzae_2	AF-Q49VV6-F1-model_v6	0.036	55	36	660	1.000	0.076	5.694E-01	5.583E-01	4.331E-02	2.641E-01	48	AF-Q49VV6-F1-model_v6 UvrABC system protein B
MC25_sitophilus_oryzae_2	AF-Q13505-F1-model_v6	0.024	83	36	466	0.944	0.167	5.771E-01	5.425E-01	5.707E-02	2.641E-01	47	AF-Q13505-F1-model_v6 Metaxin-1
MC25_sitophilus_oryzae_2	AF-Q72ZI2-F1-model_v6	0.044	90	36	806	1.000	0.102	5.704E-01	5.586E-01	3.315E-02	2.641E-01	49	AF-Q72ZI2-F1-model_v6 Phenylalanine--tRNA ligase beta subunit
MC25_sitophilus_oryzae_2	AF-B8EI32-F1-model_v6	0.011	262	36	360	0.778	0.728	6.362E-01	5.313E-01	7.144E-02	2.641E-01	45	AF-B8EI32-F1-model_v6 Peptide chain release factor 1
MC25_sitophilus_oryzae_2	AF-B7VKH3-F1-model_v6	0.057	35	36	362	0.833	0.094	6.070E-01	5.293E-01	7.423E-02	2.641E-01	45	AF-B7VKH3-F1-model_v6 Peptide chain release factor 1
MC25_sitophilus_oryzae_2	AF-A6UBQ4-F1-model_v6	0.012	158	36	280	0.889	0.550	5.589E-01	5.029E-01	8.698E-02	2.641E-01	44	AF-A6UBQ4-F1-model_v6 Phosphatidylglycerol--prolipoprotein diacylglyceryl transferase
MC25_sitophilus_oryzae_2	AF-Q5WTH5-F1-model_v6	0.000	22	36	160	0.556	0.138	6.084E-01	4.604E-01	1.172E-01	2.641E-01	41	AF-Q5WTH5-F1-model_v6 Transcription elongation factor GreA
MC25_sitophilus_oryzae_2	AF-A1R6F3-F1-model_v6	0.012	82	36	699	0.889	0.113	6.297E-01	5.688E-01	3.899E-02	2.641E-01	48	AF-A1R6F3-F1-model_v6 UvrABC system protein B
MC25_sitophilus_oryzae_2	AF-O42637-F1-model_v6	0.063	63	36	797	1.000	0.072	5.744E-01	5.626E-01	3.500E-02	2.641E-01	49	AF-O42637-F1-model_v6 Complex I intermediate-associated protein 84, mitochondrial
MC25_sitophilus_oryzae_2	AF-Q1LWE6-F1-model_v6	0.000	40	36	516	1.000	0.060	6.259E-01	5.482E-01	4.917E-02	2.641E-01	47	AF-Q1LWE6-F1-model_v6 BAR/IMD domain-containing adapter protein 2-like 2
MC25_sitophilus_oryzae_2	AF-Q5GT78-F1-model_v6	0.000	37	36	565	0.917	0.058	6.195E-01	5.764E-01	4.919E-02	2.640E-01	47	AF-Q5GT78-F1-model_v6 Arginine--tRNA ligase
MC25_sitophilus_oryzae_2	AF-B1IFX3-F1-model_v6	0.000	42	36	662	0.889	0.063	6.402E-01	5.861E-01	4.513E-02	2.640E-01	48	AF-B1IFX3-F1-model_v6 UvrABC system protein B
MC25_sitophilus_oryzae_2	AF-B8ZLB8-F1-model_v6	0.000	80	36	160	0.806	0.450	5.517E-01	4.618E-01	1.205E-01	2.640E-01	40	AF-B8ZLB8-F1-model_v6 Transcription elongation factor GreA
MC25_sitophilus_oryzae_2	AF-O13284-F1-model_v6	0.046	64	36	946	1.000	0.060	5.915E-01	5.796E-01	2.969E-02	2.640E-01	49	AF-O13284-F1-model_v6 Ent-kaur-16-ene synthase
MC25_sitophilus_oryzae_2	AF-Q7MMY6-F1-model_v6	0.057	35	36	362	0.833	0.094	6.060E-01	5.292E-01	7.427E-02	2.640E-01	45	AF-Q7MMY6-F1-model_v6 Peptide chain release factor 1
MC25_sitophilus_oryzae_2	AF-B0G163-F1-model_v6	0.024	82	36	978	1.000	0.083	6.354E-01	6.251E-01	3.417E-02	2.640E-01	49	AF-B0G163-F1-model_v6 Exocyst complex component 5
MC25_sitophilus_oryzae_2	AF-Q94JW0-F1-model_v6	0.047	42	36	314	0.972	0.115	5.431E-01	5.220E-01	8.139E-02	2.640E-01	44	AF-Q94JW0-F1-model_v6 Deoxyhypusine hydroxylase
MC25_sitophilus_oryzae_2	AF-B9J753-F1-model_v6	0.095	21	36	158	0.583	0.127	5.910E-01	4.549E-01	1.178E-01	2.640E-01	41	AF-B9J753-F1-model_v6 Transcription elongation factor GreA
MC25_sitophilus_oryzae_2	AF-P0ABB0-F1-model_v6	0.003	254	36	513	1.000	0.487	5.838E-01	5.742E-01	5.817E-02	2.640E-01	47	AF-P0ABB0-F1-model_v6 ATP synthase subunit alpha
MC25_sitophilus_oryzae_2	AF-Q057J4-F1-model_v6	0.000	22	36	159	0.556	0.138	6.195E-01	4.606E-01	1.179E-01	2.640E-01	41	AF-Q057J4-F1-model_v6 Transcription elongation factor GreA
MC25_sitophilus_oryzae_2	AF-Q6N2H8-F1-model_v6	0.043	23	36	158	0.556	0.146	6.345E-01	4.540E-01	1.170E-01	2.640E-01	41	AF-Q6N2H8-F1-model_v6 Transcription elongation factor GreA
MC25_sitophilus_oryzae_2	AF-A6M2Z0-F1-model_v6	0.000	41	36	657	0.861	0.062	6.521E-01	5.836E-01	4.441E-02	2.640E-01	48	AF-A6M2Z0-F1-model_v6 UvrABC system protein B
MC25_sitophilus_oryzae_2	AF-Q9Y103-F1-model_v6	0.076	52	36	839	1.000	0.058	5.792E-01	5.678E-01	3.645E-02	2.640E-01	49	AF-Q9Y103-F1-model_v6 Septin-interacting protein 1
MC25_sitophilus_oryzae_2	AF-A7GIY3-F1-model_v6	0.000	42	36	662	0.889	0.063	6.402E-01	5.861E-01	4.512E-02	2.639E-01	48	AF-A7GIY3-F1-model_v6 UvrABC system protein B
MC25_sitophilus_oryzae_2	AF-A1WXX6-F1-model_v6	0.000	22	36	158	0.556	0.139	6.058E-01	4.602E-01	1.186E-01	2.639E-01	41	AF-A1WXX6-F1-model_v6 Transcription elongation factor GreA
MC25_sitophilus_oryzae_2	AF-Q9JLS3-F1-model_v6	0.009	211	36	1235	0.861	0.171	6.714E-01	5.951E-01	2.421E-02	2.639E-01	50	AF-Q9JLS3-F1-model_v6 Serine/threonine-protein kinase TAO2
MC25_sitophilus_oryzae_2	AF-A5IAV2-F1-model_v6	0.000	22	36	160	0.556	0.138	6.084E-01	4.604E-01	1.172E-01	2.639E-01	41	AF-A5IAV2-F1-model_v6 Transcription elongation factor GreA
MC25_sitophilus_oryzae_2	AF-C3KV20-F1-model_v6	0.000	42	36	662	0.889	0.063	6.426E-01	5.864E-01	4.514E-02	2.639E-01	48	AF-C3KV20-F1-model_v6 UvrABC system protein B
MC25_sitophilus_oryzae_2	AF-Q04HS9-F1-model_v6	0.000	80	36	160	0.806	0.450	5.516E-01	4.617E-01	1.205E-01	2.639E-01	40	AF-Q04HS9-F1-model_v6 Transcription elongation factor GreA
MC25_sitophilus_oryzae_2	AF-B9KLF5-F1-model_v6	0.095	21	36	156	0.583	0.128	6.138E-01	4.582E-01	1.195E-01	2.639E-01	41	AF-B9KLF5-F1-model_v6 Transcription elongation factor GreA
MC25_sitophilus_oryzae_2	AF-P58402-F1-model_v6	0.055	36	36	1197	0.917	0.028	6.209E-01	5.676E-01	2.427E-02	2.638E-01	50	AF-P58402-F1-model_v6 Sensor protein EvgS
MC25_sitophilus_oryzae_2	AF-P47340-F1-model_v6	0.102	39	36	468	0.917	0.075	5.955E-01	5.526E-01	5.820E-02	2.638E-01	47	AF-P47340-F1-model_v6 Replicative DNA helicase DnaB
MC25_sitophilus_oryzae_2	AF-A8HR94-F1-model_v6	0.090	22	36	157	0.528	0.140	6.801E-01	4.546E-01	1.158E-01	2.638E-01	41	AF-A8HR94-F1-model_v6 Transcription elongation factor GreA
MC25_sitophilus_oryzae_2	AF-Q727E1-F1-model_v6	0.062	32	36	357	0.833	0.084	6.101E-01	5.297E-01	7.337E-02	2.638E-01	45	AF-Q727E1-F1-model_v6 Peptide chain release factor 1
MC25_sitophilus_oryzae_2	AF-Q5F6H4-F1-model_v6	0.008	125	36	313	0.889	0.387	5.655E-01	5.039E-01	7.897E-02	2.638E-01	45	AF-Q5F6H4-F1-model_v6 Adhesin MafA 2/3
MC25_sitophilus_oryzae_2	AF-Q7VJT9-F1-model_v6	0.095	21	36	163	0.583	0.123	6.223E-01	4.599E-01	1.147E-01	2.638E-01	41	AF-Q7VJT9-F1-model_v6 Transcription elongation factor GreA
MC25_sitophilus_oryzae_2	AF-A9NF23-F1-model_v6	0.097	41	36	365	1.000	0.101	5.449E-01	5.349E-01	7.691E-02	2.638E-01	45	AF-A9NF23-F1-model_v6 Peptide chain release factor 2
MC25_sitophilus_oryzae_2	AF-Q9H9S5-F1-model_v6	0.013	224	36	495	1.000	0.438	5.550E-01	5.438E-01	5.362E-02	2.638E-01	47	AF-Q9H9S5-F1-model_v6 Ribitol 5-phosphate transferase FKRP
MC25_sitophilus_oryzae_2	AF-Q86Y82-F1-model_v6	0.027	36	36	276	0.944	0.112	5.825E-01	5.258E-01	9.425E-02	2.638E-01	43	AF-Q86Y82-F1-model_v6 Syntaxin-12
MC25_sitophilus_oryzae_2	AF-Q96NL0-2-F1-model_v6	0.030	33	36	329	0.806	0.088	6.143E-01	5.091E-01	6.992E-02	2.638E-01	45	AF-Q96NL0-2-F1-model_v6 RUN domain-containing protein 3B
MC25_sitophilus_oryzae_2	AF-B9JT13-F1-model_v6	0.057	35	36	359	0.833	0.095	6.051E-01	5.273E-01	7.480E-02	2.638E-01	45	AF-B9JT13-F1-model_v6 Peptide chain release factor 1
MC25_sitophilus_oryzae_2	AF-Q6GE72-F1-model_v6	0.005	195	36	457	0.917	0.418	6.204E-01	5.772E-01	6.002E-02	2.638E-01	46	AF-Q6GE72-F1-model_v6 Heme sensor protein HssS
MC25_sitophilus_oryzae_2	AF-A5V3E1-F1-model_v6	0.054	37	36	158	1.000	0.158	5.799E-01	4.663E-01	1.309E-01	2.637E-01	40	AF-A5V3E1-F1-model_v6 Transcription elongation factor GreA
MC25_sitophilus_oryzae_2	AF-Q6LNB4-F1-model_v6	0.057	35	36	362	0.833	0.094	6.054E-01	5.285E-01	7.420E-02	2.637E-01	45	AF-Q6LNB4-F1-model_v6 Peptide chain release factor 1
MC25_sitophilus_oryzae_2	AF-B0TIW9-F1-model_v6	0.016	59	36	609	1.000	0.085	5.611E-01	5.501E-01	4.474E-02	2.637E-01	48	AF-B0TIW9-F1-model_v6 UvrABC system protein C
MC25_sitophilus_oryzae_2	AF-P41586-F1-model_v6	0.004	242	36	468	0.833	0.515	6.361E-01	5.570E-01	5.821E-02	2.636E-01	46	AF-P41586-F1-model_v6 Pituitary adenylate cyclase-activating polypeptide type I receptor
MC25_sitophilus_oryzae_2	AF-Q890X8-F1-model_v6	0.000	42	36	661	0.889	0.064	6.409E-01	5.875E-01	4.516E-02	2.636E-01	48	AF-Q890X8-F1-model_v6 UvrABC system protein B
MC25_sitophilus_oryzae_2	AF-A0A095AMW7-F1-model_v6	0.081	49	36	542	1.000	0.085	5.655E-01	5.546E-01	5.466E-02	2.636E-01	47	AF-A0A095AMW7-F1-model_v6 Malolactic enzyme
MC25_sitophilus_oryzae_2	AF-Q8DFF9-F1-model_v6	0.057	35	36	362	0.833	0.094	6.054E-01	5.288E-01	7.426E-02	2.636E-01	45	AF-Q8DFF9-F1-model_v6 Peptide chain release factor 1
MC25_sitophilus_oryzae_2	AF-Q6NS15-F1-model_v6	0.000	47	36	777	0.889	0.058	6.459E-01	5.868E-01	3.683E-02	2.636E-01	49	AF-Q6NS15-F1-model_v6 Mediator of RNA polymerase II transcription subunit 15
MC25_sitophilus_oryzae_2	AF-A1SV89-F1-model_v6	0.064	31	36	363	0.833	0.083	6.201E-01	5.466E-01	7.467E-02	2.636E-01	45	AF-A1SV89-F1-model_v6 Peptide chain release factor 1
MC25_sitophilus_oryzae_2	AF-Q6D5P8-F1-model_v6	0.009	107	36	327	0.972	0.315	5.602E-01	5.399E-01	8.348E-02	2.636E-01	44	AF-Q6D5P8-F1-model_v6 Zinc transport protein ZntB
MC25_sitophilus_oryzae_2	AF-Q2FVQ8-F1-model_v6	0.005	195	36	457	0.917	0.418	6.201E-01	5.774E-01	6.003E-02	2.636E-01	46	AF-Q2FVQ8-F1-model_v6 Heme sensor protein HssS
MC25_sitophilus_oryzae_2	AF-Q6FRS1-F1-model_v6	0.003	656	36	659	0.972	0.988	5.840E-01	5.599E-01	4.208E-02	2.636E-01	48	AF-Q6FRS1-F1-model_v6 SWR1-complex protein 3
MC25_sitophilus_oryzae_2	AF-Q1QN87-F1-model_v6	0.026	38	36	482	0.944	0.068	6.049E-01	5.608E-01	5.639E-02	2.636E-01	47	AF-Q1QN87-F1-model_v6 Cysteine--tRNA ligase
MC25_sitophilus_oryzae_2	AF-O84898-F1-model_v6	0.034	29	36	571	0.806	0.049	6.806E-01	5.745E-01	4.692E-02	2.635E-01	48	AF-O84898-F1-model_v6 UvrABC system protein C
MC25_sitophilus_oryzae_2	AF-C1FMK5-F1-model_v6	0.000	42	36	662	0.889	0.063	6.393E-01	5.855E-01	4.513E-02	2.635E-01	48	AF-C1FMK5-F1-model_v6 UvrABC system protein B
MC25_sitophilus_oryzae_2	AF-Q5JHN1-F1-model_v6	0.020	48	36	883	0.917	0.053	6.335E-01	5.878E-01	3.431E-02	2.635E-01	49	AF-Q5JHN1-F1-model_v6 DNA double-strand break repair Rad50 ATPase
MC25_sitophilus_oryzae_2	AF-Q5E5G5-F1-model_v6	0.011	90	36	795	1.000	0.103	5.688E-01	5.570E-01	3.357E-02	2.635E-01	49	AF-Q5E5G5-F1-model_v6 Phenylalanine--tRNA ligase beta subunit
MC25_sitophilus_oryzae_2	AF-A9BFC0-F1-model_v6	0.142	21	36	159	0.583	0.126	6.090E-01	4.588E-01	1.175E-01	2.635E-01	41	AF-A9BFC0-F1-model_v6 Transcription elongation factor GreA
MC25_sitophilus_oryzae_2	AF-A7FYY1-F1-model_v6	0.000	42	36	662	0.889	0.063	6.391E-01	5.852E-01	4.511E-02	2.635E-01	48	AF-A7FYY1-F1-model_v6 UvrABC system protein B
MC25_sitophilus_oryzae_2	AF-Q5HWI0-F1-model_v6	0.043	23	36	161	0.556	0.143	6.390E-01	4.570E-01	1.151E-01	2.635E-01	41	AF-Q5HWI0-F1-model_v6 Transcription elongation factor GreA
MC25_sitophilus_oryzae_2	AF-B9L131-F1-model_v6	0.015	64	36	445	1.000	0.142	5.702E-01	5.609E-01	7.153E-02	2.635E-01	45	AF-B9L131-F1-model_v6 Serine--tRNA ligase
MC25_sitophilus_oryzae_2	AF-Q15SQ9-F1-model_v6	0.057	35	36	362	0.833	0.094	6.070E-01	5.305E-01	7.433E-02	2.635E-01	45	AF-Q15SQ9-F1-model_v6 Peptide chain release factor 1
MC25_sitophilus_oryzae_2	AF-P62131-F1-model_v6	0.014	71	36	372	1.000	0.172	5.321E-01	5.219E-01	7.014E-02	2.635E-01	45	AF-P62131-F1-model_v6 DNA double-strand break repair protein Mre11
MC25_sitophilus_oryzae_2	AF-Q11GV7-F1-model_v6	0.000	60	36	653	0.861	0.087	6.303E-01	5.543E-01	4.035E-02	2.634E-01	48	AF-Q11GV7-F1-model_v6 UvrABC system protein C
MC25_sitophilus_oryzae_2	AF-Q6N8A7-F1-model_v6	0.071	56	36	463	0.917	0.112	5.893E-01	5.426E-01	5.744E-02	2.634E-01	47	AF-Q6N8A7-F1-model_v6 Cysteine--tRNA ligase
MC25_sitophilus_oryzae_2	AF-Q0ARM2-F1-model_v6	0.108	37	36	633	0.889	0.054	6.049E-01	5.462E-01	4.291E-02	2.634E-01	48	AF-Q0ARM2-F1-model_v6 UvrABC system protein C
MC25_sitophilus_oryzae_2	AF-B9KDP9-F1-model_v6	0.045	22	36	161	0.528	0.137	6.835E-01	4.559E-01	1.131E-01	2.634E-01	41	AF-B9KDP9-F1-model_v6 Transcription elongation factor GreA
MC25_sitophilus_oryzae_2	AF-Q07500-F1-model_v6	0.021	47	36	545	0.944	0.079	6.041E-01	5.706E-01	5.180E-02	2.633E-01	47	AF-Q07500-F1-model_v6 External NADH-ubiquinone oxidoreductase 2, mitochondrial
MC25_sitophilus_oryzae_2	AF-Q2SL95-F1-model_v6	0.057	35	36	360	0.833	0.094	6.055E-01	5.288E-01	7.467E-02	2.633E-01	45	AF-Q2SL95-F1-model_v6 Peptide chain release factor 1
MC25_sitophilus_oryzae_2	AF-Q65TL3-F1-model_v6	0.011	90	36	795	1.000	0.103	5.683E-01	5.564E-01	3.357E-02	2.633E-01	49	AF-Q65TL3-F1-model_v6 Phenylalanine--tRNA ligase beta subunit
MC25_sitophilus_oryzae_2	AF-Q93RJ9-F1-model_v6	0.021	46	36	388	0.972	0.095	5.606E-01	5.375E-01	6.277E-02	2.633E-01	46	AF-Q93RJ9-F1-model_v6 Xylose isomerase
MC25_sitophilus_oryzae_2	AF-Q0IHF1-F1-model_v6	0.000	38	36	488	0.944	0.066	6.065E-01	5.516E-01	5.446E-02	2.633E-01	47	AF-Q0IHF1-F1-model_v6 Transmembrane protein 39A-A
MC25_sitophilus_oryzae_2	AF-A4WVE8-F1-model_v6	0.095	21	36	156	0.583	0.128	6.023E-01	4.562E-01	1.195E-01	2.633E-01	40	AF-A4WVE8-F1-model_v6 Transcription elongation factor GreA
MC25_sitophilus_oryzae_2	AF-Q8K0Z9-F1-model_v6	0.027	144	36	631	1.000	0.225	5.804E-01	5.697E-01	4.883E-02	2.632E-01	47	AF-Q8K0Z9-F1-model_v6 Probable G-protein coupled receptor 153
MC25_sitophilus_oryzae_2	AF-Q5PR61-F1-model_v6	0.052	38	36	541	0.833	0.070	6.607E-01	5.882E-01	5.317E-02	2.632E-01	47	AF-Q5PR61-F1-model_v6 Lysosomal cobalamin transport escort protein LMBD1
MC25_sitophilus_oryzae_2	AF-P37031-F1-model_v6	0.021	46	36	388	0.972	0.095	5.609E-01	5.378E-01	6.280E-02	2.632E-01	46	AF-P37031-F1-model_v6 Xylose isomerase
MC25_sitophilus_oryzae_2	AF-Q9S3Z4-F1-model_v6	0.021	46	36	388	0.972	0.095	5.604E-01	5.374E-01	6.276E-02	2.632E-01	46	AF-Q9S3Z4-F1-model_v6 Xylose isomerase
MC25_sitophilus_oryzae_2	AF-Q2UPB8-F1-model_v6	0.051	39	36	256	0.889	0.148	5.653E-01	5.237E-01	1.055E-01	2.631E-01	42	AF-Q2UPB8-F1-model_v6 Aspirochlorine biosynthesis protein F
MC25_sitophilus_oryzae_2	AF-Q2RQB1-F1-model_v6	0.090	22	36	157	0.528	0.140	6.712E-01	4.543E-01	1.158E-01	2.631E-01	41	AF-Q2RQB1-F1-model_v6 Transcription elongation factor GreA
MC25_sitophilus_oryzae_2	AF-C5BHA4-F1-model_v6	0.033	30	36	374	0.833	0.078	6.306E-01	5.352E-01	6.985E-02	2.631E-01	45	AF-C5BHA4-F1-model_v6 Ribosomal RNA large subunit methyltransferase M
MC25_sitophilus_oryzae_2	AF-A3A2W2-F1-model_v6	0.085	35	36	308	0.889	0.110	5.871E-01	5.383E-01	8.848E-02	2.631E-01	43	AF-A3A2W2-F1-model_v6 CASP-like protein 4A2
MC25_sitophilus_oryzae_2	AF-Q3UIR3-2-F1-model_v6	0.020	50	36	691	1.000	0.067	5.837E-01	5.723E-01	4.281E-02	2.631E-01	48	AF-Q3UIR3-2-F1-model_v6 E3 ubiquitin-protein ligase DTX3L
MC25_sitophilus_oryzae_2	AF-Q9W0S3-F1-model_v6	0.000	27	36	409	0.694	0.066	6.881E-01	5.500E-01	5.921E-02	2.631E-01	46	AF-Q9W0S3-F1-model_v6 Mitochondrial import inner membrane translocase subunit TIM50-B
MC25_sitophilus_oryzae_2	AF-Q5WDG7-F1-model_v6	0.081	37	36	660	0.889	0.052	6.110E-01	5.514E-01	4.129E-02	2.631E-01	48	AF-Q5WDG7-F1-model_v6 UvrABC system protein B
MC25_sitophilus_oryzae_2	AF-Q9CEV9-F1-model_v6	0.000	124	36	308	0.750	0.399	6.310E-01	5.217E-01	7.764E-02	2.631E-01	44	AF-Q9CEV9-F1-model_v6 Foldase protein PrsA
MC25_sitophilus_oryzae_2	AF-Q9VKH0-F1-model_v6	0.020	97	36	570	1.000	0.161	5.852E-01	5.747E-01	5.123E-02	2.631E-01	47	AF-Q9VKH0-F1-model_v6 Conserved oligomeric Golgi complex subunit 8
MC25_sitophilus_oryzae_2	AF-Q8YTI9-F1-model_v6	0.027	37	36	627	1.000	0.041	7.088E-01	5.516E-01	3.862E-02	2.631E-01	48	AF-Q8YTI9-F1-model_v6 UvrABC system protein C
MC25_sitophilus_oryzae_2	AF-B0R7R3-F1-model_v6	0.010	95	36	590	0.944	0.154	5.890E-01	5.533E-01	4.698E-02	2.631E-01	47	AF-B0R7R3-F1-model_v6 UvrABC system protein C
MC25_sitophilus_oryzae_2	AF-A8AVM5-F1-model_v6	0.045	22	36	160	0.528	0.138	6.786E-01	4.555E-01	1.139E-01	2.630E-01	41	AF-A8AVM5-F1-model_v6 Transcription elongation factor GreA
MC25_sitophilus_oryzae_2	AF-Q720A2-F1-model_v6	0.025	39	36	1444	0.944	0.024	5.951E-01	5.560E-01	1.916E-02	2.630E-01	50	AF-Q720A2-F1-model_v6 DNA polymerase III PolC-type
MC25_sitophilus_oryzae_2	AF-B5YIQ7-F1-model_v6	0.064	31	36	353	0.833	0.085	6.175E-01	5.473E-01	7.670E-02	2.630E-01	45	AF-B5YIQ7-F1-model_v6 Peptide chain release factor 1
MC25_sitophilus_oryzae_2	AF-Q8NXA2-F1-model_v6	0.009	206	36	557	0.806	0.370	6.613E-01	5.664E-01	4.943E-02	2.630E-01	47	AF-Q8NXA2-F1-model_v6 2-succinyl-5-enolpyruvyl-6-hydroxy-3-cyclohexene-1-carboxylate synthase
MC25_sitophilus_oryzae_2	AF-P52192-F1-model_v6	0.000	70	36	544	1.000	0.119	5.679E-01	5.572E-01	5.195E-02	2.630E-01	47	AF-P52192-F1-model_v6 Inward rectifier potassium channel irk-1
MC25_sitophilus_oryzae_2	AF-A3PGS3-F1-model_v6	0.095	21	36	156	0.583	0.128	6.020E-01	4.559E-01	1.194E-01	2.630E-01	40	AF-A3PGS3-F1-model_v6 Transcription elongation factor GreA
MC25_sitophilus_oryzae_2	AF-Q9JTT4-F1-model_v6	0.000	22	36	158	0.556	0.139	6.016E-01	4.592E-01	1.186E-01	2.630E-01	40	AF-Q9JTT4-F1-model_v6 Transcription elongation factor GreA
MC25_sitophilus_oryzae_2	AF-Q2TLY2-F1-model_v6	0.047	42	36	664	0.861	0.062	6.385E-01	5.718E-01	4.244E-02	2.630E-01	48	AF-Q2TLY2-F1-model_v6 Macoilin-1
MC25_sitophilus_oryzae_2	AF-Q8C0X8-F1-model_v6	0.013	75	36	640	0.972	0.111	5.799E-01	5.569E-01	4.518E-02	2.629E-01	48	AF-Q8C0X8-F1-model_v6 Sperm motility kinase X
MC25_sitophilus_oryzae_2	AF-A0K9N3-F1-model_v6	0.034	86	36	296	1.000	0.250	5.121E-01	5.007E-01	7.458E-02	2.629E-01	45	AF-A0K9N3-F1-model_v6 Phosphatidylglycerol--prolipoprotein diacylglyceryl transferase
MC25_sitophilus_oryzae_2	AF-Q9Y3A5-F1-model_v6	0.032	62	36	250	0.972	0.236	5.272E-01	5.093E-01	1.067E-01	2.629E-01	42	AF-Q9Y3A5-F1-model_v6 Ribosome maturation protein SBDS
MC25_sitophilus_oryzae_2	AF-P45461-F1-model_v6	0.014	203	36	294	1.000	0.677	5.318E-01	5.220E-01	9.216E-02	2.629E-01	43	AF-P45461-F1-model_v6 HTH-type transcriptional activator AmpR
MC25_sitophilus_oryzae_2	AF-Q0C4H1-F1-model_v6	0.181	22	36	157	0.528	0.140	6.705E-01	4.539E-01	1.158E-01	2.629E-01	41	AF-Q0C4H1-F1-model_v6 Transcription elongation factor GreA
MC25_sitophilus_oryzae_2	AF-Q6CVN3-F1-model_v6	0.074	27	36	161	0.611	0.168	6.004E-01	4.648E-01	1.262E-01	2.629E-01	40	AF-Q6CVN3-F1-model_v6 Mediator of RNA polymerase II transcription subunit 10
MC25_sitophilus_oryzae_2	AF-Q81L31-F1-model_v6	0.044	90	36	806	1.000	0.102	5.691E-01	5.574E-01	3.314E-02	2.629E-01	49	AF-Q81L31-F1-model_v6 Phenylalanine--tRNA ligase beta subunit
MC25_sitophilus_oryzae_2	AF-Q7V9M1-F1-model_v6	0.014	69	36	677	1.000	0.095	5.979E-01	5.870E-01	4.305E-02	2.629E-01	48	AF-Q7V9M1-F1-model_v6 UvrABC system protein B
MC25_sitophilus_oryzae_2	AF-Q96T55-F1-model_v6	0.031	160	36	309	1.000	0.492	5.255E-01	5.163E-01	8.167E-02	2.629E-01	44	AF-Q96T55-F1-model_v6 Potassium channel subfamily K member 16
MC25_sitophilus_oryzae_2	AF-B0VSL8-F1-model_v6	0.000	22	36	158	0.556	0.139	6.012E-01	4.585E-01	1.185E-01	2.629E-01	40	AF-B0VSL8-F1-model_v6 Transcription elongation factor GreA
MC25_sitophilus_oryzae_2	AF-Q8RWF4-F1-model_v6	0.011	85	36	441	1.000	0.190	5.890E-01	5.800E-01	7.263E-02	2.629E-01	45	AF-Q8RWF4-F1-model_v6 Probable magnesium transporter NIPA8
MC25_sitophilus_oryzae_2	AF-Q8AWW7-F1-model_v6	0.024	41	36	456	1.000	0.079	5.690E-01	5.589E-01	6.271E-02	2.628E-01	46	AF-Q8AWW7-F1-model_v6 RuvB-like 1
MC25_sitophilus_oryzae_2	AF-C3KDC6-F1-model_v6	0.057	35	36	360	0.833	0.094	6.038E-01	5.272E-01	7.463E-02	2.628E-01	45	AF-C3KDC6-F1-model_v6 Peptide chain release factor 1
MC25_sitophilus_oryzae_2	AF-A5DT31-F1-model_v6	0.136	22	36	309	0.556	0.071	7.937E-01	4.882E-01	6.213E-02	2.628E-01	46	AF-A5DT31-F1-model_v6 Small ribosomal subunit protein mS23
MC25_sitophilus_oryzae_2	AF-B0TI71-F1-model_v6	0.064	31	36	354	0.833	0.085	6.196E-01	5.490E-01	7.658E-02	2.628E-01	45	AF-B0TI71-F1-model_v6 Peptide chain release factor 1
MC25_sitophilus_oryzae_2	AF-Q1CT06-F1-model_v6	0.095	21	36	164	0.583	0.122	6.085E-01	4.570E-01	1.136E-01	2.628E-01	41	AF-Q1CT06-F1-model_v6 Transcription elongation factor GreA
MC25_sitophilus_oryzae_2	AF-B3QJZ1-F1-model_v6	0.043	23	36	158	0.556	0.146	6.264E-01	4.529E-01	1.170E-01	2.628E-01	41	AF-B3QJZ1-F1-model_v6 Transcription elongation factor GreA
MC25_sitophilus_oryzae_2	AF-Q5T1N1-4-F1-model_v6	0.031	95	36	761	1.000	0.118	5.870E-01	5.765E-01	3.867E-02	2.628E-01	48	AF-Q5T1N1-4-F1-model_v6 Protein AKNAD1
MC25_sitophilus_oryzae_2	AF-Q80VC9-2-F1-model_v6	0.006	151	36	1182	0.944	0.126	6.047E-01	5.701E-01	2.553E-02	2.628E-01	50	AF-Q80VC9-2-F1-model_v6 Calmodulin-regulated spectrin-associated protein 3
MC25_sitophilus_oryzae_2	AF-Q9NCP1-F1-model_v6	0.000	37	36	457	0.944	0.066	6.325E-01	5.477E-01	5.592E-02	2.628E-01	47	AF-Q9NCP1-F1-model_v6 Eukaryotic peptide chain release factor subunit 1
MC25_sitophilus_oryzae_2	AF-A9KFP2-F1-model_v6	0.035	57	36	609	1.000	0.085	5.624E-01	5.530E-01	4.674E-02	2.628E-01	47	AF-A9KFP2-F1-model_v6 UvrABC system protein C
MC25_sitophilus_oryzae_2	AF-A2C5S6-F1-model_v6	0.054	37	36	679	0.889	0.050	6.116E-01	5.503E-01	4.017E-02	2.628E-01	48	AF-A2C5S6-F1-model_v6 UvrABC system protein B
MC25_sitophilus_oryzae_2	AF-Q8WWI1-4-F1-model_v6	0.000	91	36	1614	0.972	0.055	5.874E-01	5.637E-01	1.879E-02	2.628E-01	50	AF-Q8WWI1-4-F1-model_v6 LIM domain only protein 7
MC25_sitophilus_oryzae_2	AF-C3K810-F1-model_v6	0.008	237	36	469	1.000	0.499	5.998E-01	5.906E-01	6.593E-02	2.627E-01	46	AF-C3K810-F1-model_v6 L-histidine transporter HutT
MC25_sitophilus_oryzae_2	AF-Q49X31-F1-model_v6	0.052	76	36	256	0.972	0.293	5.248E-01	5.084E-01	1.106E-01	2.627E-01	41	AF-Q49X31-F1-model_v6 Ribonuclease HII
MC25_sitophilus_oryzae_2	AF-Q87NC4-F1-model_v6	0.017	58	36	610	1.000	0.085	5.628E-01	5.517E-01	4.565E-02	2.627E-01	48	AF-Q87NC4-F1-model_v6 UvrABC system protein C
MC25_sitophilus_oryzae_2	AF-P47614-F1-model_v6	0.131	38	36	274	0.889	0.106	6.060E-01	5.023E-01	7.861E-02	2.627E-01	44	AF-P47614-F1-model_v6 Uncharacterized protein MG374
MC25_sitophilus_oryzae_2	AF-Q8Y7Q1-F1-model_v6	0.033	90	36	802	1.000	0.102	5.691E-01	5.573E-01	3.331E-02	2.627E-01	49	AF-Q8Y7Q1-F1-model_v6 Phenylalanine--tRNA ligase beta subunit
MC25_sitophilus_oryzae_2	AF-P0DB46-F1-model_v6	0.000	80	36	160	0.806	0.450	5.486E-01	4.598E-01	1.203E-01	2.627E-01	40	AF-P0DB46-F1-model_v6 Transcription elongation factor GreA
MC25_sitophilus_oryzae_2	AF-Q6UVM3-3-F1-model_v6	0.017	112	36	1068	1.000	0.100	5.828E-01	5.757E-01	2.735E-02	2.626E-01	49	AF-Q6UVM3-3-F1-model_v6 Potassium channel subfamily T member 2
MC25_sitophilus_oryzae_2	AF-W1QHP2-F1-model_v6	0.055	36	36	354	1.000	0.068	6.864E-01	5.347E-01	6.516E-02	2.626E-01	46	AF-W1QHP2-F1-model_v6 Peroxisomal membrane protein PEX32
MC25_sitophilus_oryzae_2	AF-Q756Z7-F1-model_v6	0.014	68	36	407	0.944	0.160	5.964E-01	5.661E-01	6.963E-02	2.626E-01	45	AF-Q756Z7-F1-model_v6 Autophagy-related protein 23
MC25_sitophilus_oryzae_2	AF-B9LBX1-F1-model_v6	0.000	22	36	157	0.556	0.140	5.933E-01	4.578E-01	1.191E-01	2.626E-01	40	AF-B9LBX1-F1-model_v6 Transcription elongation factor GreA
MC25_sitophilus_oryzae_2	AF-Q9ZLT1-F1-model_v6	0.078	38	36	1167	0.944	0.029	6.209E-01	5.857E-01	2.490E-02	2.626E-01	50	AF-Q9ZLT1-F1-model_v6 Cytotoxicity-associated immunodominant antigen
MC25_sitophilus_oryzae_2	AF-A4VX43-F1-model_v6	0.000	80	36	160	0.806	0.450	5.492E-01	4.600E-01	1.202E-01	2.626E-01	40	AF-A4VX43-F1-model_v6 Transcription elongation factor GreA
MC25_sitophilus_oryzae_2	AF-Q9ULK0-2-F1-model_v6	0.003	284	36	580	0.944	0.484	5.924E-01	5.587E-01	4.937E-02	2.625E-01	47	AF-Q9ULK0-2-F1-model_v6 Glutamate receptor ionotropic, delta-1
MC25_sitophilus_oryzae_2	AF-Q5F5H5-F1-model_v6	0.009	109	36	367	0.972	0.289	5.713E-01	5.523E-01	7.774E-02	2.625E-01	44	AF-Q5F5H5-F1-model_v6 Peptide chain release factor 2
MC25_sitophilus_oryzae_2	AF-Q5LXA4-F1-model_v6	0.095	21	36	156	0.583	0.128	6.071E-01	4.564E-01	1.194E-01	2.625E-01	40	AF-Q5LXA4-F1-model_v6 Transcription elongation factor GreA
MC25_sitophilus_oryzae_2	AF-A7I2X0-F1-model_v6	0.043	23	36	162	0.556	0.142	6.378E-01	4.559E-01	1.144E-01	2.625E-01	41	AF-A7I2X0-F1-model_v6 Transcription elongation factor GreA
MC25_sitophilus_oryzae_2	AF-Q50393-F1-model_v6	0.005	184	36	1074	1.000	0.164	5.945E-01	5.822E-01	2.524E-02	2.625E-01	49	AF-Q50393-F1-model_v6 Probable arabinosyltransferase C
MC25_sitophilus_oryzae_2	AF-Q0U8V9-F1-model_v6	0.006	144	36	508	0.806	0.278	6.454E-01	5.413E-01	4.836E-02	2.625E-01	47	AF-Q0U8V9-F1-model_v6 ATP-dependent RNA helicase DBP8
MC25_sitophilus_oryzae_2	AF-Q2FI34-F1-model_v6	0.009	206	36	557	0.806	0.370	6.594E-01	5.653E-01	4.942E-02	2.625E-01	47	AF-Q2FI34-F1-model_v6 2-succinyl-5-enolpyruvyl-6-hydroxy-3-cyclohexene-1-carboxylate synthase
MC25_sitophilus_oryzae_2	AF-Q651Z7-F1-model_v6	0.025	79	36	862	1.000	0.086	5.662E-01	5.543E-01	3.310E-02	2.625E-01	49	AF-Q651Z7-F1-model_v6 Kinesin-like protein KIN-7J
MC25_sitophilus_oryzae_2	AF-P64287-F1-model_v6	0.000	80	36	160	0.806	0.450	5.483E-01	4.596E-01	1.203E-01	2.625E-01	40	AF-P64287-F1-model_v6 Transcription elongation factor GreA
MC25_sitophilus_oryzae_2	AF-Q9C029-F1-model_v6	0.000	95	36	511	0.889	0.184	6.083E-01	5.514E-01	5.503E-02	2.625E-01	47	AF-Q9C029-F1-model_v6 E3 ubiquitin-protein ligase TRIM7
MC25_sitophilus_oryzae_2	AF-P0DB47-F1-model_v6	0.000	80	36	160	0.806	0.450	5.483E-01	4.595E-01	1.202E-01	2.625E-01	40	AF-P0DB47-F1-model_v6 Transcription elongation factor GreA
MC25_sitophilus_oryzae_2	AF-Q6C9G2-F1-model_v6	0.000	50	36	495	0.972	0.093	5.695E-01	5.477E-01	5.700E-02	2.625E-01	46	AF-Q6C9G2-F1-model_v6 Protein BFR2
MC25_sitophilus_oryzae_2	AF-Q60AY9-F1-model_v6	0.022	90	36	791	1.000	0.104	5.658E-01	5.540E-01	3.368E-02	2.625E-01	49	AF-Q60AY9-F1-model_v6 Phenylalanine--tRNA ligase beta subunit
MC25_sitophilus_oryzae_2	AF-Q9SIS3-F1-model_v6	0.020	48	36	608	0.917	0.074	6.064E-01	5.603E-01	4.617E-02	2.624E-01	47	AF-Q9SIS3-F1-model_v6 65-kDa microtubule-associated protein 6
MC25_sitophilus_oryzae_2	AF-Q7M9N2-F1-model_v6	0.142	21	36	162	0.583	0.123	6.039E-01	4.557E-01	1.149E-01	2.624E-01	41	AF-Q7M9N2-F1-model_v6 Transcription elongation factor GreA
MC25_sitophilus_oryzae_2	AF-B7GSZ2-F1-model_v6	0.052	38	36	703	0.889	0.048	6.162E-01	5.554E-01	3.806E-02	2.624E-01	48	AF-B7GSZ2-F1-model_v6 UvrABC system protein B
MC25_sitophilus_oryzae_2	AF-Q0SW76-F1-model_v6	0.000	42	36	659	0.889	0.064	6.357E-01	5.835E-01	4.527E-02	2.623E-01	47	AF-Q0SW76-F1-model_v6 UvrABC system protein B
MC25_sitophilus_oryzae_2	AF-A7N512-F1-model_v6	0.125	32	36	329	0.889	0.085	6.366E-01	5.459E-01	7.944E-02	2.623E-01	44	AF-A7N512-F1-model_v6 D-alanine--D-alanine ligase
MC25_sitophilus_oryzae_2	AF-C1A4H0-F1-model_v6	0.023	42	36	700	0.861	0.059	6.532E-01	5.837E-01	4.113E-02	2.623E-01	48	AF-C1A4H0-F1-model_v6 UvrABC system protein B
MC25_sitophilus_oryzae_2	AF-Q054D2-F1-model_v6	0.023	42	36	666	0.889	0.063	6.420E-01	5.873E-01	4.491E-02	2.623E-01	48	AF-Q054D2-F1-model_v6 UvrABC system protein B
MC25_sitophilus_oryzae_2	AF-Q9BRB3-F1-model_v6	0.051	77	36	760	1.000	0.100	6.302E-01	6.203E-01	4.394E-02	2.623E-01	48	AF-Q9BRB3-F1-model_v6 Phosphatidylinositol N-acetylglucosaminyltransferase subunit Q
MC25_sitophilus_oryzae_2	AF-B4RQU4-F1-model_v6	0.009	109	36	367	0.972	0.289	5.718E-01	5.528E-01	7.776E-02	2.623E-01	44	AF-B4RQU4-F1-model_v6 Peptide chain release factor 2
MC25_sitophilus_oryzae_2	AF-Q7TXM0-F1-model_v6	0.003	267	36	1876	0.889	0.142	6.824E-01	6.259E-01	1.675E-02	2.623E-01	50	AF-Q7TXM0-F1-model_v6 Phenolphthiocerol/phthiocerol polyketide synthase subunit A
MC25_sitophilus_oryzae_2	AF-Q7UA24-F1-model_v6	0.023	42	36	677	0.944	0.055	6.066E-01	5.741E-01	4.108E-02	2.623E-01	48	AF-Q7UA24-F1-model_v6 UvrABC system protein B
MC25_sitophilus_oryzae_2	AF-B2VIF2-F1-model_v6	0.020	48	36	565	1.000	0.081	5.682E-01	5.576E-01	5.400E-02	2.622E-01	47	AF-B2VIF2-F1-model_v6 NAD-dependent malic enzyme
MC25_sitophilus_oryzae_2	AF-Q68VQ2-F1-model_v6	0.000	22	36	162	0.528	0.136	6.826E-01	4.542E-01	1.123E-01	2.622E-01	41	AF-Q68VQ2-F1-model_v6 Transcription elongation factor GreA
MC25_sitophilus_oryzae_2	AF-A8F083-F1-model_v6	0.000	22	36	162	0.528	0.136	6.783E-01	4.533E-01	1.122E-01	2.622E-01	41	AF-A8F083-F1-model_v6 Transcription elongation factor GreA
MC25_sitophilus_oryzae_2	AF-Q7M7P9-F1-model_v6	0.054	37	36	316	0.778	0.117	6.175E-01	5.204E-01	8.149E-02	2.622E-01	44	AF-Q7M7P9-F1-model_v6 Ferrochelatase
MC25_sitophilus_oryzae_2	AF-P47084-F1-model_v6	0.025	77	36	519	0.806	0.148	6.516E-01	5.581E-01	5.260E-02	2.622E-01	47	AF-P47084-F1-model_v6 MIOREX complex component 12
MC25_sitophilus_oryzae_2	AF-Q92D19-F1-model_v6	0.055	36	36	572	0.917	0.058	6.153E-01	5.698E-01	4.902E-02	2.622E-01	47	AF-Q92D19-F1-model_v6 Phosphoenolpyruvate-protein phosphotransferase
MC25_sitophilus_oryzae_2	AF-C7MC16-F1-model_v6	0.021	92	36	704	1.000	0.122	5.794E-01	5.680E-01	3.973E-02	2.621E-01	48	AF-C7MC16-F1-model_v6 ATP-dependent zinc metalloprotease FtsH
MC25_sitophilus_oryzae_2	AF-Q27218-F1-model_v6	0.004	447	36	507	1.000	0.862	5.442E-01	5.325E-01	4.824E-02	2.621E-01	47	AF-Q27218-F1-model_v6 Acetylcholine receptor subunit beta-type lev-1
MC25_sitophilus_oryzae_2	AF-Q6WWW3-F1-model_v6	0.019	156	36	457	0.917	0.326	5.957E-01	5.492E-01	5.441E-02	2.621E-01	47	AF-Q6WWW3-F1-model_v6 Solute carrier family 38 member 6
MC25_sitophilus_oryzae_2	AF-Q6NW58-F1-model_v6	0.035	112	36	570	1.000	0.196	6.097E-01	6.007E-01	5.837E-02	2.621E-01	46	AF-Q6NW58-F1-model_v6 Spastin
MC25_sitophilus_oryzae_2	AF-O82265-F1-model_v6	0.025	39	36	1098	0.972	0.029	6.262E-01	5.609E-01	2.451E-02	2.621E-01	49	AF-O82265-F1-model_v6 Sister-chromatid cohesion protein 3
MC25_sitophilus_oryzae_2	AF-Q87Q59-F1-model_v6	0.011	90	36	801	1.000	0.102	5.686E-01	5.568E-01	3.334E-02	2.621E-01	49	AF-Q87Q59-F1-model_v6 Phenylalanine--tRNA ligase beta subunit
MC25_sitophilus_oryzae_2	AF-Q6FF42-F1-model_v6	0.028	70	36	174	0.833	0.391	5.325E-01	4.734E-01	1.341E-01	2.621E-01	39	AF-Q6FF42-F1-model_v6 Ribosome maturation factor RimP
MC25_sitophilus_oryzae_2	AF-A7TZE6-F1-model_v6	0.111	36	36	364	0.861	0.099	6.157E-01	5.579E-01	7.760E-02	2.621E-01	44	AF-A7TZE6-F1-model_v6 Selection and upkeep of intraepithelial T-cells protein 1
MC25_sitophilus_oryzae_2	AF-A0A0S1RUN4-F1-model_v6	0.037	54	36	953	0.972	0.057	6.329E-01	6.119E-01	3.485E-02	2.620E-01	48	AF-A0A0S1RUN4-F1-model_v6 Atromentin synthetase invA2
MC25_sitophilus_oryzae_2	AF-Q9KHI5-F1-model_v6	0.047	42	36	754	1.000	0.045	6.036E-01	5.681E-01	3.570E-02	2.620E-01	48	AF-Q9KHI5-F1-model_v6 Circadian input-output histidine kinase CikA
MC25_sitophilus_oryzae_2	AF-Q0JBY9-F1-model_v6	0.014	68	36	1187	1.000	0.054	5.977E-01	5.859E-01	2.561E-02	2.620E-01	49	AF-Q0JBY9-F1-model_v6 Trafficking protein particle complex II-specific subunit 120 homolog
MC25_sitophilus_oryzae_2	AF-Q8E602-F1-model_v6	0.036	82	36	309	1.000	0.227	5.294E-01	5.181E-01	7.303E-02	2.620E-01	45	AF-Q8E602-F1-model_v6 Foldase protein PrsA
MC25_sitophilus_oryzae_2	AF-B3CLY6-F1-model_v6	0.018	54	36	430	0.972	0.126	5.752E-01	5.578E-01	7.243E-02	2.620E-01	45	AF-B3CLY6-F1-model_v6 tRNA(Ile)-lysidine synthase
MC25_sitophilus_oryzae_2	AF-A1WH11-F1-model_v6	0.000	22	36	158	0.556	0.139	6.003E-01	4.564E-01	1.183E-01	2.620E-01	40	AF-A1WH11-F1-model_v6 Transcription elongation factor GreA
MC25_sitophilus_oryzae_2	AF-Q80VC9-F1-model_v6	0.006	149	36	1252	0.944	0.117	6.046E-01	5.699E-01	2.416E-02	2.620E-01	49	AF-Q80VC9-F1-model_v6 Calmodulin-regulated spectrin-associated protein 3
MC25_sitophilus_oryzae_2	AF-Q2YEF9-F1-model_v6	0.025	39	36	351	0.944	0.094	5.822E-01	5.389E-01	7.280E-02	2.620E-01	45	AF-Q2YEF9-F1-model_v6 C-X-C chemokine receptor type 1
MC25_sitophilus_oryzae_2	AF-C0QTI3-F1-model_v6	0.062	32	36	361	0.833	0.083	6.086E-01	5.277E-01	7.262E-02	2.620E-01	45	AF-C0QTI3-F1-model_v6 Peptide chain release factor 1
MC25_sitophilus_oryzae_2	AF-Q5RAJ8-F1-model_v6	0.037	27	36	353	0.722	0.076	6.556E-01	5.228E-01	6.830E-02	2.620E-01	45	AF-Q5RAJ8-F1-model_v6 Mitochondrial import inner membrane translocase subunit TIM50
MC25_sitophilus_oryzae_2	AF-A2RIW3-F1-model_v6	0.038	26	36	156	0.639	0.167	5.849E-01	4.603E-01	1.296E-01	2.619E-01	39	AF-A2RIW3-F1-model_v6 Transcription elongation factor GreA
MC25_sitophilus_oryzae_2	AF-Q9PIK9-F1-model_v6	0.045	22	36	161	0.528	0.137	6.734E-01	4.544E-01	1.130E-01	2.619E-01	41	AF-Q9PIK9-F1-model_v6 Transcription elongation factor GreA
MC25_sitophilus_oryzae_2	AF-A4W3E8-F1-model_v6	0.000	80	36	160	0.806	0.450	5.476E-01	4.591E-01	1.201E-01	2.619E-01	40	AF-A4W3E8-F1-model_v6 Transcription elongation factor GreA
MC25_sitophilus_oryzae_2	AF-Q1GUG9-F1-model_v6	0.054	37	36	158	1.000	0.158	5.756E-01	4.644E-01	1.307E-01	2.619E-01	39	AF-Q1GUG9-F1-model_v6 Transcription elongation factor GreA
MC25_sitophilus_oryzae_2	AF-A4QPH2-2-F1-model_v6	0.083	36	36	439	0.861	0.077	6.169E-01	5.538E-01	6.152E-02	2.619E-01	46	AF-A4QPH2-2-F1-model_v6 Putative phosphatidylinositol 4-kinase alpha-like protein P2
MC25_sitophilus_oryzae_2	AF-P43333-F1-model_v6	0.020	98	36	249	0.972	0.337	5.095E-01	4.853E-01	7.906E-02	2.618E-01	44	AF-P43333-F1-model_v6 U2 small nuclear ribonucleoprotein A'
MC25_sitophilus_oryzae_2	AF-A1VY10-F1-model_v6	0.045	22	36	161	0.528	0.137	6.730E-01	4.543E-01	1.130E-01	2.618E-01	41	AF-A1VY10-F1-model_v6 Transcription elongation factor GreA
MC25_sitophilus_oryzae_2	AF-Q1QCJ2-F1-model_v6	0.095	21	36	158	0.583	0.127	5.933E-01	4.545E-01	1.179E-01	2.618E-01	40	AF-Q1QCJ2-F1-model_v6 Transcription elongation factor GreA
MC25_sitophilus_oryzae_2	AF-Q6LT47-F1-model_v6	0.081	37	36	674	0.861	0.050	6.245E-01	5.520E-01	3.979E-02	2.618E-01	48	AF-Q6LT47-F1-model_v6 UvrABC system protein B
MC25_sitophilus_oryzae_2	AF-Q5XDQ7-F1-model_v6	0.000	80	36	160	0.806	0.450	5.467E-01	4.586E-01	1.202E-01	2.618E-01	40	AF-Q5XDQ7-F1-model_v6 Transcription elongation factor GreA
MC25_sitophilus_oryzae_2	AF-Q7NCQ2-F1-model_v6	0.044	89	36	785	1.000	0.103	5.654E-01	5.539E-01	3.399E-02	2.618E-01	48	AF-Q7NCQ2-F1-model_v6 Phenylalanine--tRNA ligase beta subunit
MC25_sitophilus_oryzae_2	AF-A1AT11-F1-model_v6	0.055	36	36	623	1.000	0.048	6.349E-01	5.497E-01	4.474E-02	2.618E-01	47	AF-A1AT11-F1-model_v6 ATP-dependent zinc metalloprotease FtsH
MC25_sitophilus_oryzae_2	AF-P69242-F1-model_v6	0.000	36	36	977	0.861	0.037	6.401E-01	5.687E-01	3.001E-02	2.618E-01	49	AF-P69242-F1-model_v6 DNA-directed RNA polymerase 3, chloroplastic
MC25_sitophilus_oryzae_2	AF-Q6BDH1-F1-model_v6	0.044	89	36	515	0.833	0.167	6.243E-01	5.355E-01	4.881E-02	2.617E-01	47	AF-Q6BDH1-F1-model_v6 Maturase K
MC25_sitophilus_oryzae_2	AF-Q3TPR7-2-F1-model_v6	0.000	38	36	622	0.944	0.051	6.261E-01	5.691E-01	4.319E-02	2.617E-01	48	AF-Q3TPR7-2-F1-model_v6 Transmembrane protein 184C
MC25_sitophilus_oryzae_2	AF-Q8NP09-F1-model_v6	0.083	24	36	147	0.667	0.143	6.048E-01	4.489E-01	1.271E-01	2.617E-01	39	AF-Q8NP09-F1-model_v6 Uncharacterized membrane protein Cgl2017/cg2211
MC25_sitophilus_oryzae_2	AF-Q22647-F1-model_v6	0.040	25	36	452	0.694	0.055	6.870E-01	5.503E-01	5.367E-02	2.617E-01	47	AF-Q22647-F1-model_v6 Mitochondrial import inner membrane translocase subunit TIM50
MC25_sitophilus_oryzae_2	AF-Q92CI6-F1-model_v6	0.033	90	36	802	1.000	0.102	5.667E-01	5.550E-01	3.333E-02	2.617E-01	49	AF-Q92CI6-F1-model_v6 Phenylalanine--tRNA ligase beta subunit
MC25_sitophilus_oryzae_2	AF-Q2TBF2-F1-model_v6	0.000	136	36	565	0.889	0.232	5.998E-01	5.344E-01	4.425E-02	2.617E-01	47	AF-Q2TBF2-F1-model_v6 Sialate:O-sulfotransferase 2
MC25_sitophilus_oryzae_2	AF-Q6P2S7-F1-model_v6	0.013	76	36	1318	1.000	0.054	5.937E-01	5.821E-01	2.254E-02	2.617E-01	50	AF-Q6P2S7-F1-model_v6 Putative tetratricopeptide repeat protein 41
MC25_sitophilus_oryzae_2	AF-Q3A452-F1-model_v6	0.142	21	36	158	0.583	0.127	6.070E-01	4.562E-01	1.178E-01	2.617E-01	40	AF-Q3A452-F1-model_v6 Transcription elongation factor GreA
MC25_sitophilus_oryzae_2	AF-Q3SZ13-F1-model_v6	0.000	88	36	136	0.639	0.647	5.567E-01	4.473E-01	1.453E-01	2.617E-01	38	AF-Q3SZ13-F1-model_v6 Ubiquinol-cytochrome c reductase complex assembly factor 2
MC25_sitophilus_oryzae_2	AF-Q96RN5-3-F1-model_v6	0.071	42	36	677	0.833	0.062	6.603E-01	5.840E-01	4.233E-02	2.617E-01	48	AF-Q96RN5-3-F1-model_v6 Mediator of RNA polymerase II transcription subunit 15
MC25_sitophilus_oryzae_2	AF-Q8S8L9-F1-model_v6	0.019	51	36	802	1.000	0.057	5.610E-01	5.505E-01	3.611E-02	2.617E-01	48	AF-Q8S8L9-F1-model_v6 Uncharacterized TPR repeat-containing protein At2g32450
MC25_sitophilus_oryzae_2	AF-Q1C942-F1-model_v6	0.011	84	36	671	0.861	0.118	6.199E-01	5.384E-01	3.624E-02	2.617E-01	48	AF-Q1C942-F1-model_v6 UvrABC system protein B
MC25_sitophilus_oryzae_2	AF-Q1LZ24-F1-model_v6	0.051	39	36	586	0.861	0.061	6.335E-01	5.624E-01	4.541E-02	2.617E-01	47	AF-Q1LZ24-F1-model_v6 Madf and zinc finger protein 1
MC25_sitophilus_oryzae_2	AF-Q5ISW5-F1-model_v6	0.136	22	36	205	0.556	0.107	6.599E-01	4.755E-01	9.300E-02	2.617E-01	43	AF-Q5ISW5-F1-model_v6 Mediator of RNA polymerase II transcription subunit 29
MC25_sitophilus_oryzae_2	AF-A5ER96-F1-model_v6	0.043	23	36	158	0.556	0.146	6.238E-01	4.518E-01	1.169E-01	2.617E-01	40	AF-A5ER96-F1-model_v6 Transcription elongation factor GreA
MC25_sitophilus_oryzae_2	AF-P69772-F1-model_v6	0.000	34	36	197	0.944	0.112	6.246E-01	4.862E-01	1.057E-01	2.617E-01	41	AF-P69772-F1-model_v6 Probable UbiX-like flavin prenyltransferase
MC25_sitophilus_oryzae_2	AF-Q9FJ75-F1-model_v6	0.011	167	36	345	0.861	0.481	6.017E-01	5.469E-01	7.985E-02	2.617E-01	44	AF-Q9FJ75-F1-model_v6 Probable long-chain-alcohol O-fatty-acyltransferase 4
MC25_sitophilus_oryzae_2	AF-Q9USN2-F1-model_v6	0.055	36	36	466	0.861	0.077	6.121E-01	5.545E-01	6.090E-02	2.616E-01	46	AF-Q9USN2-F1-model_v6 UPF0652 protein C16A11.03c
MC25_sitophilus_oryzae_2	AF-Q8G6J6-F1-model_v6	0.006	155	36	335	0.889	0.448	5.753E-01	5.223E-01	7.341E-02	2.616E-01	45	AF-Q8G6J6-F1-model_v6 Membrane protein insertase YidC
MC25_sitophilus_oryzae_2	AF-B2USW4-F1-model_v6	0.095	21	36	164	0.583	0.122	6.023E-01	4.557E-01	1.136E-01	2.616E-01	41	AF-B2USW4-F1-model_v6 Transcription elongation factor GreA
MC25_sitophilus_oryzae_2	AF-A4WAJ3-F1-model_v6	0.008	250	36	565	1.000	0.439	5.685E-01	5.578E-01	5.353E-02	2.616E-01	47	AF-A4WAJ3-F1-model_v6 NAD-dependent malic enzyme
MC25_sitophilus_oryzae_2	AF-Q5SM01-F1-model_v6	0.064	31	36	378	0.833	0.079	6.234E-01	5.490E-01	7.200E-02	2.616E-01	45	AF-Q5SM01-F1-model_v6 Peptide chain release factor RF2
MC25_sitophilus_oryzae_2	AF-Q9RZA4-F1-model_v6	0.011	175	36	755	1.000	0.230	5.944E-01	5.839E-01	4.271E-02	2.616E-01	48	AF-Q9RZA4-F1-model_v6 Bacteriophytochrome
MC25_sitophilus_oryzae_2	AF-Q8ENJ5-F1-model_v6	0.081	37	36	660	0.889	0.052	6.067E-01	5.481E-01	4.127E-02	2.616E-01	48	AF-Q8ENJ5-F1-model_v6 UvrABC system protein B
MC25_sitophilus_oryzae_2	AF-Q216P6-F1-model_v6	0.093	32	36	488	0.778	0.061	6.592E-01	5.373E-01	5.043E-02	2.616E-01	47	AF-Q216P6-F1-model_v6 Cysteine--tRNA ligase
MC25_sitophilus_oryzae_2	AF-A9WK05-F1-model_v6	0.000	22	36	157	0.556	0.140	6.010E-01	4.568E-01	1.191E-01	2.616E-01	40	AF-A9WK05-F1-model_v6 Transcription elongation factor GreA
MC25_sitophilus_oryzae_2	AF-A6U0Z7-F1-model_v6	0.000	51	36	537	0.889	0.091	6.176E-01	5.593E-01	5.205E-02	2.616E-01	47	AF-A6U0Z7-F1-model_v6 Putative cysteine ligase BshC
MC25_sitophilus_oryzae_2	AF-Q139D9-F1-model_v6	0.053	56	36	463	0.889	0.114	5.933E-01	5.388E-01	5.744E-02	2.616E-01	46	AF-Q139D9-F1-model_v6 Cysteine--tRNA ligase
MC25_sitophilus_oryzae_2	AF-Q5ZIY4-F1-model_v6	0.032	62	36	250	0.972	0.236	5.242E-01	5.053E-01	1.066E-01	2.615E-01	42	AF-Q5ZIY4-F1-model_v6 Ribosome maturation protein SBDS
MC25_sitophilus_oryzae_2	AF-A8EYB9-F1-model_v6	0.026	38	36	638	0.889	0.053	6.014E-01	5.447E-01	4.182E-02	2.615E-01	48	AF-A8EYB9-F1-model_v6 UvrABC system protein C
MC25_sitophilus_oryzae_2	AF-P0A4T4-F1-model_v6	0.012	155	36	298	1.000	0.507	5.309E-01	5.222E-01	9.281E-02	2.614E-01	43	AF-P0A4T4-F1-model_v6 Octopine catabolism/uptake operon regulatory protein OccR
MC25_sitophilus_oryzae_2	AF-Q6ZWR6-2-F1-model_v6	0.083	36	36	972	0.944	0.029	6.822E-01	5.609E-01	2.596E-02	2.614E-01	49	AF-Q6ZWR6-2-F1-model_v6 Nesprin-1
MC25_sitophilus_oryzae_2	AF-Q60934-F1-model_v6	0.011	269	36	836	1.000	0.315	5.729E-01	5.627E-01	3.430E-02	2.614E-01	48	AF-Q60934-F1-model_v6 Glutamate receptor ionotropic, kainate 1
MC25_sitophilus_oryzae_2	AF-Q9FLP3-F1-model_v6	0.064	31	36	302	0.611	0.099	7.393E-01	4.904E-01	6.561E-02	2.614E-01	45	AF-Q9FLP3-F1-model_v6 GrpE protein homolog 1, mitochondrial
MC25_sitophilus_oryzae_2	AF-Q28519-F1-model_v6	0.015	127	36	353	1.000	0.337	5.322E-01	5.226E-01	7.283E-02	2.614E-01	45	AF-Q28519-F1-model_v6 C-X-C chemokine receptor type 2 (Fragment)
MC25_sitophilus_oryzae_2	AF-Q4VKB4-F1-model_v6	0.006	146	36	444	1.000	0.318	5.593E-01	5.498E-01	6.411E-02	2.614E-01	45	AF-Q4VKB4-F1-model_v6 Zeaxanthin 4-ketolase
MC25_sitophilus_oryzae_2	AF-Q9LZM7-F1-model_v6	0.000	25	36	209	0.639	0.120	6.355E-01	4.810E-01	1.003E-01	2.614E-01	42	AF-Q9LZM7-F1-model_v6 PRA1 family protein A1
MC25_sitophilus_oryzae_2	AF-B4RSV6-F1-model_v6	0.057	35	36	361	0.833	0.094	6.018E-01	5.260E-01	7.438E-02	2.614E-01	44	AF-B4RSV6-F1-model_v6 Peptide chain release factor 1
MC25_sitophilus_oryzae_2	AF-Q0K6P9-F1-model_v6	0.006	146	36	224	0.889	0.638	5.493E-01	5.011E-01	1.095E-01	2.614E-01	41	AF-Q0K6P9-F1-model_v6 RNA pyrophosphohydrolase
MC25_sitophilus_oryzae_2	AF-Q8GYS4-F1-model_v6	0.003	331	36	550	1.000	0.591	5.657E-01	5.543E-01	4.960E-02	2.614E-01	47	AF-Q8GYS4-F1-model_v6 Amino acid transporter AVT1D
MC25_sitophilus_oryzae_2	AF-Q3SPT8-F1-model_v6	0.095	21	36	158	0.583	0.127	5.945E-01	4.546E-01	1.178E-01	2.613E-01	40	AF-Q3SPT8-F1-model_v6 Transcription elongation factor GreA
MC25_sitophilus_oryzae_2	AF-Q1GB45-F1-model_v6	0.002	401	36	800	0.917	0.498	6.136E-01	5.654E-01	3.520E-02	2.613E-01	48	AF-Q1GB45-F1-model_v6 Protein translocase subunit SecA
MC25_sitophilus_oryzae_2	AF-O84066-F1-model_v6	0.000	68	36	480	0.750	0.142	6.635E-01	5.494E-01	5.340E-02	2.613E-01	46	AF-O84066-F1-model_v6 6-phosphogluconate dehydrogenase, decarboxylating
MC25_sitophilus_oryzae_2	AF-P28540-F1-model_v6	0.047	42	36	419	0.833	0.095	6.163E-01	5.364E-01	6.259E-02	2.613E-01	46	AF-P28540-F1-model_v6 Protein translocase subunit SecY
MC25_sitophilus_oryzae_2	AF-Q0CIV4-F1-model_v6	0.086	46	36	1160	0.861	0.037	6.410E-01	5.613E-01	2.322E-02	2.613E-01	49	AF-Q0CIV4-F1-model_v6 GPI inositol-deacylase
MC25_sitophilus_oryzae_2	AF-A9NDQ6-F1-model_v6	0.035	57	36	609	1.000	0.085	5.609E-01	5.519E-01	4.677E-02	2.613E-01	47	AF-A9NDQ6-F1-model_v6 UvrABC system protein C
MC25_sitophilus_oryzae_2	AF-P40385-F1-model_v6	0.036	82	36	260	0.972	0.300	5.168E-01	4.999E-01	9.827E-02	2.613E-01	42	AF-P40385-F1-model_v6 Meiotic recombination protein rec6
MC25_sitophilus_oryzae_2	AF-A1A698-F1-model_v6	0.044	45	36	1005	1.000	0.041	5.811E-01	5.698E-01	2.996E-02	2.613E-01	49	AF-A1A698-F1-model_v6 Probable histidine kinase 4
MC25_sitophilus_oryzae_2	AF-Q9YF83-F1-model_v6	0.009	101	36	132	0.944	0.667	4.667E-01	4.383E-01	1.409E-01	2.612E-01	38	AF-Q9YF83-F1-model_v6 Large ribosomal subunit protein uL24
MC25_sitophilus_oryzae_2	AF-B0UAV4-F1-model_v6	0.090	33	36	359	0.778	0.092	6.299E-01	5.429E-01	7.299E-02	2.612E-01	45	AF-B0UAV4-F1-model_v6 Peptide chain release factor 1
MC25_sitophilus_oryzae_2	AF-A9MJE1-F1-model_v6	0.080	25	36	673	0.694	0.036	7.265E-01	5.227E-01	3.394E-02	2.612E-01	48	AF-A9MJE1-F1-model_v6 UvrABC system protein B
MC25_sitophilus_oryzae_2	AF-A5D9Y9-F1-model_v6	0.065	46	36	787	1.000	0.056	5.980E-01	5.880E-01	4.043E-02	2.612E-01	48	AF-A5D9Y9-F1-model_v6 Nitrogen permease regulator 3
MC25_sitophilus_oryzae_2	AF-B3LP64-F1-model_v6	0.131	38	36	433	0.889	0.081	5.763E-01	5.233E-01	6.131E-02	2.612E-01	46	AF-B3LP64-F1-model_v6 Adenylosuccinate synthetase
MC25_sitophilus_oryzae_2	AF-B8J7G1-F1-model_v6	0.023	42	36	596	1.000	0.067	6.103E-01	6.009E-01	5.395E-02	2.612E-01	46	AF-B8J7G1-F1-model_v6 Phosphoenolpyruvate carboxykinase [GTP]
MC25_sitophilus_oryzae_2	AF-B4SZK1-F1-model_v6	0.080	25	36	673	0.694	0.036	7.264E-01	5.230E-01	3.395E-02	2.612E-01	48	AF-B4SZK1-F1-model_v6 UvrABC system protein B
MC25_sitophilus_oryzae_2	AF-Q28V47-F1-model_v6	0.095	21	36	156	0.583	0.128	5.982E-01	4.545E-01	1.192E-01	2.612E-01	40	AF-Q28V47-F1-model_v6 Transcription elongation factor GreA
MC25_sitophilus_oryzae_2	AF-C4K6N8-F1-model_v6	0.120	25	36	671	0.694	0.036	7.294E-01	5.226E-01	3.405E-02	2.611E-01	48	AF-C4K6N8-F1-model_v6 UvrABC system protein B
MC25_sitophilus_oryzae_2	AF-Q09708-F1-model_v6	0.006	158	36	496	0.833	0.315	6.306E-01	5.482E-01	5.302E-02	2.611E-01	46	AF-Q09708-F1-model_v6 Uncharacterized protein C12G12.16c
MC25_sitophilus_oryzae_2	AF-D3Z649-F1-model_v6	0.017	112	36	1135	1.000	0.094	5.867E-01	5.749E-01	2.579E-02	2.611E-01	49	AF-D3Z649-F1-model_v6 Potassium channel subfamily T member 2
MC25_sitophilus_oryzae_2	AF-O94988-F1-model_v6	0.000	100	36	1023	1.000	0.093	6.023E-01	5.909E-01	2.911E-02	2.611E-01	49	AF-O94988-F1-model_v6 Protein FAM13A
MC25_sitophilus_oryzae_2	AF-O31501-F1-model_v6	0.005	167	36	1052	0.889	0.159	6.359E-01	5.729E-01	2.856E-02	2.610E-01	49	AF-O31501-F1-model_v6 Swarming motility protein SwrC
MC25_sitophilus_oryzae_2	AF-P23525-F1-model_v6	0.031	95	36	344	1.000	0.256	5.284E-01	5.215E-01	7.569E-02	2.610E-01	44	AF-P23525-F1-model_v6 2-methyl-6-phytyl-1,4-hydroquinone methyltransferase, chloroplastic
MC25_sitophilus_oryzae_2	AF-Q9CHT2-F1-model_v6	0.076	26	36	156	0.639	0.167	5.822E-01	4.593E-01	1.296E-01	2.610E-01	39	AF-Q9CHT2-F1-model_v6 Transcription elongation factor GreA
MC25_sitophilus_oryzae_2	AF-Q92974-3-F1-model_v6	0.019	104	36	958	0.833	0.105	6.537E-01	5.651E-01	2.745E-02	2.610E-01	49	AF-Q92974-3-F1-model_v6 Rho guanine nucleotide exchange factor 2
MC25_sitophilus_oryzae_2	AF-Q298L4-F1-model_v6	0.000	37	36	788	0.889	0.046	6.107E-01	5.508E-01	3.665E-02	2.610E-01	48	AF-Q298L4-F1-model_v6 Spastin
MC25_sitophilus_oryzae_2	AF-Q20ZR6-F1-model_v6	0.043	23	36	158	0.556	0.146	6.259E-01	4.519E-01	1.169E-01	2.610E-01	40	AF-Q20ZR6-F1-model_v6 Transcription elongation factor GreA
MC25_sitophilus_oryzae_2	AF-Q6GG33-F1-model_v6	0.002	423	36	448	0.917	0.938	5.938E-01	5.514E-01	6.143E-02	2.610E-01	46	AF-Q6GG33-F1-model_v6 Glutamyl-tRNA reductase
MC25_sitophilus_oryzae_2	AF-Q765N2-F1-model_v6	0.001	610	36	1888	1.000	0.322	6.090E-01	5.979E-01	1.740E-02	2.609E-01	50	AF-Q765N2-F1-model_v6 Fatty acid synthase subunit alpha
MC25_sitophilus_oryzae_2	AF-B6IZT9-F1-model_v6	0.035	57	36	609	1.000	0.085	5.616E-01	5.524E-01	4.675E-02	2.609E-01	47	AF-B6IZT9-F1-model_v6 UvrABC system protein C
MC25_sitophilus_oryzae_2	AF-Q96RN5-2-F1-model_v6	0.071	42	36	748	0.833	0.056	6.604E-01	5.837E-01	3.841E-02	2.609E-01	48	AF-Q96RN5-2-F1-model_v6 Mediator of RNA polymerase II transcription subunit 15
MC25_sitophilus_oryzae_2	AF-Q8CDL9-F1-model_v6	0.026	38	36	855	0.861	0.043	6.233E-01	5.473E-01	3.346E-02	2.609E-01	48	AF-Q8CDL9-F1-model_v6 Coiled-coil domain-containing protein 87
MC25_sitophilus_oryzae_2	AF-C0QTE2-F1-model_v6	0.008	113	36	436	0.806	0.259	6.332E-01	5.393E-01	6.084E-02	2.609E-01	46	AF-C0QTE2-F1-model_v6 Methylenetetrahydrofolate--tRNA-(uracil-5-)-methyltransferase TrmFO
MC25_sitophilus_oryzae_2	AF-Q720K7-F1-model_v6	0.033	90	36	802	1.000	0.102	5.657E-01	5.540E-01	3.333E-02	2.609E-01	48	AF-Q720K7-F1-model_v6 Phenylalanine--tRNA ligase beta subunit
MC25_sitophilus_oryzae_2	AF-Q4UL10-F1-model_v6	0.026	38	36	642	0.889	0.053	6.013E-01	5.448E-01	4.158E-02	2.609E-01	48	AF-Q4UL10-F1-model_v6 UvrABC system protein C
MC25_sitophilus_oryzae_2	AF-P0A2C8-F1-model_v6	0.017	225	36	348	1.000	0.638	5.497E-01	5.411E-01	8.327E-02	2.609E-01	44	AF-P0A2C8-F1-model_v6 Spermidine/putrescine-binding periplasmic protein
MC25_sitophilus_oryzae_2	AF-Q924H2-F1-model_v6	0.071	42	36	789	0.833	0.053	6.626E-01	5.848E-01	3.646E-02	2.609E-01	48	AF-Q924H2-F1-model_v6 Mediator of RNA polymerase II transcription subunit 15
MC25_sitophilus_oryzae_2	AF-Q7NJH7-F1-model_v6	0.023	43	36	680	0.944	0.056	5.837E-01	5.485E-01	4.002E-02	2.609E-01	48	AF-Q7NJH7-F1-model_v6 UvrABC system protein B
MC25_sitophilus_oryzae_2	AF-Q83CD5-F1-model_v6	0.034	58	36	609	1.000	0.085	5.606E-01	5.497E-01	4.582E-02	2.608E-01	47	AF-Q83CD5-F1-model_v6 UvrABC system protein C
MC25_sitophilus_oryzae_2	AF-P9WIE6-F1-model_v6	0.097	41	36	778	0.889	0.053	6.317E-01	5.748E-01	3.850E-02	2.608E-01	48	AF-P9WIE6-F1-model_v6 Uncharacterized PE-PGRS family protein PE_PGRS46
MC25_sitophilus_oryzae_2	AF-B0SN74-F1-model_v6	0.000	108	36	327	0.861	0.330	5.692E-01	5.215E-01	8.569E-02	2.608E-01	43	AF-B0SN74-F1-model_v6 Malate dehydrogenase
MC25_sitophilus_oryzae_2	AF-A4IZ52-F1-model_v6	0.027	37	36	160	1.000	0.156	5.715E-01	4.632E-01	1.291E-01	2.608E-01	39	AF-A4IZ52-F1-model_v6 Transcription elongation factor GreA
MC25_sitophilus_oryzae_2	AF-Q9DD48-F1-model_v6	0.067	59	36	423	1.000	0.125	5.427E-01	5.317E-01	6.304E-02	2.608E-01	45	AF-Q9DD48-F1-model_v6 E3 ubiquitin-protein ligase makorin-2
MC25_sitophilus_oryzae_2	AF-B4SLI5-F1-model_v6	0.018	110	36	328	0.861	0.335	5.589E-01	5.134E-01	8.541E-02	2.608E-01	43	AF-B4SLI5-F1-model_v6 Malate dehydrogenase
MC25_sitophilus_oryzae_2	AF-P52826-F1-model_v6	0.002	452	36	627	0.861	0.716	6.355E-01	5.609E-01	4.249E-02	2.608E-01	47	AF-P52826-F1-model_v6 Carnitine O-acetyltransferase
MC25_sitophilus_oryzae_2	AF-B5XYX2-F1-model_v6	0.080	25	36	673	0.694	0.036	7.261E-01	5.230E-01	3.396E-02	2.608E-01	48	AF-B5XYX2-F1-model_v6 UvrABC system protein B
MC25_sitophilus_oryzae_2	AF-Q08AI6-F1-model_v6	0.013	224	36	406	0.917	0.552	5.907E-01	5.546E-01	7.361E-02	2.608E-01	44	AF-Q08AI6-F1-model_v6 Putative sodium-coupled neutral amino acid transporter 11
MC25_sitophilus_oryzae_2	AF-Q9FLP0-F1-model_v6	0.016	61	36	587	0.917	0.099	5.999E-01	5.552E-01	4.751E-02	2.608E-01	47	AF-Q9FLP0-F1-model_v6 65-kDa microtubule-associated protein 1
MC25_sitophilus_oryzae_2	AF-P9WK12-F1-model_v6	0.018	108	36	329	0.861	0.328	5.722E-01	5.251E-01	8.545E-02	2.608E-01	43	AF-P9WK12-F1-model_v6 Malate dehydrogenase
MC25_sitophilus_oryzae_2	AF-Q3JAN0-F1-model_v6	0.054	37	36	599	0.861	0.057	6.130E-01	5.442E-01	4.461E-02	2.607E-01	47	AF-Q3JAN0-F1-model_v6 UvrABC system protein C
MC25_sitophilus_oryzae_2	AF-B4TQU3-F1-model_v6	0.080	25	36	673	0.694	0.036	7.249E-01	5.226E-01	3.395E-02	2.607E-01	48	AF-B4TQU3-F1-model_v6 UvrABC system protein B
MC25_sitophilus_oryzae_2	AF-O22151-1-F1-model_v6	0.041	24	36	239	0.583	0.100	6.846E-01	4.878E-01	8.406E-02	2.607E-01	43	AF-O22151-1-F1-model_v6 Golgi SNAP receptor complex member 1-2
MC25_sitophilus_oryzae_2	AF-Q80VC9-11-F1-model_v6	0.006	165	36	1269	0.944	0.128	6.027E-01	5.683E-01	2.384E-02	2.607E-01	49	AF-Q80VC9-11-F1-model_v6 Calmodulin-regulated spectrin-associated protein 3
MC25_sitophilus_oryzae_2	AF-A1A699-F1-model_v6	0.000	56	36	970	0.944	0.053	5.907E-01	5.520E-01	2.783E-02	2.607E-01	49	AF-A1A699-F1-model_v6 Probable histidine kinase 6
MC25_sitophilus_oryzae_2	AF-Q9JJ59-2-F1-model_v6	0.111	36	36	636	0.944	0.049	6.333E-01	5.624E-01	4.295E-02	2.606E-01	47	AF-Q9JJ59-2-F1-model_v6 ABC-type oligopeptide transporter ABCB9
MC25_sitophilus_oryzae_2	AF-Q8RW97-F1-model_v6	0.108	46	36	785	0.944	0.056	6.189E-01	5.859E-01	3.874E-02	2.606E-01	48	AF-Q8RW97-F1-model_v6 Phosphoinositide phosphatase SAC5
MC25_sitophilus_oryzae_2	AF-Q95ST2-F1-model_v6	0.025	39	36	594	0.917	0.062	6.130E-01	5.702E-01	4.883E-02	2.606E-01	47	AF-Q95ST2-F1-model_v6 Protein wntless
MC25_sitophilus_oryzae_2	AF-B7LJY3-F1-model_v6	0.080	25	36	673	0.694	0.036	7.245E-01	5.223E-01	3.395E-02	2.606E-01	48	AF-B7LJY3-F1-model_v6 UvrABC system protein B
MC25_sitophilus_oryzae_2	AF-P0A8F8-F1-model_v6	0.080	25	36	673	0.694	0.036	7.243E-01	5.224E-01	3.396E-02	2.606E-01	48	AF-P0A8F8-F1-model_v6 UvrABC system protein B
MC25_sitophilus_oryzae_2	AF-Q80VC9-5-F1-model_v6	0.005	176	36	1279	0.944	0.136	6.028E-01	5.685E-01	2.366E-02	2.606E-01	49	AF-Q80VC9-5-F1-model_v6 Calmodulin-regulated spectrin-associated protein 3
MC25_sitophilus_oryzae_2	AF-B7M751-F1-model_v6	0.080	25	36	673	0.694	0.036	7.242E-01	5.221E-01	3.394E-02	2.606E-01	48	AF-B7M751-F1-model_v6 UvrABC system protein B
MC25_sitophilus_oryzae_2	AF-Q6D3C4-F1-model_v6	0.080	25	36	670	0.694	0.036	7.241E-01	5.221E-01	3.409E-02	2.606E-01	48	AF-Q6D3C4-F1-model_v6 UvrABC system protein B
MC25_sitophilus_oryzae_2	AF-P64276-F1-model_v6	0.000	23	36	164	0.556	0.140	6.302E-01	4.544E-01	1.129E-01	2.605E-01	41	AF-P64276-F1-model_v6 Transcription elongation factor GreA
MC25_sitophilus_oryzae_2	AF-P0DKC9-F1-model_v6	0.000	24	36	278	0.583	0.086	6.757E-01	4.898E-01	7.268E-02	2.605E-01	44	AF-P0DKC9-F1-model_v6 Truncated FRIGIDA-like protein 1
MC25_sitophilus_oryzae_2	AF-B7MQN2-F1-model_v6	0.080	25	36	673	0.694	0.036	7.235E-01	5.221E-01	3.395E-02	2.605E-01	48	AF-B7MQN2-F1-model_v6 UvrABC system protein B
MC25_sitophilus_oryzae_2	AF-Q5SV97-F1-model_v6	0.146	41	36	790	0.889	0.051	6.500E-01	5.954E-01	3.755E-02	2.605E-01	48	AF-Q5SV97-F1-model_v6 PGC-1 and ERR-induced regulator in muscle protein 1
MC25_sitophilus_oryzae_2	AF-A6T6L9-F1-model_v6	0.080	25	36	673	0.694	0.036	7.253E-01	5.228E-01	3.396E-02	2.605E-01	48	AF-A6T6L9-F1-model_v6 UvrABC system protein B
MC25_sitophilus_oryzae_2	AF-Q38898-F1-model_v6	0.075	40	36	802	0.833	0.049	6.644E-01	5.917E-01	3.529E-02	2.605E-01	48	AF-Q38898-F1-model_v6 Potassium channel AKT2/3
MC25_sitophilus_oryzae_2	AF-Q02783-F1-model_v6	0.008	119	36	413	1.000	0.269	5.451E-01	5.343E-01	6.274E-02	2.605E-01	45	AF-Q02783-F1-model_v6 Mitochondrial inner membrane magnesium transporter MFM1
MC25_sitophilus_oryzae_2	AF-Q5P9H3-F1-model_v6	0.054	37	36	651	0.889	0.052	6.022E-01	5.455E-01	4.184E-02	2.605E-01	47	AF-Q5P9H3-F1-model_v6 UvrABC system protein B
MC25_sitophilus_oryzae_2	AF-Q8ZGW7-F1-model_v6	0.011	84	36	671	0.861	0.118	6.183E-01	5.373E-01	3.623E-02	2.605E-01	48	AF-Q8ZGW7-F1-model_v6 UvrABC system protein B
MC25_sitophilus_oryzae_2	AF-Q8Z7Z6-F1-model_v6	0.008	122	36	225	0.722	0.542	5.969E-01	4.979E-01	1.049E-01	2.605E-01	41	AF-Q8Z7Z6-F1-model_v6 Chromosome partition protein MukE
MC25_sitophilus_oryzae_2	AF-B7IEY7-F1-model_v6	0.026	38	36	661	0.861	0.054	6.266E-01	5.594E-01	4.158E-02	2.605E-01	47	AF-B7IEY7-F1-model_v6 UvrABC system protein B
MC25_sitophilus_oryzae_2	AF-Q8Z889-F1-model_v6	0.080	25	36	673	0.694	0.036	7.237E-01	5.220E-01	3.395E-02	2.605E-01	48	AF-Q8Z889-F1-model_v6 UvrABC system protein B
MC25_sitophilus_oryzae_2	AF-Q07915-F1-model_v6	0.000	36	36	199	0.889	0.146	5.712E-01	4.907E-01	1.101E-01	2.605E-01	41	AF-Q07915-F1-model_v6 Ribosome biogenesis protein RLP24
MC25_sitophilus_oryzae_2	AF-Q00195-F1-model_v6	0.006	143	36	664	0.944	0.209	6.009E-01	5.659E-01	4.246E-02	2.605E-01	47	AF-Q00195-F1-model_v6 Cyclic nucleotide-gated channel alpha-2
MC25_sitophilus_oryzae_2	AF-B1X7A9-F1-model_v6	0.080	25	36	673	0.694	0.036	7.237E-01	5.221E-01	3.395E-02	2.605E-01	48	AF-B1X7A9-F1-model_v6 UvrABC system protein B
MC25_sitophilus_oryzae_2	AF-Q6GAG9-F1-model_v6	0.009	206	36	557	0.806	0.370	6.551E-01	5.625E-01	4.938E-02	2.604E-01	47	AF-Q6GAG9-F1-model_v6 2-succinyl-5-enolpyruvyl-6-hydroxy-3-cyclohexene-1-carboxylate synthase
MC25_sitophilus_oryzae_2	AF-C0PWY7-F1-model_v6	0.080	25	36	673	0.694	0.036	7.236E-01	5.219E-01	3.395E-02	2.604E-01	48	AF-C0PWY7-F1-model_v6 UvrABC system protein B
MC25_sitophilus_oryzae_2	AF-Q7MM80-F1-model_v6	0.023	85	36	676	0.889	0.121	6.064E-01	5.465E-01	4.026E-02	2.604E-01	48	AF-Q7MM80-F1-model_v6 UvrABC system protein B
MC25_sitophilus_oryzae_2	AF-Q32I48-F1-model_v6	0.080	25	36	673	0.694	0.036	7.236E-01	5.220E-01	3.394E-02	2.604E-01	48	AF-Q32I48-F1-model_v6 UvrABC system protein B
MC25_sitophilus_oryzae_2	AF-A9MTI2-F1-model_v6	0.080	25	36	673	0.694	0.036	7.233E-01	5.218E-01	3.394E-02	2.604E-01	48	AF-A9MTI2-F1-model_v6 UvrABC system protein B
MC25_sitophilus_oryzae_2	AF-P38144-F1-model_v6	0.000	46	36	1129	1.000	0.038	6.082E-01	5.971E-01	2.785E-02	2.604E-01	49	AF-P38144-F1-model_v6 ISWI chromatin-remodeling complex ATPase ISW1
MC25_sitophilus_oryzae_2	AF-Q67LC0-F1-model_v6	0.033	60	36	594	0.889	0.098	6.194E-01	5.633E-01	4.727E-02	2.604E-01	47	AF-Q67LC0-F1-model_v6 ATP-dependent zinc metalloprotease FtsH 1
MC25_sitophilus_oryzae_2	AF-A9FDV9-F1-model_v6	0.021	93	36	607	1.000	0.143	5.684E-01	5.589E-01	4.603E-02	2.604E-01	47	AF-A9FDV9-F1-model_v6 ATP-dependent zinc metalloprotease FtsH 2
MC25_sitophilus_oryzae_2	AF-Q8VYE2-F1-model_v6	0.032	31	36	376	0.833	0.080	6.102E-01	5.322E-01	6.999E-02	2.604E-01	45	AF-Q8VYE2-F1-model_v6 Mitochondrial import inner membrane translocase subunit TIM50
MC25_sitophilus_oryzae_2	AF-Q63511-F1-model_v6	0.016	181	36	393	1.000	0.435	5.336E-01	5.225E-01	6.145E-02	2.604E-01	46	AF-Q63511-F1-model_v6 G protein-activated inward rectifier potassium channel 3
MC25_sitophilus_oryzae_2	AF-B5FP65-F1-model_v6	0.035	84	36	673	0.861	0.119	6.161E-01	5.431E-01	3.793E-02	2.603E-01	48	AF-B5FP65-F1-model_v6 UvrABC system protein B
MC25_sitophilus_oryzae_2	AF-B0RU49-F1-model_v6	0.018	110	36	328	0.861	0.335	5.580E-01	5.128E-01	8.542E-02	2.603E-01	43	AF-B0RU49-F1-model_v6 Malate dehydrogenase
MC25_sitophilus_oryzae_2	AF-Q3USY0-F1-model_v6	0.016	180	36	453	1.000	0.380	5.513E-01	5.407E-01	5.809E-02	2.603E-01	46	AF-Q3USY0-F1-model_v6 Putative sodium-coupled neutral amino acid transporter 11
MC25_sitophilus_oryzae_2	AF-A1A921-F1-model_v6	0.080	25	36	673	0.694	0.036	7.238E-01	5.222E-01	3.395E-02	2.603E-01	48	AF-A1A921-F1-model_v6 UvrABC system protein B
MC25_sitophilus_oryzae_2	AF-Q52992-F1-model_v6	0.057	35	36	232	0.722	0.151	5.984E-01	4.909E-01	9.895E-02	2.603E-01	42	AF-Q52992-F1-model_v6 Uncharacterized protein ORF7 in nfe locus
MC25_sitophilus_oryzae_2	AF-B4UDY7-F1-model_v6	0.024	41	36	596	1.000	0.065	6.050E-01	5.955E-01	5.388E-02	2.603E-01	46	AF-B4UDY7-F1-model_v6 Phosphoenolpyruvate carboxykinase [GTP]
MC25_sitophilus_oryzae_2	AF-Q8VXB5-F1-model_v6	0.009	320	36	793	0.944	0.402	6.267E-01	5.966E-01	3.967E-02	2.603E-01	48	AF-Q8VXB5-F1-model_v6 Putative potassium transporter 8
MC25_sitophilus_oryzae_2	AF-Q8PNP8-F1-model_v6	0.027	110	36	328	0.861	0.335	5.575E-01	5.125E-01	8.538E-02	2.603E-01	43	AF-Q8PNP8-F1-model_v6 Malate dehydrogenase
MC25_sitophilus_oryzae_2	AF-P44087-F1-model_v6	0.000	47	36	481	0.972	0.089	5.546E-01	5.321E-01	5.655E-02	2.603E-01	46	AF-P44087-F1-model_v6 Surface lipoprotein assembly modifier 1
MC25_sitophilus_oryzae_2	AF-Q9K6X9-F1-model_v6	0.052	57	36	660	1.000	0.077	5.637E-01	5.528E-01	4.236E-02	2.603E-01	47	AF-Q9K6X9-F1-model_v6 UvrABC system protein B
MC25_sitophilus_oryzae_2	AF-C4ZXV1-F1-model_v6	0.080	25	36	673	0.694	0.036	7.226E-01	5.218E-01	3.395E-02	2.602E-01	48	AF-C4ZXV1-F1-model_v6 UvrABC system protein B
MC25_sitophilus_oryzae_2	AF-B1IXI9-F1-model_v6	0.080	25	36	673	0.694	0.036	7.231E-01	5.219E-01	3.395E-02	2.602E-01	48	AF-B1IXI9-F1-model_v6 UvrABC system protein B
MC25_sitophilus_oryzae_2	AF-P0A8F9-F1-model_v6	0.080	25	36	673	0.694	0.036	7.230E-01	5.218E-01	3.394E-02	2.602E-01	48	AF-P0A8F9-F1-model_v6 UvrABC system protein B
MC25_sitophilus_oryzae_2	AF-C1DB66-F1-model_v6	0.019	105	36	329	0.861	0.319	5.712E-01	5.233E-01	8.516E-02	2.602E-01	43	AF-C1DB66-F1-model_v6 Malate dehydrogenase
MC25_sitophilus_oryzae_2	AF-Q4UJS8-F1-model_v6	0.095	21	36	162	0.583	0.123	6.076E-01	4.565E-01	1.149E-01	2.602E-01	40	AF-Q4UJS8-F1-model_v6 Transcription elongation factor GreA
MC25_sitophilus_oryzae_2	AF-B5R765-F1-model_v6	0.080	25	36	673	0.694	0.036	7.227E-01	5.219E-01	3.395E-02	2.602E-01	48	AF-B5R765-F1-model_v6 UvrABC system protein B
MC25_sitophilus_oryzae_2	AF-Q86VI4-F1-model_v6	0.021	141	36	317	0.833	0.429	5.849E-01	5.059E-01	7.166E-02	2.602E-01	44	AF-Q86VI4-F1-model_v6 Lysosomal-associated transmembrane protein 4B
MC25_sitophilus_oryzae_2	AF-A1K338-F1-model_v6	0.090	33	36	265	0.611	0.125	6.944E-01	4.922E-01	7.847E-02	2.602E-01	44	AF-A1K338-F1-model_v6 Phosphatidylglycerol--prolipoprotein diacylglyceryl transferase
MC25_sitophilus_oryzae_2	AF-A1KI28-F1-model_v6	0.018	108	36	329	0.861	0.328	5.707E-01	5.242E-01	8.544E-02	2.602E-01	43	AF-A1KI28-F1-model_v6 Malate dehydrogenase
MC25_sitophilus_oryzae_2	AF-A7ZY35-F1-model_v6	0.080	25	36	673	0.694	0.036	7.228E-01	5.218E-01	3.395E-02	2.602E-01	48	AF-A7ZY35-F1-model_v6 UvrABC system protein B
MC25_sitophilus_oryzae_2	AF-Q57E41-F1-model_v6	0.026	38	36	627	0.889	0.056	6.007E-01	5.445E-01	4.355E-02	2.602E-01	47	AF-Q57E41-F1-model_v6 UvrABC system protein C
MC25_sitophilus_oryzae_2	AF-A7KAL2-F1-model_v6	0.010	95	36	960	1.000	0.094	5.775E-01	5.661E-01	3.032E-02	2.602E-01	49	AF-A7KAL2-F1-model_v6 Serine/threonine-protein kinase atg1
MC25_sitophilus_oryzae_2	AF-Q8LEG3-F1-model_v6	0.000	97	36	578	1.000	0.161	5.725E-01	5.623E-01	5.105E-02	2.602E-01	46	AF-Q8LEG3-F1-model_v6 65-kDa microtubule-associated protein 2
MC25_sitophilus_oryzae_2	AF-A5U1T8-F1-model_v6	0.018	108	36	329	0.861	0.328	5.717E-01	5.248E-01	8.545E-02	2.601E-01	43	AF-A5U1T8-F1-model_v6 Malate dehydrogenase
MC25_sitophilus_oryzae_2	AF-Q9ZVY5-F1-model_v6	0.007	259	36	455	0.861	0.569	6.170E-01	5.576E-01	6.343E-02	2.601E-01	45	AF-Q9ZVY5-F1-model_v6 UDP-glycosyltransferase 75B2
MC25_sitophilus_oryzae_2	AF-Q07395-F1-model_v6	0.012	77	36	620	1.000	0.118	5.709E-01	5.601E-01	4.722E-02	2.601E-01	47	AF-Q07395-F1-model_v6 Synchronized import protein 1
MC25_sitophilus_oryzae_2	AF-P24300-F1-model_v6	0.000	46	36	388	0.972	0.095	5.547E-01	5.323E-01	6.275E-02	2.601E-01	45	AF-P24300-F1-model_v6 Xylose isomerase
MC25_sitophilus_oryzae_2	AF-Q9RVZ8-F1-model_v6	0.007	136	36	334	0.944	0.386	5.254E-01	4.928E-01	6.985E-02	2.601E-01	45	AF-Q9RVZ8-F1-model_v6 Homoserine O-acetyltransferase
MC25_sitophilus_oryzae_2	AF-Q3ZCQ8-F1-model_v6	0.037	27	36	353	0.722	0.076	6.495E-01	5.184E-01	6.805E-02	2.601E-01	45	AF-Q3ZCQ8-F1-model_v6 Mitochondrial import inner membrane translocase subunit TIM50
MC25_sitophilus_oryzae_2	AF-Q9WV04-F1-model_v6	0.054	37	36	790	0.972	0.037	6.553E-01	5.512E-01	3.305E-02	2.601E-01	48	AF-Q9WV04-F1-model_v6 Kinesin-like protein KIF9
MC25_sitophilus_oryzae_2	AF-Q8CHV6-F1-model_v6	0.000	48	36	443	0.972	0.102	5.530E-01	5.337E-01	6.429E-02	2.601E-01	45	AF-Q8CHV6-F1-model_v6 Transcriptional adapter 2-alpha
MC25_sitophilus_oryzae_2	AF-Q0TJR9-F1-model_v6	0.080	25	36	673	0.694	0.036	7.223E-01	5.214E-01	3.394E-02	2.601E-01	48	AF-Q0TJR9-F1-model_v6 UvrABC system protein B
MC25_sitophilus_oryzae_2	AF-Q6G041-F1-model_v6	0.026	38	36	678	0.889	0.052	6.057E-01	5.484E-01	4.044E-02	2.601E-01	48	AF-Q6G041-F1-model_v6 UvrABC system protein C
MC25_sitophilus_oryzae_2	AF-B5Z7M6-F1-model_v6	0.000	23	36	164	0.556	0.140	6.255E-01	4.540E-01	1.129E-01	2.600E-01	40	AF-B5Z7M6-F1-model_v6 Transcription elongation factor GreA
MC25_sitophilus_oryzae_2	AF-Q10165-F1-model_v6	0.000	42	36	923	0.889	0.043	6.250E-01	5.615E-01	3.056E-02	2.600E-01	48	AF-Q10165-F1-model_v6 Probable ribosylation factor GTPase-activating protein cnt6
MC25_sitophilus_oryzae_2	AF-B4TC52-F1-model_v6	0.080	25	36	673	0.694	0.036	7.224E-01	5.217E-01	3.394E-02	2.600E-01	48	AF-B4TC52-F1-model_v6 UvrABC system protein B
MC25_sitophilus_oryzae_2	AF-C1AMN4-F1-model_v6	0.004	246	36	329	0.972	0.729	5.340E-01	5.140E-01	7.835E-02	2.600E-01	44	AF-C1AMN4-F1-model_v6 Malate dehydrogenase
MC25_sitophilus_oryzae_2	AF-Q49WV9-F1-model_v6	0.028	35	36	537	0.833	0.060	6.363E-01	5.557E-01	4.845E-02	2.600E-01	47	AF-Q49WV9-F1-model_v6 Putative cysteine ligase BshC
MC25_sitophilus_oryzae_2	AF-Q17WJ3-F1-model_v6	0.095	21	36	164	0.583	0.122	6.098E-01	4.571E-01	1.137E-01	2.600E-01	40	AF-Q17WJ3-F1-model_v6 Transcription elongation factor GreA
MC25_sitophilus_oryzae_2	AF-Q92806-F1-model_v6	0.016	181	36	393	1.000	0.435	5.327E-01	5.216E-01	6.144E-02	2.600E-01	45	AF-Q92806-F1-model_v6 G protein-activated inward rectifier potassium channel 3
MC25_sitophilus_oryzae_2	AF-Q5ZI89-F1-model_v6	0.004	204	36	1132	0.972	0.177	5.878E-01	5.633E-01	2.575E-02	2.600E-01	49	AF-Q5ZI89-F1-model_v6 Trafficking protein particle complex subunit 11
MC25_sitophilus_oryzae_2	AF-B0U5Q1-F1-model_v6	0.009	110	36	328	0.861	0.335	5.590E-01	5.139E-01	8.547E-02	2.600E-01	43	AF-B0U5Q1-F1-model_v6 Malate dehydrogenase
MC25_sitophilus_oryzae_2	AF-A6M2Y5-F1-model_v6	0.052	38	36	621	0.889	0.055	6.020E-01	5.448E-01	4.289E-02	2.600E-01	47	AF-A6M2Y5-F1-model_v6 UvrABC system protein C
MC25_sitophilus_oryzae_2	AF-B5YRL8-F1-model_v6	0.080	25	36	673	0.694	0.036	7.221E-01	5.216E-01	3.395E-02	2.600E-01	48	AF-B5YRL8-F1-model_v6 UvrABC system protein B
MC25_sitophilus_oryzae_2	AF-G0S7B6-F1-model_v6	0.013	74	36	1416	1.000	0.052	6.198E-01	6.096E-01	2.366E-02	2.600E-01	49	AF-G0S7B6-F1-model_v6 Nucleoporin NUP170
MC25_sitophilus_oryzae_2	AF-Q72XV1-F1-model_v6	0.040	25	36	658	0.694	0.036	7.254E-01	5.220E-01	3.471E-02	2.600E-01	48	AF-Q72XV1-F1-model_v6 UvrABC system protein B
MC25_sitophilus_oryzae_2	AF-B5XX25-F1-model_v6	0.020	48	36	565	1.000	0.081	5.608E-01	5.504E-01	5.392E-02	2.599E-01	46	AF-B5XX25-F1-model_v6 NAD-dependent malic enzyme
MC25_sitophilus_oryzae_2	AF-P40395-F1-model_v6	0.029	101	36	1056	1.000	0.091	6.074E-01	5.963E-01	2.819E-02	2.599E-01	49	AF-P40395-F1-model_v6 Guanine nucleotide exchange factor subunit RIC1
MC25_sitophilus_oryzae_2	AF-Q8TKS3-F1-model_v6	0.000	57	36	670	1.000	0.076	5.616E-01	5.505E-01	4.186E-02	2.599E-01	47	AF-Q8TKS3-F1-model_v6 UvrABC system protein B
MC25_sitophilus_oryzae_2	AF-P41125-F1-model_v6	0.125	24	36	211	0.583	0.114	6.392E-01	4.727E-01	9.220E-02	2.599E-01	42	AF-P41125-F1-model_v6 Large ribosomal subunit protein eL13
MC25_sitophilus_oryzae_2	AF-Q9PE17-F1-model_v6	0.009	110	36	328	0.861	0.335	5.586E-01	5.135E-01	8.546E-02	2.599E-01	43	AF-Q9PE17-F1-model_v6 Malate dehydrogenase
MC25_sitophilus_oryzae_2	AF-P75398-F1-model_v6	0.000	37	36	793	0.889	0.044	6.360E-01	5.789E-01	3.611E-02	2.599E-01	48	AF-P75398-F1-model_v6 Leucine--tRNA ligase
MC25_sitophilus_oryzae_2	AF-B7ULX6-F1-model_v6	0.080	25	36	673	0.694	0.036	7.216E-01	5.214E-01	3.394E-02	2.599E-01	48	AF-B7ULX6-F1-model_v6 UvrABC system protein B
MC25_sitophilus_oryzae_2	AF-Q96N21-F1-model_v6	0.044	67	36	525	1.000	0.124	5.863E-01	5.772E-01	5.962E-02	2.599E-01	46	AF-Q96N21-F1-model_v6 AP-4 complex accessory subunit Tepsin
MC25_sitophilus_oryzae_2	AF-Q9L0B8-F1-model_v6	0.000	46	36	387	0.972	0.096	5.550E-01	5.325E-01	6.288E-02	2.598E-01	45	AF-Q9L0B8-F1-model_v6 Xylose isomerase
MC25_sitophilus_oryzae_2	AF-Q8TGY9-F1-model_v6	0.086	46	36	327	0.861	0.138	5.790E-01	5.194E-01	8.293E-02	2.598E-01	43	AF-Q8TGY9-F1-model_v6 2-phosphoglycerate kinase
MC25_sitophilus_oryzae_2	AF-Q0BPX7-F1-model_v6	0.020	98	36	644	1.000	0.149	5.664E-01	5.556E-01	4.765E-02	2.598E-01	47	AF-Q0BPX7-F1-model_v6 UvrABC system protein C
MC25_sitophilus_oryzae_2	AF-Q9HGZ6-F1-model_v6	0.000	33	36	443	0.778	0.074	6.452E-01	5.445E-01	5.942E-02	2.598E-01	46	AF-Q9HGZ6-F1-model_v6 Squalene synthase
MC25_sitophilus_oryzae_2	AF-B2I8M1-F1-model_v6	0.009	110	36	328	0.861	0.335	5.587E-01	5.136E-01	8.545E-02	2.598E-01	43	AF-B2I8M1-F1-model_v6 Malate dehydrogenase
MC25_sitophilus_oryzae_2	AF-A5I7A5-F1-model_v6	0.054	37	36	618	0.861	0.055	6.142E-01	5.462E-01	4.334E-02	2.598E-01	47	AF-A5I7A5-F1-model_v6 UvrABC system protein C
MC25_sitophilus_oryzae_2	AF-B3WCQ5-F1-model_v6	0.027	37	36	671	0.889	0.051	6.049E-01	5.473E-01	4.067E-02	2.598E-01	47	AF-B3WCQ5-F1-model_v6 UvrABC system protein B
MC25_sitophilus_oryzae_2	AF-Q9SX27-F1-model_v6	0.073	41	36	452	1.000	0.069	6.118E-01	5.466E-01	5.567E-02	2.598E-01	46	AF-Q9SX27-F1-model_v6 Transcription factor PERIANTHIA
MC25_sitophilus_oryzae_2	AF-Q2I0M6-F1-model_v6	0.002	377	36	871	0.889	0.431	6.311E-01	5.712E-01	3.269E-02	2.598E-01	48	AF-Q2I0M6-F1-model_v6 Dual O-methyltransferase/FAD-dependent monooxygenase CTB3
MC25_sitophilus_oryzae_2	AF-F4JVN6-F1-model_v6	0.001	1074	36	1380	1.000	0.774	5.890E-01	5.772E-01	2.105E-02	2.598E-01	49	AF-F4JVN6-F1-model_v6 Tripeptidyl-peptidase 2
MC25_sitophilus_oryzae_2	AF-Q83C87-F1-model_v6	0.009	108	36	328	0.861	0.329	5.646E-01	5.192E-01	8.555E-02	2.598E-01	43	AF-Q83C87-F1-model_v6 Malate dehydrogenase
MC25_sitophilus_oryzae_2	AF-Q7RZP7-F1-model_v6	0.006	304	36	932	1.000	0.322	5.852E-01	5.740E-01	3.248E-02	2.598E-01	48	AF-Q7RZP7-F1-model_v6 Calpain-like protease palB/cpr-8
MC25_sitophilus_oryzae_2	AF-P64275-F1-model_v6	0.000	23	36	164	0.556	0.140	6.250E-01	4.536E-01	1.129E-01	2.598E-01	40	AF-P64275-F1-model_v6 Transcription elongation factor GreA
MC25_sitophilus_oryzae_2	AF-Q815I3-F1-model_v6	0.040	25	36	658	0.694	0.036	7.246E-01	5.217E-01	3.471E-02	2.598E-01	48	AF-Q815I3-F1-model_v6 UvrABC system protein B
MC25_sitophilus_oryzae_2	AF-Q8PC25-F1-model_v6	0.018	110	36	328	0.861	0.335	5.592E-01	5.145E-01	8.545E-02	2.598E-01	43	AF-Q8PC25-F1-model_v6 Malate dehydrogenase
MC25_sitophilus_oryzae_2	AF-Q81X47-F1-model_v6	0.040	25	36	658	0.694	0.036	7.249E-01	5.219E-01	3.471E-02	2.597E-01	48	AF-Q81X47-F1-model_v6 UvrABC system protein B
MC25_sitophilus_oryzae_2	AF-A6ZRM0-F1-model_v6	0.131	38	36	433	0.889	0.081	5.723E-01	5.211E-01	6.125E-02	2.597E-01	45	AF-A6ZRM0-F1-model_v6 Adenylosuccinate synthetase
MC25_sitophilus_oryzae_2	AF-Q8VZC7-2-F1-model_v6	0.027	37	36	1210	0.889	0.029	6.187E-01	5.611E-01	2.379E-02	2.597E-01	49	AF-Q8VZC7-2-F1-model_v6 Probable disease resistance protein At5g45510
MC25_sitophilus_oryzae_2	AF-C6HQ96-F1-model_v6	0.025	40	36	351	1.000	0.083	6.114E-01	5.160E-01	6.657E-02	2.597E-01	45	AF-C6HQ96-F1-model_v6 Fe-S cluster assembly protein DRE2
MC25_sitophilus_oryzae_2	AF-Q631I6-F1-model_v6	0.040	25	36	658	0.694	0.036	7.267E-01	5.223E-01	3.471E-02	2.596E-01	48	AF-Q631I6-F1-model_v6 UvrABC system protein B
MC25_sitophilus_oryzae_2	AF-Q3KP66-F1-model_v6	0.125	24	36	663	0.583	0.036	7.534E-01	5.181E-01	3.135E-02	2.596E-01	48	AF-Q3KP66-F1-model_v6 Innate immunity activator protein
MC25_sitophilus_oryzae_2	AF-B1JSR9-F1-model_v6	0.011	84	36	671	0.861	0.118	6.195E-01	5.368E-01	3.624E-02	2.596E-01	48	AF-B1JSR9-F1-model_v6 UvrABC system protein B
MC25_sitophilus_oryzae_2	AF-Q6HBC2-F1-model_v6	0.040	25	36	658	0.694	0.036	7.245E-01	5.219E-01	3.472E-02	2.596E-01	48	AF-Q6HBC2-F1-model_v6 UvrABC system protein B
MC25_sitophilus_oryzae_2	AF-A9R3D3-F1-model_v6	0.011	84	36	671	0.861	0.118	6.135E-01	5.342E-01	3.617E-02	2.596E-01	48	AF-A9R3D3-F1-model_v6 UvrABC system protein B
MC25_sitophilus_oryzae_2	AF-Q9L558-F1-model_v6	0.000	46	36	388	0.972	0.095	5.541E-01	5.318E-01	6.271E-02	2.596E-01	45	AF-Q9L558-F1-model_v6 Xylose isomerase
MC25_sitophilus_oryzae_2	AF-Q2A2C7-F1-model_v6	0.027	37	36	160	1.000	0.156	5.714E-01	4.617E-01	1.288E-01	2.596E-01	39	AF-Q2A2C7-F1-model_v6 Transcription elongation factor GreA
MC25_sitophilus_oryzae_2	AF-Q6NS15-2-F1-model_v6	0.071	42	36	754	0.833	0.056	6.584E-01	5.819E-01	3.808E-02	2.596E-01	48	AF-Q6NS15-2-F1-model_v6 Mediator of RNA polymerase II transcription subunit 15
MC25_sitophilus_oryzae_2	AF-Q8VDY9-F1-model_v6	0.037	53	36	356	0.861	0.149	5.595E-01	5.128E-01	7.768E-02	2.596E-01	44	AF-Q8VDY9-F1-model_v6 Caspase activity and apoptosis inhibitor 1
MC25_sitophilus_oryzae_2	AF-Q67ES7-F1-model_v6	0.073	41	36	329	0.972	0.103	5.610E-01	5.318E-01	7.868E-02	2.596E-01	44	AF-Q67ES7-F1-model_v6 Taste receptor type 2 member 134
MC25_sitophilus_oryzae_2	AF-Q6DT83-F1-model_v6	0.010	95	36	509	0.833	0.177	6.157E-01	5.248E-01	4.664E-02	2.595E-01	47	AF-Q6DT83-F1-model_v6 Maturase K
MC25_sitophilus_oryzae_2	AF-P24428-F1-model_v6	0.078	38	36	848	0.889	0.044	6.468E-01	5.903E-01	3.483E-02	2.595E-01	48	AF-P24428-F1-model_v6 Probable ATP-dependent Clp protease ATP-binding subunit
MC25_sitophilus_oryzae_2	AF-B1YH82-F1-model_v6	0.085	35	36	263	0.917	0.133	5.322E-01	5.019E-01	1.026E-01	2.595E-01	42	AF-B1YH82-F1-model_v6 Energy-coupling factor transporter transmembrane protein EcfT
MC25_sitophilus_oryzae_2	AF-O83653-F1-model_v6	0.058	68	36	426	1.000	0.153	5.676E-01	5.580E-01	7.033E-02	2.595E-01	44	AF-O83653-F1-model_v6 Serine--tRNA ligase
MC25_sitophilus_oryzae_2	AF-Q9BV10-F1-model_v6	0.007	137	36	488	0.889	0.275	5.841E-01	5.301E-01	5.478E-02	2.595E-01	46	AF-Q9BV10-F1-model_v6 Dol-P-Man:Man(7)GlcNAc(2)-PP-Dol alpha-1,6-mannosyltransferase
MC25_sitophilus_oryzae_2	AF-Q2SZG8-F1-model_v6	0.000	104	36	203	0.861	0.502	5.328E-01	4.748E-01	1.154E-01	2.595E-01	40	AF-Q2SZG8-F1-model_v6 Dephospho-CoA kinase
MC25_sitophilus_oryzae_2	AF-A5EHE7-F1-model_v6	0.000	69	36	472	0.861	0.138	6.105E-01	5.395E-01	5.372E-02	2.594E-01	46	AF-A5EHE7-F1-model_v6 Cysteine--tRNA ligase
MC25_sitophilus_oryzae_2	AF-Q48796-F1-model_v6	0.008	249	36	541	1.000	0.458	5.556E-01	5.457E-01	5.657E-02	2.594E-01	46	AF-Q48796-F1-model_v6 Malolactic enzyme
MC25_sitophilus_oryzae_2	AF-Q4URH2-F1-model_v6	0.018	110	36	328	0.861	0.335	5.590E-01	5.143E-01	8.544E-02	2.594E-01	43	AF-Q4URH2-F1-model_v6 Malate dehydrogenase
MC25_sitophilus_oryzae_2	AF-Q6FYG1-F1-model_v6	0.055	36	36	349	0.972	0.089	5.936E-01	5.320E-01	7.614E-02	2.594E-01	44	AF-Q6FYG1-F1-model_v6 Protease HtpX homolog
MC25_sitophilus_oryzae_2	AF-Q96RN5-F1-model_v6	0.071	42	36	788	0.833	0.053	6.602E-01	5.834E-01	3.651E-02	2.594E-01	48	AF-Q96RN5-F1-model_v6 Mediator of RNA polymerase II transcription subunit 15
MC25_sitophilus_oryzae_2	AF-B4JSP3-F1-model_v6	0.023	42	36	245	0.917	0.135	5.295E-01	4.824E-01	8.754E-02	2.594E-01	43	AF-B4JSP3-F1-model_v6 Enolase-phosphatase E1
MC25_sitophilus_oryzae_2	AF-Q969I6-F1-model_v6	0.000	297	36	547	0.944	0.537	5.953E-01	5.664E-01	5.253E-02	2.594E-01	46	AF-Q969I6-F1-model_v6 Sodium-coupled neutral amino acid transporter 4
MC25_sitophilus_oryzae_2	AF-Q03AL7-F1-model_v6	0.027	37	36	671	0.889	0.051	6.021E-01	5.443E-01	4.061E-02	2.593E-01	47	AF-Q03AL7-F1-model_v6 UvrABC system protein B
MC25_sitophilus_oryzae_2	AF-Q5VSE6-F1-model_v6	0.016	186	36	412	1.000	0.434	5.467E-01	5.369E-01	6.454E-02	2.593E-01	45	AF-Q5VSE6-F1-model_v6 Potassium channel, subfamily K, member 13
MC25_sitophilus_oryzae_2	AF-Q6ZW05-3-F1-model_v6	0.000	97	36	843	0.889	0.112	6.264E-01	5.641E-01	3.254E-02	2.593E-01	48	AF-Q6ZW05-3-F1-model_v6 Patched domain-containing protein 4
MC25_sitophilus_oryzae_2	AF-Q255I4-F1-model_v6	0.000	108	36	328	0.861	0.329	5.557E-01	5.111E-01	8.544E-02	2.593E-01	43	AF-Q255I4-F1-model_v6 Malate dehydrogenase
MC25_sitophilus_oryzae_2	AF-Q61JS7-F1-model_v6	0.040	25	36	456	0.694	0.055	6.779E-01	5.455E-01	5.313E-02	2.592E-01	46	AF-Q61JS7-F1-model_v6 Mitochondrial import inner membrane translocase subunit TIM50
MC25_sitophilus_oryzae_2	AF-B7KC96-F1-model_v6	0.040	25	36	665	0.694	0.036	7.256E-01	5.223E-01	3.438E-02	2.592E-01	48	AF-B7KC96-F1-model_v6 UvrABC system protein B
MC25_sitophilus_oryzae_2	AF-Q6F166-F1-model_v6	0.009	209	36	793	0.972	0.257	5.729E-01	5.506E-01	3.563E-02	2.592E-01	48	AF-Q6F166-F1-model_v6 Phenylalanine--tRNA ligase beta subunit
MC25_sitophilus_oryzae_2	AF-P9WPC8-F1-model_v6	0.078	38	36	848	0.889	0.044	6.457E-01	5.895E-01	3.484E-02	2.592E-01	48	AF-P9WPC8-F1-model_v6 ATP-dependent Clp protease ATP-binding subunit ClpC1
MC25_sitophilus_oryzae_2	AF-A5UNK6-F1-model_v6	0.040	25	36	655	0.694	0.037	7.261E-01	5.222E-01	3.489E-02	2.592E-01	48	AF-A5UNK6-F1-model_v6 UvrABC system protein B
MC25_sitophilus_oryzae_2	AF-Q8D3B5-F1-model_v6	0.011	90	36	803	1.000	0.102	5.602E-01	5.486E-01	3.313E-02	2.592E-01	48	AF-Q8D3B5-F1-model_v6 Phenylalanine--tRNA ligase beta subunit
MC25_sitophilus_oryzae_2	AF-Q75AB3-F1-model_v6	0.015	195	36	224	0.917	0.848	5.294E-01	4.947E-01	1.083E-01	2.592E-01	41	AF-Q75AB3-F1-model_v6 Protein FMP52, mitochondrial
MC25_sitophilus_oryzae_2	AF-Q3STA1-F1-model_v6	0.035	57	36	477	0.889	0.113	5.838E-01	5.308E-01	5.603E-02	2.592E-01	46	AF-Q3STA1-F1-model_v6 Cysteine--tRNA ligase
MC25_sitophilus_oryzae_2	AF-P22199-3-F1-model_v6	0.054	37	36	807	0.889	0.042	6.053E-01	5.449E-01	3.400E-02	2.592E-01	48	AF-P22199-3-F1-model_v6 Mineralocorticoid receptor
MC25_sitophilus_oryzae_2	AF-Q5UXM8-F1-model_v6	0.019	52	36	528	1.000	0.081	5.603E-01	5.493E-01	4.864E-02	2.592E-01	47	AF-Q5UXM8-F1-model_v6 Sensory rhodopsin I transducer
MC25_sitophilus_oryzae_2	AF-Q6ZQX7-3-F1-model_v6	0.000	37	36	433	0.972	0.069	6.210E-01	5.410E-01	5.988E-02	2.592E-01	45	AF-Q6ZQX7-3-F1-model_v6 Protein LIAT1
MC25_sitophilus_oryzae_2	AF-Q2GJJ1-F1-model_v6	0.000	51	36	614	1.000	0.075	5.782E-01	5.678E-01	4.701E-02	2.592E-01	47	AF-Q2GJJ1-F1-model_v6 UvrABC system protein C
MC25_sitophilus_oryzae_2	AF-Q2KAA8-F1-model_v6	0.052	57	36	458	0.889	0.118	5.947E-01	5.367E-01	5.826E-02	2.591E-01	46	AF-Q2KAA8-F1-model_v6 Cysteine--tRNA ligase
MC25_sitophilus_oryzae_2	AF-Q30QQ0-F1-model_v6	0.090	22	36	295	0.556	0.075	7.677E-01	4.826E-01	6.503E-02	2.591E-01	45	AF-Q30QQ0-F1-model_v6 ATP synthase gamma chain
MC25_sitophilus_oryzae_2	AF-A1VFJ3-F1-model_v6	0.108	37	36	502	0.778	0.072	6.384E-01	5.380E-01	5.112E-02	2.591E-01	46	AF-A1VFJ3-F1-model_v6 ATP synthase subunit alpha
MC25_sitophilus_oryzae_2	AF-Q9SB00-2-F1-model_v6	0.060	33	36	490	0.833	0.065	6.375E-01	5.656E-01	5.584E-02	2.591E-01	46	AF-Q9SB00-2-F1-model_v6 Deoxyribodipyrimidine photo-lyase
MC25_sitophilus_oryzae_2	AF-A8GBD1-F1-model_v6	0.012	81	36	670	0.861	0.115	6.115E-01	5.382E-01	3.795E-02	2.591E-01	48	AF-A8GBD1-F1-model_v6 UvrABC system protein B
MC25_sitophilus_oryzae_2	AF-A4G5Z9-F1-model_v6	0.018	110	36	329	0.861	0.334	5.544E-01	5.104E-01	8.511E-02	2.591E-01	43	AF-A4G5Z9-F1-model_v6 Malate dehydrogenase
MC25_sitophilus_oryzae_2	AF-Q7SAK5-F1-model_v6	0.036	55	36	829	1.000	0.063	6.016E-01	5.909E-01	3.755E-02	2.591E-01	48	AF-Q7SAK5-F1-model_v6 Pre-mRNA-splicing factor syf1
MC25_sitophilus_oryzae_2	AF-A6X270-F1-model_v6	0.030	33	36	505	0.833	0.061	6.274E-01	5.456E-01	5.175E-02	2.591E-01	46	AF-A6X270-F1-model_v6 Cysteine--tRNA ligase
MC25_sitophilus_oryzae_2	AF-P30803-F1-model_v6	0.044	68	36	1265	1.000	0.054	6.234E-01	6.135E-01	2.716E-02	2.590E-01	49	AF-P30803-F1-model_v6 Adenylate cyclase type 5
MC25_sitophilus_oryzae_2	AF-B3M301-F1-model_v6	0.025	40	36	770	0.889	0.047	6.037E-01	5.416E-01	3.407E-02	2.590E-01	48	AF-B3M301-F1-model_v6 Spastin
MC25_sitophilus_oryzae_2	AF-P52027-F1-model_v6	0.066	45	36	956	1.000	0.044	5.795E-01	5.714E-01	3.253E-02	2.590E-01	48	AF-P52027-F1-model_v6 DNA polymerase I
MC25_sitophilus_oryzae_2	AF-A7TZG1-F1-model_v6	0.054	37	36	354	0.889	0.102	5.843E-01	5.424E-01	8.067E-02	2.590E-01	43	AF-A7TZG1-F1-model_v6 Selection and upkeep of intraepithelial T-cells protein 10
MC25_sitophilus_oryzae_2	AF-B2K8T5-F1-model_v6	0.011	84	36	671	0.861	0.118	6.181E-01	5.356E-01	3.619E-02	2.590E-01	48	AF-B2K8T5-F1-model_v6 UvrABC system protein B
MC25_sitophilus_oryzae_2	AF-Q1CSI9-F1-model_v6	0.000	96	36	335	1.000	0.272	5.337E-01	5.237E-01	7.974E-02	2.590E-01	44	AF-Q1CSI9-F1-model_v6 Ferrochelatase
MC25_sitophilus_oryzae_2	AF-Q8D396-F1-model_v6	0.048	41	36	294	0.861	0.133	5.763E-01	5.208E-01	8.930E-02	2.590E-01	43	AF-Q8D396-F1-model_v6 Protease HtpX
MC25_sitophilus_oryzae_2	AF-Q8P6A0-F1-model_v6	0.108	37	36	861	0.889	0.042	6.319E-01	5.768E-01	3.424E-02	2.589E-01	48	AF-Q8P6A0-F1-model_v6 Chaperone protein ClpB
MC25_sitophilus_oryzae_2	AF-O34873-F1-model_v6	0.017	58	36	299	0.944	0.174	5.540E-01	5.237E-01	8.509E-02	2.589E-01	43	AF-O34873-F1-model_v6 Hydroxymethylglutaryl-CoA lyase YngG
MC25_sitophilus_oryzae_2	AF-A0A2G5IC53-F1-model_v6	0.005	381	36	871	0.889	0.434	6.275E-01	5.668E-01	3.186E-02	2.589E-01	48	AF-A0A2G5IC53-F1-model_v6 Dual O-methyltransferase/FAD-dependent monooxygenase CTB3
MC25_sitophilus_oryzae_2	AF-Q9LNL1-F1-model_v6	0.005	167	36	336	0.861	0.494	5.870E-01	5.364E-01	8.169E-02	2.589E-01	43	AF-Q9LNL1-F1-model_v6 Probable long-chain-alcohol O-fatty-acyltransferase 8
MC25_sitophilus_oryzae_2	AF-Q6D446-F1-model_v6	0.016	123	36	231	0.722	0.532	6.047E-01	5.114E-01	1.030E-01	2.589E-01	41	AF-Q6D446-F1-model_v6 Chromosome partition protein MukE
MC25_sitophilus_oryzae_2	AF-Q6UVM4-F1-model_v6	0.017	112	36	1142	1.000	0.094	5.831E-01	5.715E-01	2.563E-02	2.589E-01	49	AF-Q6UVM4-F1-model_v6 Potassium channel subfamily T member 2
MC25_sitophilus_oryzae_2	AF-A8F755-F1-model_v6	0.031	63	36	432	0.861	0.141	5.947E-01	5.223E-01	6.028E-02	2.589E-01	45	AF-A8F755-F1-model_v6 Trigger factor
MC25_sitophilus_oryzae_2	AF-Q9P787-F1-model_v6	0.011	180	36	258	0.917	0.682	5.507E-01	5.110E-01	9.799E-02	2.589E-01	42	AF-Q9P787-F1-model_v6 ER membrane protein complex subunit 3
MC25_sitophilus_oryzae_2	AF-Q7A2M4-F1-model_v6	0.020	48	36	421	1.000	0.112	5.862E-01	5.780E-01	7.566E-02	2.589E-01	44	AF-Q7A2M4-F1-model_v6 Lipid II:glycine glycyltransferase
MC25_sitophilus_oryzae_2	AF-A9BG78-F1-model_v6	0.010	192	36	302	0.833	0.636	5.967E-01	5.324E-01	9.045E-02	2.589E-01	42	AF-A9BG78-F1-model_v6 Protein translocase subunit SecF
MC25_sitophilus_oryzae_2	AF-A3MWZ8-F1-model_v6	0.100	20	36	128	0.556	0.148	5.851E-01	4.338E-01	1.391E-01	2.588E-01	38	AF-A3MWZ8-F1-model_v6 Large ribosomal subunit protein uL24
MC25_sitophilus_oryzae_2	AF-B9LJ02-F1-model_v6	0.064	31	36	360	0.833	0.083	6.100E-01	5.412E-01	7.519E-02	2.588E-01	44	AF-B9LJ02-F1-model_v6 Peptide chain release factor 1
MC25_sitophilus_oryzae_2	AF-B6JM90-F1-model_v6	0.095	21	36	164	0.583	0.122	6.044E-01	4.556E-01	1.136E-01	2.588E-01	40	AF-B6JM90-F1-model_v6 Transcription elongation factor GreA
MC25_sitophilus_oryzae_2	AF-Q6G073-F1-model_v6	0.029	34	36	502	0.833	0.064	6.249E-01	5.425E-01	5.185E-02	2.588E-01	46	AF-Q6G073-F1-model_v6 Cysteine--tRNA ligase
MC25_sitophilus_oryzae_2	AF-Q3SZB3-F1-model_v6	0.074	27	36	355	0.694	0.076	6.621E-01	5.377E-01	6.779E-02	2.588E-01	45	AF-Q3SZB3-F1-model_v6 Mitochondrial import inner membrane translocase subunit TIM50
MC25_sitophilus_oryzae_2	AF-Q0E3C3-F1-model_v6	0.040	49	36	313	1.000	0.153	5.366E-01	5.295E-01	9.880E-02	2.588E-01	42	AF-Q0E3C3-F1-model_v6 Homeobox protein knotted-1-like 2
MC25_sitophilus_oryzae_2	AF-A7FYX4-F1-model_v6	0.054	37	36	618	0.861	0.055	6.135E-01	5.457E-01	4.333E-02	2.588E-01	47	AF-A7FYX4-F1-model_v6 UvrABC system protein C
MC25_sitophilus_oryzae_2	AF-Q06087-F1-model_v6	0.083	36	36	516	0.889	0.066	6.116E-01	5.570E-01	5.383E-02	2.588E-01	46	AF-Q06087-F1-model_v6 Tyrosine decarboxylase 3
MC25_sitophilus_oryzae_2	AF-B0WAE3-F1-model_v6	0.013	301	36	496	0.889	0.603	5.978E-01	5.444E-01	5.601E-02	2.588E-01	46	AF-B0WAE3-F1-model_v6 Glutamyl-tRNA(Gln) amidotransferase subunit A, mitochondrial
MC25_sitophilus_oryzae_2	AF-Q9NQR9-F1-model_v6	0.000	34	36	355	0.889	0.096	6.034E-01	5.572E-01	8.118E-02	2.588E-01	43	AF-Q9NQR9-F1-model_v6 Glucose-6-phosphatase 2
MC25_sitophilus_oryzae_2	AF-P35343-F1-model_v6	0.024	124	36	359	1.000	0.323	5.344E-01	5.242E-01	7.085E-02	2.588E-01	44	AF-P35343-F1-model_v6 C-X-C chemokine receptor type 2
MC25_sitophilus_oryzae_2	AF-Q3BWU8-F1-model_v6	0.027	110	36	328	0.861	0.335	5.553E-01	5.102E-01	8.536E-02	2.588E-01	43	AF-Q3BWU8-F1-model_v6 Malate dehydrogenase
MC25_sitophilus_oryzae_2	AF-Q9ATB4-2-F1-model_v6	0.051	39	36	483	1.000	0.056	6.657E-01	5.373E-01	4.834E-02	2.588E-01	46	AF-Q9ATB4-2-F1-model_v6 Transcriptional adapter ADA2b
MC25_sitophilus_oryzae_2	AF-F1QB30-F1-model_v6	0.021	94	36	620	0.972	0.144	5.676E-01	5.463E-01	4.476E-02	2.588E-01	47	AF-F1QB30-F1-model_v6 E3 ubiquitin-protein ligase AMFR
MC25_sitophilus_oryzae_2	AF-Q6MMJ1-F1-model_v6	0.020	144	36	813	0.861	0.176	6.317E-01	5.580E-01	3.465E-02	2.587E-01	48	AF-Q6MMJ1-F1-model_v6 Phenylalanine--tRNA ligase beta subunit
MC25_sitophilus_oryzae_2	AF-Q65ED8-F1-model_v6	0.000	25	36	661	0.694	0.036	7.209E-01	5.208E-01	3.456E-02	2.587E-01	48	AF-Q65ED8-F1-model_v6 UvrABC system protein B
MC25_sitophilus_oryzae_2	AF-P0ABI0-F1-model_v6	0.081	37	36	758	0.889	0.047	6.364E-01	5.793E-01	3.903E-02	2.587E-01	47	AF-P0ABI0-F1-model_v6 ATP-dependent Clp protease ATP-binding subunit ClpA
MC25_sitophilus_oryzae_2	AF-Q928A4-F1-model_v6	0.040	25	36	658	0.694	0.036	7.187E-01	5.202E-01	3.470E-02	2.587E-01	48	AF-Q928A4-F1-model_v6 UvrABC system protein B
MC25_sitophilus_oryzae_2	AF-P58387-F1-model_v6	0.049	61	36	661	1.000	0.077	5.600E-01	5.486E-01	3.795E-02	2.587E-01	47	AF-P58387-F1-model_v6 Photosystem I P700 chlorophyll a apoprotein A2 (Fragment)
MC25_sitophilus_oryzae_2	AF-B4G518-F1-model_v6	0.000	77	36	448	1.000	0.158	5.505E-01	5.406E-01	6.111E-02	2.587E-01	45	AF-B4G518-F1-model_v6 Adenylosuccinate synthetase
MC25_sitophilus_oryzae_2	AF-Q8Z6P7-F1-model_v6	0.032	91	36	679	0.917	0.128	5.997E-01	5.568E-01	4.089E-02	2.587E-01	47	AF-Q8Z6P7-F1-model_v6 Uncharacterized transporter YdhK
MC25_sitophilus_oryzae_2	AF-P35240-2-F1-model_v6	0.054	37	36	620	0.889	0.053	5.953E-01	5.312E-01	4.154E-02	2.587E-01	47	AF-P35240-2-F1-model_v6 Merlin
MC25_sitophilus_oryzae_2	AF-P48543-F1-model_v6	0.016	181	36	393	1.000	0.435	5.314E-01	5.204E-01	6.142E-02	2.587E-01	45	AF-P48543-F1-model_v6 G protein-activated inward rectifier potassium channel 3
MC25_sitophilus_oryzae_2	AF-B2S3N6-F1-model_v6	0.058	68	36	426	1.000	0.153	5.654E-01	5.559E-01	7.033E-02	2.586E-01	44	AF-B2S3N6-F1-model_v6 Serine--tRNA ligase
MC25_sitophilus_oryzae_2	AF-Q9D880-F1-model_v6	0.037	27	36	353	0.722	0.076	6.458E-01	5.158E-01	6.796E-02	2.586E-01	45	AF-Q9D880-F1-model_v6 Mitochondrial import inner membrane translocase subunit TIM50
MC25_sitophilus_oryzae_2	AF-A6QLC7-F1-model_v6	0.004	208	36	1133	1.000	0.179	5.716E-01	5.600E-01	2.582E-02	2.586E-01	49	AF-A6QLC7-F1-model_v6 Trafficking protein particle complex subunit 11
MC25_sitophilus_oryzae_2	AF-Q1CFQ8-F1-model_v6	0.011	84	36	671	0.861	0.118	6.091E-01	5.313E-01	3.616E-02	2.586E-01	48	AF-Q1CFQ8-F1-model_v6 UvrABC system protein B
MC25_sitophilus_oryzae_2	AF-Q14203-4-F1-model_v6	0.000	54	36	1253	0.944	0.041	6.099E-01	5.732E-01	2.328E-02	2.586E-01	49	AF-Q14203-4-F1-model_v6 Dynactin subunit 1
MC25_sitophilus_oryzae_2	AF-Q91857-F1-model_v6	0.014	68	36	618	0.972	0.097	5.761E-01	5.525E-01	4.155E-02	2.585E-01	47	AF-Q91857-F1-model_v6 Transcription initiation factor TFIID subunit 6
MC25_sitophilus_oryzae_2	AF-A4TNQ1-F1-model_v6	0.011	84	36	671	0.861	0.118	6.173E-01	5.352E-01	3.620E-02	2.585E-01	48	AF-A4TNQ1-F1-model_v6 UvrABC system protein B
MC25_sitophilus_oryzae_2	AF-Q71WT9-F1-model_v6	0.040	25	36	658	0.694	0.036	7.180E-01	5.203E-01	3.471E-02	2.585E-01	48	AF-Q71WT9-F1-model_v6 UvrABC system protein B
MC25_sitophilus_oryzae_2	AF-A4QPH2-F1-model_v6	0.083	36	36	592	0.861	0.057	6.239E-01	5.573E-01	4.625E-02	2.585E-01	47	AF-A4QPH2-F1-model_v6 Putative phosphatidylinositol 4-kinase alpha-like protein P2
MC25_sitophilus_oryzae_2	AF-Q8IN23-F1-model_v6	0.117	34	36	395	0.861	0.084	6.098E-01	5.474E-01	6.931E-02	2.585E-01	44	AF-Q8IN23-F1-model_v6 Putative gustatory receptor 93b
MC25_sitophilus_oryzae_2	AF-P0C6E7-F1-model_v6	0.049	61	36	568	0.917	0.102	5.789E-01	5.322E-01	4.867E-02	2.585E-01	46	AF-P0C6E7-F1-model_v6 Putative U-box domain-containing protein 55
MC25_sitophilus_oryzae_2	AF-Q63648-F1-model_v6	0.054	37	36	586	0.889	0.056	5.925E-01	5.290E-01	4.377E-02	2.585E-01	47	AF-Q63648-F1-model_v6 Merlin (Fragment)
MC25_sitophilus_oryzae_2	AF-Q8CSY8-F1-model_v6	0.023	126	36	800	1.000	0.157	6.009E-01	5.922E-01	4.244E-02	2.585E-01	47	AF-Q8CSY8-F1-model_v6 Phenylalanine--tRNA ligase beta subunit
MC25_sitophilus_oryzae_2	AF-O80644-F1-model_v6	0.017	57	36	411	0.889	0.136	5.763E-01	5.219E-01	6.536E-02	2.585E-01	45	AF-O80644-F1-model_v6 ACT domain-containing protein ACR9
MC25_sitophilus_oryzae_2	AF-O34758-F1-model_v6	0.000	72	36	360	0.750	0.197	6.467E-01	5.244E-01	6.655E-02	2.584E-01	45	AF-O34758-F1-model_v6 Endolytic murein transglycosylase
MC25_sitophilus_oryzae_2	AF-Q0AWE9-F1-model_v6	0.027	144	36	438	0.778	0.329	6.469E-01	5.444E-01	5.954E-02	2.584E-01	45	AF-Q0AWE9-F1-model_v6 Trigger factor
MC25_sitophilus_oryzae_2	AF-B3R646-F1-model_v6	0.031	32	36	272	0.611	0.118	6.694E-01	4.871E-01	7.649E-02	2.584E-01	44	AF-B3R646-F1-model_v6 Phosphatidylglycerol--prolipoprotein diacylglyceryl transferase
MC25_sitophilus_oryzae_2	AF-Q67IB2-F1-model_v6	0.051	78	36	510	1.000	0.143	5.597E-01	5.494E-01	5.638E-02	2.584E-01	46	AF-Q67IB2-F1-model_v6 NAD(P)H-quinone oxidoreductase subunit 2, chloroplastic
MC25_sitophilus_oryzae_2	AF-Q7L576-2-F1-model_v6	0.014	68	36	822	1.000	0.080	5.989E-01	5.889E-01	3.882E-02	2.584E-01	47	AF-Q7L576-2-F1-model_v6 Cytoplasmic FMR1-interacting protein 1
MC25_sitophilus_oryzae_2	AF-Q70Y04-F1-model_v6	0.049	61	36	734	1.000	0.069	5.733E-01	5.615E-01	3.441E-02	2.584E-01	48	AF-Q70Y04-F1-model_v6 Photosystem I P700 chlorophyll a apoprotein A2
MC25_sitophilus_oryzae_2	AF-B9KF57-F1-model_v6	0.054	37	36	271	0.722	0.137	6.092E-01	5.010E-01	8.718E-02	2.583E-01	43	AF-B9KF57-F1-model_v6 Phosphatidylglycerol--prolipoprotein diacylglyceryl transferase
MC25_sitophilus_oryzae_2	AF-Q28KC6-F1-model_v6	0.050	60	36	631	0.861	0.090	6.270E-01	5.533E-01	4.188E-02	2.583E-01	47	AF-Q28KC6-F1-model_v6 UvrABC system protein C
MC25_sitophilus_oryzae_2	AF-B1IFW6-F1-model_v6	0.054	37	36	618	0.861	0.055	6.141E-01	5.465E-01	4.334E-02	2.583E-01	47	AF-B1IFW6-F1-model_v6 UvrABC system protein C
MC25_sitophilus_oryzae_2	AF-A7FKM4-F1-model_v6	0.011	84	36	671	0.861	0.118	6.146E-01	5.348E-01	3.616E-02	2.583E-01	48	AF-A7FKM4-F1-model_v6 UvrABC system protein B
MC25_sitophilus_oryzae_2	AF-Q8YE74-F1-model_v6	0.016	125	36	804	0.972	0.154	6.077E-01	5.885E-01	3.987E-02	2.583E-01	47	AF-Q8YE74-F1-model_v6 Phenylalanine--tRNA ligase beta subunit
MC25_sitophilus_oryzae_2	AF-Q6G5G9-F1-model_v6	0.032	31	36	503	0.750	0.060	6.704E-01	5.440E-01	4.910E-02	2.583E-01	46	AF-Q6G5G9-F1-model_v6 Cysteine--tRNA ligase
MC25_sitophilus_oryzae_2	AF-D3Z649-2-F1-model_v6	0.017	112	36	1111	1.000	0.096	5.810E-01	5.694E-01	2.631E-02	2.582E-01	49	AF-D3Z649-2-F1-model_v6 Potassium channel subfamily T member 2
MC25_sitophilus_oryzae_2	AF-D3Z813-F1-model_v6	0.015	189	36	453	1.000	0.400	5.467E-01	5.366E-01	5.812E-02	2.582E-01	45	AF-D3Z813-F1-model_v6 Putative sodium-coupled neutral amino acid transporter 11
MC25_sitophilus_oryzae_2	AF-E1CHH8-F1-model_v6	0.150	40	36	698	0.917	0.053	6.062E-01	5.614E-01	4.073E-02	2.582E-01	47	AF-E1CHH8-F1-model_v6 Vertnin
MC25_sitophilus_oryzae_2	AF-Q18BJ5-F1-model_v6	0.000	37	36	274	0.833	0.128	5.547E-01	4.989E-01	9.159E-02	2.582E-01	42	AF-Q18BJ5-F1-model_v6 Undecaprenyl-diphosphatase 1
MC25_sitophilus_oryzae_2	AF-A9WE79-F1-model_v6	0.064	31	36	360	0.833	0.083	6.082E-01	5.393E-01	7.512E-02	2.582E-01	44	AF-A9WE79-F1-model_v6 Peptide chain release factor 1
MC25_sitophilus_oryzae_2	AF-Q9ZCW4-F1-model_v6	0.000	37	36	507	0.806	0.073	6.348E-01	5.600E-01	5.467E-02	2.581E-01	46	AF-Q9ZCW4-F1-model_v6 Probable lipid II flippase MurJ
MC25_sitophilus_oryzae_2	AF-Q9SB00-F1-model_v6	0.037	53	36	496	1.000	0.095	5.730E-01	5.629E-01	5.616E-02	2.581E-01	46	AF-Q9SB00-F1-model_v6 Deoxyribodipyrimidine photo-lyase
MC25_sitophilus_oryzae_2	AF-B8G7K1-F1-model_v6	0.064	31	36	361	0.833	0.083	6.108E-01	5.413E-01	7.498E-02	2.581E-01	44	AF-B8G7K1-F1-model_v6 Peptide chain release factor 1
MC25_sitophilus_oryzae_2	AF-A8MJN5-F1-model_v6	0.036	55	36	890	0.944	0.058	5.997E-01	5.670E-01	3.301E-02	2.581E-01	48	AF-A8MJN5-F1-model_v6 Protein translocase subunit SecA
MC25_sitophilus_oryzae_2	AF-Q1Q8B0-F1-model_v6	0.017	58	36	614	1.000	0.085	5.667E-01	5.557E-01	4.526E-02	2.581E-01	47	AF-Q1Q8B0-F1-model_v6 UvrABC system protein C
MC25_sitophilus_oryzae_2	AF-Q6G424-F1-model_v6	0.083	36	36	661	0.889	0.050	6.016E-01	5.456E-01	4.132E-02	2.581E-01	47	AF-Q6G424-F1-model_v6 UvrABC system protein C
MC25_sitophilus_oryzae_2	AF-Q99N57-2-F1-model_v6	0.020	98	36	668	0.889	0.147	6.210E-01	5.659E-01	4.464E-02	2.581E-01	47	AF-Q99N57-2-F1-model_v6 RAF proto-oncogene serine/threonine-protein kinase
MC25_sitophilus_oryzae_2	AF-P46662-F1-model_v6	0.054	37	36	596	0.889	0.055	5.928E-01	5.293E-01	4.309E-02	2.581E-01	47	AF-P46662-F1-model_v6 Merlin
MC25_sitophilus_oryzae_2	AF-A4FU01-4-F1-model_v6	0.053	94	36	640	0.944	0.147	6.106E-01	5.808E-01	4.917E-02	2.581E-01	46	AF-A4FU01-4-F1-model_v6 Myotubularin-related protein 11
MC25_sitophilus_oryzae_2	AF-Q8X3J5-F1-model_v6	0.023	43	36	1037	1.000	0.041	5.989E-01	5.881E-01	3.237E-02	2.580E-01	48	AF-Q8X3J5-F1-model_v6 Multidrug resistance protein MdtF
MC25_sitophilus_oryzae_2	AF-Q2KA54-F1-model_v6	0.027	36	36	679	0.889	0.049	5.956E-01	5.405E-01	4.017E-02	2.580E-01	47	AF-Q2KA54-F1-model_v6 UvrABC system protein C
MC25_sitophilus_oryzae_2	AF-Q9H5U6-F1-model_v6	0.009	107	36	513	1.000	0.197	5.540E-01	5.429E-01	5.379E-02	2.580E-01	46	AF-Q9H5U6-F1-model_v6 rRNA N(6)-adenosine-methyltransferase ZCCHC4
MC25_sitophilus_oryzae_2	AF-A1JSC3-F1-model_v6	0.012	83	36	670	0.861	0.116	6.035E-01	5.281E-01	3.607E-02	2.580E-01	48	AF-A1JSC3-F1-model_v6 UvrABC system protein B
MC25_sitophilus_oryzae_2	AF-P9WK24-F1-model_v6	0.080	50	36	548	1.000	0.086	5.507E-01	5.408E-01	5.374E-02	2.580E-01	46	AF-P9WK24-F1-model_v6 Putative malate oxidoreductase [NAD]
MC25_sitophilus_oryzae_2	AF-Q66D62-F1-model_v6	0.012	83	36	671	0.833	0.116	6.271E-01	5.301E-01	3.529E-02	2.580E-01	48	AF-Q66D62-F1-model_v6 UvrABC system protein B
MC25_sitophilus_oryzae_2	AF-B1WYT4-F1-model_v6	0.090	33	36	382	0.889	0.081	6.062E-01	5.428E-01	7.127E-02	2.580E-01	44	AF-B1WYT4-F1-model_v6 Adaptive-response sensory kinase SasA
MC25_sitophilus_oryzae_2	AF-Q9ZKD4-F1-model_v6	0.000	96	36	335	1.000	0.272	5.317E-01	5.217E-01	7.981E-02	2.580E-01	43	AF-Q9ZKD4-F1-model_v6 Ferrochelatase
MC25_sitophilus_oryzae_2	AF-F4JH53-F1-model_v6	0.000	143	36	635	0.722	0.225	6.813E-01	5.486E-01	3.952E-02	2.580E-01	47	AF-F4JH53-F1-model_v6 Factor of DNA methylation 2
MC25_sitophilus_oryzae_2	AF-Q9ERV1-F1-model_v6	0.010	99	36	416	1.000	0.221	5.376E-01	5.274E-01	6.297E-02	2.579E-01	45	AF-Q9ERV1-F1-model_v6 E3 ubiquitin-protein ligase makorin-2
MC25_sitophilus_oryzae_2	AF-Q8IZM9-2-F1-model_v6	0.012	154	36	521	0.917	0.286	5.924E-01	5.469E-01	5.008E-02	2.579E-01	46	AF-Q8IZM9-2-F1-model_v6 Solute carrier family 38 member 6
MC25_sitophilus_oryzae_2	AF-B8G2P9-F1-model_v6	0.012	80	36	441	0.889	0.179	6.018E-01	5.479E-01	6.439E-02	2.579E-01	45	AF-B8G2P9-F1-model_v6 GTPase Der
MC25_sitophilus_oryzae_2	AF-Q54E36-F1-model_v6	0.062	64	36	951	1.000	0.062	5.689E-01	5.573E-01	3.037E-02	2.579E-01	48	AF-Q54E36-F1-model_v6 Exportin-2
MC25_sitophilus_oryzae_2	AF-P07668-F1-model_v6	0.000	227	36	721	0.917	0.315	6.244E-01	5.816E-01	4.292E-02	2.579E-01	47	AF-P07668-F1-model_v6 Choline O-acetyltransferase
MC25_sitophilus_oryzae_2	AF-A5CY18-F1-model_v6	0.000	63	36	897	0.944	0.066	6.034E-01	5.676E-01	3.185E-02	2.578E-01	48	AF-A5CY18-F1-model_v6 Protein translocase subunit SecA
MC25_sitophilus_oryzae_2	AF-Q837R9-F1-model_v6	0.035	57	36	665	1.000	0.078	5.604E-01	5.497E-01	4.285E-02	2.578E-01	47	AF-Q837R9-F1-model_v6 UvrABC system protein B
MC25_sitophilus_oryzae_2	AF-A2BTN6-F1-model_v6	0.011	85	36	474	0.833	0.179	6.198E-01	5.521E-01	5.932E-02	2.578E-01	45	AF-A2BTN6-F1-model_v6 Trigger factor
MC25_sitophilus_oryzae_2	AF-Q8UDE5-F1-model_v6	0.074	27	36	158	0.611	0.171	5.609E-01	4.565E-01	1.262E-01	2.578E-01	39	AF-Q8UDE5-F1-model_v6 Transcription elongation factor GreA
MC25_sitophilus_oryzae_2	AF-A4SKE9-F1-model_v6	0.000	48	36	564	1.000	0.082	5.631E-01	5.528E-01	5.404E-02	2.577E-01	46	AF-A4SKE9-F1-model_v6 NAD-dependent malic enzyme
MC25_sitophilus_oryzae_2	AF-Q8ZIQ1-F1-model_v6	0.000	25	36	233	0.556	0.107	6.900E-01	4.732E-01	8.176E-02	2.577E-01	43	AF-Q8ZIQ1-F1-model_v6 Protein Smp
MC25_sitophilus_oryzae_2	AF-Q62311-F1-model_v6	0.014	68	36	678	0.972	0.088	5.763E-01	5.526E-01	3.799E-02	2.577E-01	47	AF-Q62311-F1-model_v6 Transcription initiation factor TFIID subunit 6
MC25_sitophilus_oryzae_2	AF-B1L273-F1-model_v6	0.054	37	36	618	0.861	0.055	6.130E-01	5.456E-01	4.333E-02	2.577E-01	47	AF-B1L273-F1-model_v6 UvrABC system protein C
MC25_sitophilus_oryzae_2	AF-Q0HG96-F1-model_v6	0.010	189	36	596	0.833	0.315	6.340E-01	5.517E-01	4.579E-02	2.577E-01	47	AF-Q0HG96-F1-model_v6 Elongation factor 4
MC25_sitophilus_oryzae_2	AF-Q4WKB9-F1-model_v6	0.053	56	36	881	1.000	0.060	5.758E-01	5.674E-01	3.463E-02	2.577E-01	48	AF-Q4WKB9-F1-model_v6 Pre-mRNA-splicing factor cwc22
MC25_sitophilus_oryzae_2	AF-Q984P3-F1-model_v6	0.027	36	36	688	0.889	0.048	5.954E-01	5.412E-01	3.969E-02	2.577E-01	47	AF-Q984P3-F1-model_v6 UvrABC system protein C
MC25_sitophilus_oryzae_2	AF-P10834-F1-model_v6	0.026	113	36	293	1.000	0.355	4.989E-01	4.899E-01	8.217E-02	2.576E-01	43	AF-P10834-F1-model_v6 Protein PET54
MC25_sitophilus_oryzae_2	AF-Q6MJV1-F1-model_v6	0.000	94	36	615	1.000	0.141	5.609E-01	5.503E-01	4.413E-02	2.576E-01	47	AF-Q6MJV1-F1-model_v6 ATP-dependent zinc metalloprotease FtsH 2
MC25_sitophilus_oryzae_2	AF-A7Z985-F1-model_v6	0.000	25	36	661	0.694	0.036	7.162E-01	5.197E-01	3.456E-02	2.576E-01	48	AF-A7Z985-F1-model_v6 UvrABC system protein B
MC25_sitophilus_oryzae_2	AF-Q5KVB5-F1-model_v6	0.040	25	36	658	0.694	0.036	7.181E-01	5.198E-01	3.473E-02	2.575E-01	48	AF-Q5KVB5-F1-model_v6 UvrABC system protein B
MC25_sitophilus_oryzae_2	AF-Q031G7-F1-model_v6	0.000	25	36	692	0.694	0.035	7.158E-01	5.198E-01	3.301E-02	2.575E-01	48	AF-Q031G7-F1-model_v6 UvrABC system protein B
MC25_sitophilus_oryzae_2	AF-A1A696-F1-model_v6	0.076	39	36	1023	1.000	0.030	6.440E-01	5.683E-01	2.640E-02	2.575E-01	48	AF-A1A696-F1-model_v6 Probable histidine kinase 3
MC25_sitophilus_oryzae_2	AF-O24600-F1-model_v6	0.063	63	36	993	1.000	0.060	6.021E-01	5.913E-01	3.135E-02	2.575E-01	48	AF-O24600-F1-model_v6 DNA-directed RNA polymerase 3, chloroplastic
MC25_sitophilus_oryzae_2	AF-B0S0L4-F1-model_v6	0.020	97	36	608	0.944	0.151	5.737E-01	5.413E-01	4.465E-02	2.575E-01	47	AF-B0S0L4-F1-model_v6 UvrABC system protein C
MC25_sitophilus_oryzae_2	AF-Q90YV5-F1-model_v6	0.083	24	36	211	0.611	0.114	6.302E-01	4.764E-01	9.655E-02	2.575E-01	41	AF-Q90YV5-F1-model_v6 Large ribosomal subunit protein eL13
MC25_sitophilus_oryzae_2	AF-Q8IUR6-F1-model_v6	0.027	37	36	639	0.944	0.050	6.072E-01	5.476E-01	4.248E-02	2.575E-01	47	AF-Q8IUR6-F1-model_v6 CREB3 regulatory factor
MC25_sitophilus_oryzae_2	AF-B8ZJQ9-F1-model_v6	0.080	25	36	662	0.694	0.036	7.171E-01	5.191E-01	3.449E-02	2.575E-01	48	AF-B8ZJQ9-F1-model_v6 UvrABC system protein B
MC25_sitophilus_oryzae_2	AF-F1LQX4-F1-model_v6	0.009	104	36	814	0.944	0.127	5.987E-01	5.657E-01	3.766E-02	2.574E-01	47	AF-F1LQX4-F1-model_v6 Rho GTPase-activating protein 44
MC25_sitophilus_oryzae_2	AF-Q9NYF5-F1-model_v6	0.000	100	36	915	1.000	0.104	5.828E-01	5.716E-01	3.210E-02	2.574E-01	48	AF-Q9NYF5-F1-model_v6 Protein FAM13B
MC25_sitophilus_oryzae_2	AF-Q04K81-F1-model_v6	0.080	25	36	662	0.694	0.036	7.195E-01	5.200E-01	3.449E-02	2.574E-01	48	AF-Q04K81-F1-model_v6 UvrABC system protein B
MC25_sitophilus_oryzae_2	AF-B3PS39-F1-model_v6	0.011	169	36	318	0.972	0.522	5.598E-01	5.430E-01	8.945E-02	2.573E-01	42	AF-B3PS39-F1-model_v6 Protease HtpX homolog
MC25_sitophilus_oryzae_2	AF-Q8FJA3-F1-model_v6	0.008	123	36	225	0.722	0.547	5.978E-01	4.996E-01	1.045E-01	2.573E-01	41	AF-Q8FJA3-F1-model_v6 Chromosome partition protein MukE
MC25_sitophilus_oryzae_2	AF-A1A5Q6-F1-model_v6	0.013	75	36	654	0.972	0.109	5.710E-01	5.489E-01	4.414E-02	2.573E-01	47	AF-A1A5Q6-F1-model_v6 Sperm motility kinase
MC25_sitophilus_oryzae_2	AF-Q92N77-F1-model_v6	0.013	150	36	280	1.000	0.507	4.992E-01	4.890E-01	8.479E-02	2.573E-01	43	AF-Q92N77-F1-model_v6 Phosphatidylglycerol--prolipoprotein diacylglyceryl transferase
MC25_sitophilus_oryzae_2	AF-A0KHR8-F1-model_v6	0.000	48	36	564	1.000	0.082	5.625E-01	5.522E-01	5.404E-02	2.573E-01	46	AF-A0KHR8-F1-model_v6 NAD-dependent malic enzyme
MC25_sitophilus_oryzae_2	AF-A1SMP3-F1-model_v6	0.004	245	36	328	0.972	0.729	5.376E-01	5.170E-01	7.833E-02	2.573E-01	43	AF-A1SMP3-F1-model_v6 Malate dehydrogenase
MC25_sitophilus_oryzae_2	AF-Q9CI06-F1-model_v6	0.000	25	36	692	0.694	0.035	7.212E-01	5.197E-01	3.302E-02	2.573E-01	48	AF-Q9CI06-F1-model_v6 UvrABC system protein B
MC25_sitophilus_oryzae_2	AF-O13799-F1-model_v6	0.000	146	36	1030	1.000	0.138	5.916E-01	5.806E-01	2.937E-02	2.573E-01	48	AF-O13799-F1-model_v6 Uncharacterized helicase C17H9.02
MC25_sitophilus_oryzae_2	AF-P9WK25-F1-model_v6	0.080	50	36	548	1.000	0.086	5.490E-01	5.392E-01	5.372E-02	2.573E-01	46	AF-P9WK25-F1-model_v6 Putative malate oxidoreductase [NAD]
MC25_sitophilus_oryzae_2	AF-P27951-F1-model_v6	0.044	45	36	1164	0.889	0.039	6.417E-01	5.890E-01	2.637E-02	2.573E-01	48	AF-P27951-F1-model_v6 IgA FC receptor
MC25_sitophilus_oryzae_2	AF-A2RIP3-F1-model_v6	0.000	25	36	692	0.694	0.035	7.149E-01	5.196E-01	3.301E-02	2.573E-01	48	AF-A2RIP3-F1-model_v6 UvrABC system protein B
MC25_sitophilus_oryzae_2	AF-Q92FZ5-F1-model_v6	0.000	81	36	162	0.833	0.451	5.251E-01	4.540E-01	1.209E-01	2.572E-01	39	AF-Q92FZ5-F1-model_v6 Transcription elongation factor GreA
MC25_sitophilus_oryzae_2	AF-P39955-F1-model_v6	0.026	112	36	897	1.000	0.125	6.009E-01	5.924E-01	3.793E-02	2.572E-01	47	AF-P39955-F1-model_v6 Protein SAP1
MC25_sitophilus_oryzae_2	AF-P0ABI1-F1-model_v6	0.081	37	36	758	0.889	0.047	6.318E-01	5.758E-01	3.902E-02	2.572E-01	47	AF-P0ABI1-F1-model_v6 ATP-dependent Clp protease ATP-binding subunit ClpA
MC25_sitophilus_oryzae_2	AF-Q8R8M4-F1-model_v6	0.000	42	36	662	0.944	0.056	6.031E-01	5.716E-01	4.203E-02	2.572E-01	47	AF-Q8R8M4-F1-model_v6 UvrABC system protein B
MC25_sitophilus_oryzae_2	AF-P49848-2-F1-model_v6	0.014	68	36	667	0.972	0.090	5.751E-01	5.515E-01	3.858E-02	2.572E-01	47	AF-P49848-2-F1-model_v6 Transcription initiation factor TFIID subunit 6
MC25_sitophilus_oryzae_2	AF-B2IPP4-F1-model_v6	0.080	25	36	662	0.694	0.036	7.161E-01	5.187E-01	3.449E-02	2.572E-01	48	AF-B2IPP4-F1-model_v6 UvrABC system protein B
MC25_sitophilus_oryzae_2	AF-Q810M5-F1-model_v6	0.000	109	36	347	0.833	0.294	5.991E-01	5.086E-01	6.281E-02	2.572E-01	45	AF-Q810M5-F1-model_v6 Palmitoyltransferase ZDHHC19
MC25_sitophilus_oryzae_2	AF-Q0DJ33-F1-model_v6	0.014	142	36	380	0.889	0.368	5.749E-01	5.286E-01	7.174E-02	2.571E-01	44	AF-Q0DJ33-F1-model_v6 Guanine nucleotide-binding protein alpha-1 subunit
MC25_sitophilus_oryzae_2	AF-Q89NP8-F1-model_v6	0.037	53	36	460	0.889	0.107	5.911E-01	5.359E-01	5.669E-02	2.571E-01	45	AF-Q89NP8-F1-model_v6 Cysteine--tRNA ligase
MC25_sitophilus_oryzae_2	AF-Q5XGP7-F1-model_v6	0.009	104	36	330	1.000	0.300	5.297E-01	5.203E-01	8.264E-02	2.571E-01	43	AF-Q5XGP7-F1-model_v6 Src kinase-associated phosphoprotein 2-A
MC25_sitophilus_oryzae_2	AF-P11532-16-F1-model_v6	0.010	96	36	1133	1.000	0.080	5.915E-01	5.806E-01	2.618E-02	2.571E-01	48	AF-P11532-16-F1-model_v6 Dystrophin
MC25_sitophilus_oryzae_2	AF-Q31LJ1-F1-model_v6	0.049	61	36	734	1.000	0.069	5.610E-01	5.496E-01	3.427E-02	2.570E-01	47	AF-Q31LJ1-F1-model_v6 Photosystem I P700 chlorophyll a apoprotein A2
MC25_sitophilus_oryzae_2	AF-B1IC35-F1-model_v6	0.080	25	36	662	0.694	0.036	7.182E-01	5.193E-01	3.449E-02	2.570E-01	47	AF-B1IC35-F1-model_v6 UvrABC system protein B
MC25_sitophilus_oryzae_2	AF-Q2K600-F1-model_v6	0.074	27	36	158	0.611	0.171	5.575E-01	4.554E-01	1.262E-01	2.570E-01	39	AF-Q2K600-F1-model_v6 Transcription elongation factor GreA
MC25_sitophilus_oryzae_2	AF-B4NBP4-F1-model_v6	0.035	112	36	777	1.000	0.144	5.968E-01	5.880E-01	4.333E-02	2.570E-01	47	AF-B4NBP4-F1-model_v6 Spastin
MC25_sitophilus_oryzae_2	AF-A3CNJ9-F1-model_v6	0.080	25	36	662	0.694	0.036	7.151E-01	5.185E-01	3.449E-02	2.570E-01	47	AF-A3CNJ9-F1-model_v6 UvrABC system protein B
MC25_sitophilus_oryzae_2	AF-B4SHA9-F1-model_v6	0.000	504	36	1024	0.944	0.488	5.928E-01	5.574E-01	2.757E-02	2.570E-01	48	AF-B4SHA9-F1-model_v6 Protein translocase subunit SecA
MC25_sitophilus_oryzae_2	AF-C1CR65-F1-model_v6	0.080	25	36	662	0.694	0.036	7.179E-01	5.195E-01	3.450E-02	2.570E-01	47	AF-C1CR65-F1-model_v6 UvrABC system protein B
MC25_sitophilus_oryzae_2	AF-Q54986-F1-model_v6	0.080	25	36	662	0.694	0.036	7.183E-01	5.194E-01	3.449E-02	2.570E-01	47	AF-Q54986-F1-model_v6 UvrABC system protein B
MC25_sitophilus_oryzae_2	AF-A4DA84-F1-model_v6	0.090	33	36	270	0.833	0.111	5.816E-01	5.155E-01	9.204E-02	2.569E-01	42	AF-A4DA84-F1-model_v6 Chromosome segregation in meiosis protein 3
MC25_sitophilus_oryzae_2	AF-Q8NHP7-3-F1-model_v6	0.009	202	36	572	0.861	0.350	6.119E-01	5.416E-01	4.744E-02	2.569E-01	46	AF-Q8NHP7-3-F1-model_v6 piRNA biogenesis protein EXD1
MC25_sitophilus_oryzae_2	AF-G5EGE9-F1-model_v6	0.031	64	36	1263	1.000	0.048	5.832E-01	5.718E-01	2.401E-02	2.569E-01	48	AF-G5EGE9-F1-model_v6 Condensin complex subunit dpy-26
MC25_sitophilus_oryzae_2	AF-A1D9E6-F1-model_v6	0.090	33	36	270	0.833	0.111	5.822E-01	5.154E-01	9.199E-02	2.569E-01	42	AF-A1D9E6-F1-model_v6 Chromosome segregation in meiosis protein 3
MC25_sitophilus_oryzae_2	AF-Q5N3H1-F1-model_v6	0.000	434	36	666	1.000	0.643	5.494E-01	5.388E-01	4.236E-02	2.569E-01	47	AF-Q5N3H1-F1-model_v6 UvrABC system protein B
MC25_sitophilus_oryzae_2	AF-A8AX17-F1-model_v6	0.080	25	36	662	0.694	0.036	7.142E-01	5.183E-01	3.449E-02	2.569E-01	47	AF-A8AX17-F1-model_v6 UvrABC system protein B
MC25_sitophilus_oryzae_2	AF-Q82HS2-F1-model_v6	0.012	246	36	329	0.972	0.729	5.320E-01	5.123E-01	7.716E-02	2.569E-01	43	AF-Q82HS2-F1-model_v6 Malate dehydrogenase
MC25_sitophilus_oryzae_2	AF-Q9FG01-F1-model_v6	0.054	37	36	504	0.944	0.063	5.930E-01	5.412E-01	5.414E-02	2.568E-01	46	AF-Q9FG01-F1-model_v6 Splicing factor SF3a60 homolog
MC25_sitophilus_oryzae_2	AF-Q9H5U6-3-F1-model_v6	0.009	107	36	510	1.000	0.198	5.518E-01	5.408E-01	5.410E-02	2.568E-01	46	AF-Q9H5U6-3-F1-model_v6 rRNA N(6)-adenosine-methyltransferase ZCCHC4
MC25_sitophilus_oryzae_2	AF-Q8NFR9-F1-model_v6	0.044	68	36	667	0.861	0.100	6.284E-01	5.614E-01	4.203E-02	2.568E-01	47	AF-Q8NFR9-F1-model_v6 Interleukin-17 receptor E
MC25_sitophilus_oryzae_2	AF-Q080P6-F1-model_v6	0.003	275	36	404	0.917	0.671	5.679E-01	5.237E-01	6.469E-02	2.568E-01	45	AF-Q080P6-F1-model_v6 Cysteine desulfurase IscS
MC25_sitophilus_oryzae_2	AF-A4JA33-F1-model_v6	0.003	252	36	513	1.000	0.487	5.776E-01	5.680E-01	5.999E-02	2.568E-01	45	AF-A4JA33-F1-model_v6 ATP synthase subunit alpha
MC25_sitophilus_oryzae_2	AF-P29255-F1-model_v6	0.049	61	36	731	1.000	0.070	5.603E-01	5.490E-01	3.440E-02	2.568E-01	47	AF-P29255-F1-model_v6 Photosystem I P700 chlorophyll a apoprotein A2
MC25_sitophilus_oryzae_2	AF-B5Z1T9-F1-model_v6	0.000	48	36	565	1.000	0.081	5.593E-01	5.491E-01	5.392E-02	2.567E-01	46	AF-B5Z1T9-F1-model_v6 NAD-dependent malic enzyme
MC25_sitophilus_oryzae_2	AF-B5E4X3-F1-model_v6	0.080	25	36	662	0.694	0.036	7.172E-01	5.191E-01	3.449E-02	2.567E-01	47	AF-B5E4X3-F1-model_v6 UvrABC system protein B
MC25_sitophilus_oryzae_2	AF-Q55CN8-F1-model_v6	0.005	174	36	506	0.972	0.340	5.712E-01	5.519E-01	5.907E-02	2.567E-01	45	AF-Q55CN8-F1-model_v6 CTL-like protein DDB_G0269978
MC25_sitophilus_oryzae_2	AF-Q2UTQ9-F1-model_v6	0.050	40	36	1444	0.972	0.023	6.217E-01	5.711E-01	1.889E-02	2.567E-01	49	AF-Q2UTQ9-F1-model_v6 Chromatin-remodeling ATPase INO80
MC25_sitophilus_oryzae_2	AF-Q8DPK7-F1-model_v6	0.080	25	36	662	0.694	0.036	7.169E-01	5.190E-01	3.449E-02	2.567E-01	47	AF-Q8DPK7-F1-model_v6 UvrABC system protein B
MC25_sitophilus_oryzae_2	AF-Q9SVW8-F1-model_v6	0.017	56	36	549	1.000	0.093	5.625E-01	5.519E-01	5.142E-02	2.567E-01	46	AF-Q9SVW8-F1-model_v6 Plant intracellular Ras-group-related LRR protein 4
MC25_sitophilus_oryzae_2	AF-Q8LFG1-F1-model_v6	0.009	110	36	413	0.944	0.254	5.473E-01	5.133E-01	6.270E-02	2.567E-01	45	AF-Q8LFG1-F1-model_v6 Probable alpha-amylase 2
MC25_sitophilus_oryzae_2	AF-O83384-F1-model_v6	0.054	37	36	516	0.917	0.060	6.026E-01	5.297E-01	4.951E-02	2.567E-01	46	AF-O83384-F1-model_v6 Uncharacterized protein TP_0369
MC25_sitophilus_oryzae_2	AF-O94323-F1-model_v6	0.016	59	36	485	0.917	0.118	5.721E-01	5.283E-01	5.665E-02	2.567E-01	45	AF-O94323-F1-model_v6 Uncharacterized pyrophosphatase/phosphodiesterase C725.05c
MC25_sitophilus_oryzae_2	AF-Q9ET37-F1-model_v6	0.025	119	36	656	0.861	0.180	6.170E-01	5.501E-01	4.293E-02	2.567E-01	47	AF-Q9ET37-F1-model_v6 Solute carrier family 5 member 4A
MC25_sitophilus_oryzae_2	AF-Q8GWI2-F1-model_v6	0.000	64	36	449	0.889	0.131	5.827E-01	5.232E-01	5.516E-02	2.567E-01	45	AF-Q8GWI2-F1-model_v6 F-box/LRR-repeat protein At3g60040
MC25_sitophilus_oryzae_2	AF-C1CEJ5-F1-model_v6	0.080	25	36	662	0.694	0.036	7.171E-01	5.191E-01	3.449E-02	2.566E-01	47	AF-C1CEJ5-F1-model_v6 UvrABC system protein B
MC25_sitophilus_oryzae_2	AF-Q3ULF4-F1-model_v6	0.010	93	36	781	1.000	0.110	5.622E-01	5.516E-01	3.509E-02	2.566E-01	47	AF-Q3ULF4-F1-model_v6 Mitochondrial inner membrane m-AAA protease component paraplegin
MC25_sitophilus_oryzae_2	AF-C1C7L7-F1-model_v6	0.080	25	36	662	0.694	0.036	7.173E-01	5.191E-01	3.449E-02	2.566E-01	47	AF-C1C7L7-F1-model_v6 UvrABC system protein B
MC25_sitophilus_oryzae_2	AF-F4HZK4-F1-model_v6	0.001	709	36	1608	1.000	0.438	5.819E-01	5.707E-01	1.906E-02	2.566E-01	49	AF-F4HZK4-F1-model_v6 Protein REDUCED CHLOROPLAST COVERAGE 3
MC25_sitophilus_oryzae_2	AF-Q5ND34-2-F1-model_v6	0.012	154	36	1900	1.000	0.078	5.953E-01	5.837E-01	1.584E-02	2.566E-01	49	AF-Q5ND34-2-F1-model_v6 WD repeat-containing protein 81
MC25_sitophilus_oryzae_2	AF-C1CKX8-F1-model_v6	0.080	25	36	662	0.694	0.036	7.170E-01	5.189E-01	3.449E-02	2.566E-01	47	AF-C1CKX8-F1-model_v6 UvrABC system protein B
MC25_sitophilus_oryzae_2	AF-Q72RD4-F1-model_v6	0.002	343	36	520	0.833	0.660	6.300E-01	5.505E-01	5.300E-02	2.565E-01	46	AF-Q72RD4-F1-model_v6 Glutamate--cysteine ligase
MC25_sitophilus_oryzae_2	AF-Q4L524-F1-model_v6	0.027	74	36	391	0.889	0.189	5.847E-01	5.404E-01	7.271E-02	2.565E-01	44	AF-Q4L524-F1-model_v6 Processive diacylglycerol beta-glucosyltransferase
MC25_sitophilus_oryzae_2	AF-C8VQ72-F1-model_v6	0.009	111	36	479	1.000	0.213	5.376E-01	5.274E-01	5.341E-02	2.565E-01	46	AF-C8VQ72-F1-model_v6 Monodictyphenone cluster transcriptional coactivator mdpA
MC25_sitophilus_oryzae_2	AF-Q7UDY6-F1-model_v6	0.021	47	36	1238	1.000	0.036	5.809E-01	5.697E-01	2.556E-02	2.565E-01	48	AF-Q7UDY6-F1-model_v6 Protein translocase subunit SecA 1
MC25_sitophilus_oryzae_2	AF-A0AUP1-F1-model_v6	0.025	40	36	442	0.944	0.072	5.938E-01	5.384E-01	5.582E-02	2.565E-01	45	AF-A0AUP1-F1-model_v6 Coiled-coil domain-containing protein 112
MC25_sitophilus_oryzae_2	AF-B4UFZ1-F1-model_v6	0.007	127	36	296	0.944	0.392	5.271E-01	4.935E-01	7.268E-02	2.565E-01	44	AF-B4UFZ1-F1-model_v6 Non-homologous end joining protein Ku
MC25_sitophilus_oryzae_2	AF-O78507-F1-model_v6	0.049	61	36	734	1.000	0.069	5.603E-01	5.490E-01	3.427E-02	2.565E-01	47	AF-O78507-F1-model_v6 Photosystem I P700 chlorophyll a apoprotein A2
MC25_sitophilus_oryzae_2	AF-P11532-13-F1-model_v6	0.010	96	36	1115	1.000	0.082	5.913E-01	5.805E-01	2.659E-02	2.565E-01	48	AF-P11532-13-F1-model_v6 Dystrophin
MC25_sitophilus_oryzae_2	AF-P0ABH9-F1-model_v6	0.081	37	36	758	0.889	0.047	6.303E-01	5.747E-01	3.902E-02	2.564E-01	47	AF-P0ABH9-F1-model_v6 ATP-dependent Clp protease ATP-binding subunit ClpA
MC25_sitophilus_oryzae_2	AF-Q66T72-F1-model_v6	0.000	56	36	530	1.000	0.096	5.522E-01	5.422E-01	5.355E-02	2.564E-01	46	AF-Q66T72-F1-model_v6 PC4 and SFRS1-interacting protein
MC25_sitophilus_oryzae_2	AF-Q10VT8-F1-model_v6	0.049	61	36	738	1.000	0.069	5.603E-01	5.490E-01	3.408E-02	2.564E-01	47	AF-Q10VT8-F1-model_v6 Photosystem I P700 chlorophyll a apoprotein A2
MC25_sitophilus_oryzae_2	AF-P9WQE7-F1-model_v6	0.002	389	36	1876	1.000	0.206	6.077E-01	5.967E-01	1.736E-02	2.564E-01	49	AF-P9WQE7-F1-model_v6 Phenolphthiocerol/phthiocerol polyketide synthase subunit A
MC25_sitophilus_oryzae_2	AF-P49574-F1-model_v6	0.000	37	36	885	0.861	0.041	6.533E-01	5.846E-01	3.265E-02	2.564E-01	48	AF-P49574-F1-model_v6 ATP-dependent Clp protease ATP-binding subunit ClpA homolog
MC25_sitophilus_oryzae_2	AF-A9B464-F1-model_v6	0.080	25	36	698	0.694	0.034	7.168E-01	5.194E-01	3.278E-02	2.564E-01	48	AF-A9B464-F1-model_v6 UvrABC system protein B
MC25_sitophilus_oryzae_2	AF-O52475-F1-model_v6	0.065	61	36	743	1.000	0.069	5.599E-01	5.486E-01	3.385E-02	2.563E-01	47	AF-O52475-F1-model_v6 Photosystem I P700 chlorophyll a apoprotein A2
MC25_sitophilus_oryzae_2	AF-A7MUN4-F1-model_v6	0.018	53	36	1024	0.917	0.049	6.131E-01	5.682E-01	2.803E-02	2.563E-01	48	AF-A7MUN4-F1-model_v6 Error-prone DNA polymerase
MC25_sitophilus_oryzae_2	AF-Q9BY11-F1-model_v6	0.000	36	36	444	0.917	0.070	6.012E-01	5.398E-01	5.969E-02	2.562E-01	45	AF-Q9BY11-F1-model_v6 Protein kinase C and casein kinase substrate in neurons protein 1
MC25_sitophilus_oryzae_2	AF-Q63801-F1-model_v6	0.014	68	36	678	0.972	0.088	5.753E-01	5.517E-01	3.798E-02	2.562E-01	47	AF-Q63801-F1-model_v6 Transcription initiation factor TFIID subunit 6
MC25_sitophilus_oryzae_2	AF-Q45758-F1-model_v6	0.055	36	36	395	0.889	0.084	5.822E-01	5.291E-01	6.620E-02	2.562E-01	44	AF-Q45758-F1-model_v6 Pesticidal crystal protein Cry6Ba (Fragment)
MC25_sitophilus_oryzae_2	AF-A8EUA0-F1-model_v6	0.034	29	36	272	0.611	0.107	6.830E-01	4.866E-01	7.541E-02	2.562E-01	43	AF-A8EUA0-F1-model_v6 Phosphatidylglycerol--prolipoprotein diacylglyceryl transferase
MC25_sitophilus_oryzae_2	AF-C5BMA2-F1-model_v6	0.057	69	36	286	0.778	0.238	6.002E-01	4.960E-01	8.396E-02	2.562E-01	43	AF-C5BMA2-F1-model_v6 Phosphatidylglycerol--prolipoprotein diacylglyceryl transferase
MC25_sitophilus_oryzae_2	AF-Q3SWT6-F1-model_v6	0.006	431	36	640	0.917	0.669	5.765E-01	5.317E-01	4.313E-02	2.562E-01	46	AF-Q3SWT6-F1-model_v6 Serine/threonine-protein phosphatase with EF-hands 1
MC25_sitophilus_oryzae_2	AF-Q8FP03-F1-model_v6	0.025	120	36	322	1.000	0.360	5.439E-01	5.352E-01	8.728E-02	2.562E-01	42	AF-Q8FP03-F1-model_v6 Phosphatidylglycerol--prolipoprotein diacylglyceryl transferase
MC25_sitophilus_oryzae_2	AF-A3CL78-F1-model_v6	0.060	33	36	306	0.889	0.098	5.909E-01	5.167E-01	8.364E-02	2.561E-01	43	AF-A3CL78-F1-model_v6 Porphobilinogen deaminase
MC25_sitophilus_oryzae_2	AF-Q19V90-F1-model_v6	0.049	61	36	734	1.000	0.069	5.714E-01	5.597E-01	3.440E-02	2.561E-01	47	AF-Q19V90-F1-model_v6 Photosystem I P700 chlorophyll a apoprotein A2
MC25_sitophilus_oryzae_2	AF-P08004-F1-model_v6	0.028	35	36	1131	0.889	0.028	6.195E-01	5.573E-01	2.442E-02	2.561E-01	48	AF-P08004-F1-model_v6 Chitin synthase 1
MC25_sitophilus_oryzae_2	AF-P67040-F1-model_v6	0.023	126	36	800	1.000	0.157	5.952E-01	5.868E-01	4.238E-02	2.561E-01	47	AF-P67040-F1-model_v6 Phenylalanine--tRNA ligase beta subunit
MC25_sitophilus_oryzae_2	AF-P49848-3-F1-model_v6	0.014	69	36	714	1.000	0.084	5.622E-01	5.508E-01	3.615E-02	2.561E-01	47	AF-P49848-3-F1-model_v6 Transcription initiation factor TFIID subunit 6
MC25_sitophilus_oryzae_2	AF-P0A408-F1-model_v6	0.049	61	36	741	1.000	0.069	5.716E-01	5.599E-01	3.410E-02	2.561E-01	47	AF-P0A408-F1-model_v6 Photosystem I P700 chlorophyll a apoprotein A2
MC25_sitophilus_oryzae_2	AF-Q7UD30-F1-model_v6	0.008	122	36	225	0.722	0.542	5.906E-01	4.935E-01	1.048E-01	2.561E-01	40	AF-Q7UD30-F1-model_v6 Chromosome partition protein MukE
MC25_sitophilus_oryzae_2	AF-Q9WVM1-F1-model_v6	0.040	100	36	628	1.000	0.156	5.660E-01	5.567E-01	4.987E-02	2.561E-01	46	AF-Q9WVM1-F1-model_v6 Rac GTPase-activating protein 1
MC25_sitophilus_oryzae_2	AF-A7N6Q6-F1-model_v6	0.003	252	36	512	1.000	0.488	5.761E-01	5.668E-01	6.004E-02	2.560E-01	45	AF-A7N6Q6-F1-model_v6 ATP synthase subunit alpha 2
MC25_sitophilus_oryzae_2	AF-Q9UHA3-F1-model_v6	0.000	36	36	163	0.889	0.178	5.414E-01	4.725E-01	1.315E-01	2.560E-01	38	AF-Q9UHA3-F1-model_v6 Probable ribosome biogenesis protein RLP24
MC25_sitophilus_oryzae_2	AF-Q9UGC7-4-F1-model_v6	0.024	41	36	235	1.000	0.119	5.776E-01	4.763E-01	9.080E-02	2.560E-01	42	AF-Q9UGC7-4-F1-model_v6 Peptide chain release factor 1-like, mitochondrial
MC25_sitophilus_oryzae_2	AF-Q7S2A9-F1-model_v6	0.034	88	36	1235	1.000	0.067	5.914E-01	5.800E-01	2.399E-02	2.560E-01	48	AF-Q7S2A9-F1-model_v6 Topoisomerase 1-associated factor 1
MC25_sitophilus_oryzae_2	AF-Q8PHQ4-F1-model_v6	0.108	37	36	861	0.889	0.042	6.302E-01	5.751E-01	3.424E-02	2.560E-01	47	AF-Q8PHQ4-F1-model_v6 Chaperone protein ClpB
MC25_sitophilus_oryzae_2	AF-A4VXE1-F1-model_v6	0.031	64	36	844	1.000	0.075	5.972E-01	5.873E-01	3.873E-02	2.560E-01	47	AF-A4VXE1-F1-model_v6 Protein translocase subunit SecA
MC25_sitophilus_oryzae_2	AF-Q6UVM3-F1-model_v6	0.018	106	36	1135	0.944	0.092	6.051E-01	5.728E-01	2.653E-02	2.560E-01	48	AF-Q6UVM3-F1-model_v6 Potassium channel subfamily T member 2
MC25_sitophilus_oryzae_2	AF-Q6A9K7-F1-model_v6	0.040	25	36	701	0.694	0.034	7.159E-01	5.202E-01	3.267E-02	2.560E-01	47	AF-Q6A9K7-F1-model_v6 UvrABC system protein B
MC25_sitophilus_oryzae_2	AF-P67041-F1-model_v6	0.023	126	36	800	1.000	0.157	5.949E-01	5.864E-01	4.238E-02	2.560E-01	46	AF-P67041-F1-model_v6 Phenylalanine--tRNA ligase beta subunit
MC25_sitophilus_oryzae_2	AF-P47011-F1-model_v6	0.048	41	36	380	1.000	0.076	6.010E-01	5.004E-01	5.930E-02	2.559E-01	45	AF-P47011-F1-model_v6 Glycogenin-2
MC25_sitophilus_oryzae_2	AF-Q85AV8-F1-model_v6	0.049	61	36	734	1.000	0.069	5.707E-01	5.591E-01	3.440E-02	2.559E-01	47	AF-Q85AV8-F1-model_v6 Photosystem I P700 chlorophyll a apoprotein A2
MC25_sitophilus_oryzae_2	AF-Q53MB7-F1-model_v6	0.037	53	36	320	1.000	0.153	5.464E-01	5.384E-01	9.003E-02	2.559E-01	42	AF-Q53MB7-F1-model_v6 Putative cyclin-D7-1
MC25_sitophilus_oryzae_2	AF-Q03111-F1-model_v6	0.049	61	36	559	0.917	0.098	5.871E-01	5.387E-01	4.524E-02	2.559E-01	46	AF-Q03111-F1-model_v6 Protein ENL
MC25_sitophilus_oryzae_2	AF-Q6GA75-F1-model_v6	0.023	126	36	800	1.000	0.157	5.947E-01	5.863E-01	4.238E-02	2.559E-01	46	AF-Q6GA75-F1-model_v6 Phenylalanine--tRNA ligase beta subunit
MC25_sitophilus_oryzae_2	AF-Q14654-2-F1-model_v6	0.011	84	36	303	1.000	0.254	5.220E-01	5.123E-01	8.415E-02	2.558E-01	42	AF-Q14654-2-F1-model_v6 ATP-sensitive inward rectifier potassium channel 11
MC25_sitophilus_oryzae_2	AF-Q65GJ3-F1-model_v6	0.018	55	36	424	0.778	0.130	6.357E-01	5.393E-01	6.160E-02	2.558E-01	45	AF-Q65GJ3-F1-model_v6 Trigger factor
MC25_sitophilus_oryzae_2	AF-Q99JF8-F1-model_v6	0.078	38	36	528	0.944	0.061	5.969E-01	5.369E-01	4.909E-02	2.558E-01	46	AF-Q99JF8-F1-model_v6 PC4 and SFRS1-interacting protein
MC25_sitophilus_oryzae_2	AF-A1C8Y9-F1-model_v6	0.060	33	36	267	0.833	0.112	5.788E-01	5.108E-01	9.284E-02	2.558E-01	42	AF-A1C8Y9-F1-model_v6 Chromosome segregation in meiosis protein 3
MC25_sitophilus_oryzae_2	AF-A0K2Y1-F1-model_v6	0.003	252	36	513	1.000	0.487	5.760E-01	5.664E-01	5.996E-02	2.558E-01	45	AF-A0K2Y1-F1-model_v6 ATP synthase subunit alpha
MC25_sitophilus_oryzae_2	AF-Q6C627-F1-model_v6	0.000	72	36	431	1.000	0.153	5.672E-01	5.579E-01	6.525E-02	2.558E-01	44	AF-Q6C627-F1-model_v6 Arginine biosynthesis bifunctional protein ArgJ, mitochondrial
MC25_sitophilus_oryzae_2	AF-P07663-6-F1-model_v6	0.013	143	36	1067	0.861	0.133	6.318E-01	5.586E-01	2.693E-02	2.558E-01	48	AF-P07663-6-F1-model_v6 Period circadian protein
MC25_sitophilus_oryzae_2	AF-Q9R049-F1-model_v6	0.010	91	36	643	1.000	0.134	5.675E-01	5.571E-01	4.476E-02	2.557E-01	46	AF-Q9R049-F1-model_v6 E3 ubiquitin-protein ligase AMFR
MC25_sitophilus_oryzae_2	AF-Q5T5P2-4-F1-model_v6	0.011	88	36	866	1.000	0.091	5.495E-01	5.381E-01	2.967E-02	2.557E-01	48	AF-Q5T5P2-4-F1-model_v6 Sickle tail protein homolog
MC25_sitophilus_oryzae_2	AF-Q6Z8P4-F1-model_v6	0.075	40	36	576	0.833	0.069	6.320E-01	5.634E-01	4.974E-02	2.557E-01	46	AF-Q6Z8P4-F1-model_v6 Plant intracellular Ras-group-related LRR protein 4
MC25_sitophilus_oryzae_2	AF-Q3Z9B4-F1-model_v6	0.080	25	36	668	0.694	0.036	7.153E-01	5.194E-01	3.422E-02	2.557E-01	47	AF-Q3Z9B4-F1-model_v6 UvrABC system protein B
MC25_sitophilus_oryzae_2	AF-Q8M9V9-F1-model_v6	0.049	61	36	734	1.000	0.069	5.697E-01	5.581E-01	3.440E-02	2.557E-01	47	AF-Q8M9V9-F1-model_v6 Photosystem I P700 chlorophyll a apoprotein A2
MC25_sitophilus_oryzae_2	AF-Q9AGR3-F1-model_v6	0.023	126	36	800	1.000	0.157	5.942E-01	5.858E-01	4.238E-02	2.557E-01	46	AF-Q9AGR3-F1-model_v6 Phenylalanine--tRNA ligase beta subunit
MC25_sitophilus_oryzae_2	AF-P27715-7-F1-model_v6	0.025	77	36	1816	1.000	0.041	5.968E-01	5.860E-01	1.754E-02	2.557E-01	49	AF-P27715-7-F1-model_v6 Phorbol ester/diacylglycerol-binding protein unc-13
MC25_sitophilus_oryzae_2	AF-Q54W19-F1-model_v6	0.021	93	36	734	0.861	0.125	6.096E-01	5.397E-01	3.786E-02	2.557E-01	47	AF-Q54W19-F1-model_v6 ABC transporter D family member 1
MC25_sitophilus_oryzae_2	AF-B2S4T7-F1-model_v6	0.031	32	36	506	0.833	0.059	6.199E-01	5.399E-01	5.144E-02	2.557E-01	46	AF-B2S4T7-F1-model_v6 Cysteine--tRNA ligase
MC25_sitophilus_oryzae_2	AF-Q2FHU2-F1-model_v6	0.023	126	36	800	1.000	0.157	5.946E-01	5.862E-01	4.238E-02	2.557E-01	46	AF-Q2FHU2-F1-model_v6 Phenylalanine--tRNA ligase beta subunit
MC25_sitophilus_oryzae_2	AF-Q9TLQ6-F1-model_v6	0.049	61	36	734	1.000	0.069	5.694E-01	5.579E-01	3.439E-02	2.557E-01	47	AF-Q9TLQ6-F1-model_v6 Photosystem I P700 chlorophyll a apoprotein A2
MC25_sitophilus_oryzae_2	AF-Q8HYW0-F1-model_v6	0.037	80	36	697	0.944	0.106	5.647E-01	5.314E-01	3.713E-02	2.557E-01	47	AF-Q8HYW0-F1-model_v6 Protein FAM13A
MC25_sitophilus_oryzae_2	AF-Q5R411-F1-model_v6	0.000	36	36	444	0.917	0.070	5.998E-01	5.385E-01	5.967E-02	2.557E-01	45	AF-Q5R411-F1-model_v6 Protein kinase C and casein kinase substrate in neurons protein 1
MC25_sitophilus_oryzae_2	AF-Q5HGU5-F1-model_v6	0.023	126	36	800	1.000	0.157	5.955E-01	5.870E-01	4.238E-02	2.556E-01	46	AF-Q5HGU5-F1-model_v6 Phenylalanine--tRNA ligase beta subunit
MC25_sitophilus_oryzae_2	AF-Q6NHI3-F1-model_v6	0.000	25	36	681	0.694	0.035	7.115E-01	5.181E-01	3.358E-02	2.556E-01	47	AF-Q6NHI3-F1-model_v6 UvrABC system protein B
MC25_sitophilus_oryzae_2	AF-O45813-F1-model_v6	0.008	344	36	1022	0.917	0.336	6.249E-01	5.833E-01	2.974E-02	2.556E-01	48	AF-O45813-F1-model_v6 Sodium-dependent transporter snf-12
MC25_sitophilus_oryzae_2	AF-Q5NU13-F1-model_v6	0.008	125	36	402	1.000	0.294	5.349E-01	5.248E-01	6.513E-02	2.556E-01	44	AF-Q5NU13-F1-model_v6 E3 ubiquitin-protein ligase makorin-2
MC25_sitophilus_oryzae_2	AF-A8YVK0-F1-model_v6	0.015	129	36	1204	1.000	0.106	6.058E-01	5.954E-01	2.754E-02	2.555E-01	48	AF-A8YVK0-F1-model_v6 ATP-dependent helicase/nuclease subunit A
MC25_sitophilus_oryzae_2	AF-A1V5Y8-F1-model_v6	0.066	30	36	296	0.611	0.101	6.569E-01	4.865E-01	7.046E-02	2.555E-01	44	AF-A1V5Y8-F1-model_v6 Phosphatidylglycerol--prolipoprotein diacylglyceryl transferase
MC25_sitophilus_oryzae_2	AF-B1JSV5-F1-model_v6	0.003	252	36	513	1.000	0.487	5.754E-01	5.658E-01	5.994E-02	2.555E-01	45	AF-B1JSV5-F1-model_v6 ATP synthase subunit alpha
MC25_sitophilus_oryzae_2	AF-Q021H8-F1-model_v6	0.007	126	36	267	0.944	0.434	5.249E-01	4.931E-01	8.229E-02	2.555E-01	43	AF-Q021H8-F1-model_v6 Non-homologous end joining protein Ku
MC25_sitophilus_oryzae_2	AF-P18583-6-F1-model_v6	0.039	76	36	2108	0.861	0.036	6.598E-01	5.844E-01	1.424E-02	2.555E-01	49	AF-P18583-6-F1-model_v6 Protein SON
MC25_sitophilus_oryzae_2	AF-Q8WWH4-F1-model_v6	0.000	106	36	475	0.861	0.206	5.781E-01	4.971E-01	4.565E-02	2.555E-01	46	AF-Q8WWH4-F1-model_v6 Ankyrin repeat, SAM and basic leucine zipper domain-containing protein 1
MC25_sitophilus_oryzae_2	AF-O22151-F1-model_v6	0.000	107	36	257	0.889	0.409	5.383E-01	4.856E-01	9.479E-02	2.555E-01	41	AF-O22151-F1-model_v6 Golgi SNAP receptor complex member 1-2
MC25_sitophilus_oryzae_2	AF-A4W3N7-F1-model_v6	0.031	64	36	844	1.000	0.075	5.973E-01	5.874E-01	3.874E-02	2.555E-01	47	AF-A4W3N7-F1-model_v6 Protein translocase subunit SecA
MC25_sitophilus_oryzae_2	AF-Q8NX60-F1-model_v6	0.023	126	36	800	1.000	0.157	5.948E-01	5.863E-01	4.238E-02	2.555E-01	46	AF-Q8NX60-F1-model_v6 Phenylalanine--tRNA ligase beta subunit
MC25_sitophilus_oryzae_2	AF-Q6GV23-F1-model_v6	0.000	273	36	841	1.000	0.321	5.900E-01	5.798E-01	3.710E-02	2.554E-01	47	AF-Q6GV23-F1-model_v6 Rhomboid-like protease 5
MC25_sitophilus_oryzae_2	AF-Q6LQ73-F1-model_v6	0.027	72	36	812	0.861	0.089	6.279E-01	5.624E-01	3.624E-02	2.554E-01	47	AF-Q6LQ73-F1-model_v6 Phenylalanine--tRNA ligase beta subunit
MC25_sitophilus_oryzae_2	AF-Q4P5R8-F1-model_v6	0.018	54	36	1296	1.000	0.039	5.864E-01	5.764E-01	2.351E-02	2.554E-01	48	AF-Q4P5R8-F1-model_v6 Protein STU1
MC25_sitophilus_oryzae_2	AF-P25293-F1-model_v6	0.019	105	36	417	0.944	0.240	5.455E-01	5.115E-01	6.241E-02	2.553E-01	44	AF-P25293-F1-model_v6 Nucleosome assembly protein
MC25_sitophilus_oryzae_2	AF-Q5VT52-5-F1-model_v6	0.025	40	36	934	0.972	0.036	6.021E-01	5.699E-01	3.002E-02	2.553E-01	48	AF-Q5VT52-5-F1-model_v6 Regulation of nuclear pre-mRNA domain-containing protein 2
MC25_sitophilus_oryzae_2	AF-O94988-5-F1-model_v6	0.016	62	36	683	1.000	0.088	5.523E-01	5.424E-01	4.476E-02	2.553E-01	46	AF-O94988-5-F1-model_v6 Protein FAM13A
MC25_sitophilus_oryzae_2	AF-Q8IRS9-F1-model_v6	0.051	58	36	911	1.000	0.061	5.906E-01	5.808E-01	3.490E-02	2.553E-01	47	AF-Q8IRS9-F1-model_v6 Gem-associated protein 4c
MC25_sitophilus_oryzae_2	AF-A2RE43-F1-model_v6	0.083	24	36	663	0.667	0.036	7.166E-01	5.168E-01	3.460E-02	2.553E-01	47	AF-A2RE43-F1-model_v6 UvrABC system protein B
MC25_sitophilus_oryzae_2	AF-Q9AT54-F1-model_v6	0.004	473	36	476	0.861	0.989	5.980E-01	5.294E-01	5.550E-02	2.553E-01	45	AF-Q9AT54-F1-model_v6 Scopoletin glucosyltransferase
MC25_sitophilus_oryzae_2	AF-Q3IKF4-F1-model_v6	0.000	550	36	664	0.861	0.828	6.304E-01	5.654E-01	4.358E-02	2.553E-01	46	AF-Q3IKF4-F1-model_v6 UvrABC system protein B
MC25_sitophilus_oryzae_2	AF-Q8F4D5-F1-model_v6	0.002	343	36	520	0.833	0.660	6.273E-01	5.486E-01	5.296E-02	2.552E-01	45	AF-Q8F4D5-F1-model_v6 Glutamate--cysteine ligase
MC25_sitophilus_oryzae_2	AF-Q2KJI7-F1-model_v6	0.000	92	36	805	1.000	0.106	5.639E-01	5.527E-01	3.386E-02	2.552E-01	47	AF-Q2KJI7-F1-model_v6 Mitochondrial inner membrane m-AAA protease component AFG3L2
MC25_sitophilus_oryzae_2	AF-A2BGA0-F1-model_v6	0.051	39	36	735	0.833	0.052	6.397E-01	5.595E-01	3.765E-02	2.552E-01	47	AF-A2BGA0-F1-model_v6 Transcription factor RFX4
MC25_sitophilus_oryzae_2	AF-A6QQR4-F1-model_v6	0.051	39	36	1242	0.944	0.029	5.846E-01	5.475E-01	2.345E-02	2.552E-01	48	AF-A6QQR4-F1-model_v6 DNA excision repair protein ERCC-6-like
MC25_sitophilus_oryzae_2	AF-Q6A333-F1-model_v6	0.051	39	36	1051	0.806	0.036	6.711E-01	5.751E-01	2.591E-02	2.552E-01	48	AF-Q6A333-F1-model_v6 Protein ALWAYS EARLY 2
MC25_sitophilus_oryzae_2	AF-A7HBI2-F1-model_v6	0.006	157	36	478	1.000	0.322	5.683E-01	5.596E-01	6.371E-02	2.552E-01	44	AF-A7HBI2-F1-model_v6 3-isopropylmalate dehydratase large subunit
MC25_sitophilus_oryzae_2	AF-Q92905-F1-model_v6	0.011	86	36	334	0.972	0.219	5.056E-01	4.845E-01	6.176E-02	2.552E-01	44	AF-Q92905-F1-model_v6 COP9 signalosome complex subunit 5
MC25_sitophilus_oryzae_2	AF-C5BEU5-F1-model_v6	0.005	377	36	404	1.000	0.926	5.588E-01	5.495E-01	7.337E-02	2.552E-01	43	AF-C5BEU5-F1-model_v6 Cysteine desulfurase IscS
MC25_sitophilus_oryzae_2	AF-P59111-F1-model_v6	0.009	102	36	1102	0.917	0.089	6.033E-01	5.571E-01	2.527E-02	2.552E-01	48	AF-P59111-F1-model_v6 Voltage-gated delayed rectifier potassium channel KCNH8
MC25_sitophilus_oryzae_2	AF-A5VJD5-F1-model_v6	0.000	107	36	1443	1.000	0.069	5.679E-01	5.562E-01	1.872E-02	2.552E-01	49	AF-A5VJD5-F1-model_v6 DNA polymerase III PolC-type
MC25_sitophilus_oryzae_2	AF-P08098-F1-model_v6	0.000	173	36	529	1.000	0.306	5.366E-01	5.249E-01	4.458E-02	2.551E-01	46	AF-P08098-F1-model_v6 Mobilization protein A
MC25_sitophilus_oryzae_2	AF-Q5FJX0-F1-model_v6	0.015	130	36	1207	1.000	0.106	6.104E-01	6.005E-01	2.711E-02	2.551E-01	48	AF-Q5FJX0-F1-model_v6 ATP-dependent helicase/nuclease subunit A
MC25_sitophilus_oryzae_2	AF-Q6GHU6-F1-model_v6	0.023	126	36	800	1.000	0.157	5.942E-01	5.858E-01	4.238E-02	2.551E-01	46	AF-Q6GHU6-F1-model_v6 Phenylalanine--tRNA ligase beta subunit
MC25_sitophilus_oryzae_2	AF-Q95EF8-F1-model_v6	0.013	76	36	504	0.861	0.143	6.011E-01	5.260E-01	4.922E-02	2.550E-01	46	AF-Q95EF8-F1-model_v6 Maturase K
MC25_sitophilus_oryzae_2	AF-P07663-3-F1-model_v6	0.013	143	36	1128	0.861	0.126	6.321E-01	5.590E-01	2.553E-02	2.550E-01	48	AF-P07663-3-F1-model_v6 Period circadian protein
MC25_sitophilus_oryzae_2	AF-J7FIP9-F1-model_v6	0.032	61	36	259	1.000	0.201	5.079E-01	4.991E-01	9.398E-02	2.550E-01	41	AF-J7FIP9-F1-model_v6 Indole-diterpene biosynthesis cluster protein S
MC25_sitophilus_oryzae_2	AF-Q5XIA1-F1-model_v6	0.000	561	36	563	0.861	0.989	5.913E-01	5.237E-01	4.505E-02	2.550E-01	46	AF-Q5XIA1-F1-model_v6 BOS complex subunit NCLN
MC25_sitophilus_oryzae_2	AF-Q3JV10-F1-model_v6	0.066	30	36	296	0.611	0.101	6.549E-01	4.860E-01	7.043E-02	2.550E-01	44	AF-Q3JV10-F1-model_v6 Phosphatidylglycerol--prolipoprotein diacylglyceryl transferase
MC25_sitophilus_oryzae_2	AF-Q7Z591-3-F1-model_v6	0.001	558	36	831	1.000	0.663	5.628E-01	5.513E-01	3.287E-02	2.550E-01	47	AF-Q7Z591-3-F1-model_v6 Microtubule organization protein AKNA
MC25_sitophilus_oryzae_2	AF-Q62LG5-F1-model_v6	0.066	30	36	296	0.611	0.101	6.550E-01	4.861E-01	7.044E-02	2.550E-01	44	AF-Q62LG5-F1-model_v6 Phosphatidylglycerol--prolipoprotein diacylglyceryl transferase
MC25_sitophilus_oryzae_2	AF-Q71WU5-F1-model_v6	0.000	29	36	277	0.611	0.105	6.546E-01	4.832E-01	7.420E-02	2.550E-01	43	AF-Q71WU5-F1-model_v6 Phosphatidylglycerol--prolipoprotein diacylglyceryl transferase
MC25_sitophilus_oryzae_2	AF-C0QT02-F1-model_v6	0.030	66	36	447	0.917	0.139	5.819E-01	5.388E-01	6.001E-02	2.549E-01	45	AF-C0QT02-F1-model_v6 GTPase Der
MC25_sitophilus_oryzae_2	AF-Q3J5H6-F1-model_v6	0.001	100	36	930	0.861	0.108	6.369E-01	5.710E-01	3.146E-02	2.549E-01	47	AF-Q3J5H6-F1-model_v6 Bifunctional uridylyltransferase/uridylyl-removing enzyme
MC25_sitophilus_oryzae_2	AF-O94988-1-F1-model_v6	0.037	80	36	697	0.917	0.106	5.740E-01	5.259E-01	3.622E-02	2.549E-01	47	AF-O94988-1-F1-model_v6 Protein FAM13A
MC25_sitophilus_oryzae_2	AF-Q96L03-F1-model_v6	0.090	22	36	361	0.556	0.061	7.557E-01	4.878E-01	5.362E-02	2.549E-01	45	AF-Q96L03-F1-model_v6 Spermatogenesis-associated protein 17
MC25_sitophilus_oryzae_2	AF-Q0A9G3-F1-model_v6	0.037	54	36	1025	0.972	0.050	5.924E-01	5.724E-01	2.962E-02	2.549E-01	48	AF-Q0A9G3-F1-model_v6 Error-prone DNA polymerase
MC25_sitophilus_oryzae_2	AF-Q5P4E4-F1-model_v6	0.000	252	36	512	1.000	0.488	5.757E-01	5.662E-01	6.017E-02	2.549E-01	45	AF-Q5P4E4-F1-model_v6 ATP synthase subunit alpha
MC25_sitophilus_oryzae_2	AF-A0R4S9-F1-model_v6	0.016	119	36	569	0.889	0.207	5.960E-01	5.464E-01	5.049E-02	2.548E-01	45	AF-A0R4S9-F1-model_v6 3-oxosteroid 1-dehydrogenase
MC25_sitophilus_oryzae_2	AF-A1AB75-F1-model_v6	0.000	48	36	565	1.000	0.081	5.587E-01	5.488E-01	5.390E-02	2.548E-01	45	AF-A1AB75-F1-model_v6 NAD-dependent malic enzyme
MC25_sitophilus_oryzae_2	AF-Q9UBC3-7-F1-model_v6	0.024	82	36	694	1.000	0.110	5.560E-01	5.450E-01	4.014E-02	2.548E-01	46	AF-Q9UBC3-7-F1-model_v6 DNA (cytosine-5)-methyltransferase 3B
MC25_sitophilus_oryzae_2	AF-Q9NY91-F1-model_v6	0.008	119	36	659	0.861	0.179	6.149E-01	5.461E-01	4.275E-02	2.548E-01	46	AF-Q9NY91-F1-model_v6 Probable glucose sensor protein SLC5A4
MC25_sitophilus_oryzae_2	AF-Q10109-F1-model_v6	0.029	102	36	688	1.000	0.145	5.730E-01	5.630E-01	4.469E-02	2.548E-01	46	AF-Q10109-F1-model_v6 Lap-Emerin-Man domain protein 2
MC25_sitophilus_oryzae_2	AF-Q39KX8-F1-model_v6	0.003	252	36	513	1.000	0.487	5.746E-01	5.651E-01	5.996E-02	2.548E-01	45	AF-Q39KX8-F1-model_v6 ATP synthase subunit alpha
MC25_sitophilus_oryzae_2	AF-P80235-F1-model_v6	0.000	511	36	687	0.861	0.741	6.162E-01	5.512E-01	4.042E-02	2.547E-01	46	AF-P80235-F1-model_v6 Putative mitochondrial carnitine O-acetyltransferase
MC25_sitophilus_oryzae_2	AF-A9AHH5-F1-model_v6	0.066	30	36	297	0.611	0.101	6.539E-01	4.858E-01	7.021E-02	2.547E-01	44	AF-A9AHH5-F1-model_v6 Phosphatidylglycerol--prolipoprotein diacylglyceryl transferase
MC25_sitophilus_oryzae_2	AF-Q31AV5-F1-model_v6	0.019	51	36	814	0.750	0.063	6.784E-01	5.482E-01	3.162E-02	2.547E-01	47	AF-Q31AV5-F1-model_v6 Phenylalanine--tRNA ligase beta subunit
MC25_sitophilus_oryzae_2	AF-B6JHT8-F1-model_v6	0.056	53	36	464	0.889	0.106	5.838E-01	5.295E-01	5.604E-02	2.546E-01	45	AF-B6JHT8-F1-model_v6 Cysteine--tRNA ligase
MC25_sitophilus_oryzae_2	AF-Q96LD4-F1-model_v6	0.100	40	36	638	1.000	0.052	5.857E-01	5.408E-01	4.229E-02	2.546E-01	46	AF-Q96LD4-F1-model_v6 E3 ubiquitin-protein ligase TRIM47
MC25_sitophilus_oryzae_2	AF-Q2NJZ2-F1-model_v6	0.035	57	36	828	0.750	0.069	6.668E-01	5.333E-01	3.080E-02	2.546E-01	47	AF-Q2NJZ2-F1-model_v6 Phenylalanine--tRNA ligase beta subunit
MC25_sitophilus_oryzae_2	AF-Q9H8G2-F1-model_v6	0.019	52	36	361	0.833	0.144	5.681E-01	4.930E-01	7.347E-02	2.546E-01	43	AF-Q9H8G2-F1-model_v6 Caspase activity and apoptosis inhibitor 1
MC25_sitophilus_oryzae_2	AF-Q63WB7-F1-model_v6	0.068	29	36	296	0.611	0.098	6.541E-01	4.843E-01	6.977E-02	2.546E-01	44	AF-Q63WB7-F1-model_v6 Phosphatidylglycerol--prolipoprotein diacylglyceryl transferase
MC25_sitophilus_oryzae_2	AF-B2U1M1-F1-model_v6	0.000	48	36	565	1.000	0.081	5.585E-01	5.486E-01	5.390E-02	2.546E-01	45	AF-B2U1M1-F1-model_v6 NAD-dependent malic enzyme
MC25_sitophilus_oryzae_2	AF-A2BGR3-F1-model_v6	0.054	37	36	1451	0.861	0.023	6.201E-01	5.437E-01	1.871E-02	2.546E-01	49	AF-A2BGR3-F1-model_v6 DNA excision repair protein ERCC-6-like
MC25_sitophilus_oryzae_2	AF-Q6FQF0-F1-model_v6	0.050	40	36	887	0.944	0.041	5.909E-01	5.589E-01	3.200E-02	2.545E-01	47	AF-Q6FQF0-F1-model_v6 Ubiquitin carboxyl-terminal hydrolase 4
MC25_sitophilus_oryzae_2	AF-Q3SYK4-F1-model_v6	0.125	40	36	740	0.917	0.050	6.021E-01	5.580E-01	3.846E-02	2.545E-01	47	AF-Q3SYK4-F1-model_v6 Vertnin
MC25_sitophilus_oryzae_2	AF-Q8HYY4-F1-model_v6	0.057	35	36	1401	0.917	0.024	6.246E-01	5.772E-01	2.179E-02	2.545E-01	48	AF-Q8HYY4-F1-model_v6 Uveal autoantigen with coiled-coil domains and ankyrin repeats protein
MC25_sitophilus_oryzae_2	AF-B1YUV9-F1-model_v6	0.066	30	36	296	0.611	0.101	6.524E-01	4.855E-01	7.043E-02	2.545E-01	43	AF-B1YUV9-F1-model_v6 Phosphatidylglycerol--prolipoprotein diacylglyceryl transferase
MC25_sitophilus_oryzae_2	AF-O35655-F1-model_v6	0.009	442	36	650	0.917	0.675	5.701E-01	5.270E-01	4.242E-02	2.544E-01	46	AF-O35655-F1-model_v6 Serine/threonine-protein phosphatase with EF-hands 1
MC25_sitophilus_oryzae_2	AF-Q8BJS8-F1-model_v6	0.055	36	36	894	0.833	0.040	6.461E-01	5.719E-01	3.218E-02	2.544E-01	47	AF-Q8BJS8-F1-model_v6 Mdm2-binding protein
MC25_sitophilus_oryzae_2	AF-B4EEY7-F1-model_v6	0.003	252	36	513	1.000	0.487	5.737E-01	5.643E-01	5.995E-02	2.544E-01	44	AF-B4EEY7-F1-model_v6 ATP synthase subunit alpha
MC25_sitophilus_oryzae_2	AF-P56981-F1-model_v6	0.023	43	36	658	0.944	0.058	5.689E-01	5.349E-01	4.115E-02	2.544E-01	46	AF-P56981-F1-model_v6 UvrABC system protein B
MC25_sitophilus_oryzae_2	AF-O14829-F1-model_v6	0.006	440	36	653	0.917	0.671	5.683E-01	5.254E-01	4.303E-02	2.544E-01	46	AF-O14829-F1-model_v6 Serine/threonine-protein phosphatase with EF-hands 1
MC25_sitophilus_oryzae_2	AF-A9CH28-F1-model_v6	0.023	42	36	289	0.861	0.125	5.742E-01	5.112E-01	8.002E-02	2.543E-01	42	AF-A9CH28-F1-model_v6 D-psicose 3-epimerase
MC25_sitophilus_oryzae_2	AF-Q8VZM5-F1-model_v6	0.003	540	36	761	1.000	0.708	5.923E-01	5.826E-01	4.283E-02	2.543E-01	46	AF-Q8VZM5-F1-model_v6 Hyperosmolality-gated Ca2+ permeable channel 1.6
MC25_sitophilus_oryzae_2	AF-Q1BRA8-F1-model_v6	0.003	252	36	513	1.000	0.487	5.738E-01	5.643E-01	5.996E-02	2.543E-01	44	AF-Q1BRA8-F1-model_v6 ATP synthase subunit alpha
MC25_sitophilus_oryzae_2	AF-Q9SIT5-F1-model_v6	0.004	244	36	821	0.806	0.297	6.637E-01	5.714E-01	3.402E-02	2.543E-01	47	AF-Q9SIT5-F1-model_v6 Cation/H(+) antiporter 15
MC25_sitophilus_oryzae_2	AF-Q9ZMH1-F1-model_v6	0.054	37	36	856	0.861	0.042	6.448E-01	5.814E-01	3.378E-02	2.543E-01	47	AF-Q9ZMH1-F1-model_v6 Chaperone protein ClpB
MC25_sitophilus_oryzae_2	AF-A8FKJ4-F1-model_v6	0.052	38	36	271	0.722	0.137	5.987E-01	4.927E-01	8.460E-02	2.543E-01	42	AF-A8FKJ4-F1-model_v6 Phosphatidylglycerol--prolipoprotein diacylglyceryl transferase
MC25_sitophilus_oryzae_2	AF-P0CC99-F1-model_v6	0.051	78	36	510	1.000	0.143	5.560E-01	5.458E-01	5.645E-02	2.543E-01	45	AF-P0CC99-F1-model_v6 NAD(P)H-quinone oxidoreductase subunit 2 B, chloroplastic
MC25_sitophilus_oryzae_2	AF-Q5HW60-F1-model_v6	0.052	38	36	271	0.722	0.137	6.000E-01	4.931E-01	8.460E-02	2.543E-01	42	AF-Q5HW60-F1-model_v6 Phosphatidylglycerol--prolipoprotein diacylglyceryl transferase
MC25_sitophilus_oryzae_2	AF-Q5AHB1-F1-model_v6	0.018	109	36	1396	0.861	0.078	6.459E-01	5.749E-01	2.136E-02	2.543E-01	48	AF-Q5AHB1-F1-model_v6 Actin cytoskeleton-regulatory complex protein PAN1
MC25_sitophilus_oryzae_2	AF-Q57YG0-F1-model_v6	0.024	82	36	992	0.806	0.082	6.563E-01	5.543E-01	2.717E-02	2.542E-01	48	AF-Q57YG0-F1-model_v6 ATP-dependent DNA helicase PIF7
MC25_sitophilus_oryzae_2	AF-Q5HQ35-F1-model_v6	0.031	127	36	800	1.000	0.159	5.947E-01	5.865E-01	4.230E-02	2.542E-01	46	AF-Q5HQ35-F1-model_v6 Phenylalanine--tRNA ligase beta subunit
MC25_sitophilus_oryzae_2	AF-Q143Y3-F1-model_v6	0.066	30	36	301	0.611	0.100	6.537E-01	4.868E-01	6.935E-02	2.542E-01	43	AF-Q143Y3-F1-model_v6 Phosphatidylglycerol--prolipoprotein diacylglyceryl transferase
MC25_sitophilus_oryzae_2	AF-Q2YX86-F1-model_v6	0.023	126	36	800	1.000	0.157	5.947E-01	5.862E-01	4.238E-02	2.542E-01	46	AF-Q2YX86-F1-model_v6 Phenylalanine--tRNA ligase beta subunit
MC25_sitophilus_oryzae_2	AF-Q8CSX9-F1-model_v6	0.039	51	36	537	0.917	0.091	5.906E-01	5.504E-01	5.308E-02	2.542E-01	45	AF-Q8CSX9-F1-model_v6 Putative cysteine ligase BshC
MC25_sitophilus_oryzae_2	AF-O60052-F1-model_v6	0.000	50	36	294	1.000	0.146	5.066E-01	4.983E-01	8.786E-02	2.542E-01	42	AF-O60052-F1-model_v6 Protein farnesyltransferase/geranylgeranyltransferase type-1 subunit alpha
MC25_sitophilus_oryzae_2	AF-P0A523-F1-model_v6	0.081	37	36	848	0.889	0.044	6.404E-01	5.901E-01	3.586E-02	2.542E-01	47	AF-P0A523-F1-model_v6 Probable ATP-dependent Clp protease ATP-binding subunit
MC25_sitophilus_oryzae_2	AF-B8GLA1-F1-model_v6	0.078	38	36	361	1.000	0.083	6.026E-01	5.333E-01	7.206E-02	2.542E-01	43	AF-B8GLA1-F1-model_v6 Peptide chain release factor 1
MC25_sitophilus_oryzae_2	AF-Q67T57-F1-model_v6	0.083	24	36	659	0.667	0.036	7.084E-01	5.139E-01	3.478E-02	2.542E-01	47	AF-Q67T57-F1-model_v6 UvrABC system protein B
MC25_sitophilus_oryzae_2	AF-E1BGQ2-F1-model_v6	0.009	107	36	516	1.000	0.196	5.475E-01	5.371E-01	5.346E-02	2.541E-01	45	AF-E1BGQ2-F1-model_v6 rRNA N(6)-adenosine-methyltransferase ZCCHC4
MC25_sitophilus_oryzae_2	AF-Q5RE87-F1-model_v6	0.019	156	36	547	0.917	0.274	5.841E-01	5.412E-01	4.665E-02	2.541E-01	46	AF-Q5RE87-F1-model_v6 Sodium-coupled neutral amino acid transporter 4
MC25_sitophilus_oryzae_2	AF-B1KDU3-F1-model_v6	0.078	38	36	361	1.000	0.083	6.024E-01	5.327E-01	7.147E-02	2.541E-01	43	AF-B1KDU3-F1-model_v6 Peptide chain release factor 1
MC25_sitophilus_oryzae_2	AF-Q8EU05-F1-model_v6	0.081	37	36	809	0.944	0.041	6.185E-01	5.746E-01	3.546E-02	2.541E-01	47	AF-Q8EU05-F1-model_v6 Chaperone protein ClpB
MC25_sitophilus_oryzae_2	AF-Q5NG54-F1-model_v6	0.053	56	36	790	0.750	0.071	6.688E-01	5.339E-01	3.227E-02	2.541E-01	47	AF-Q5NG54-F1-model_v6 Phenylalanine--tRNA ligase beta subunit
MC25_sitophilus_oryzae_2	AF-Q2NHL6-F1-model_v6	0.058	51	36	425	1.000	0.120	5.554E-01	5.487E-01	7.630E-02	2.541E-01	43	AF-Q2NHL6-F1-model_v6 5'-deoxyadenosine deaminase
MC25_sitophilus_oryzae_2	AF-Q31QS4-F1-model_v6	0.017	56	36	666	0.972	0.075	5.575E-01	5.349E-01	4.020E-02	2.541E-01	46	AF-Q31QS4-F1-model_v6 UvrABC system protein B
MC25_sitophilus_oryzae_2	AF-Q56243-F1-model_v6	0.000	315	36	665	0.972	0.468	5.813E-01	5.598E-01	4.324E-02	2.540E-01	46	AF-Q56243-F1-model_v6 UvrABC system protein B
MC25_sitophilus_oryzae_2	AF-O49471-2-F1-model_v6	0.006	307	36	1167	0.833	0.263	6.496E-01	5.663E-01	2.455E-02	2.540E-01	48	AF-O49471-2-F1-model_v6 Probable disease resistance protein At4g19530
MC25_sitophilus_oryzae_2	AF-Q8F479-F1-model_v6	0.013	218	36	609	1.000	0.356	5.908E-01	5.815E-01	5.251E-02	2.540E-01	45	AF-Q8F479-F1-model_v6 UvrABC system protein C
MC25_sitophilus_oryzae_2	AF-Q0BCQ8-F1-model_v6	0.066	30	36	296	0.611	0.101	6.502E-01	4.848E-01	7.042E-02	2.540E-01	43	AF-Q0BCQ8-F1-model_v6 Phosphatidylglycerol--prolipoprotein diacylglyceryl transferase
MC25_sitophilus_oryzae_2	AF-Q2IBF5-F1-model_v6	0.000	103	36	475	0.889	0.200	5.629E-01	4.987E-01	4.731E-02	2.540E-01	46	AF-Q2IBF5-F1-model_v6 Ankyrin repeat, SAM and basic leucine zipper domain-containing protein 1
MC25_sitophilus_oryzae_2	AF-Q8SV60-F1-model_v6	0.000	35	36	391	0.861	0.084	6.003E-01	5.418E-01	6.880E-02	2.540E-01	44	AF-Q8SV60-F1-model_v6 UPF0328 protein ECU06_1650
MC25_sitophilus_oryzae_2	AF-Q92C34-F1-model_v6	0.000	106	36	1444	1.000	0.069	5.730E-01	5.613E-01	1.928E-02	2.540E-01	48	AF-Q92C34-F1-model_v6 DNA polymerase III PolC-type
MC25_sitophilus_oryzae_2	AF-Q9C117-F1-model_v6	0.000	22	36	211	0.528	0.104	6.904E-01	4.627E-01	8.774E-02	2.540E-01	42	AF-Q9C117-F1-model_v6 Uncharacterized protein C16E8.12c
MC25_sitophilus_oryzae_2	AF-B1XE70-F1-model_v6	0.020	48	36	565	1.000	0.081	5.578E-01	5.478E-01	5.388E-02	2.540E-01	45	AF-B1XE70-F1-model_v6 NAD-dependent malic enzyme
MC25_sitophilus_oryzae_2	AF-Q1MP86-F1-model_v6	0.022	132	36	357	0.861	0.361	5.833E-01	5.173E-01	7.076E-02	2.540E-01	43	AF-Q1MP86-F1-model_v6 Protein-glutamate methylesterase/protein-glutamine glutaminase
MC25_sitophilus_oryzae_2	AF-Q4P0K0-F1-model_v6	0.012	79	36	990	1.000	0.076	5.932E-01	5.824E-01	3.061E-02	2.540E-01	47	AF-Q4P0K0-F1-model_v6 Serine/threonine-protein kinase ATG1
MC25_sitophilus_oryzae_2	AF-Q5T5P2-6-F1-model_v6	0.011	88	36	932	1.000	0.085	5.481E-01	5.368E-01	2.762E-02	2.539E-01	48	AF-Q5T5P2-6-F1-model_v6 Sickle tail protein homolog
MC25_sitophilus_oryzae_2	AF-Q24767-F1-model_v6	0.013	143	36	1208	0.861	0.118	6.223E-01	5.512E-01	2.383E-02	2.539E-01	48	AF-Q24767-F1-model_v6 Period circadian protein
MC25_sitophilus_oryzae_2	AF-P54813-F1-model_v6	0.052	38	36	723	0.861	0.051	6.323E-01	5.677E-01	3.956E-02	2.539E-01	46	AF-P54813-F1-model_v6 ATP-dependent zinc metalloprotease YME1 homolog
MC25_sitophilus_oryzae_2	AF-B8G8R1-F1-model_v6	0.052	38	36	664	0.861	0.047	5.931E-01	5.152E-01	3.439E-02	2.539E-01	47	AF-B8G8R1-F1-model_v6 UvrABC system protein B
MC25_sitophilus_oryzae_2	AF-B8DBM9-F1-model_v6	0.000	29	36	277	0.611	0.105	6.503E-01	4.819E-01	7.413E-02	2.538E-01	43	AF-B8DBM9-F1-model_v6 Phosphatidylglycerol--prolipoprotein diacylglyceryl transferase
MC25_sitophilus_oryzae_2	AF-Q8Y7G1-F1-model_v6	0.000	106	36	1444	1.000	0.069	5.732E-01	5.615E-01	1.928E-02	2.538E-01	48	AF-Q8Y7G1-F1-model_v6 DNA polymerase III PolC-type
MC25_sitophilus_oryzae_2	AF-Q07250-F1-model_v6	0.081	37	36	415	0.917	0.075	5.860E-01	5.142E-01	5.962E-02	2.538E-01	44	AF-Q07250-F1-model_v6 Calcium/calmodulin-dependent serine/threonine-protein kinase
MC25_sitophilus_oryzae_2	AF-Q7UFR2-F1-model_v6	0.040	25	36	708	0.694	0.034	7.085E-01	5.172E-01	3.232E-02	2.538E-01	47	AF-Q7UFR2-F1-model_v6 UvrABC system protein B
MC25_sitophilus_oryzae_2	AF-P07663-F1-model_v6	0.013	143	36	1224	0.861	0.116	6.310E-01	5.580E-01	2.356E-02	2.538E-01	48	AF-P07663-F1-model_v6 Period circadian protein
MC25_sitophilus_oryzae_2	AF-P81183-2-F1-model_v6	0.060	33	36	500	0.833	0.066	6.103E-01	5.356E-01	5.445E-02	2.537E-01	45	AF-P81183-2-F1-model_v6 Zinc finger protein Helios
MC25_sitophilus_oryzae_2	AF-B8ENL8-F1-model_v6	0.023	42	36	549	1.000	0.066	5.508E-01	5.408E-01	5.110E-02	2.537E-01	45	AF-B8ENL8-F1-model_v6 Glucose-6-phosphate isomerase
MC25_sitophilus_oryzae_2	AF-O19071-F1-model_v6	0.008	114	36	446	0.889	0.247	5.743E-01	5.238E-01	5.859E-02	2.537E-01	44	AF-O19071-F1-model_v6 Alpha-1,6-mannosyl-glycoprotein 2-beta-N-acetylglucosaminyltransferase
MC25_sitophilus_oryzae_2	AF-A7MY68-F1-model_v6	0.052	38	36	362	1.000	0.083	6.014E-01	5.320E-01	7.175E-02	2.537E-01	43	AF-A7MY68-F1-model_v6 Peptide chain release factor 1
MC25_sitophilus_oryzae_2	AF-A8W3B5-F1-model_v6	0.015	133	36	691	0.944	0.187	5.773E-01	5.431E-01	4.009E-02	2.537E-01	46	AF-A8W3B5-F1-model_v6 DNA-directed RNA polymerase subunit beta'
MC25_sitophilus_oryzae_2	AF-A1US43-F1-model_v6	0.000	31	36	500	0.778	0.060	6.337E-01	5.319E-01	5.049E-02	2.537E-01	45	AF-A1US43-F1-model_v6 Cysteine--tRNA ligase
MC25_sitophilus_oryzae_2	AF-Q3ZZK7-F1-model_v6	0.080	25	36	664	0.694	0.036	7.055E-01	5.170E-01	3.441E-02	2.537E-01	47	AF-Q3ZZK7-F1-model_v6 UvrABC system protein B
MC25_sitophilus_oryzae_2	AF-P80910-F1-model_v6	0.020	195	36	618	1.000	0.306	5.380E-01	5.282E-01	4.494E-02	2.537E-01	46	AF-P80910-F1-model_v6 Indolepyruvate oxidoreductase subunit IorA
MC25_sitophilus_oryzae_2	AF-Q8ZPN4-F1-model_v6	0.055	36	36	679	0.833	0.052	6.435E-01	5.646E-01	4.070E-02	2.536E-01	46	AF-Q8ZPN4-F1-model_v6 Uncharacterized transporter YdhK
MC25_sitophilus_oryzae_2	AF-O35691-F1-model_v6	0.000	46	36	725	0.833	0.063	6.242E-01	5.472E-01	3.923E-02	2.536E-01	46	AF-O35691-F1-model_v6 Pinin
MC25_sitophilus_oryzae_2	AF-Q56B11-F1-model_v6	0.009	103	36	1130	0.944	0.090	6.108E-01	5.786E-01	2.772E-02	2.536E-01	47	AF-Q56B11-F1-model_v6 Proline-, glutamic acid- and leucine-rich protein 1
MC25_sitophilus_oryzae_2	AF-Q0DHL4-F1-model_v6	0.010	91	36	822	0.944	0.108	5.895E-01	5.556E-01	3.613E-02	2.536E-01	47	AF-Q0DHL4-F1-model_v6 ATP-dependent zinc metalloprotease FTSH 8, mitochondrial
MC25_sitophilus_oryzae_2	AF-Q1XDL5-F1-model_v6	0.016	182	36	238	0.778	0.756	5.609E-01	4.736E-01	9.514E-02	2.535E-01	41	AF-Q1XDL5-F1-model_v6 Heme oxygenase
MC25_sitophilus_oryzae_2	AF-Q9TU17-F1-model_v6	0.073	41	36	413	1.000	0.070	6.023E-01	5.028E-01	5.490E-02	2.535E-01	45	AF-Q9TU17-F1-model_v6 Gap junction alpha-3 protein
MC25_sitophilus_oryzae_2	AF-Q62073-F1-model_v6	0.000	39	36	579	0.917	0.062	5.886E-01	5.459E-01	4.756E-02	2.535E-01	46	AF-Q62073-F1-model_v6 Mitogen-activated protein kinase kinase kinase 7
MC25_sitophilus_oryzae_2	AF-Q93074-2-F1-model_v6	0.031	63	36	2180	0.944	0.027	6.104E-01	5.737E-01	1.290E-02	2.535E-01	49	AF-Q93074-2-F1-model_v6 Mediator of RNA polymerase II transcription subunit 12
MC25_sitophilus_oryzae_2	AF-B1YQL2-F1-model_v6	0.003	252	36	513	1.000	0.487	5.722E-01	5.629E-01	5.993E-02	2.535E-01	44	AF-B1YQL2-F1-model_v6 ATP synthase subunit alpha
MC25_sitophilus_oryzae_2	AF-Q07G42-F1-model_v6	0.009	319	36	639	0.917	0.491	5.754E-01	5.283E-01	4.086E-02	2.535E-01	46	AF-Q07G42-F1-model_v6 E3 ubiquitin-protein ligase RNF12
MC25_sitophilus_oryzae_2	AF-Q9Z329-2-F1-model_v6	0.043	114	36	1601	1.000	0.070	5.870E-01	5.785E-01	2.027E-02	2.534E-01	48	AF-Q9Z329-2-F1-model_v6 Inositol 1,4,5-trisphosphate-gated calcium channel ITPR2
MC25_sitophilus_oryzae_2	AF-Q869N2-F1-model_v6	0.031	32	36	852	0.722	0.038	6.957E-01	5.488E-01	2.964E-02	2.534E-01	47	AF-Q869N2-F1-model_v6 Serine/threonine-protein kinase pakB
MC25_sitophilus_oryzae_2	AF-Q9PI98-F1-model_v6	0.052	38	36	271	0.722	0.137	5.988E-01	4.923E-01	8.462E-02	2.534E-01	42	AF-Q9PI98-F1-model_v6 Phosphatidylglycerol--prolipoprotein diacylglyceryl transferase
MC25_sitophilus_oryzae_2	AF-Q99WT9-F1-model_v6	0.018	55	36	1479	0.889	0.037	6.479E-01	5.913E-01	2.021E-02	2.534E-01	48	AF-Q99WT9-F1-model_v6 Type VII secretion system protein EssC
MC25_sitophilus_oryzae_2	AF-Q5ZJQ8-F1-model_v6	0.021	47	36	344	1.000	0.102	5.115E-01	4.891E-01	6.427E-02	2.534E-01	44	AF-Q5ZJQ8-F1-model_v6 Ubiquitin-associated domain-containing protein 2
MC25_sitophilus_oryzae_2	AF-A8WZU4-F1-model_v6	0.024	41	36	423	0.889	0.097	5.922E-01	5.439E-01	6.776E-02	2.534E-01	44	AF-A8WZU4-F1-model_v6 Progestin and adipoQ receptor-like protein 1
MC25_sitophilus_oryzae_2	AF-P60969-F1-model_v6	0.035	57	36	283	0.611	0.198	6.560E-01	4.814E-01	7.155E-02	2.533E-01	43	AF-P60969-F1-model_v6 Phosphatidylglycerol--prolipoprotein diacylglyceryl transferase
MC25_sitophilus_oryzae_2	AF-Q8N4S9-3-F1-model_v6	0.027	37	36	546	0.917	0.060	5.689E-01	5.222E-01	4.813E-02	2.533E-01	45	AF-Q8N4S9-3-F1-model_v6 MARVEL domain-containing protein 2
MC25_sitophilus_oryzae_2	AF-Q6NJ04-F1-model_v6	0.061	49	36	1039	0.944	0.044	5.917E-01	5.593E-01	2.831E-02	2.533E-01	47	AF-Q6NJ04-F1-model_v6 Error-prone DNA polymerase
MC25_sitophilus_oryzae_2	AF-P75478-F1-model_v6	0.073	41	36	506	0.889	0.077	5.961E-01	5.434E-01	5.491E-02	2.533E-01	45	AF-P75478-F1-model_v6 Segregation and condensation protein A
MC25_sitophilus_oryzae_2	AF-Q2JK96-F1-model_v6	0.000	37	36	598	0.917	0.055	6.100E-01	5.691E-01	4.650E-02	2.533E-01	46	AF-Q2JK96-F1-model_v6 Arginine--tRNA ligase
MC25_sitophilus_oryzae_2	AF-O44552-F1-model_v6	0.051	58	36	604	1.000	0.089	5.611E-01	5.509E-01	4.876E-02	2.533E-01	45	AF-O44552-F1-model_v6 M-phase inducer phosphatase cdc-25.1
MC25_sitophilus_oryzae_2	AF-Q9K896-F1-model_v6	0.000	71	36	808	0.861	0.088	6.302E-01	5.652E-01	3.634E-02	2.533E-01	47	AF-Q9K896-F1-model_v6 Phenylalanine--tRNA ligase beta subunit
MC25_sitophilus_oryzae_2	AF-Q9A4T3-F1-model_v6	0.052	38	36	210	0.917	0.157	5.388E-01	5.077E-01	1.192E-01	2.533E-01	39	AF-Q9A4T3-F1-model_v6 Protein-methionine-sulfoxide reductase heme-binding subunit MsrQ
MC25_sitophilus_oryzae_2	AF-Q9LXR9-F1-model_v6	0.004	244	36	348	1.000	0.684	5.120E-01	5.024E-01	7.437E-02	2.533E-01	43	AF-Q9LXR9-F1-model_v6 Phosphatidylglycerophosphate phosphatase 1, chloroplastic/mitochondrial
MC25_sitophilus_oryzae_2	AF-O60858-3-F1-model_v6	0.035	56	36	410	0.972	0.112	5.213E-01	4.995E-01	5.597E-02	2.532E-01	45	AF-O60858-3-F1-model_v6 E3 ubiquitin-protein ligase TRIM13
MC25_sitophilus_oryzae_2	AF-Q8I8W7-F1-model_v6	0.023	216	36	439	0.667	0.492	6.873E-01	5.061E-01	5.113E-02	2.532E-01	45	AF-Q8I8W7-F1-model_v6 Sex-determination protein fem-3
MC25_sitophilus_oryzae_2	AF-Q6NZK8-F1-model_v6	0.003	302	36	747	0.861	0.399	6.098E-01	5.337E-01	3.374E-02	2.532E-01	47	AF-Q6NZK8-F1-model_v6 Protein tyrosine phosphatase domain-containing protein 1
MC25_sitophilus_oryzae_2	AF-Q65ZT8-F1-model_v6	0.060	33	36	664	0.861	0.041	6.540E-01	5.170E-01	3.552E-02	2.532E-01	47	AF-Q65ZT8-F1-model_v6 UvrABC system protein B
MC25_sitophilus_oryzae_2	AF-Q6YPX7-F1-model_v6	0.035	57	36	822	0.750	0.069	6.614E-01	5.311E-01	3.102E-02	2.532E-01	47	AF-Q6YPX7-F1-model_v6 Phenylalanine--tRNA ligase beta subunit
MC25_sitophilus_oryzae_2	AF-P34410-F1-model_v6	0.036	55	36	557	1.000	0.093	5.770E-01	5.679E-01	5.477E-02	2.532E-01	45	AF-P34410-F1-model_v6 TWiK family of potassium channels protein 7
MC25_sitophilus_oryzae_2	AF-Q54CR9-F1-model_v6	0.017	57	36	1088	1.000	0.047	5.603E-01	5.488E-01	2.613E-02	2.532E-01	48	AF-Q54CR9-F1-model_v6 DNA ligase 4
MC25_sitophilus_oryzae_2	AF-Q7SAT8-F1-model_v6	0.033	89	36	1533	0.917	0.053	5.920E-01	5.379E-01	1.635E-02	2.531E-01	48	AF-Q7SAT8-F1-model_v6 Actin cytoskeleton-regulatory complex protein pan-1
MC25_sitophilus_oryzae_2	AF-Q3V543-F1-model_v6	0.027	37	36	682	0.889	0.050	5.920E-01	5.334E-01	3.956E-02	2.531E-01	46	AF-Q3V543-F1-model_v6 DNA-directed RNA polymerase subunit beta'
MC25_sitophilus_oryzae_2	AF-Q3TFD2-2-F1-model_v6	0.034	87	36	486	0.889	0.175	5.860E-01	5.308E-01	5.637E-02	2.531E-01	45	AF-Q3TFD2-2-F1-model_v6 Lysophosphatidylcholine acyltransferase 1
MC25_sitophilus_oryzae_2	AF-P37683-F1-model_v6	0.000	379	36	378	0.917	0.987	5.609E-01	5.195E-01	6.551E-02	2.531E-01	44	AF-P37683-F1-model_v6 Inner membrane protein YiaV
MC25_sitophilus_oryzae_2	AF-P0CT24-F1-model_v6	0.037	53	36	583	0.722	0.091	6.688E-01	5.263E-01	4.239E-02	2.531E-01	46	AF-P0CT24-F1-model_v6 Glucosidase 2 subunit beta
MC25_sitophilus_oryzae_2	AF-O17617-F1-model_v6	0.000	78	36	421	0.750	0.183	6.240E-01	5.137E-01	5.803E-02	2.530E-01	44	AF-O17617-F1-model_v6 Forkhead box protein fkh-4
MC25_sitophilus_oryzae_2	AF-Q8E064-F1-model_v6	0.033	90	36	801	1.000	0.102	5.581E-01	5.466E-01	3.322E-02	2.530E-01	47	AF-Q8E064-F1-model_v6 Phenylalanine--tRNA ligase beta subunit
MC25_sitophilus_oryzae_2	AF-A1VHP3-F1-model_v6	0.013	146	36	263	1.000	0.517	4.829E-01	4.731E-01	8.492E-02	2.530E-01	42	AF-A1VHP3-F1-model_v6 Phosphatidylglycerol--prolipoprotein diacylglyceryl transferase
MC25_sitophilus_oryzae_2	AF-D3YXJ0-3-F1-model_v6	0.048	41	36	1125	0.917	0.034	6.137E-01	5.716E-01	2.581E-02	2.530E-01	48	AF-D3YXJ0-3-F1-model_v6 Diacylglycerol kinase eta
MC25_sitophilus_oryzae_2	AF-Q2LTP4-F1-model_v6	0.000	55	36	841	0.944	0.062	5.904E-01	5.584E-01	3.474E-02	2.529E-01	47	AF-Q2LTP4-F1-model_v6 Protein translocase subunit SecA
MC25_sitophilus_oryzae_2	AF-C0MBD7-F1-model_v6	0.080	25	36	663	0.694	0.036	7.012E-01	5.145E-01	3.441E-02	2.529E-01	47	AF-C0MBD7-F1-model_v6 UvrABC system protein B
MC25_sitophilus_oryzae_2	AF-Q99PT9-F1-model_v6	0.037	79	36	997	1.000	0.071	5.590E-01	5.479E-01	2.709E-02	2.529E-01	47	AF-Q99PT9-F1-model_v6 Kinesin-like protein KIF19
MC25_sitophilus_oryzae_2	AF-Q7PK92-F1-model_v6	0.052	38	36	910	0.861	0.041	6.310E-01	5.614E-01	3.138E-02	2.529E-01	47	AF-Q7PK92-F1-model_v6 Dynein axonemal assembly factor 1 homolog
MC25_sitophilus_oryzae_2	AF-Q1XD95-F1-model_v6	0.049	61	36	653	1.000	0.089	5.650E-01	5.548E-01	4.600E-02	2.529E-01	46	AF-Q1XD95-F1-model_v6 Uncharacterized sensor-like histidine kinase ycf26
MC25_sitophilus_oryzae_2	AF-B7NHU3-F1-model_v6	0.000	48	36	565	1.000	0.081	5.573E-01	5.474E-01	5.391E-02	2.528E-01	45	AF-B7NHU3-F1-model_v6 NAD-dependent malic enzyme
MC25_sitophilus_oryzae_2	AF-A4D1F6-F1-model_v6	0.019	104	36	860	0.833	0.121	6.161E-01	5.519E-01	3.359E-02	2.528E-01	47	AF-A4D1F6-F1-model_v6 Leucine-rich repeat and death domain-containing protein 1
MC25_sitophilus_oryzae_2	AF-Q1QX69-F1-model_v6	0.014	136	36	579	1.000	0.233	5.956E-01	5.871E-01	5.644E-02	2.528E-01	44	AF-Q1QX69-F1-model_v6 ATP-dependent lipid A-core flippase
MC25_sitophilus_oryzae_2	AF-Q54TA3-F1-model_v6	0.022	45	36	773	1.000	0.054	5.762E-01	5.669E-01	4.053E-02	2.528E-01	46	AF-Q54TA3-F1-model_v6 Probable serine/threonine-protein kinase MARK-C
MC25_sitophilus_oryzae_2	AF-Q9UHP3-F1-model_v6	0.078	38	36	1055	0.889	0.032	5.975E-01	5.356E-01	2.524E-02	2.527E-01	48	AF-Q9UHP3-F1-model_v6 Ubiquitin carboxyl-terminal hydrolase 25
MC25_sitophilus_oryzae_2	AF-P53622-F1-model_v6	0.020	96	36	1201	1.000	0.075	5.851E-01	5.743E-01	2.394E-02	2.527E-01	48	AF-P53622-F1-model_v6 Coatomer subunit alpha
MC25_sitophilus_oryzae_2	AF-A7HKC0-F1-model_v6	0.000	33	36	661	0.861	0.041	6.570E-01	5.187E-01	3.575E-02	2.527E-01	47	AF-A7HKC0-F1-model_v6 UvrABC system protein B
MC25_sitophilus_oryzae_2	AF-Q4R6F0-F1-model_v6	0.019	104	36	863	0.833	0.121	6.249E-01	5.584E-01	3.353E-02	2.527E-01	47	AF-Q4R6F0-F1-model_v6 Leucine-rich repeat and death domain-containing protein 1
MC25_sitophilus_oryzae_2	AF-Q48IB1-F1-model_v6	0.071	56	36	1031	0.972	0.052	5.901E-01	5.705E-01	3.006E-02	2.527E-01	47	AF-Q48IB1-F1-model_v6 Error-prone DNA polymerase
MC25_sitophilus_oryzae_2	AF-B3TN43-F1-model_v6	0.000	38	36	682	0.889	0.050	5.914E-01	5.342E-01	3.854E-02	2.527E-01	46	AF-B3TN43-F1-model_v6 DNA-directed RNA polymerase subunit beta'
MC25_sitophilus_oryzae_2	AF-B4U3P4-F1-model_v6	0.080	25	36	663	0.694	0.036	7.024E-01	5.145E-01	3.442E-02	2.527E-01	47	AF-B4U3P4-F1-model_v6 UvrABC system protein B
MC25_sitophilus_oryzae_2	AF-Q8I4M5-F1-model_v6	0.003	255	36	1052	1.000	0.237	5.641E-01	5.529E-01	2.702E-02	2.527E-01	47	AF-Q8I4M5-F1-model_v6 Germline survival defective-1
MC25_sitophilus_oryzae_2	AF-Q7VMA9-F1-model_v6	0.002	379	36	406	1.000	0.926	5.539E-01	5.449E-01	7.291E-02	2.526E-01	43	AF-Q7VMA9-F1-model_v6 Cysteine desulfurase IscS
MC25_sitophilus_oryzae_2	AF-B1LFD8-F1-model_v6	0.000	48	36	565	1.000	0.081	5.566E-01	5.468E-01	5.390E-02	2.526E-01	45	AF-B1LFD8-F1-model_v6 NAD-dependent malic enzyme
MC25_sitophilus_oryzae_2	AF-B7L7H9-F1-model_v6	0.020	48	36	565	1.000	0.081	5.573E-01	5.474E-01	5.391E-02	2.526E-01	45	AF-B7L7H9-F1-model_v6 NAD-dependent malic enzyme
MC25_sitophilus_oryzae_2	AF-Q3K051-F1-model_v6	0.040	25	36	663	0.694	0.036	7.003E-01	5.137E-01	3.441E-02	2.526E-01	47	AF-Q3K051-F1-model_v6 UvrABC system protein B
MC25_sitophilus_oryzae_2	AF-Q8FRJ4-F1-model_v6	0.005	371	36	478	0.861	0.776	5.853E-01	5.238E-01	5.811E-02	2.526E-01	44	AF-Q8FRJ4-F1-model_v6 Adenosylhomocysteinase
MC25_sitophilus_oryzae_2	AF-P11705-F1-model_v6	0.026	38	36	677	0.889	0.050	5.925E-01	5.352E-01	3.884E-02	2.526E-01	46	AF-P11705-F1-model_v6 DNA-directed RNA polymerase subunit beta'
MC25_sitophilus_oryzae_2	AF-Q8INF0-2-F1-model_v6	0.023	43	36	1090	1.000	0.038	5.970E-01	5.871E-01	2.952E-02	2.526E-01	47	AF-Q8INF0-2-F1-model_v6 Soluble guanylate cyclase 88E
MC25_sitophilus_oryzae_2	AF-Q7ZXX2-F1-model_v6	0.051	78	36	997	1.000	0.071	5.604E-01	5.500E-01	2.789E-02	2.526E-01	47	AF-Q7ZXX2-F1-model_v6 Kinesin-like protein KIF19
MC25_sitophilus_oryzae_2	AF-P9WQ54-F1-model_v6	0.032	31	36	540	0.611	0.057	7.337E-01	5.162E-01	3.963E-02	2.526E-01	46	AF-P9WQ54-F1-model_v6 Medium/long-chain-fatty-acid--[acyl-carrier-protein] ligase FadD10
MC25_sitophilus_oryzae_2	AF-Q9KQ25-F1-model_v6	0.026	38	36	362	1.000	0.083	5.994E-01	5.305E-01	7.172E-02	2.526E-01	43	AF-Q9KQ25-F1-model_v6 Peptide chain release factor 1
MC25_sitophilus_oryzae_2	AF-A1C9W6-F1-model_v6	0.051	39	36	1707	0.944	0.020	6.036E-01	5.684E-01	1.661E-02	2.525E-01	48	AF-A1C9W6-F1-model_v6 Chromatin-remodeling ATPase INO80
MC25_sitophilus_oryzae_2	AF-A8A036-F1-model_v6	0.000	48	36	565	1.000	0.081	5.570E-01	5.472E-01	5.391E-02	2.525E-01	45	AF-A8A036-F1-model_v6 NAD-dependent malic enzyme
MC25_sitophilus_oryzae_2	AF-Q8HXI3-F1-model_v6	0.015	127	36	456	0.944	0.263	5.457E-01	5.128E-01	5.391E-02	2.525E-01	45	AF-Q8HXI3-F1-model_v6 Putative sodium-coupled neutral amino acid transporter 11
MC25_sitophilus_oryzae_2	AF-Q4L4I5-F1-model_v6	0.038	26	36	661	0.722	0.038	6.873E-01	5.141E-01	3.554E-02	2.525E-01	46	AF-Q4L4I5-F1-model_v6 UvrABC system protein B
MC25_sitophilus_oryzae_2	AF-P62587-F1-model_v6	0.090	22	36	382	0.556	0.058	7.433E-01	4.882E-01	5.078E-02	2.525E-01	45	AF-P62587-F1-model_v6 Capsule polysaccharide export inner-membrane protein KpsE
MC25_sitophilus_oryzae_2	AF-P42261-3-F1-model_v6	0.006	287	36	826	0.944	0.344	5.952E-01	5.623E-01	3.517E-02	2.524E-01	47	AF-P42261-3-F1-model_v6 Glutamate receptor 1
MC25_sitophilus_oryzae_2	AF-A5E708-F1-model_v6	0.004	480	36	1443	1.000	0.331	5.788E-01	5.678E-01	2.219E-02	2.524E-01	48	AF-A5E708-F1-model_v6 Lysophospholipase NTE1
MC25_sitophilus_oryzae_2	AF-P62586-F1-model_v6	0.090	22	36	382	0.556	0.058	7.420E-01	4.882E-01	5.078E-02	2.524E-01	45	AF-P62586-F1-model_v6 Capsule polysaccharide export inner-membrane protein KpsE
MC25_sitophilus_oryzae_2	AF-Q8D397-F1-model_v6	0.016	61	36	368	0.944	0.144	5.368E-01	5.047E-01	6.465E-02	2.523E-01	44	AF-Q8D397-F1-model_v6 tRNA-specific 2-thiouridylase MnmA
MC25_sitophilus_oryzae_2	AF-Q5B4Z3-F1-model_v6	0.031	63	36	1346	1.000	0.044	5.806E-01	5.696E-01	2.268E-02	2.523E-01	48	AF-Q5B4Z3-F1-model_v6 Cytokinesis protein sepH
MC25_sitophilus_oryzae_2	AF-Q8I4M5-2-F1-model_v6	0.003	255	36	1049	1.000	0.237	5.644E-01	5.533E-01	2.710E-02	2.523E-01	47	AF-Q8I4M5-2-F1-model_v6 Germline survival defective-1
MC25_sitophilus_oryzae_2	AF-Q3ZCQ8-2-F1-model_v6	0.037	27	36	456	0.722	0.059	6.469E-01	5.166E-01	5.320E-02	2.523E-01	45	AF-Q3ZCQ8-2-F1-model_v6 Mitochondrial import inner membrane translocase subunit TIM50
MC25_sitophilus_oryzae_2	AF-B7N4P2-F1-model_v6	0.000	48	36	565	1.000	0.081	5.567E-01	5.469E-01	5.389E-02	2.523E-01	45	AF-B7N4P2-F1-model_v6 NAD-dependent malic enzyme
MC25_sitophilus_oryzae_2	AF-Q8ZLB8-F1-model_v6	0.056	53	36	1180	1.000	0.042	5.951E-01	5.846E-01	2.595E-02	2.523E-01	47	AF-Q8ZLB8-F1-model_v6 Cellulose synthase operon protein C
MC25_sitophilus_oryzae_2	AF-Q5E6T3-F1-model_v6	0.026	38	36	362	1.000	0.083	5.988E-01	5.300E-01	7.171E-02	2.523E-01	43	AF-Q5E6T3-F1-model_v6 Peptide chain release factor 1
MC25_sitophilus_oryzae_2	AF-Q2TAC6-F1-model_v6	0.105	38	36	998	1.000	0.031	6.144E-01	5.491E-01	2.778E-02	2.522E-01	47	AF-Q2TAC6-F1-model_v6 Kinesin-like protein KIF19
MC25_sitophilus_oryzae_2	AF-Q8DYL6-F1-model_v6	0.040	25	36	663	0.694	0.036	6.989E-01	5.134E-01	3.441E-02	2.522E-01	47	AF-Q8DYL6-F1-model_v6 UvrABC system protein B
MC25_sitophilus_oryzae_2	AF-Q5XH07-F1-model_v6	0.002	342	36	472	1.000	0.710	5.222E-01	5.114E-01	5.441E-02	2.522E-01	45	AF-Q5XH07-F1-model_v6 Threonine synthase-like 2
MC25_sitophilus_oryzae_2	AF-A7ZLS1-F1-model_v6	0.020	48	36	565	1.000	0.081	5.568E-01	5.470E-01	5.392E-02	2.522E-01	45	AF-A7ZLS1-F1-model_v6 NAD-dependent malic enzyme
MC25_sitophilus_oryzae_2	AF-A1E9I2-F1-model_v6	0.000	38	36	682	0.889	0.050	5.874E-01	5.308E-01	3.850E-02	2.522E-01	46	AF-A1E9I2-F1-model_v6 DNA-directed RNA polymerase subunit beta'
MC25_sitophilus_oryzae_2	AF-P41586-3-F1-model_v6	0.013	219	36	447	1.000	0.465	5.264E-01	5.156E-01	5.256E-02	2.521E-01	45	AF-P41586-3-F1-model_v6 Pituitary adenylate cyclase-activating polypeptide type I receptor
MC25_sitophilus_oryzae_2	AF-P26616-F1-model_v6	0.020	48	36	565	1.000	0.081	5.568E-01	5.470E-01	5.391E-02	2.521E-01	45	AF-P26616-F1-model_v6 NAD-dependent malic enzyme
MC25_sitophilus_oryzae_2	AF-Q99ZA5-F1-model_v6	0.080	25	36	663	0.694	0.036	7.022E-01	5.144E-01	3.443E-02	2.521E-01	47	AF-Q99ZA5-F1-model_v6 UvrABC system protein B
MC25_sitophilus_oryzae_2	AF-Q5KVC0-F1-model_v6	0.040	49	36	270	0.611	0.178	6.699E-01	4.803E-01	7.470E-02	2.521E-01	43	AF-Q5KVC0-F1-model_v6 Phosphatidylglycerol--prolipoprotein diacylglyceryl transferase
MC25_sitophilus_oryzae_2	AF-Q7Z591-2-F1-model_v6	0.021	93	36	1358	1.000	0.066	5.785E-01	5.675E-01	2.235E-02	2.521E-01	48	AF-Q7Z591-2-F1-model_v6 Microtubule organization protein AKNA
MC25_sitophilus_oryzae_2	AF-Q62865-F1-model_v6	0.000	59	36	1141	1.000	0.046	5.788E-01	5.676E-01	2.510E-02	2.520E-01	47	AF-Q62865-F1-model_v6 cGMP-inhibited 3',5'-cyclic phosphodiesterase 3A
MC25_sitophilus_oryzae_2	AF-Q8BH02-F1-model_v6	0.054	37	36	426	0.944	0.077	5.802E-01	5.413E-01	6.474E-02	2.520E-01	44	AF-Q8BH02-F1-model_v6 Torsin-4A
MC25_sitophilus_oryzae_2	AF-Q59MD2-F1-model_v6	0.035	57	36	843	0.889	0.064	5.918E-01	5.334E-01	3.172E-02	2.520E-01	47	AF-Q59MD2-F1-model_v6 Transcriptional regulatory protein UME6
MC25_sitophilus_oryzae_2	AF-Q7M806-F1-model_v6	0.071	42	36	658	1.000	0.049	5.903E-01	5.334E-01	3.771E-02	2.520E-01	46	AF-Q7M806-F1-model_v6 UvrABC system protein B
MC25_sitophilus_oryzae_2	AF-A1CME3-F1-model_v6	0.065	76	36	1875	1.000	0.040	5.837E-01	5.732E-01	1.785E-02	2.520E-01	48	AF-A1CME3-F1-model_v6 COPII coat assembly protein sec16
MC25_sitophilus_oryzae_2	AF-A3N3J4-F1-model_v6	0.011	86	36	236	0.944	0.356	5.147E-01	4.907E-01	1.133E-01	2.520E-01	39	AF-A3N3J4-F1-model_v6 tRNA1(Val) (adenine(37)-N6)-methyltransferase
MC25_sitophilus_oryzae_2	AF-P0DH38-F1-model_v6	0.083	24	36	663	0.667	0.036	7.045E-01	5.129E-01	3.458E-02	2.520E-01	46	AF-P0DH38-F1-model_v6 UvrABC system protein B
MC25_sitophilus_oryzae_2	AF-Q9FMU6-F1-model_v6	0.048	41	36	375	0.833	0.101	5.946E-01	5.166E-01	6.596E-02	2.520E-01	43	AF-Q9FMU6-F1-model_v6 Mitochondrial phosphate carrier protein 3, mitochondrial
MC25_sitophilus_oryzae_2	AF-B5FBX0-F1-model_v6	0.026	38	36	362	1.000	0.083	5.983E-01	5.297E-01	7.171E-02	2.520E-01	43	AF-B5FBX0-F1-model_v6 Peptide chain release factor 1
MC25_sitophilus_oryzae_2	AF-A7LXT7-F1-model_v6	0.039	76	36	502	1.000	0.145	5.669E-01	5.584E-01	6.049E-02	2.520E-01	44	AF-A7LXT7-F1-model_v6 Xyloglucan-specific endo-beta-1,4-glucanase BoGH5A
MC25_sitophilus_oryzae_2	AF-Q8H0Y8-F1-model_v6	0.014	71	36	313	0.889	0.217	5.612E-01	5.153E-01	8.235E-02	2.519E-01	42	AF-Q8H0Y8-F1-model_v6 Probable WRKY transcription factor 41
MC25_sitophilus_oryzae_2	AF-A5F696-F1-model_v6	0.026	38	36	362	1.000	0.083	5.979E-01	5.294E-01	7.171E-02	2.519E-01	43	AF-A5F696-F1-model_v6 Peptide chain release factor 1
MC25_sitophilus_oryzae_2	AF-Q1JLB5-F1-model_v6	0.083	24	36	663	0.667	0.036	7.040E-01	5.127E-01	3.458E-02	2.519E-01	46	AF-Q1JLB5-F1-model_v6 UvrABC system protein B
MC25_sitophilus_oryzae_2	AF-Q9USY4-F1-model_v6	0.016	60	36	527	0.944	0.110	5.833E-01	5.544E-01	5.615E-02	2.519E-01	44	AF-Q9USY4-F1-model_v6 ARS-binding protein 2
MC25_sitophilus_oryzae_2	AF-Q6G5S9-F1-model_v6	0.008	114	36	345	1.000	0.304	5.225E-01	5.123E-01	7.099E-02	2.519E-01	43	AF-Q6G5S9-F1-model_v6 Protease HtpX homolog
MC25_sitophilus_oryzae_2	AF-Q8P0J7-F1-model_v6	0.083	24	36	663	0.667	0.036	7.037E-01	5.126E-01	3.458E-02	2.519E-01	46	AF-Q8P0J7-F1-model_v6 UvrABC system protein B
MC25_sitophilus_oryzae_2	AF-Q83HV5-F1-model_v6	0.065	61	36	806	1.000	0.072	5.724E-01	5.622E-01	3.801E-02	2.519E-01	46	AF-Q83HV5-F1-model_v6 Leucine--tRNA ligase
MC25_sitophilus_oryzae_2	AF-Q923I7-F1-model_v6	0.005	177	36	670	1.000	0.255	5.600E-01	5.497E-01	4.188E-02	2.519E-01	46	AF-Q923I7-F1-model_v6 Sodium/glucose cotransporter 2
MC25_sitophilus_oryzae_2	AF-Q96K19-F1-model_v6	0.000	22	36	258	0.556	0.085	6.586E-01	4.747E-01	7.426E-02	2.518E-01	42	AF-Q96K19-F1-model_v6 E3 ubiquitin-protein ligase RNF170
MC25_sitophilus_oryzae_2	AF-Q1JGE8-F1-model_v6	0.083	24	36	663	0.667	0.036	7.036E-01	5.125E-01	3.458E-02	2.518E-01	46	AF-Q1JGE8-F1-model_v6 UvrABC system protein B
MC25_sitophilus_oryzae_2	AF-Q1JBD1-F1-model_v6	0.083	24	36	663	0.667	0.036	7.035E-01	5.124E-01	3.458E-02	2.518E-01	46	AF-Q1JBD1-F1-model_v6 UvrABC system protein B
MC25_sitophilus_oryzae_2	AF-Q88YI8-F1-model_v6	0.000	40	36	667	0.917	0.054	5.975E-01	5.528E-01	4.086E-02	2.518E-01	46	AF-Q88YI8-F1-model_v6 UvrABC system protein B
MC25_sitophilus_oryzae_2	AF-P94846-F1-model_v6	0.046	43	36	658	1.000	0.049	5.885E-01	5.291E-01	3.676E-02	2.518E-01	46	AF-P94846-F1-model_v6 UvrABC system protein B
MC25_sitophilus_oryzae_2	AF-C4XU20-F1-model_v6	0.027	145	36	265	0.972	0.513	4.989E-01	4.783E-01	8.461E-02	2.517E-01	42	AF-C4XU20-F1-model_v6 Phosphatidylglycerol--prolipoprotein diacylglyceryl transferase
MC25_sitophilus_oryzae_2	AF-Q9Y2G9-3-F1-model_v6	0.025	39	36	1309	0.889	0.029	6.404E-01	5.875E-01	2.285E-02	2.517E-01	48	AF-Q9Y2G9-3-F1-model_v6 Protein strawberry notch homolog 2
MC25_sitophilus_oryzae_2	AF-B7MMW1-F1-model_v6	0.000	48	36	565	1.000	0.081	5.561E-01	5.463E-01	5.390E-02	2.517E-01	45	AF-B7MMW1-F1-model_v6 NAD-dependent malic enzyme
MC25_sitophilus_oryzae_2	AF-Q7XA86-F1-model_v6	0.015	188	36	340	0.944	0.541	5.470E-01	5.184E-01	7.819E-02	2.517E-01	42	AF-Q7XA86-F1-model_v6 Protein S-acyltransferase 10
MC25_sitophilus_oryzae_2	AF-A2AQ25-9-F1-model_v6	0.022	88	36	863	1.000	0.092	5.464E-01	5.349E-01	2.965E-02	2.517E-01	47	AF-A2AQ25-9-F1-model_v6 Sickle tail protein
MC25_sitophilus_oryzae_2	AF-Q84WE9-F1-model_v6	0.006	332	36	478	0.806	0.692	6.201E-01	5.335E-01	5.541E-02	2.517E-01	44	AF-Q84WE9-F1-model_v6 Lysine histidine transporter-like 7
MC25_sitophilus_oryzae_2	AF-Q2FZJ9-F1-model_v6	0.022	45	36	366	0.833	0.109	5.893E-01	5.051E-01	6.261E-02	2.516E-01	44	AF-Q2FZJ9-F1-model_v6 Probable quinol oxidase subunit 2
MC25_sitophilus_oryzae_2	AF-Q5E9Q3-F1-model_v6	0.000	40	36	404	1.000	0.079	5.821E-01	5.312E-01	6.373E-02	2.516E-01	44	AF-Q5E9Q3-F1-model_v6 Mitochondrial potassium channel
MC25_sitophilus_oryzae_2	AF-P39134-F1-model_v6	0.012	158	36	631	0.972	0.247	5.762E-01	5.561E-01	4.821E-02	2.516E-01	45	AF-P39134-F1-model_v6 ATP-dependent protease PrkA
MC25_sitophilus_oryzae_2	AF-Q83ML6-F1-model_v6	0.000	48	36	565	1.000	0.081	5.558E-01	5.461E-01	5.390E-02	2.516E-01	45	AF-Q83ML6-F1-model_v6 NAD-dependent malic enzyme
MC25_sitophilus_oryzae_2	AF-Q48SZ1-F1-model_v6	0.083	24	36	663	0.667	0.036	7.034E-01	5.124E-01	3.458E-02	2.516E-01	46	AF-Q48SZ1-F1-model_v6 UvrABC system protein B
MC25_sitophilus_oryzae_2	AF-P59715-F1-model_v6	0.040	50	36	413	1.000	0.102	5.250E-01	5.143E-01	6.135E-02	2.516E-01	44	AF-P59715-F1-model_v6 Cardiolipin synthase B
MC25_sitophilus_oryzae_2	AF-C3LPI4-F1-model_v6	0.026	38	36	362	1.000	0.083	5.978E-01	5.295E-01	7.172E-02	2.516E-01	43	AF-C3LPI4-F1-model_v6 Peptide chain release factor 1
MC25_sitophilus_oryzae_2	AF-P38694-F1-model_v6	0.019	51	36	644	1.000	0.073	5.532E-01	5.432E-01	4.583E-02	2.516E-01	45	AF-P38694-F1-model_v6 Putative aldehyde dehydrogenase-like protein YHR039C
MC25_sitophilus_oryzae_2	AF-Q84RR0-F1-model_v6	0.011	89	36	562	0.917	0.155	5.944E-01	5.549E-01	5.117E-02	2.515E-01	45	AF-Q84RR0-F1-model_v6 Probable E3 ubiquitin-protein ligase ARI7
MC25_sitophilus_oryzae_2	AF-Q7NSI8-F1-model_v6	0.038	77	36	359	0.806	0.214	6.058E-01	5.265E-01	7.382E-02	2.515E-01	43	AF-Q7NSI8-F1-model_v6 Protein-glutamate methylesterase/protein-glutamine glutaminase 3
MC25_sitophilus_oryzae_2	AF-Q8X4Q8-F1-model_v6	0.000	216	36	290	0.944	0.724	5.234E-01	4.927E-01	8.492E-02	2.514E-01	42	AF-Q8X4Q8-F1-model_v6 Ribosomal large subunit pseudouridine synthase B
MC25_sitophilus_oryzae_2	AF-Q70Z44-2-F1-model_v6	0.000	39	36	279	0.944	0.125	5.180E-01	4.912E-01	9.216E-02	2.514E-01	41	AF-Q70Z44-2-F1-model_v6 5-hydroxytryptamine receptor 3D
MC25_sitophilus_oryzae_2	AF-B2UUA1-F1-model_v6	0.021	94	36	284	0.972	0.317	5.204E-01	5.016E-01	9.160E-02	2.514E-01	41	AF-B2UUA1-F1-model_v6 Phosphatidylglycerol--prolipoprotein diacylglyceryl transferase
MC25_sitophilus_oryzae_2	AF-Q921V5-F1-model_v6	0.008	114	36	442	0.889	0.249	5.675E-01	5.180E-01	5.896E-02	2.514E-01	44	AF-Q921V5-F1-model_v6 Alpha-1,6-mannosyl-glycoprotein 2-beta-N-acetylglucosaminyltransferase
MC25_sitophilus_oryzae_2	AF-Q87RN4-F1-model_v6	0.026	38	36	362	1.000	0.083	5.972E-01	5.291E-01	7.169E-02	2.514E-01	43	AF-Q87RN4-F1-model_v6 Peptide chain release factor 1
MC25_sitophilus_oryzae_2	AF-Q8FJN9-F1-model_v6	0.040	50	36	413	1.000	0.102	5.248E-01	5.142E-01	6.137E-02	2.514E-01	44	AF-Q8FJN9-F1-model_v6 Cardiolipin synthase B
MC25_sitophilus_oryzae_2	AF-Q60YF6-F1-model_v6	0.025	40	36	473	0.972	0.068	5.855E-01	5.288E-01	5.312E-02	2.514E-01	45	AF-Q60YF6-F1-model_v6 Mediator of RNA polymerase II transcription subunit 29
MC25_sitophilus_oryzae_2	AF-Q3USY0-2-F1-model_v6	0.011	179	36	428	1.000	0.402	5.370E-01	5.273E-01	6.237E-02	2.514E-01	44	AF-Q3USY0-2-F1-model_v6 Putative sodium-coupled neutral amino acid transporter 11
MC25_sitophilus_oryzae_2	AF-P54412-3-F1-model_v6	0.000	40	36	365	0.917	0.099	5.519E-01	5.082E-01	6.923E-02	2.513E-01	43	AF-P54412-3-F1-model_v6 Probable elongation factor 1-gamma
MC25_sitophilus_oryzae_2	AF-Q86UQ4-5-F1-model_v6	0.030	33	36	2323	0.861	0.013	6.323E-01	5.537E-01	1.211E-02	2.513E-01	49	AF-Q86UQ4-5-F1-model_v6 ATP-binding cassette sub-family A member 13
MC25_sitophilus_oryzae_2	AF-Q8XWR3-F1-model_v6	0.000	77	36	303	0.667	0.254	6.339E-01	4.856E-01	7.288E-02	2.513E-01	43	AF-Q8XWR3-F1-model_v6 Phosphatidylglycerol--prolipoprotein diacylglyceryl transferase
MC25_sitophilus_oryzae_2	AF-Q6FK56-F1-model_v6	0.027	36	36	440	0.917	0.077	5.723E-01	5.318E-01	6.232E-02	2.513E-01	44	AF-Q6FK56-F1-model_v6 Autophagy-related protein 23
MC25_sitophilus_oryzae_2	AF-Q6PB44-F1-model_v6	0.003	251	36	1692	0.972	0.145	5.991E-01	5.760E-01	1.715E-02	2.512E-01	48	AF-Q6PB44-F1-model_v6 Tyrosine-protein phosphatase non-receptor type 23
MC25_sitophilus_oryzae_2	AF-A1VYC7-F1-model_v6	0.052	38	36	271	0.722	0.137	5.927E-01	4.897E-01	8.452E-02	2.512E-01	41	AF-A1VYC7-F1-model_v6 Phosphatidylglycerol--prolipoprotein diacylglyceryl transferase
MC25_sitophilus_oryzae_2	AF-P38356-F1-model_v6	0.019	51	36	321	1.000	0.137	5.286E-01	5.190E-01	7.939E-02	2.512E-01	42	AF-P38356-F1-model_v6 Metal homeostatis protein BSD2
MC25_sitophilus_oryzae_2	AF-Q09MI7-F1-model_v6	0.026	38	36	680	0.889	0.050	5.896E-01	5.331E-01	3.868E-02	2.512E-01	46	AF-Q09MI7-F1-model_v6 DNA-directed RNA polymerase subunit beta'
MC25_sitophilus_oryzae_2	AF-Q7KRS9-F1-model_v6	0.000	86	36	1664	1.000	0.047	5.597E-01	5.483E-01	1.635E-02	2.511E-01	48	AF-Q7KRS9-F1-model_v6 MYND-type zinc finger-containing chromatin reader Zmynd8
MC25_sitophilus_oryzae_2	AF-A8YXN4-F1-model_v6	0.054	37	36	277	0.917	0.126	5.251E-01	4.889E-01	9.560E-02	2.511E-01	40	AF-A8YXN4-F1-model_v6 Energy-coupling factor transporter transmembrane protein EcfT
MC25_sitophilus_oryzae_2	AF-Q9HGM3-F1-model_v6	0.102	39	36	773	1.000	0.040	6.072E-01	5.344E-01	3.416E-02	2.511E-01	46	AF-Q9HGM3-F1-model_v6 Mitochondrial inner membrane m-AAA protease component yta12
MC25_sitophilus_oryzae_2	AF-Q01969-F1-model_v6	0.000	43	36	400	0.889	0.100	5.733E-01	5.225E-01	6.584E-02	2.511E-01	43	AF-Q01969-F1-model_v6 Outer membrane protein alpha
MC25_sitophilus_oryzae_2	AF-A5CEC8-F1-model_v6	0.003	300	36	492	0.889	0.608	5.778E-01	5.339E-01	5.860E-02	2.511E-01	44	AF-A5CEC8-F1-model_v6 Glutamyl-tRNA(Gln) amidotransferase subunit A
MC25_sitophilus_oryzae_2	AF-A0A2V5HP22-F1-model_v6	0.000	134	36	426	1.000	0.303	5.318E-01	5.247E-01	6.576E-02	2.510E-01	43	AF-A0A2V5HP22-F1-model_v6 O-methyltransferase pyvH
MC25_sitophilus_oryzae_2	AF-P62134-F1-model_v6	0.001	506	36	993	0.833	0.510	6.337E-01	5.562E-01	2.884E-02	2.510E-01	47	AF-P62134-F1-model_v6 DNA double-strand break repair Rad50 ATPase
MC25_sitophilus_oryzae_2	AF-Q6NRD5-F1-model_v6	0.003	311	36	444	0.861	0.691	5.856E-01	5.181E-01	5.563E-02	2.510E-01	44	AF-Q6NRD5-F1-model_v6 piRNA biogenesis protein EXD1
MC25_sitophilus_oryzae_2	AF-P19438-4-F1-model_v6	0.018	54	36	228	0.944	0.193	5.063E-01	4.759E-01	9.467E-02	2.510E-01	40	AF-P19438-4-F1-model_v6 Tumor necrosis factor receptor superfamily member 1A
MC25_sitophilus_oryzae_2	AF-Q8N720-F1-model_v6	0.027	36	36	491	0.889	0.065	5.803E-01	5.252E-01	5.243E-02	2.510E-01	45	AF-Q8N720-F1-model_v6 Zinc finger protein 655
MC25_sitophilus_oryzae_2	AF-Q2GDG2-F1-model_v6	0.064	31	36	365	0.833	0.082	5.869E-01	5.269E-01	7.397E-02	2.510E-01	42	AF-Q2GDG2-F1-model_v6 Peptide chain release factor 2
MC25_sitophilus_oryzae_2	AF-Q1KXX1-F1-model_v6	0.051	39	36	689	0.917	0.051	5.773E-01	5.369E-01	3.901E-02	2.510E-01	46	AF-Q1KXX1-F1-model_v6 DNA-directed RNA polymerase subunit beta'
MC25_sitophilus_oryzae_2	AF-B5XLX7-F1-model_v6	0.083	24	36	663	0.667	0.036	7.011E-01	5.117E-01	3.457E-02	2.510E-01	46	AF-B5XLX7-F1-model_v6 UvrABC system protein B
MC25_sitophilus_oryzae_2	AF-Q9UHP3-3-F1-model_v6	0.078	38	36	1125	0.889	0.030	5.957E-01	5.343E-01	2.371E-02	2.509E-01	47	AF-Q9UHP3-3-F1-model_v6 Ubiquitin carboxyl-terminal hydrolase 25
MC25_sitophilus_oryzae_2	AF-P58356-F1-model_v6	0.054	110	36	914	1.000	0.119	5.927E-01	5.847E-01	3.655E-02	2.509E-01	46	AF-P58356-F1-model_v6 Sensor protein TorS
MC25_sitophilus_oryzae_2	AF-Q03519-F1-model_v6	0.027	37	36	686	0.944	0.045	6.168E-01	5.477E-01	3.858E-02	2.509E-01	46	AF-Q03519-F1-model_v6 Antigen peptide transporter 2
MC25_sitophilus_oryzae_2	AF-Q6GPE9-F1-model_v6	0.000	37	36	699	0.861	0.047	5.985E-01	5.234E-01	3.619E-02	2.509E-01	46	AF-Q6GPE9-F1-model_v6 SHC SH2 domain-binding protein 1 homolog A
MC25_sitophilus_oryzae_2	AF-Q239Y2-F1-model_v6	0.048	41	36	1703	1.000	0.019	6.075E-01	5.579E-01	1.591E-02	2.508E-01	48	AF-Q239Y2-F1-model_v6 Ferlin 2
MC25_sitophilus_oryzae_2	AF-G5EGS3-5-F1-model_v6	0.010	96	36	1461	1.000	0.060	5.541E-01	5.429E-01	1.844E-02	2.508E-01	48	AF-G5EGS3-5-F1-model_v6 Kinesin-like protein klp-12
MC25_sitophilus_oryzae_2	AF-Q1GS43-F1-model_v6	0.065	46	36	911	1.000	0.049	5.832E-01	5.733E-01	3.588E-02	2.508E-01	46	AF-Q1GS43-F1-model_v6 Protein translocase subunit SecA
MC25_sitophilus_oryzae_2	AF-Q5H7N8-F1-model_v6	0.068	29	36	429	0.667	0.068	6.487E-01	5.116E-01	5.341E-02	2.508E-01	44	AF-Q5H7N8-F1-model_v6 Zinc finger CCCH domain-containing protein 15
MC25_sitophilus_oryzae_2	AF-Q8TF46-3-F1-model_v6	0.004	456	36	750	1.000	0.601	5.428E-01	5.319E-01	3.753E-02	2.508E-01	46	AF-Q8TF46-3-F1-model_v6 DIS3-like exonuclease 1
MC25_sitophilus_oryzae_2	AF-A5D794-F1-model_v6	0.000	66	36	1413	1.000	0.043	5.806E-01	5.693E-01	2.100E-02	2.508E-01	48	AF-A5D794-F1-model_v6 GTPase-activating protein and VPS9 domain-containing protein 1
MC25_sitophilus_oryzae_2	AF-Q5XVA8-2-F1-model_v6	0.000	25	36	356	0.556	0.070	7.318E-01	4.807E-01	5.417E-02	2.508E-01	44	AF-Q5XVA8-2-F1-model_v6 Uncharacterized protein At3g49055
MC25_sitophilus_oryzae_2	AF-Q68XX2-F1-model_v6	0.085	35	36	1135	0.833	0.029	6.471E-01	5.670E-01	2.405E-02	2.508E-01	47	AF-Q68XX2-F1-model_v6 Uncharacterized protein RT0032
MC25_sitophilus_oryzae_2	AF-F1LTE0-F1-model_v6	0.009	213	36	1992	1.000	0.105	5.830E-01	5.716E-01	1.590E-02	2.508E-01	48	AF-F1LTE0-F1-model_v6 Protein TANC2
MC25_sitophilus_oryzae_2	AF-Q5U597-F1-model_v6	0.000	103	36	330	1.000	0.300	5.125E-01	5.047E-01	8.494E-02	2.507E-01	41	AF-Q5U597-F1-model_v6 Src kinase-associated phosphoprotein 2-B
MC25_sitophilus_oryzae_2	AF-P51392-F1-model_v6	0.032	62	36	656	1.000	0.090	5.613E-01	5.513E-01	4.573E-02	2.507E-01	45	AF-P51392-F1-model_v6 Uncharacterized sensor-like histidine kinase ycf26
MC25_sitophilus_oryzae_2	AF-A0A443I7W9-F1-model_v6	0.004	218	36	470	0.917	0.455	5.430E-01	4.985E-01	5.454E-02	2.507E-01	44	AF-A0A443I7W9-F1-model_v6 Aminoacyl transferase sphA
MC25_sitophilus_oryzae_2	AF-Q8PRZ9-F1-model_v6	0.041	24	36	670	0.667	0.036	6.900E-01	5.093E-01	3.424E-02	2.507E-01	46	AF-Q8PRZ9-F1-model_v6 UvrABC system protein B
MC25_sitophilus_oryzae_2	AF-Q08032-F1-model_v6	0.000	473	36	650	0.889	0.722	6.082E-01	5.515E-01	4.060E-02	2.507E-01	46	AF-Q08032-F1-model_v6 Cell division control protein 45
MC25_sitophilus_oryzae_2	AF-C0MDC6-F1-model_v6	0.041	24	36	663	0.667	0.036	6.991E-01	5.105E-01	3.456E-02	2.507E-01	46	AF-C0MDC6-F1-model_v6 UvrABC system protein B
MC25_sitophilus_oryzae_2	AF-P36372-F1-model_v6	0.027	37	36	703	0.944	0.044	6.183E-01	5.488E-01	3.769E-02	2.507E-01	46	AF-P36372-F1-model_v6 Antigen peptide transporter 2
MC25_sitophilus_oryzae_2	AF-Q86SQ6-2-F1-model_v6	0.052	38	36	463	0.944	0.071	5.881E-01	5.485E-01	5.893E-02	2.507E-01	44	AF-Q86SQ6-2-F1-model_v6 Adhesion G protein-coupled receptor A1
MC25_sitophilus_oryzae_2	AF-Q6FQ87-F1-model_v6	0.007	135	36	676	1.000	0.191	5.438E-01	5.335E-01	4.061E-02	2.506E-01	46	AF-Q6FQ87-F1-model_v6 Mediator of RNA polymerase II transcription subunit 17
MC25_sitophilus_oryzae_2	AF-B1A926-F1-model_v6	0.026	38	36	680	0.889	0.050	5.867E-01	5.307E-01	3.866E-02	2.506E-01	46	AF-B1A926-F1-model_v6 DNA-directed RNA polymerase subunit beta'
MC25_sitophilus_oryzae_2	AF-Q9NZL6-F1-model_v6	0.028	107	36	768	1.000	0.134	5.683E-01	5.581E-01	3.890E-02	2.506E-01	46	AF-Q9NZL6-F1-model_v6 Ral guanine nucleotide dissociation stimulator-like 1
MC25_sitophilus_oryzae_2	AF-Q61092-F1-model_v6	0.027	37	36	1191	0.889	0.030	6.154E-01	5.562E-01	2.468E-02	2.506E-01	47	AF-Q61092-F1-model_v6 Laminin subunit gamma-2
MC25_sitophilus_oryzae_2	AF-P79122-F1-model_v6	0.000	227	36	703	0.806	0.317	6.343E-01	5.296E-01	3.410E-02	2.506E-01	46	AF-P79122-F1-model_v6 Pinin
MC25_sitophilus_oryzae_2	AF-P23503-F1-model_v6	0.005	345	36	491	0.917	0.703	5.906E-01	5.555E-01	6.181E-02	2.506E-01	44	AF-P23503-F1-model_v6 Cytosolic Fe-S cluster assembly factor NAR1
MC25_sitophilus_oryzae_2	AF-Q1J665-F1-model_v6	0.083	24	36	663	0.667	0.036	7.005E-01	5.113E-01	3.457E-02	2.505E-01	46	AF-Q1J665-F1-model_v6 UvrABC system protein B
MC25_sitophilus_oryzae_2	AF-Q8ZQP4-F1-model_v6	0.040	50	36	413	1.000	0.102	5.203E-01	5.100E-01	6.177E-02	2.505E-01	44	AF-Q8ZQP4-F1-model_v6 Cardiolipin synthase B
MC25_sitophilus_oryzae_2	AF-Q5X118-F1-model_v6	0.020	143	36	256	0.861	0.535	5.526E-01	4.943E-01	9.049E-02	2.505E-01	41	AF-Q5X118-F1-model_v6 Phosphatidylglycerol--prolipoprotein diacylglyceryl transferase
MC25_sitophilus_oryzae_2	AF-Q9JJZ4-F1-model_v6	0.000	22	36	318	0.556	0.069	6.959E-01	4.809E-01	6.069E-02	2.505E-01	44	AF-Q9JJZ4-F1-model_v6 Ubiquitin-conjugating enzyme E2 J1
MC25_sitophilus_oryzae_2	AF-Q04W97-F1-model_v6	0.025	119	36	281	0.917	0.416	5.467E-01	5.162E-01	9.763E-02	2.505E-01	40	AF-Q04W97-F1-model_v6 Diaminopimelate epimerase
MC25_sitophilus_oryzae_2	AF-Q2GAI7-F1-model_v6	0.084	59	36	796	0.778	0.073	6.324E-01	5.280E-01	3.202E-02	2.505E-01	46	AF-Q2GAI7-F1-model_v6 Phenylalanine--tRNA ligase beta subunit
MC25_sitophilus_oryzae_2	AF-B6JMH5-F1-model_v6	0.021	94	36	284	0.972	0.317	5.190E-01	5.003E-01	9.169E-02	2.505E-01	41	AF-B6JMH5-F1-model_v6 Phosphatidylglycerol--prolipoprotein diacylglyceryl transferase
MC25_sitophilus_oryzae_2	AF-A7H4X1-F1-model_v6	0.052	38	36	271	0.722	0.137	5.914E-01	4.884E-01	8.456E-02	2.505E-01	41	AF-A7H4X1-F1-model_v6 Phosphatidylglycerol--prolipoprotein diacylglyceryl transferase
MC25_sitophilus_oryzae_2	AF-Q9JVA0-F1-model_v6	0.033	90	36	787	1.000	0.104	5.524E-01	5.413E-01	3.382E-02	2.504E-01	46	AF-Q9JVA0-F1-model_v6 Phenylalanine--tRNA ligase beta subunit
MC25_sitophilus_oryzae_2	AF-Q0ZZJ6-F1-model_v6	0.024	82	36	1652	0.917	0.047	6.289E-01	5.830E-01	1.709E-02	2.504E-01	48	AF-Q0ZZJ6-F1-model_v6 A.superbus venom factor 1
MC25_sitophilus_oryzae_2	AF-P54840-F1-model_v6	0.000	25	36	703	0.639	0.036	7.172E-01	5.137E-01	3.183E-02	2.504E-01	46	AF-P54840-F1-model_v6 Glycogen [starch] synthase, liver
MC25_sitophilus_oryzae_2	AF-Q7TMB8-F1-model_v6	0.015	64	36	1253	0.944	0.049	6.088E-01	5.762E-01	2.371E-02	2.504E-01	47	AF-Q7TMB8-F1-model_v6 Cytoplasmic FMR1-interacting protein 1
MC25_sitophilus_oryzae_2	AF-Q6VV64-F1-model_v6	0.034	58	36	394	1.000	0.135	5.538E-01	5.448E-01	7.188E-02	2.504E-01	43	AF-Q6VV64-F1-model_v6 Potassium channel subfamily K member 18
MC25_sitophilus_oryzae_2	AF-Q9GZU7-2-F1-model_v6	0.006	155	36	260	0.889	0.588	5.423E-01	4.977E-01	9.861E-02	2.504E-01	40	AF-Q9GZU7-2-F1-model_v6 Carboxy-terminal domain RNA polymerase II polypeptide A small phosphatase 1
MC25_sitophilus_oryzae_2	AF-B3PJP4-F1-model_v6	0.052	38	36	360	0.944	0.092	5.711E-01	5.366E-01	7.523E-02	2.503E-01	42	AF-B3PJP4-F1-model_v6 Peptide chain release factor 1
MC25_sitophilus_oryzae_2	AF-C4YRY0-F1-model_v6	0.105	38	36	450	0.833	0.073	5.815E-01	4.940E-01	5.170E-02	2.503E-01	44	AF-C4YRY0-F1-model_v6 Glutamyl-tRNA(Gln) amidotransferase subunit A, mitochondrial
MC25_sitophilus_oryzae_2	AF-Q90600-F1-model_v6	0.000	181	36	921	1.000	0.192	5.615E-01	5.513E-01	3.233E-02	2.503E-01	46	AF-Q90600-F1-model_v6 Retinoblastoma-associated protein
MC25_sitophilus_oryzae_2	AF-P85841-F1-model_v6	0.034	87	36	385	0.861	0.223	5.812E-01	5.272E-01	7.178E-02	2.503E-01	43	AF-P85841-F1-model_v6 Hyaluronidase 1 (Fragment)
MC25_sitophilus_oryzae_2	AF-Q8NBM4-F1-model_v6	0.000	264	36	344	1.000	0.735	5.053E-01	4.944E-01	6.616E-02	2.503E-01	43	AF-Q8NBM4-F1-model_v6 Ubiquitin-associated domain-containing protein 2
MC25_sitophilus_oryzae_2	AF-Q8IYL2-3-F1-model_v6	0.035	56	36	365	0.778	0.151	6.010E-01	5.033E-01	6.703E-02	2.503E-01	43	AF-Q8IYL2-3-F1-model_v6 Probable tRNA (uracil-O(2)-)-methyltransferase
MC25_sitophilus_oryzae_2	AF-Q5UYC8-F1-model_v6	0.011	170	36	686	0.972	0.236	5.617E-01	5.397E-01	3.763E-02	2.503E-01	46	AF-Q5UYC8-F1-model_v6 UvrABC system protein B
MC25_sitophilus_oryzae_2	AF-Q9CPM6-F1-model_v6	0.000	24	36	181	0.583	0.133	5.908E-01	4.495E-01	1.078E-01	2.502E-01	39	AF-Q9CPM6-F1-model_v6 Thiol:disulfide interchange protein DsbE
MC25_sitophilus_oryzae_2	AF-Q9P7M4-F1-model_v6	0.043	46	36	689	0.889	0.065	5.922E-01	5.373E-01	4.126E-02	2.502E-01	45	AF-Q9P7M4-F1-model_v6 Uncharacterized protein SPAP27G11.14c
MC25_sitophilus_oryzae_2	AF-Q96ME7-2-F1-model_v6	0.030	33	36	490	0.722	0.067	6.436E-01	5.139E-01	4.919E-02	2.502E-01	45	AF-Q96ME7-2-F1-model_v6 Zinc finger protein 512
MC25_sitophilus_oryzae_2	AF-A1CZE5-F1-model_v6	0.051	39	36	1708	0.944	0.020	6.024E-01	5.677E-01	1.659E-02	2.502E-01	48	AF-A1CZE5-F1-model_v6 Chromatin-remodeling ATPase INO80
MC25_sitophilus_oryzae_2	AF-B2LMI1-F1-model_v6	0.051	39	36	696	0.917	0.050	5.763E-01	5.362E-01	3.863E-02	2.502E-01	46	AF-B2LMI1-F1-model_v6 DNA-directed RNA polymerase subunit beta'
MC25_sitophilus_oryzae_2	AF-Q8T673-F1-model_v6	0.066	45	36	1449	0.972	0.030	5.983E-01	5.786E-01	2.234E-02	2.501E-01	47	AF-Q8T673-F1-model_v6 ABC transporter G family member 21
MC25_sitophilus_oryzae_2	AF-Q5Z8P2-F1-model_v6	0.000	170	36	445	1.000	0.369	5.250E-01	5.147E-01	5.972E-02	2.501E-01	44	AF-Q5Z8P2-F1-model_v6 RNA pseudouridine synthase 2, chloroplastic
MC25_sitophilus_oryzae_2	AF-Q7Z591-8-F1-model_v6	0.025	39	36	899	0.889	0.038	5.984E-01	5.370E-01	2.857E-02	2.501E-01	47	AF-Q7Z591-8-F1-model_v6 Microtubule organization protein AKNA
MC25_sitophilus_oryzae_2	AF-Q80W00-2-F1-model_v6	0.000	66	36	874	1.000	0.069	5.574E-01	5.463E-01	3.206E-02	2.501E-01	46	AF-Q80W00-2-F1-model_v6 Serine/threonine-protein phosphatase 1 regulatory subunit 10
MC25_sitophilus_oryzae_2	AF-P38187-F1-model_v6	0.000	580	36	747	0.944	0.774	5.928E-01	5.642E-01	3.988E-02	2.500E-01	46	AF-P38187-F1-model_v6 Ubiquitin carboxyl-terminal hydrolase 13
MC25_sitophilus_oryzae_2	AF-B0VM64-F1-model_v6	0.006	310	36	314	0.861	0.981	5.519E-01	4.947E-01	7.945E-02	2.500E-01	42	AF-B0VM64-F1-model_v6 tRNA dimethylallyltransferase
MC25_sitophilus_oryzae_2	AF-Q9SV15-2-F1-model_v6	0.095	21	36	324	0.583	0.065	6.891E-01	4.766E-01	6.117E-02	2.500E-01	43	AF-Q9SV15-2-F1-model_v6 Probable WRKY transcription factor 11
MC25_sitophilus_oryzae_2	AF-Q9LUU7-F1-model_v6	0.006	286	36	422	0.861	0.678	5.652E-01	5.076E-01	6.539E-02	2.500E-01	43	AF-Q9LUU7-F1-model_v6 Probable protein phosphatase 2C 43
MC25_sitophilus_oryzae_2	AF-A0A4P8W7L7-F1-model_v6	0.000	259	36	611	0.972	0.419	5.638E-01	5.433E-01	4.739E-02	2.500E-01	45	AF-A0A4P8W7L7-F1-model_v6 Pyrichalasin H cluster regulator pyiR
MC25_sitophilus_oryzae_2	AF-Q5KUD7-F1-model_v6	0.006	149	36	283	1.000	0.523	5.335E-01	5.266E-01	1.046E-01	2.500E-01	39	AF-Q5KUD7-F1-model_v6 Octanoyl-[GcvH]:protein N-octanoyltransferase
MC25_sitophilus_oryzae_2	AF-C5JT39-F1-model_v6	0.026	38	36	741	0.861	0.049	6.068E-01	5.418E-01	3.719E-02	2.500E-01	46	AF-C5JT39-F1-model_v6 Transcription activator of gluconeogenesis BDBG_05438
MC25_sitophilus_oryzae_2	AF-A5II42-F1-model_v6	0.020	143	36	256	0.861	0.535	5.495E-01	4.924E-01	9.046E-02	2.499E-01	41	AF-A5II42-F1-model_v6 Phosphatidylglycerol--prolipoprotein diacylglyceryl transferase
MC25_sitophilus_oryzae_2	AF-Q4P2W6-F1-model_v6	0.015	253	36	633	1.000	0.390	5.517E-01	5.413E-01	4.420E-02	2.499E-01	45	AF-Q4P2W6-F1-model_v6 Dol-P-Glc:Glc(2)Man(9)GlcNAc(2)-PP-Dol alpha-1,2-glucosyltransferase
MC25_sitophilus_oryzae_2	AF-P34712-F1-model_v6	0.076	39	36	1321	0.944	0.027	6.118E-01	5.797E-01	2.257E-02	2.499E-01	47	AF-P34712-F1-model_v6 Multidrug resistance protein pgp-1
MC25_sitophilus_oryzae_2	AF-A7MN74-F1-model_v6	0.000	48	36	566	1.000	0.081	5.568E-01	5.472E-01	5.436E-02	2.499E-01	44	AF-A7MN74-F1-model_v6 NAD-dependent malic enzyme
MC25_sitophilus_oryzae_2	AF-Q73MY7-F1-model_v6	0.000	64	36	662	1.000	0.091	5.583E-01	5.489E-01	4.504E-02	2.499E-01	45	AF-Q73MY7-F1-model_v6 UvrABC system protein B
MC25_sitophilus_oryzae_2	AF-Q29DV9-F1-model_v6	0.027	37	36	325	0.944	0.098	5.465E-01	5.039E-01	8.009E-02	2.499E-01	42	AF-Q29DV9-F1-model_v6 Mediator of RNA polymerase II transcription subunit 30
MC25_sitophilus_oryzae_2	AF-Q6MGA9-F1-model_v6	0.048	41	36	798	1.000	0.040	6.058E-01	5.460E-01	3.235E-02	2.499E-01	46	AF-Q6MGA9-F1-model_v6 Bromodomain-containing protein 2
MC25_sitophilus_oryzae_2	AF-Q8EWA4-F1-model_v6	0.019	52	36	356	0.611	0.143	6.998E-01	4.867E-01	5.724E-02	2.499E-01	44	AF-Q8EWA4-F1-model_v6 Phosphatidylglycerol--prolipoprotein diacylglyceryl transferase
MC25_sitophilus_oryzae_2	AF-A9FD62-F1-model_v6	0.048	83	36	372	0.972	0.218	5.379E-01	5.202E-01	7.805E-02	2.499E-01	42	AF-A9FD62-F1-model_v6 Lipoyl synthase
MC25_sitophilus_oryzae_2	AF-Q2FI17-F1-model_v6	0.022	45	36	366	0.833	0.109	5.854E-01	5.024E-01	6.253E-02	2.499E-01	43	AF-Q2FI17-F1-model_v6 Probable quinol oxidase subunit 2
MC25_sitophilus_oryzae_2	AF-L7N697-F1-model_v6	0.042	71	36	528	0.833	0.133	6.137E-01	5.439E-01	5.183E-02	2.498E-01	44	AF-L7N697-F1-model_v6 Esterase PE16
MC25_sitophilus_oryzae_2	AF-Q9K089-F1-model_v6	0.033	90	36	787	1.000	0.104	5.521E-01	5.411E-01	3.381E-02	2.498E-01	46	AF-Q9K089-F1-model_v6 Phenylalanine--tRNA ligase beta subunit
MC25_sitophilus_oryzae_2	AF-Q5AK64-F1-model_v6	0.102	39	36	450	0.917	0.071	5.573E-01	4.987E-01	5.294E-02	2.498E-01	44	AF-Q5AK64-F1-model_v6 Glutamyl-tRNA(Gln) amidotransferase subunit A, mitochondrial
MC25_sitophilus_oryzae_2	AF-B5Z7V8-F1-model_v6	0.021	94	36	284	0.972	0.317	5.184E-01	4.999E-01	9.171E-02	2.498E-01	41	AF-B5Z7V8-F1-model_v6 Phosphatidylglycerol--prolipoprotein diacylglyceryl transferase
MC25_sitophilus_oryzae_2	AF-A0LFF8-F1-model_v6	0.020	98	36	329	0.917	0.283	5.510E-01	5.146E-01	7.769E-02	2.497E-01	42	AF-A0LFF8-F1-model_v6 Malate dehydrogenase
MC25_sitophilus_oryzae_2	AF-Q82PM3-F1-model_v6	0.000	127	36	319	1.000	0.364	5.121E-01	5.021E-01	7.212E-02	2.497E-01	42	AF-Q82PM3-F1-model_v6 Non-homologous end joining protein Ku
MC25_sitophilus_oryzae_2	AF-Q7VUN5-F1-model_v6	0.025	40	36	262	0.833	0.134	5.629E-01	4.958E-01	8.741E-02	2.497E-01	41	AF-Q7VUN5-F1-model_v6 Phosphatidylglycerol--prolipoprotein diacylglyceryl transferase
MC25_sitophilus_oryzae_2	AF-Q1IWL4-F1-model_v6	0.050	40	36	629	0.806	0.059	6.203E-01	5.263E-01	3.924E-02	2.497E-01	46	AF-Q1IWL4-F1-model_v6 Chaperone protein DnaK
MC25_sitophilus_oryzae_2	AF-F7D3V9-F1-model_v6	0.014	71	36	902	1.000	0.068	5.496E-01	5.377E-01	2.745E-02	2.497E-01	47	AF-F7D3V9-F1-model_v6 Leucine-rich repeat-containing G-protein coupled receptor 5
MC25_sitophilus_oryzae_2	AF-Q6H1V1-2-F1-model_v6	0.076	39	36	537	0.611	0.073	7.234E-01	5.081E-01	3.966E-02	2.496E-01	45	AF-Q6H1V1-2-F1-model_v6 Bestrophin-3
MC25_sitophilus_oryzae_2	AF-Q8S2A7-F1-model_v6	0.075	40	36	802	1.000	0.039	6.003E-01	5.292E-01	3.194E-02	2.496E-01	46	AF-Q8S2A7-F1-model_v6 ATP-dependent zinc metalloprotease FTSH 3, mitochondrial
MC25_sitophilus_oryzae_2	AF-A4W1F7-F1-model_v6	0.083	24	36	661	0.667	0.036	6.943E-01	5.089E-01	3.465E-02	2.496E-01	46	AF-A4W1F7-F1-model_v6 UvrABC system protein B
MC25_sitophilus_oryzae_2	AF-A3M6J6-F1-model_v6	0.006	310	36	314	0.861	0.981	5.494E-01	4.930E-01	7.966E-02	2.495E-01	42	AF-A3M6J6-F1-model_v6 tRNA dimethylallyltransferase
MC25_sitophilus_oryzae_2	AF-B0V7B1-F1-model_v6	0.006	310	36	314	0.861	0.981	5.502E-01	4.934E-01	7.928E-02	2.495E-01	42	AF-B0V7B1-F1-model_v6 tRNA dimethylallyltransferase
MC25_sitophilus_oryzae_2	AF-B9DSH1-F1-model_v6	0.041	24	36	663	0.667	0.036	6.957E-01	5.094E-01	3.456E-02	2.495E-01	46	AF-B9DSH1-F1-model_v6 UvrABC system protein B
MC25_sitophilus_oryzae_2	AF-D4A039-F1-model_v6	0.217	23	36	757	0.583	0.030	7.285E-01	5.116E-01	2.745E-02	2.495E-01	47	AF-D4A039-F1-model_v6 Double zinc ribbon and ankyrin repeat-containing protein 1
MC25_sitophilus_oryzae_2	AF-Q5WSU4-F1-model_v6	0.020	143	36	256	0.861	0.535	5.493E-01	4.922E-01	9.043E-02	2.495E-01	41	AF-Q5WSU4-F1-model_v6 Phosphatidylglycerol--prolipoprotein diacylglyceryl transferase
MC25_sitophilus_oryzae_2	AF-A4R8G3-F1-model_v6	0.000	43	36	579	1.000	0.067	5.530E-01	5.435E-01	5.090E-02	2.494E-01	44	AF-A4R8G3-F1-model_v6 ATP-dependent RNA helicase DBP8
MC25_sitophilus_oryzae_2	AF-Q9XJ29-F1-model_v6	0.020	198	36	606	0.972	0.325	5.725E-01	5.554E-01	5.224E-02	2.494E-01	44	AF-Q9XJ29-F1-model_v6 Anthranilate synthase alpha subunit 2, chloroplastic
MC25_sitophilus_oryzae_2	AF-Q5FNY7-F1-model_v6	0.008	121	36	244	0.778	0.488	5.445E-01	4.615E-01	9.364E-02	2.494E-01	40	AF-Q5FNY7-F1-model_v6 ATP synthase subunit b 2
MC25_sitophilus_oryzae_2	AF-Q7V7J0-F1-model_v6	0.044	68	36	955	0.889	0.069	6.269E-01	5.742E-01	3.039E-02	2.494E-01	46	AF-Q7V7J0-F1-model_v6 UPF0182 protein PMT_0755
MC25_sitophilus_oryzae_2	AF-Q5ZRL2-F1-model_v6	0.020	143	36	256	0.861	0.535	5.492E-01	4.923E-01	9.045E-02	2.494E-01	40	AF-Q5ZRL2-F1-model_v6 Phosphatidylglycerol--prolipoprotein diacylglyceryl transferase
MC25_sitophilus_oryzae_2	AF-Q9ZKP6-F1-model_v6	0.021	94	36	283	0.972	0.318	5.168E-01	4.983E-01	9.162E-02	2.494E-01	41	AF-Q9ZKP6-F1-model_v6 Phosphatidylglycerol--prolipoprotein diacylglyceryl transferase
MC25_sitophilus_oryzae_2	AF-Q9C6S5-F1-model_v6	0.016	124	36	495	0.833	0.246	6.136E-01	5.393E-01	5.351E-02	2.493E-01	44	AF-Q9C6S5-F1-model_v6 Probable polyamine transporter At1g31830
MC25_sitophilus_oryzae_2	AF-O43318-F1-model_v6	0.000	36	36	606	0.861	0.054	6.016E-01	5.356E-01	4.356E-02	2.493E-01	45	AF-O43318-F1-model_v6 Mitogen-activated protein kinase kinase kinase 7
MC25_sitophilus_oryzae_2	AF-Q6DRL5-F1-model_v6	0.007	258	36	1269	0.861	0.203	6.362E-01	5.652E-01	2.330E-02	2.493E-01	47	AF-Q6DRL5-F1-model_v6 Myb-binding protein 1A-like protein
MC25_sitophilus_oryzae_2	AF-A0T0H4-F1-model_v6	0.000	89	36	706	1.000	0.116	5.430E-01	5.327E-01	3.834E-02	2.493E-01	46	AF-A0T0H4-F1-model_v6 Phenylalanine--tRNA ligase beta subunit, chloroplastic
MC25_sitophilus_oryzae_2	AF-Q96F07-2-F1-model_v6	0.002	394	36	1253	1.000	0.312	5.850E-01	5.749E-01	2.506E-02	2.493E-01	47	AF-Q96F07-2-F1-model_v6 Cytoplasmic FMR1-interacting protein 2
MC25_sitophilus_oryzae_2	AF-Q4L5N4-F1-model_v6	0.000	30	36	449	0.833	0.062	5.986E-01	5.040E-01	5.652E-02	2.492E-01	44	AF-Q4L5N4-F1-model_v6 UDP-N-acetylmuramoylalanine--D-glutamate ligase
MC25_sitophilus_oryzae_2	AF-O84290-F1-model_v6	0.013	152	36	563	0.833	0.261	6.037E-01	5.144E-01	4.214E-02	2.492E-01	45	AF-O84290-F1-model_v6 Inclusion membrane protein M
MC25_sitophilus_oryzae_2	AF-Q8LEE8-F1-model_v6	0.000	207	36	394	1.000	0.503	5.248E-01	5.148E-01	6.306E-02	2.492E-01	43	AF-Q8LEE8-F1-model_v6 Lipoyl synthase, chloroplastic
MC25_sitophilus_oryzae_2	AF-P38443-F1-model_v6	0.039	51	36	395	1.000	0.096	5.093E-01	4.981E-01	5.508E-02	2.492E-01	44	AF-P38443-F1-model_v6 Uncharacterized protein VC_1460
MC25_sitophilus_oryzae_2	AF-Q5GXY5-F1-model_v6	0.022	90	36	792	1.000	0.104	5.534E-01	5.424E-01	3.358E-02	2.491E-01	46	AF-Q5GXY5-F1-model_v6 Phenylalanine--tRNA ligase beta subunit
MC25_sitophilus_oryzae_2	AF-Q6PG34-F1-model_v6	0.029	67	36	547	0.972	0.115	5.495E-01	5.300E-01	5.134E-02	2.491E-01	44	AF-Q6PG34-F1-model_v6 Threonylcarbamoyladenosine tRNA methylthiotransferase
MC25_sitophilus_oryzae_2	AF-A7I1M8-F1-model_v6	0.078	38	36	279	0.722	0.133	6.046E-01	4.915E-01	8.214E-02	2.491E-01	41	AF-A7I1M8-F1-model_v6 Phosphatidylglycerol--prolipoprotein diacylglyceryl transferase
MC25_sitophilus_oryzae_2	AF-B1NWE1-F1-model_v6	0.026	38	36	680	0.889	0.050	5.883E-01	5.325E-01	3.867E-02	2.491E-01	45	AF-B1NWE1-F1-model_v6 DNA-directed RNA polymerase subunit beta'
MC25_sitophilus_oryzae_2	AF-Q6ENX2-F1-model_v6	0.000	38	36	683	0.889	0.050	5.887E-01	5.325E-01	3.846E-02	2.491E-01	46	AF-Q6ENX2-F1-model_v6 DNA-directed RNA polymerase subunit beta'
MC25_sitophilus_oryzae_2	AF-Q03445-2-F1-model_v6	0.009	305	36	726	0.944	0.416	5.820E-01	5.508E-01	3.987E-02	2.491E-01	45	AF-Q03445-2-F1-model_v6 Glutamate receptor 1
MC25_sitophilus_oryzae_2	AF-Q03JK4-F1-model_v6	0.041	24	36	668	0.667	0.036	6.918E-01	5.082E-01	3.430E-02	2.490E-01	46	AF-Q03JK4-F1-model_v6 UvrABC system protein B
MC25_sitophilus_oryzae_2	AF-Q7SZN2-F1-model_v6	0.090	22	36	266	0.556	0.083	6.352E-01	4.743E-01	7.218E-02	2.490E-01	42	AF-Q7SZN2-F1-model_v6 E3 ubiquitin-protein ligase RNF170
MC25_sitophilus_oryzae_2	AF-P9WQ84-F1-model_v6	0.035	57	36	771	1.000	0.070	5.510E-01	5.417E-01	3.944E-02	2.490E-01	45	AF-P9WQ84-F1-model_v6 Putative 8-amino-7-oxononanoate synthase 2
MC25_sitophilus_oryzae_2	AF-P17922-F1-model_v6	0.068	58	36	804	0.778	0.072	6.420E-01	5.346E-01	3.294E-02	2.489E-01	46	AF-P17922-F1-model_v6 Phenylalanine--tRNA ligase beta subunit
MC25_sitophilus_oryzae_2	AF-C3PHF5-F1-model_v6	0.150	40	36	496	1.000	0.079	5.617E-01	5.536E-01	6.359E-02	2.489E-01	43	AF-C3PHF5-F1-model_v6 UDP-N-acetylmuramate--L-alanine ligase
MC25_sitophilus_oryzae_2	AF-Q8MA11-F1-model_v6	0.000	38	36	661	0.889	0.051	5.907E-01	5.349E-01	3.970E-02	2.489E-01	45	AF-Q8MA11-F1-model_v6 DNA-directed RNA polymerase subunit beta'
MC25_sitophilus_oryzae_2	AF-Q56P12-F1-model_v6	0.051	39	36	689	0.917	0.051	5.740E-01	5.345E-01	3.901E-02	2.489E-01	45	AF-Q56P12-F1-model_v6 DNA-directed RNA polymerase subunit beta'
MC25_sitophilus_oryzae_2	AF-Q6C8A3-F1-model_v6	0.027	36	36	956	0.889	0.033	5.976E-01	5.387E-01	2.787E-02	2.488E-01	46	AF-Q6C8A3-F1-model_v6 DNA ligase 4
MC25_sitophilus_oryzae_2	AF-Q5M3D5-F1-model_v6	0.041	24	36	668	0.667	0.036	6.916E-01	5.080E-01	3.429E-02	2.488E-01	46	AF-Q5M3D5-F1-model_v6 UvrABC system protein B
MC25_sitophilus_oryzae_2	AF-Q45409-F1-model_v6	0.004	226	36	750	1.000	0.297	5.468E-01	5.365E-01	3.969E-02	2.488E-01	45	AF-Q45409-F1-model_v6 Putative tyrosine-protein kinase EpsB
MC25_sitophilus_oryzae_2	AF-A0A509AFG4-F1-model_v6	0.014	135	36	554	0.889	0.240	5.922E-01	5.385E-01	4.953E-02	2.488E-01	44	AF-A0A509AFG4-F1-model_v6 Calcium-dependent protein kinase 3
MC25_sitophilus_oryzae_2	AF-B8D6S5-F1-model_v6	0.003	252	36	512	1.000	0.488	5.645E-01	5.557E-01	5.996E-02	2.487E-01	43	AF-B8D6S5-F1-model_v6 ATP synthase subunit alpha
MC25_sitophilus_oryzae_2	AF-P96108-F1-model_v6	0.000	82	36	313	0.972	0.243	5.279E-01	5.090E-01	8.181E-02	2.487E-01	41	AF-P96108-F1-model_v6 Ornithine carbamoyltransferase
MC25_sitophilus_oryzae_2	AF-Q5HLN1-F1-model_v6	0.005	193	36	451	0.833	0.426	6.071E-01	5.392E-01	5.966E-02	2.487E-01	43	AF-Q5HLN1-F1-model_v6 Heme sensor protein HssS
MC25_sitophilus_oryzae_2	AF-B0BBW4-F1-model_v6	0.000	47	36	640	0.972	0.059	5.416E-01	5.185E-01	3.777E-02	2.486E-01	45	AF-B0BBW4-F1-model_v6 1-deoxy-D-xylulose-5-phosphate synthase
MC25_sitophilus_oryzae_2	AF-Q9GZU7-F1-model_v6	0.021	47	36	261	0.861	0.172	5.480E-01	4.941E-01	9.639E-02	2.486E-01	40	AF-Q9GZU7-F1-model_v6 Carboxy-terminal domain RNA polymerase II polypeptide A small phosphatase 1
MC25_sitophilus_oryzae_2	AF-Q2JKN5-F1-model_v6	0.020	99	36	330	0.861	0.291	5.554E-01	4.934E-01	7.405E-02	2.486E-01	42	AF-Q2JKN5-F1-model_v6 Ketol-acid reductoisomerase (NADP(+))
MC25_sitophilus_oryzae_2	AF-Q1INE2-F1-model_v6	0.015	126	36	290	0.944	0.400	5.121E-01	4.826E-01	7.561E-02	2.486E-01	42	AF-Q1INE2-F1-model_v6 Non-homologous end joining protein Ku
MC25_sitophilus_oryzae_2	AF-Q9I5Q2-F1-model_v6	0.000	52	36	1031	0.944	0.047	5.991E-01	5.662E-01	2.798E-02	2.486E-01	46	AF-Q9I5Q2-F1-model_v6 Error-prone DNA polymerase
MC25_sitophilus_oryzae_2	AF-C4R492-F1-model_v6	0.002	339	36	674	0.806	0.503	6.345E-01	5.464E-01	4.070E-02	2.486E-01	45	AF-C4R492-F1-model_v6 Oxidant-induced cell-cycle arrest protein 5
MC25_sitophilus_oryzae_2	AF-A0PWB3-F1-model_v6	0.022	133	36	511	0.889	0.252	5.809E-01	5.250E-01	5.020E-02	2.485E-01	44	AF-A0PWB3-F1-model_v6 Signal transduction histidine-protein kinase/phosphatase MprB
MC25_sitophilus_oryzae_2	AF-Q59X26-F1-model_v6	0.000	24	36	316	0.583	0.076	6.709E-01	4.799E-01	6.383E-02	2.485E-01	43	AF-Q59X26-F1-model_v6 Chromosome segregation in meiosis protein 3
MC25_sitophilus_oryzae_2	AF-A6SFG0-F1-model_v6	0.050	59	36	1306	1.000	0.041	5.539E-01	5.428E-01	2.242E-02	2.485E-01	47	AF-A6SFG0-F1-model_v6 Clustered mitochondria protein homolog
MC25_sitophilus_oryzae_2	AF-Q5LYS1-F1-model_v6	0.041	24	36	668	0.667	0.036	6.904E-01	5.076E-01	3.429E-02	2.485E-01	46	AF-Q5LYS1-F1-model_v6 UvrABC system protein B
MC25_sitophilus_oryzae_2	AF-Q8X7L9-F1-model_v6	0.000	289	36	720	1.000	0.390	5.445E-01	5.333E-01	3.627E-02	2.484E-01	46	AF-Q8X7L9-F1-model_v6 Tyrosine-protein kinase wzc
MC25_sitophilus_oryzae_2	AF-Q3BRU2-F1-model_v6	0.051	58	36	792	0.778	0.073	6.523E-01	5.463E-01	3.364E-02	2.484E-01	46	AF-Q3BRU2-F1-model_v6 Phenylalanine--tRNA ligase beta subunit
MC25_sitophilus_oryzae_2	AF-P25109-F1-model_v6	0.009	212	36	501	0.889	0.403	5.601E-01	4.972E-01	4.198E-02	2.484E-01	45	AF-P25109-F1-model_v6 Acetylcholine receptor subunit beta
MC25_sitophilus_oryzae_2	AF-P08428-F1-model_v6	0.015	196	36	545	1.000	0.352	5.620E-01	5.529E-01	5.440E-02	2.484E-01	44	AF-P08428-F1-model_v6 ATP synthase F(1) complex subunit alpha, mitochondrial
MC25_sitophilus_oryzae_2	AF-Q8EGJ3-F1-model_v6	0.000	24	36	216	0.528	0.111	6.586E-01	4.578E-01	8.551E-02	2.484E-01	41	AF-Q8EGJ3-F1-model_v6 Protein Syd
MC25_sitophilus_oryzae_2	AF-Q13Z07-F1-model_v6	0.000	101	36	540	1.000	0.180	5.561E-01	5.469E-01	5.437E-02	2.483E-01	44	AF-Q13Z07-F1-model_v6 Glucose-6-phosphate isomerase
MC25_sitophilus_oryzae_2	AF-Q12340-F1-model_v6	0.016	61	36	786	1.000	0.073	5.683E-01	5.579E-01	3.768E-02	2.483E-01	45	AF-Q12340-F1-model_v6 Zinc finger transcription factor YRM1
MC25_sitophilus_oryzae_2	AF-Q5F9T6-F1-model_v6	0.033	90	36	787	1.000	0.104	5.493E-01	5.384E-01	3.382E-02	2.483E-01	46	AF-Q5F9T6-F1-model_v6 Phenylalanine--tRNA ligase beta subunit
MC25_sitophilus_oryzae_2	AF-G0SHW7-F1-model_v6	0.103	29	36	1315	0.722	0.022	6.783E-01	5.429E-01	1.932E-02	2.483E-01	47	AF-G0SHW7-F1-model_v6 DNA repair protein RAD50
MC25_sitophilus_oryzae_2	AF-Q49ZT9-F1-model_v6	0.000	195	36	460	0.917	0.415	5.825E-01	5.445E-01	5.911E-02	2.482E-01	43	AF-Q49ZT9-F1-model_v6 Heme sensor protein HssS
MC25_sitophilus_oryzae_2	AF-C0MBF3-F1-model_v6	0.000	41	36	269	0.861	0.134	5.496E-01	4.971E-01	8.785E-02	2.482E-01	41	AF-C0MBF3-F1-model_v6 Energy-coupling factor transporter transmembrane protein EcfT
MC25_sitophilus_oryzae_2	AF-P42261-5-F1-model_v6	0.010	287	36	916	0.944	0.310	5.867E-01	5.539E-01	3.198E-02	2.482E-01	46	AF-P42261-5-F1-model_v6 Glutamate receptor 1
MC25_sitophilus_oryzae_2	AF-Q0CL79-F1-model_v6	0.028	71	36	1342	1.000	0.049	5.757E-01	5.653E-01	2.209E-02	2.482E-01	47	AF-Q0CL79-F1-model_v6 Cytokinesis protein sepH
MC25_sitophilus_oryzae_2	AF-P11230-F1-model_v6	0.009	212	36	501	0.889	0.403	5.598E-01	4.970E-01	4.198E-02	2.482E-01	45	AF-P11230-F1-model_v6 Acetylcholine receptor subunit beta
MC25_sitophilus_oryzae_2	AF-P53617-F1-model_v6	0.014	71	36	575	1.000	0.111	5.408E-01	5.308E-01	4.710E-02	2.481E-01	44	AF-P53617-F1-model_v6 Protein NRD1
MC25_sitophilus_oryzae_2	AF-Q4R910-F1-model_v6	0.000	261	36	345	1.000	0.722	5.049E-01	4.941E-01	6.415E-02	2.481E-01	43	AF-Q4R910-F1-model_v6 Ubiquitin-associated domain-containing protein 2
MC25_sitophilus_oryzae_2	AF-Q6ZAR0-F1-model_v6	0.000	144	36	784	0.833	0.181	6.296E-01	5.471E-01	3.404E-02	2.481E-01	46	AF-Q6ZAR0-F1-model_v6 Homeobox-leucine zipper protein ROC1
MC25_sitophilus_oryzae_2	AF-A7ZER3-F1-model_v6	0.052	38	36	271	0.722	0.137	5.782E-01	4.832E-01	8.341E-02	2.481E-01	41	AF-A7ZER3-F1-model_v6 Phosphatidylglycerol--prolipoprotein diacylglyceryl transferase
MC25_sitophilus_oryzae_2	AF-Q9C578-F1-model_v6	0.008	125	36	375	1.000	0.333	5.605E-01	5.533E-01	8.477E-02	2.481E-01	41	AF-Q9C578-F1-model_v6 Probable RNA 3'-terminal phosphate cyclase-like protein
MC25_sitophilus_oryzae_2	AF-Q5AYL5-F1-model_v6	0.063	79	36	1947	1.000	0.041	5.829E-01	5.721E-01	1.753E-02	2.481E-01	47	AF-Q5AYL5-F1-model_v6 COPII coat assembly protein sec16
MC25_sitophilus_oryzae_2	AF-Q8CSX6-F1-model_v6	0.000	30	36	449	0.833	0.062	6.042E-01	5.093E-01	5.647E-02	2.481E-01	44	AF-Q8CSX6-F1-model_v6 UDP-N-acetylmuramoylalanine--D-glutamate ligase
MC25_sitophilus_oryzae_2	AF-Q9CCE3-F1-model_v6	0.018	107	36	249	0.889	0.414	5.008E-01	4.598E-01	9.501E-02	2.481E-01	40	AF-Q9CCE3-F1-model_v6 Purine nucleoside phosphorylase ML0918
MC25_sitophilus_oryzae_2	AF-Q1H4H7-F1-model_v6	0.026	149	36	261	1.000	0.536	4.830E-01	4.729E-01	8.581E-02	2.481E-01	41	AF-Q1H4H7-F1-model_v6 Phosphatidylglycerol--prolipoprotein diacylglyceryl transferase
MC25_sitophilus_oryzae_2	AF-P37894-F1-model_v6	0.000	59	36	842	0.972	0.063	5.555E-01	5.323E-01	3.181E-02	2.480E-01	46	AF-P37894-F1-model_v6 Non-motile and phage-resistance protein
MC25_sitophilus_oryzae_2	AF-O14647-3-F1-model_v6	0.021	95	36	501	1.000	0.172	5.359E-01	5.256E-01	5.027E-02	2.480E-01	44	AF-O14647-3-F1-model_v6 Chromodomain-helicase-DNA-binding protein 2
MC25_sitophilus_oryzae_2	AF-F4HVG8-2-F1-model_v6	0.024	41	36	445	1.000	0.072	5.721E-01	5.211E-01	5.706E-02	2.480E-01	43	AF-F4HVG8-2-F1-model_v6 Chloroplast sensor kinase, chloroplastic
MC25_sitophilus_oryzae_2	AF-Q9EQ25-F1-model_v6	0.024	206	36	547	0.889	0.369	5.793E-01	5.235E-01	4.729E-02	2.480E-01	44	AF-Q9EQ25-F1-model_v6 Sodium-coupled neutral amino acid transporter 4
MC25_sitophilus_oryzae_2	AF-Q5HQ09-F1-model_v6	0.000	30	36	449	0.833	0.062	6.053E-01	5.099E-01	5.650E-02	2.480E-01	44	AF-Q5HQ09-F1-model_v6 UDP-N-acetylmuramoylalanine--D-glutamate ligase
MC25_sitophilus_oryzae_2	AF-P57122-F1-model_v6	0.003	252	36	512	1.000	0.488	5.605E-01	5.518E-01	5.994E-02	2.479E-01	43	AF-P57122-F1-model_v6 ATP synthase subunit alpha
MC25_sitophilus_oryzae_2	AF-P09188-F1-model_v6	0.057	52	36	415	1.000	0.118	5.268E-01	5.177E-01	6.920E-02	2.479E-01	42	AF-P09188-F1-model_v6 Phosphoglycerate kinase
MC25_sitophilus_oryzae_2	AF-Q741G5-F1-model_v6	0.000	69	36	403	0.889	0.161	5.499E-01	4.969E-01	6.144E-02	2.478E-01	43	AF-Q741G5-F1-model_v6 S-adenosylmethionine synthase
MC25_sitophilus_oryzae_2	AF-A5UQN5-F1-model_v6	0.015	131	36	527	0.972	0.245	5.430E-01	5.257E-01	5.458E-02	2.478E-01	44	AF-A5UQN5-F1-model_v6 ATP synthase subunit alpha
MC25_sitophilus_oryzae_2	AF-Q2JKD9-F1-model_v6	0.058	34	36	377	0.917	0.085	5.727E-01	5.291E-01	7.338E-02	2.478E-01	42	AF-Q2JKD9-F1-model_v6 Adaptive-response sensory kinase SasA
MC25_sitophilus_oryzae_2	AF-Q8BG87-F1-model_v6	0.004	919	36	1803	1.000	0.506	5.633E-01	5.527E-01	1.560E-02	2.477E-01	47	AF-Q8BG87-F1-model_v6 Methylcytosine dioxygenase TET3
MC25_sitophilus_oryzae_2	AF-A6VAU7-F1-model_v6	0.000	52	36	1024	0.972	0.048	5.746E-01	5.584E-01	2.957E-02	2.477E-01	46	AF-A6VAU7-F1-model_v6 Error-prone DNA polymerase
MC25_sitophilus_oryzae_2	AF-Q2KVC1-F1-model_v6	0.025	39	36	264	0.833	0.133	5.601E-01	4.920E-01	8.919E-02	2.477E-01	40	AF-Q2KVC1-F1-model_v6 Phosphatidylglycerol--prolipoprotein diacylglyceryl transferase
MC25_sitophilus_oryzae_2	AF-A1ITU2-F1-model_v6	0.006	155	36	313	1.000	0.470	4.969E-01	4.873E-01	7.849E-02	2.476E-01	41	AF-A1ITU2-F1-model_v6 Adhesin MafA 2
MC25_sitophilus_oryzae_2	AF-D2PT98-F1-model_v6	0.029	67	36	334	1.000	0.183	5.162E-01	5.067E-01	7.833E-02	2.476E-01	41	AF-D2PT98-F1-model_v6 F420-dependent glucose-6-phosphate dehydrogenase
MC25_sitophilus_oryzae_2	AF-Q9JKU1-F1-model_v6	0.005	186	36	335	0.917	0.552	5.592E-01	5.256E-01	8.404E-02	2.475E-01	41	AF-Q9JKU1-F1-model_v6 Taste receptor type 2 member 119
MC25_sitophilus_oryzae_2	AF-P73580-F1-model_v6	0.004	238	36	626	0.889	0.379	5.756E-01	5.254E-01	4.508E-02	2.475E-01	45	AF-P73580-F1-model_v6 UvrABC system protein C
MC25_sitophilus_oryzae_2	AF-D3H5H5-F1-model_v6	0.055	36	36	467	1.000	0.047	7.131E-01	4.927E-01	4.539E-02	2.475E-01	44	AF-D3H5H5-F1-model_v6 Chlorophenol O-methyltransferase
MC25_sitophilus_oryzae_2	AF-Q07E17-F1-model_v6	0.000	104	36	475	0.861	0.200	5.642E-01	4.877E-01	4.397E-02	2.475E-01	45	AF-Q07E17-F1-model_v6 Ankyrin repeat, SAM and basic leucine zipper domain-containing protein 1
MC25_sitophilus_oryzae_2	AF-Q2JRR3-F1-model_v6	0.040	25	36	695	0.694	0.035	6.873E-01	5.204E-01	3.330E-02	2.475E-01	46	AF-Q2JRR3-F1-model_v6 UvrABC system protein B
MC25_sitophilus_oryzae_2	AF-O15042-3-F1-model_v6	0.016	61	36	620	1.000	0.092	5.475E-01	5.375E-01	4.662E-02	2.474E-01	44	AF-O15042-3-F1-model_v6 U2 snRNP-associated SURP motif-containing protein
MC25_sitophilus_oryzae_2	AF-Q9QX47-F1-model_v6	0.039	76	36	2444	0.861	0.031	6.475E-01	5.761E-01	1.200E-02	2.474E-01	48	AF-Q9QX47-F1-model_v6 Protein SON
MC25_sitophilus_oryzae_2	AF-Q3SZP8-F1-model_v6	0.000	48	36	443	0.972	0.102	5.369E-01	5.208E-01	6.570E-02	2.474E-01	43	AF-Q3SZP8-F1-model_v6 Transcriptional adapter 2-alpha
MC25_sitophilus_oryzae_2	AF-Q54UC9-F1-model_v6	0.015	191	36	1193	1.000	0.153	5.501E-01	5.393E-01	2.254E-02	2.474E-01	47	AF-Q54UC9-F1-model_v6 Kinesin-related protein 3
MC25_sitophilus_oryzae_2	AF-Q0HGT6-F1-model_v6	0.000	24	36	216	0.528	0.111	6.524E-01	4.567E-01	8.547E-02	2.474E-01	40	AF-Q0HGT6-F1-model_v6 Protein Syd
MC25_sitophilus_oryzae_2	AF-A1UL69-F1-model_v6	0.051	39	36	515	0.944	0.066	5.537E-01	5.227E-01	5.126E-02	2.474E-01	44	AF-A1UL69-F1-model_v6 Signal transduction histidine-protein kinase/phosphatase MprB
MC25_sitophilus_oryzae_2	AF-Q6ZPV2-F1-model_v6	0.001	597	36	1559	0.861	0.381	6.202E-01	5.452E-01	1.731E-02	2.473E-01	47	AF-Q6ZPV2-F1-model_v6 Chromatin-remodeling ATPase INO80
MC25_sitophilus_oryzae_2	AF-Q8L7W1-F1-model_v6	0.021	93	36	678	1.000	0.124	5.470E-01	5.362E-01	3.804E-02	2.473E-01	45	AF-Q8L7W1-F1-model_v6 Mechanosensitive ion channel protein 3, chloroplastic
MC25_sitophilus_oryzae_2	AF-P29994-8-F1-model_v6	0.042	117	36	2695	1.000	0.043	5.907E-01	5.807E-01	1.222E-02	2.473E-01	48	AF-P29994-8-F1-model_v6 Inositol 1,4,5-trisphosphate-gated calcium channel ITPR1
MC25_sitophilus_oryzae_2	AF-A6ZRK3-F1-model_v6	0.005	348	36	491	0.861	0.709	5.949E-01	5.478E-01	5.925E-02	2.473E-01	43	AF-A6ZRK3-F1-model_v6 Cytosolic Fe-S cluster assembly factor NAR1
MC25_sitophilus_oryzae_2	AF-A8F006-F1-model_v6	0.072	55	36	512	1.000	0.088	5.201E-01	5.095E-01	4.768E-02	2.472E-01	44	AF-A8F006-F1-model_v6 ATP synthase subunit alpha
MC25_sitophilus_oryzae_2	AF-Q72BN0-F1-model_v6	0.083	24	36	677	0.667	0.035	6.895E-01	5.066E-01	3.383E-02	2.472E-01	46	AF-Q72BN0-F1-model_v6 UvrABC system protein B
MC25_sitophilus_oryzae_2	AF-Q04BJ2-F1-model_v6	0.066	45	36	800	1.000	0.055	5.735E-01	5.638E-01	4.043E-02	2.472E-01	45	AF-Q04BJ2-F1-model_v6 Protein translocase subunit SecA
MC25_sitophilus_oryzae_2	AF-Q06GS5-F1-model_v6	0.021	46	36	507	0.972	0.077	5.547E-01	5.338E-01	5.090E-02	2.472E-01	44	AF-Q06GS5-F1-model_v6 ATP synthase subunit alpha, chloroplastic
MC25_sitophilus_oryzae_2	AF-Q8CWX7-F1-model_v6	0.041	24	36	663	0.667	0.036	6.895E-01	5.072E-01	3.453E-02	2.472E-01	46	AF-Q8CWX7-F1-model_v6 UvrABC system protein B
MC25_sitophilus_oryzae_2	AF-O94762-F1-model_v6	0.096	31	36	991	0.722	0.031	6.833E-01	5.468E-01	2.557E-02	2.471E-01	46	AF-O94762-F1-model_v6 ATP-dependent DNA helicase Q5
MC25_sitophilus_oryzae_2	AF-Q8AXV6-F1-model_v6	0.023	43	36	317	0.972	0.098	5.527E-01	4.840E-01	6.788E-02	2.471E-01	42	AF-Q8AXV6-F1-model_v6 Hairy/enhancer-of-split related with YRPW motif protein 1
MC25_sitophilus_oryzae_2	AF-A4FFJ9-F1-model_v6	0.023	126	36	324	0.944	0.358	5.243E-01	4.924E-01	6.881E-02	2.471E-01	42	AF-A4FFJ9-F1-model_v6 Non-homologous end joining protein Ku 1
MC25_sitophilus_oryzae_2	AF-P46870-F1-model_v6	0.003	646	36	776	1.000	0.823	5.487E-01	5.385E-01	3.518E-02	2.470E-01	45	AF-P46870-F1-model_v6 Kinesin-like protein KLP1
MC25_sitophilus_oryzae_2	AF-Q8N3P4-2-F1-model_v6	0.000	36	36	1336	0.972	0.019	6.847E-01	5.345E-01	1.827E-02	2.470E-01	47	AF-Q8N3P4-2-F1-model_v6 Vacuolar protein sorting-associated protein 8 homolog
MC25_sitophilus_oryzae_2	AF-Q5HQX0-F1-model_v6	0.080	25	36	661	0.694	0.036	6.887E-01	5.066E-01	3.455E-02	2.470E-01	45	AF-Q5HQX0-F1-model_v6 UvrABC system protein B
MC25_sitophilus_oryzae_2	AF-Q8CPZ0-F1-model_v6	0.080	25	36	661	0.694	0.036	6.890E-01	5.066E-01	3.455E-02	2.470E-01	45	AF-Q8CPZ0-F1-model_v6 UvrABC system protein B
MC25_sitophilus_oryzae_2	AF-Q8TAQ2-F1-model_v6	0.020	50	36	1214	0.972	0.040	5.787E-01	5.582E-01	2.583E-02	2.470E-01	46	AF-Q8TAQ2-F1-model_v6 SWI/SNF complex subunit SMARCC2
MC25_sitophilus_oryzae_2	AF-P75334-F1-model_v6	0.005	708	36	1325	0.917	0.532	6.028E-01	5.594E-01	2.153E-02	2.470E-01	47	AF-P75334-F1-model_v6 Uncharacterized lipoprotein MG309 homolog
MC25_sitophilus_oryzae_2	AF-Q9FIK2-F1-model_v6	0.058	34	36	369	0.944	0.065	6.538E-01	4.902E-01	5.988E-02	2.469E-01	43	AF-Q9FIK2-F1-model_v6 Protein phosphatase 1 regulatory inhibitor subunit PPP1R8 homolog
MC25_sitophilus_oryzae_2	AF-O00337-F1-model_v6	0.004	202	36	649	0.861	0.307	5.943E-01	5.303E-01	4.070E-02	2.469E-01	45	AF-O00337-F1-model_v6 Sodium/nucleoside cotransporter 1
MC25_sitophilus_oryzae_2	AF-B5VFW2-F1-model_v6	0.047	42	36	365	0.750	0.115	6.009E-01	5.141E-01	6.841E-02	2.468E-01	42	AF-B5VFW2-F1-model_v6 Required for respiratory growth protein 1, mitochondrial
MC25_sitophilus_oryzae_2	AF-O75386-F1-model_v6	0.108	37	36	442	0.944	0.079	5.702E-01	5.445E-01	6.631E-02	2.468E-01	42	AF-O75386-F1-model_v6 Tubby-related protein 3
MC25_sitophilus_oryzae_2	AF-Q3K6W9-F1-model_v6	0.078	38	36	360	0.944	0.092	5.693E-01	5.344E-01	7.508E-02	2.468E-01	41	AF-Q3K6W9-F1-model_v6 Peptide chain release factor 1
MC25_sitophilus_oryzae_2	AF-F4JF21-F1-model_v6	0.022	89	36	668	1.000	0.120	5.306E-01	5.222E-01	3.766E-02	2.468E-01	45	AF-F4JF21-F1-model_v6 Protein PLASTID TRANSCRIPTIONALLY ACTIVE 10
MC25_sitophilus_oryzae_2	AF-P31928-F1-model_v6	0.125	32	36	1056	0.833	0.029	6.372E-01	5.639E-01	2.673E-02	2.467E-01	46	AF-P31928-F1-model_v6 Sucrose-phosphate synthase
MC25_sitophilus_oryzae_2	AF-Q99M04-F1-model_v6	0.018	160	36	373	1.000	0.418	5.384E-01	5.304E-01	7.690E-02	2.467E-01	41	AF-Q99M04-F1-model_v6 Lipoyl synthase, mitochondrial
MC25_sitophilus_oryzae_2	AF-A5U294-F1-model_v6	0.115	26	36	403	0.667	0.060	6.732E-01	4.842E-01	5.218E-02	2.467E-01	44	AF-A5U294-F1-model_v6 S-adenosylmethionine synthase
MC25_sitophilus_oryzae_2	AF-Q99176-F1-model_v6	0.000	28	36	213	0.639	0.122	6.080E-01	4.597E-01	9.196E-02	2.467E-01	40	AF-Q99176-F1-model_v6 Protein SRN2
MC25_sitophilus_oryzae_2	AF-Q9UL54-4-F1-model_v6	0.000	52	36	1122	1.000	0.040	5.611E-01	5.505E-01	2.491E-02	2.467E-01	46	AF-Q9UL54-4-F1-model_v6 Serine/threonine-protein kinase TAO2
MC25_sitophilus_oryzae_2	AF-E1BN00-F1-model_v6	0.000	75	36	360	1.000	0.192	5.274E-01	5.186E-01	7.486E-02	2.467E-01	41	AF-E1BN00-F1-model_v6 Inward rectifier potassium channel 13
MC25_sitophilus_oryzae_2	AF-Q6FPQ7-F1-model_v6	0.028	71	36	1374	0.750	0.052	6.719E-01	5.462E-01	1.907E-02	2.467E-01	47	AF-Q6FPQ7-F1-model_v6 Actin cytoskeleton-regulatory complex protein PAN1
MC25_sitophilus_oryzae_2	AF-Q2JN87-F1-model_v6	0.040	25	36	695	0.694	0.035	6.856E-01	5.195E-01	3.330E-02	2.466E-01	46	AF-Q2JN87-F1-model_v6 UvrABC system protein B
MC25_sitophilus_oryzae_2	AF-Q0CA78-F1-model_v6	0.051	39	36	1690	0.944	0.020	5.950E-01	5.610E-01	1.676E-02	2.465E-01	47	AF-Q0CA78-F1-model_v6 Chromatin-remodeling ATPase INO80
MC25_sitophilus_oryzae_2	AF-A0PPJ8-F1-model_v6	0.115	26	36	403	0.667	0.060	6.731E-01	4.830E-01	5.208E-02	2.465E-01	44	AF-A0PPJ8-F1-model_v6 S-adenosylmethionine synthase
MC25_sitophilus_oryzae_2	AF-Q6CLC8-F1-model_v6	0.021	47	36	779	0.972	0.053	5.784E-01	5.573E-01	3.521E-02	2.465E-01	45	AF-Q6CLC8-F1-model_v6 Conserved oligomeric Golgi complex subunit 6
MC25_sitophilus_oryzae_2	AF-Q10362-F1-model_v6	0.013	75	36	859	0.972	0.077	5.460E-01	5.221E-01	2.867E-02	2.465E-01	46	AF-Q10362-F1-model_v6 SET domain-containing protein 3
MC25_sitophilus_oryzae_2	AF-Q9H5U6-2-F1-model_v6	0.043	69	36	229	1.000	0.249	4.686E-01	4.585E-01	9.064E-02	2.465E-01	40	AF-Q9H5U6-2-F1-model_v6 rRNA N(6)-adenosine-methyltransferase ZCCHC4
MC25_sitophilus_oryzae_2	AF-F4I3P9-F1-model_v6	0.051	58	36	772	1.000	0.071	5.625E-01	5.527E-01	4.000E-02	2.464E-01	45	AF-F4I3P9-F1-model_v6 UDP-N-acetylmuramoyl-L-alanyl-D-glutamate--2,6-diaminopimelate ligase MurE homolog, chloroplastic
MC25_sitophilus_oryzae_2	AF-P91928-F1-model_v6	0.009	201	36	739	0.806	0.272	6.197E-01	5.375E-01	3.689E-02	2.464E-01	45	AF-P91928-F1-model_v6 MICOS complex subunit Mic60
MC25_sitophilus_oryzae_2	AF-Q4ZXW7-F1-model_v6	0.078	38	36	360	0.944	0.092	5.687E-01	5.338E-01	7.508E-02	2.463E-01	41	AF-Q4ZXW7-F1-model_v6 Peptide chain release factor 1
MC25_sitophilus_oryzae_2	AF-Q9H2Y7-2-F1-model_v6	0.030	65	36	1111	0.944	0.058	6.025E-01	5.736E-01	2.831E-02	2.463E-01	46	AF-Q9H2Y7-2-F1-model_v6 Zinc finger protein 106
MC25_sitophilus_oryzae_2	AF-Q7L2R6-F1-model_v6	0.010	97	36	523	0.667	0.182	6.870E-01	4.882E-01	3.989E-02	2.463E-01	45	AF-Q7L2R6-F1-model_v6 Zinc finger protein 765
MC25_sitophilus_oryzae_2	AF-Q0ARY3-F1-model_v6	0.043	46	36	401	0.972	0.107	5.460E-01	5.284E-01	7.076E-02	2.463E-01	42	AF-Q0ARY3-F1-model_v6 Protein-glutamate methylesterase/protein-glutamine glutaminase
MC25_sitophilus_oryzae_2	AF-C1AN37-F1-model_v6	0.115	26	36	403	0.667	0.060	6.719E-01	4.834E-01	5.215E-02	2.463E-01	44	AF-C1AN37-F1-model_v6 S-adenosylmethionine synthase
MC25_sitophilus_oryzae_2	AF-Q2G6U3-F1-model_v6	0.022	44	36	911	0.972	0.047	5.894E-01	5.697E-01	3.507E-02	2.463E-01	45	AF-Q2G6U3-F1-model_v6 Protein translocase subunit SecA
MC25_sitophilus_oryzae_2	AF-P75551-F1-model_v6	0.051	39	36	851	0.944	0.040	5.951E-01	5.643E-01	3.288E-02	2.463E-01	45	AF-P75551-F1-model_v6 Oligopeptide transport ATP-binding protein OppF
MC25_sitophilus_oryzae_2	AF-A0QI26-F1-model_v6	0.115	26	36	403	0.667	0.060	6.722E-01	4.828E-01	5.212E-02	2.463E-01	44	AF-A0QI26-F1-model_v6 S-adenosylmethionine synthase
MC25_sitophilus_oryzae_2	AF-B0KNE4-F1-model_v6	0.078	38	36	360	0.944	0.092	5.687E-01	5.338E-01	7.505E-02	2.463E-01	41	AF-B0KNE4-F1-model_v6 Peptide chain release factor 1
MC25_sitophilus_oryzae_2	AF-Q3S4A7-F1-model_v6	0.023	42	36	922	1.000	0.037	5.785E-01	5.446E-01	2.901E-02	2.463E-01	46	AF-Q3S4A7-F1-model_v6 Histidine kinase 5
MC25_sitophilus_oryzae_2	AF-Q48MV4-F1-model_v6	0.078	38	36	360	0.944	0.092	5.691E-01	5.345E-01	7.510E-02	2.463E-01	41	AF-Q48MV4-F1-model_v6 Peptide chain release factor 1
MC25_sitophilus_oryzae_2	AF-A1KII1-F1-model_v6	0.115	26	36	403	0.667	0.060	6.718E-01	4.834E-01	5.215E-02	2.463E-01	44	AF-A1KII1-F1-model_v6 S-adenosylmethionine synthase
MC25_sitophilus_oryzae_2	AF-Q9LXD4-F1-model_v6	0.013	72	36	387	0.889	0.171	5.536E-01	4.954E-01	5.970E-02	2.462E-01	43	AF-Q9LXD4-F1-model_v6 Putative magnesium transporter MRS2-9
MC25_sitophilus_oryzae_2	AF-P9WGV0-F1-model_v6	0.115	26	36	403	0.667	0.060	6.716E-01	4.834E-01	5.215E-02	2.462E-01	44	AF-P9WGV0-F1-model_v6 S-adenosylmethionine synthase
MC25_sitophilus_oryzae_2	AF-Q2IJB3-F1-model_v6	0.050	59	36	800	0.750	0.074	6.457E-01	5.262E-01	3.192E-02	2.462E-01	46	AF-Q2IJB3-F1-model_v6 Phenylalanine--tRNA ligase beta subunit
MC25_sitophilus_oryzae_2	AF-P49480-F1-model_v6	0.005	383	36	733	0.861	0.521	6.154E-01	5.534E-01	3.853E-02	2.462E-01	45	AF-P49480-F1-model_v6 Photosystem I P700 chlorophyll a apoprotein A2
MC25_sitophilus_oryzae_2	AF-Q7Z591-7-F1-model_v6	0.002	394	36	1320	0.944	0.294	5.754E-01	5.401E-01	2.030E-02	2.462E-01	47	AF-Q7Z591-7-F1-model_v6 Microtubule organization protein AKNA
MC25_sitophilus_oryzae_2	AF-B2HP50-F1-model_v6	0.115	26	36	403	0.667	0.060	6.716E-01	4.832E-01	5.214E-02	2.462E-01	44	AF-B2HP50-F1-model_v6 S-adenosylmethionine synthase
MC25_sitophilus_oryzae_2	AF-P16298-F1-model_v6	0.035	56	36	524	1.000	0.099	5.358E-01	5.266E-01	5.499E-02	2.462E-01	43	AF-P16298-F1-model_v6 Serine/threonine-protein phosphatase 2B catalytic subunit beta isoform
MC25_sitophilus_oryzae_2	AF-P9WGL0-F1-model_v6	0.051	39	36	504	0.944	0.067	5.509E-01	5.203E-01	5.229E-02	2.461E-01	44	AF-P9WGL0-F1-model_v6 Signal transduction histidine-protein kinase/phosphatase MprB
MC25_sitophilus_oryzae_2	AF-Q487R3-F1-model_v6	0.005	187	36	608	1.000	0.306	5.626E-01	5.541E-01	5.202E-02	2.461E-01	44	AF-Q487R3-F1-model_v6 Thiol:disulfide interchange protein DsbD
MC25_sitophilus_oryzae_2	AF-Q9ZW88-F1-model_v6	0.028	71	36	419	0.972	0.162	5.293E-01	5.102E-01	6.697E-02	2.459E-01	42	AF-Q9ZW88-F1-model_v6 F-box/LRR-repeat protein At1g67190
MC25_sitophilus_oryzae_2	AF-Q9CCQ4-F1-model_v6	0.153	26	36	403	0.667	0.060	6.710E-01	4.824E-01	5.209E-02	2.459E-01	44	AF-Q9CCQ4-F1-model_v6 S-adenosylmethionine synthase
MC25_sitophilus_oryzae_2	AF-A9XMT4-F1-model_v6	0.045	22	36	513	0.556	0.043	7.456E-01	4.867E-01	3.797E-02	2.459E-01	45	AF-A9XMT4-F1-model_v6 Protein CYCLOPS
MC25_sitophilus_oryzae_2	AF-A4F8R2-F1-model_v6	0.009	104	36	367	0.917	0.278	5.701E-01	5.386E-01	7.748E-02	2.458E-01	41	AF-A4F8R2-F1-model_v6 Peptide chain release factor 2
MC25_sitophilus_oryzae_2	AF-Q2P100-F1-model_v6	0.068	58	36	792	0.778	0.073	6.462E-01	5.431E-01	3.361E-02	2.458E-01	45	AF-Q2P100-F1-model_v6 Phenylalanine--tRNA ligase beta subunit
MC25_sitophilus_oryzae_2	AF-A0QH59-F1-model_v6	0.108	46	36	466	0.944	0.097	5.752E-01	5.501E-01	6.491E-02	2.458E-01	42	AF-A0QH59-F1-model_v6 GTPase Der
MC25_sitophilus_oryzae_2	AF-Q6FJD1-F1-model_v6	0.026	113	36	397	0.889	0.264	5.451E-01	4.906E-01	5.613E-02	2.458E-01	43	AF-Q6FJD1-F1-model_v6 Mitochondrial inner membrane magnesium transporter LPE10
MC25_sitophilus_oryzae_2	AF-Q86YG4-F1-model_v6	0.166	24	36	428	0.583	0.056	6.617E-01	4.886E-01	4.793E-02	2.458E-01	44	AF-Q86YG4-F1-model_v6 5'-nucleotidase domain-containing protein 4
MC25_sitophilus_oryzae_2	AF-A0A1P8ARG1-F1-model_v6	0.013	74	36	656	1.000	0.102	5.382E-01	5.300E-01	4.089E-02	2.458E-01	45	AF-A0A1P8ARG1-F1-model_v6 Protein NO VEIN-LIKE
MC25_sitophilus_oryzae_2	AF-Q9XWU8-F1-model_v6	0.090	44	36	458	1.000	0.087	5.400E-01	5.306E-01	6.170E-02	2.457E-01	43	AF-Q9XWU8-F1-model_v6 Ectopic P granules protein 3
MC25_sitophilus_oryzae_2	AF-B8J825-F1-model_v6	0.028	69	36	480	1.000	0.138	5.505E-01	5.418E-01	6.198E-02	2.457E-01	43	AF-B8J825-F1-model_v6 3-isopropylmalate dehydratase large subunit
MC25_sitophilus_oryzae_2	AF-A0A0P0WGX7-F1-model_v6	0.026	76	36	987	1.000	0.074	5.830E-01	5.743E-01	3.184E-02	2.456E-01	45	AF-A0A0P0WGX7-F1-model_v6 SNF2 domain-containing protein ENL1
MC25_sitophilus_oryzae_2	AF-Q5FVW6-F1-model_v6	0.009	106	36	328	1.000	0.305	4.974E-01	4.892E-01	7.978E-02	2.456E-01	41	AF-Q5FVW6-F1-model_v6 Src kinase-associated phosphoprotein 2
MC25_sitophilus_oryzae_2	AF-Q017T9-F1-model_v6	0.038	77	36	480	1.000	0.146	5.179E-01	5.079E-01	5.506E-02	2.456E-01	43	AF-Q017T9-F1-model_v6 Adenylosuccinate synthetase, chloroplastic
MC25_sitophilus_oryzae_2	AF-D1C2C6-F1-model_v6	0.040	50	36	652	0.861	0.072	5.864E-01	5.219E-01	3.986E-02	2.455E-01	45	AF-D1C2C6-F1-model_v6 ATP-dependent zinc metalloprotease FtsH 2
MC25_sitophilus_oryzae_2	AF-O49471-F1-model_v6	0.006	307	36	1189	0.833	0.258	6.367E-01	5.570E-01	2.416E-02	2.455E-01	46	AF-O49471-F1-model_v6 Probable disease resistance protein At4g19530
MC25_sitophilus_oryzae_2	AF-Q60952-F1-model_v6	0.000	46	36	2414	0.861	0.019	6.223E-01	5.603E-01	1.246E-02	2.455E-01	47	AF-Q60952-F1-model_v6 Centrosome-associated protein CEP250
MC25_sitophilus_oryzae_2	AF-O14829-5-F1-model_v6	0.006	165	36	591	1.000	0.277	5.631E-01	5.542E-01	5.365E-02	2.455E-01	43	AF-O14829-5-F1-model_v6 Serine/threonine-protein phosphatase with EF-hands 1
MC25_sitophilus_oryzae_2	AF-Q9SA27-F1-model_v6	0.020	150	36	491	0.833	0.303	6.042E-01	5.338E-01	5.484E-02	2.454E-01	43	AF-Q9SA27-F1-model_v6 DEAD-box ATP-dependent RNA helicase 36
MC25_sitophilus_oryzae_2	AF-Q7U0X3-F1-model_v6	0.051	39	36	504	0.944	0.067	5.460E-01	5.179E-01	5.221E-02	2.454E-01	43	AF-Q7U0X3-F1-model_v6 Signal transduction histidine-protein kinase/phosphatase MprB
MC25_sitophilus_oryzae_2	AF-Q9UL54-F1-model_v6	0.000	52	36	1235	1.000	0.036	5.641E-01	5.534E-01	2.268E-02	2.454E-01	46	AF-Q9UL54-F1-model_v6 Serine/threonine-protein kinase TAO2
MC25_sitophilus_oryzae_2	AF-B2G4Y8-F1-model_v6	0.016	122	36	374	1.000	0.302	5.073E-01	4.976E-01	6.600E-02	2.454E-01	42	AF-B2G4Y8-F1-model_v6 DNA replication and repair protein RecF
MC25_sitophilus_oryzae_2	AF-Q99PV3-F1-model_v6	0.025	39	36	735	0.944	0.045	5.676E-01	5.250E-01	3.559E-02	2.454E-01	45	AF-Q99PV3-F1-model_v6 Muskelin
MC25_sitophilus_oryzae_2	AF-Q9PEV8-F1-model_v6	0.020	96	36	815	1.000	0.117	5.816E-01	5.727E-01	3.991E-02	2.453E-01	45	AF-Q9PEV8-F1-model_v6 DNA topoisomerase 1
MC25_sitophilus_oryzae_2	AF-A8LE19-F1-model_v6	0.200	25	36	398	0.639	0.060	6.782E-01	4.856E-01	5.283E-02	2.453E-01	43	AF-A8LE19-F1-model_v6 S-adenosylmethionine synthase
MC25_sitophilus_oryzae_2	AF-Q05021-F1-model_v6	0.051	39	36	590	0.944	0.058	5.653E-01	5.357E-01	4.676E-02	2.452E-01	44	AF-Q05021-F1-model_v6 Transcription initiation factor TFIID subunit 7
MC25_sitophilus_oryzae_2	AF-B4UAN0-F1-model_v6	0.028	69	36	480	1.000	0.138	5.499E-01	5.413E-01	6.199E-02	2.452E-01	42	AF-B4UAN0-F1-model_v6 3-isopropylmalate dehydratase large subunit
MC25_sitophilus_oryzae_2	AF-Q8L6J1-F1-model_v6	0.095	63	36	977	1.000	0.061	5.765E-01	5.669E-01	3.189E-02	2.452E-01	45	AF-Q8L6J1-F1-model_v6 DNA-directed RNA polymerase 3B, chloroplastic
MC25_sitophilus_oryzae_2	AF-O89050-F1-model_v6	0.025	39	36	735	0.944	0.045	5.674E-01	5.249E-01	3.559E-02	2.452E-01	45	AF-O89050-F1-model_v6 Muskelin
MC25_sitophilus_oryzae_2	AF-Q8ZQB6-F1-model_v6	0.000	121	36	225	0.694	0.538	5.848E-01	4.582E-01	9.939E-02	2.451E-01	39	AF-Q8ZQB6-F1-model_v6 Chromosome partition protein MukE
MC25_sitophilus_oryzae_2	AF-O88413-F1-model_v6	0.138	36	36	460	0.944	0.076	5.668E-01	5.434E-01	6.579E-02	2.451E-01	42	AF-O88413-F1-model_v6 Tubby-related protein 3
MC25_sitophilus_oryzae_2	AF-Q9UL63-F1-model_v6	0.025	39	36	735	0.944	0.045	5.723E-01	5.290E-01	3.567E-02	2.451E-01	45	AF-Q9UL63-F1-model_v6 Muskelin
MC25_sitophilus_oryzae_2	AF-A5DSI2-F1-model_v6	0.000	25	36	594	0.667	0.040	6.734E-01	5.062E-01	3.733E-02	2.450E-01	45	AF-A5DSI2-F1-model_v6 Cytosolic Fe-S cluster assembly factor NAR1
MC25_sitophilus_oryzae_2	AF-Q28E01-F1-model_v6	0.007	562	36	653	0.944	0.855	5.697E-01	5.394E-01	4.256E-02	2.450E-01	44	AF-Q28E01-F1-model_v6 Sodium-dependent phosphate transporter 2
MC25_sitophilus_oryzae_2	AF-A8KBL5-F1-model_v6	0.005	188	36	448	1.000	0.404	5.180E-01	5.093E-01	5.957E-02	2.450E-01	43	AF-A8KBL5-F1-model_v6 Putative sodium-coupled neutral amino acid transporter 11
MC25_sitophilus_oryzae_2	AF-P38414-F1-model_v6	0.071	70	36	866	0.917	0.075	5.830E-01	5.374E-01	3.054E-02	2.450E-01	45	AF-P38414-F1-model_v6 Linoleate 9S-lipoxygenase
MC25_sitophilus_oryzae_2	AF-Q4UW52-F1-model_v6	0.068	58	36	791	0.778	0.073	6.437E-01	5.412E-01	3.362E-02	2.450E-01	45	AF-Q4UW52-F1-model_v6 Phenylalanine--tRNA ligase beta subunit
MC25_sitophilus_oryzae_2	AF-D6ZA79-F1-model_v6	0.028	69	36	335	1.000	0.182	5.116E-01	5.019E-01	7.428E-02	2.450E-01	41	AF-D6ZA79-F1-model_v6 F420-dependent glucose-6-phosphate dehydrogenase
MC25_sitophilus_oryzae_2	AF-Q54HV9-F1-model_v6	0.029	34	36	286	0.750	0.108	5.827E-01	4.746E-01	7.697E-02	2.450E-01	41	AF-Q54HV9-F1-model_v6 Histone H2A.v2
MC25_sitophilus_oryzae_2	AF-O73954-F1-model_v6	0.005	785	36	1060	0.972	0.739	5.679E-01	5.472E-01	2.888E-02	2.449E-01	46	AF-O73954-F1-model_v6 DNA topoisomerase 1
MC25_sitophilus_oryzae_2	AF-G5EBX9-3-F1-model_v6	0.000	57	36	642	1.000	0.083	5.178E-01	5.098E-01	4.534E-02	2.449E-01	44	AF-G5EBX9-3-F1-model_v6 Serine/threonine-protein phosphatase with EF-hands pef-1
MC25_sitophilus_oryzae_2	AF-A0T0M7-F1-model_v6	0.002	383	36	733	0.861	0.521	6.161E-01	5.532E-01	3.857E-02	2.449E-01	45	AF-A0T0M7-F1-model_v6 Photosystem I P700 chlorophyll a apoprotein A2
MC25_sitophilus_oryzae_2	AF-Q2IJC2-F1-model_v6	0.028	69	36	480	1.000	0.138	5.492E-01	5.407E-01	6.196E-02	2.449E-01	42	AF-Q2IJC2-F1-model_v6 3-isopropylmalate dehydratase large subunit
MC25_sitophilus_oryzae_2	AF-Q8RWZ7-F1-model_v6	0.002	347	36	817	0.944	0.422	5.679E-01	5.364E-01	3.589E-02	2.449E-01	45	AF-Q8RWZ7-F1-model_v6 V-type proton ATPase subunit a1
MC25_sitophilus_oryzae_2	AF-P33441-F1-model_v6	0.037	54	36	392	0.917	0.128	5.559E-01	5.161E-01	6.652E-02	2.448E-01	42	AF-P33441-F1-model_v6 THO complex subunit MFT1
MC25_sitophilus_oryzae_2	AF-P47849-F1-model_v6	0.052	38	36	361	0.944	0.091	5.644E-01	5.299E-01	7.470E-02	2.448E-01	41	AF-P47849-F1-model_v6 Peptide chain release factor 1
MC25_sitophilus_oryzae_2	AF-Q5VV42-2-F1-model_v6	0.055	36	36	488	0.889	0.070	5.665E-01	5.157E-01	5.578E-02	2.448E-01	43	AF-Q5VV42-2-F1-model_v6 Threonylcarbamoyladenosine tRNA methylthiotransferase
MC25_sitophilus_oryzae_2	AF-Q8WTR4-4-F1-model_v6	0.000	22	36	387	0.556	0.057	6.800E-01	4.823E-01	5.016E-02	2.448E-01	43	AF-Q8WTR4-4-F1-model_v6 Glycerophosphodiester phosphodiesterase domain-containing protein 5
MC25_sitophilus_oryzae_2	AF-P04721-F1-model_v6	0.069	43	36	262	0.972	0.134	5.020E-01	4.848E-01	9.165E-02	2.448E-01	40	AF-P04721-F1-model_v6 Alpha/beta-gliadin A-I
MC25_sitophilus_oryzae_2	AF-Q3U0D9-F1-model_v6	0.030	98	36	909	1.000	0.100	5.556E-01	5.451E-01	3.013E-02	2.448E-01	45	AF-Q3U0D9-F1-model_v6 E3 ubiquitin-protein ligase HACE1
MC25_sitophilus_oryzae_2	AF-Q8C0E3-F1-model_v6	0.029	34	36	641	0.889	0.048	5.880E-01	5.264E-01	4.223E-02	2.448E-01	44	AF-Q8C0E3-F1-model_v6 E3 ubiquitin-protein ligase TRIM47
MC25_sitophilus_oryzae_2	AF-Q6ZQ29-F1-model_v6	0.000	52	36	1240	1.000	0.036	5.581E-01	5.477E-01	2.260E-02	2.447E-01	46	AF-Q6ZQ29-F1-model_v6 Serine/threonine-protein kinase TAO2
MC25_sitophilus_oryzae_2	AF-B4MU83-F1-model_v6	0.010	460	36	982	1.000	0.464	5.592E-01	5.487E-01	3.049E-02	2.447E-01	45	AF-B4MU83-F1-model_v6 Glutamate [NMDA] receptor subunit 1
MC25_sitophilus_oryzae_2	AF-B6J390-F1-model_v6	0.052	38	36	361	0.944	0.091	5.645E-01	5.300E-01	7.472E-02	2.447E-01	41	AF-B6J390-F1-model_v6 Peptide chain release factor 1
MC25_sitophilus_oryzae_2	AF-Q472N3-F1-model_v6	0.052	57	36	815	0.750	0.070	6.505E-01	5.281E-01	3.138E-02	2.447E-01	45	AF-Q472N3-F1-model_v6 Phenylalanine--tRNA ligase beta subunit
MC25_sitophilus_oryzae_2	AF-P83094-F1-model_v6	0.100	20	36	570	0.556	0.035	6.926E-01	4.911E-01	3.466E-02	2.447E-01	45	AF-P83094-F1-model_v6 Stromal interaction molecule homolog
MC25_sitophilus_oryzae_2	AF-A9KGY3-F1-model_v6	0.052	38	36	361	0.944	0.091	5.643E-01	5.298E-01	7.470E-02	2.446E-01	41	AF-A9KGY3-F1-model_v6 Peptide chain release factor 1
MC25_sitophilus_oryzae_2	AF-Q923T7-F1-model_v6	0.111	36	36	510	0.944	0.065	5.611E-01	5.227E-01	5.500E-02	2.445E-01	43	AF-Q923T7-F1-model_v6 E3 ubiquitin-protein ligase TRIM7
MC25_sitophilus_oryzae_2	AF-D2QZ34-F1-model_v6	0.006	146	36	700	0.861	0.204	5.989E-01	5.318E-01	3.737E-02	2.445E-01	45	AF-D2QZ34-F1-model_v6 ATP-dependent zinc metalloprotease FtsH
MC25_sitophilus_oryzae_2	AF-Q08BZ4-F1-model_v6	0.000	43	36	447	0.972	0.089	5.500E-01	5.324E-01	6.505E-02	2.445E-01	42	AF-Q08BZ4-F1-model_v6 Putative malate dehydrogenase 1B
MC25_sitophilus_oryzae_2	AF-Q5RB35-F1-model_v6	0.025	39	36	735	0.944	0.045	5.711E-01	5.280E-01	3.566E-02	2.445E-01	45	AF-Q5RB35-F1-model_v6 Muskelin
MC25_sitophilus_oryzae_2	AF-Q9LM93-F1-model_v6	0.034	87	36	246	0.833	0.341	5.546E-01	4.966E-01	9.884E-02	2.444E-01	39	AF-Q9LM93-F1-model_v6 Dolichol-phosphate mannosyltransferase subunit 1
MC25_sitophilus_oryzae_2	AF-B6J625-F1-model_v6	0.052	38	36	361	0.944	0.091	5.635E-01	5.291E-01	7.467E-02	2.444E-01	41	AF-B6J625-F1-model_v6 Peptide chain release factor 1
MC25_sitophilus_oryzae_2	AF-Q56998-F1-model_v6	0.000	26	36	740	0.722	0.034	6.784E-01	5.113E-01	3.189E-02	2.444E-01	45	AF-Q56998-F1-model_v6 UvrABC system protein B
MC25_sitophilus_oryzae_2	AF-P11532-6-F1-model_v6	0.000	109	36	635	1.000	0.170	5.637E-01	5.551E-01	5.025E-02	2.444E-01	43	AF-P11532-6-F1-model_v6 Dystrophin
MC25_sitophilus_oryzae_2	AF-Q23647-F1-model_v6	0.052	38	36	782	0.889	0.043	5.931E-01	5.397E-01	3.415E-02	2.444E-01	45	AF-Q23647-F1-model_v6 Hypersensitive to pore-forming toxin protein 40
MC25_sitophilus_oryzae_2	AF-Q9VB30-F1-model_v6	0.004	227	36	391	1.000	0.570	5.373E-01	5.285E-01	7.192E-02	2.444E-01	41	AF-Q9VB30-F1-model_v6 Putative gustatory receptor 98a
MC25_sitophilus_oryzae_2	AF-G3GTP0-F1-model_v6	0.026	38	36	912	0.889	0.038	5.952E-01	5.449E-01	3.034E-02	2.443E-01	45	AF-G3GTP0-F1-model_v6 DNA ligase 4
MC25_sitophilus_oryzae_2	AF-A9N9K2-F1-model_v6	0.052	38	36	361	0.944	0.091	5.636E-01	5.292E-01	7.469E-02	2.443E-01	41	AF-A9N9K2-F1-model_v6 Peptide chain release factor 1
MC25_sitophilus_oryzae_2	AF-P52271-F1-model_v6	0.055	36	36	410	0.833	0.088	5.794E-01	5.313E-01	6.819E-02	2.443E-01	42	AF-P52271-F1-model_v6 Probable ATP-dependent RNA helicase MG308
MC25_sitophilus_oryzae_2	AF-Q6FSU7-F1-model_v6	0.015	189	36	520	1.000	0.340	5.074E-01	4.966E-01	4.344E-02	2.443E-01	44	AF-Q6FSU7-F1-model_v6 MICOS complex subunit MIC60
MC25_sitophilus_oryzae_2	AF-Q43845-F1-model_v6	0.028	35	36	1053	0.861	0.031	6.021E-01	5.428E-01	2.643E-02	2.442E-01	46	AF-Q43845-F1-model_v6 Probable sucrose-phosphate synthase
MC25_sitophilus_oryzae_2	AF-Q6CC39-F1-model_v6	0.005	371	36	528	1.000	0.699	5.574E-01	5.487E-01	5.855E-02	2.442E-01	43	AF-Q6CC39-F1-model_v6 tRNA pseudouridine synthase 1
MC25_sitophilus_oryzae_2	AF-F4IFD0-F1-model_v6	0.012	157	36	667	0.667	0.234	6.742E-01	5.036E-01	3.295E-02	2.442E-01	45	AF-F4IFD0-F1-model_v6 Protein MAIN-LIKE 2
MC25_sitophilus_oryzae_2	AF-Q66I12-F1-model_v6	0.000	35	36	486	0.861	0.062	5.792E-01	4.957E-01	4.949E-02	2.442E-01	43	AF-Q66I12-F1-model_v6 PAT complex subunit CCDC47
MC25_sitophilus_oryzae_2	AF-Q8C0E3-2-F1-model_v6	0.029	34	36	642	0.889	0.048	5.872E-01	5.261E-01	4.216E-02	2.442E-01	44	AF-Q8C0E3-2-F1-model_v6 E3 ubiquitin-protein ligase TRIM47
MC25_sitophilus_oryzae_2	AF-A7TIP6-F1-model_v6	0.014	71	36	667	0.806	0.099	6.056E-01	4.995E-01	3.459E-02	2.442E-01	45	AF-A7TIP6-F1-model_v6 Autophagy-related protein 20
MC25_sitophilus_oryzae_2	AF-Q8NB14-2-F1-model_v6	0.013	72	36	1004	1.000	0.066	5.511E-01	5.416E-01	2.839E-02	2.441E-01	46	AF-Q8NB14-2-F1-model_v6 Ubiquitin carboxyl-terminal hydrolase 38
MC25_sitophilus_oryzae_2	AF-P38531-F1-model_v6	0.045	22	36	467	0.556	0.047	7.233E-01	4.820E-01	4.156E-02	2.441E-01	44	AF-P38531-F1-model_v6 Heat shock factor protein 3
MC25_sitophilus_oryzae_2	AF-B9JZ26-F1-model_v6	0.090	33	36	287	0.639	0.115	6.045E-01	4.798E-01	7.526E-02	2.441E-01	41	AF-B9JZ26-F1-model_v6 Phosphatidylglycerol--prolipoprotein diacylglyceryl transferase
MC25_sitophilus_oryzae_2	AF-Q96KP1-F1-model_v6	0.028	139	36	924	1.000	0.144	5.600E-01	5.501E-01	3.114E-02	2.441E-01	45	AF-Q96KP1-F1-model_v6 Exocyst complex component 2
MC25_sitophilus_oryzae_2	AF-P49655-F1-model_v6	0.055	54	36	379	1.000	0.127	5.312E-01	5.224E-01	7.142E-02	2.441E-01	41	AF-P49655-F1-model_v6 ATP-sensitive inward rectifier potassium channel 10
MC25_sitophilus_oryzae_2	AF-A0JWN0-F1-model_v6	0.005	170	36	693	0.972	0.234	5.549E-01	5.337E-01	3.722E-02	2.439E-01	45	AF-A0JWN0-F1-model_v6 UvrABC system protein B
MC25_sitophilus_oryzae_2	AF-Q80YD3-2-F1-model_v6	0.045	22	36	370	0.556	0.059	6.837E-01	4.767E-01	5.219E-02	2.439E-01	43	AF-Q80YD3-2-F1-model_v6 Protein SPATA31F3
MC25_sitophilus_oryzae_2	AF-G5EBX9-F1-model_v6	0.000	59	36	707	1.000	0.075	5.350E-01	5.259E-01	3.960E-02	2.439E-01	44	AF-G5EBX9-F1-model_v6 Serine/threonine-protein phosphatase with EF-hands pef-1
MC25_sitophilus_oryzae_2	AF-Q9QZM4-F1-model_v6	0.080	25	36	381	0.694	0.066	6.073E-01	5.007E-01	6.194E-02	2.439E-01	42	AF-Q9QZM4-F1-model_v6 Tumor necrosis factor receptor superfamily member 10B
MC25_sitophilus_oryzae_2	AF-Q91WE6-2-F1-model_v6	0.000	63	36	520	0.972	0.113	5.451E-01	5.253E-01	5.357E-02	2.439E-01	43	AF-Q91WE6-2-F1-model_v6 Threonylcarbamoyladenosine tRNA methylthiotransferase
MC25_sitophilus_oryzae_2	AF-B0SST8-F1-model_v6	0.018	219	36	614	1.000	0.355	5.887E-01	5.809E-01	5.357E-02	2.439E-01	43	AF-B0SST8-F1-model_v6 UvrABC system protein C
MC25_sitophilus_oryzae_2	AF-Q14203-3-F1-model_v6	0.027	74	36	1236	0.833	0.057	6.078E-01	5.122E-01	2.022E-02	2.437E-01	46	AF-Q14203-3-F1-model_v6 Dynactin subunit 1
MC25_sitophilus_oryzae_2	AF-Q9LSG3-F1-model_v6	0.005	174	36	559	0.889	0.302	5.647E-01	5.125E-01	4.534E-02	2.437E-01	44	AF-Q9LSG3-F1-model_v6 Galacturonosyltransferase 8
MC25_sitophilus_oryzae_2	AF-Q14667-F1-model_v6	0.041	97	36	2235	0.972	0.041	5.725E-01	5.502E-01	1.297E-02	2.437E-01	47	AF-Q14667-F1-model_v6 Bridge-like lipid transfer protein family member 2
MC25_sitophilus_oryzae_2	AF-E1BJL9-F1-model_v6	0.000	21	36	547	0.528	0.038	7.949E-01	4.806E-01	3.440E-02	2.436E-01	45	AF-E1BJL9-F1-model_v6 Cilia- and flagella- associated protein 210
MC25_sitophilus_oryzae_2	AF-B4I414-F1-model_v6	0.000	49	36	997	1.000	0.042	5.309E-01	5.198E-01	2.718E-02	2.436E-01	46	AF-B4I414-F1-model_v6 Glutamate [NMDA] receptor subunit 1
MC25_sitophilus_oryzae_2	AF-B0BT63-F1-model_v6	0.111	36	36	969	0.889	0.033	5.823E-01	5.224E-01	2.693E-02	2.436E-01	46	AF-B0BT63-F1-model_v6 RNA polymerase-associated protein RapA
MC25_sitophilus_oryzae_2	AF-B0Z4M6-F1-model_v6	0.004	207	36	679	0.889	0.295	5.715E-01	5.116E-01	3.482E-02	2.435E-01	45	AF-B0Z4M6-F1-model_v6 DNA-directed RNA polymerase subunit beta'
MC25_sitophilus_oryzae_2	AF-Q7GDL5-F1-model_v6	0.038	78	36	311	1.000	0.212	4.911E-01	4.816E-01	7.228E-02	2.435E-01	41	AF-Q7GDL5-F1-model_v6 Homeobox protein knotted-1-like 10
MC25_sitophilus_oryzae_2	AF-B4IL62-F1-model_v6	0.011	170	36	493	0.944	0.337	5.453E-01	5.168E-01	5.530E-02	2.435E-01	43	AF-B4IL62-F1-model_v6 DM7 family protein GM11958
MC25_sitophilus_oryzae_2	AF-G3X9G7-F1-model_v6	0.007	387	36	402	1.000	0.930	4.905E-01	4.794E-01	5.236E-02	2.434E-01	43	AF-G3X9G7-F1-model_v6 Zinc finger protein 809
MC25_sitophilus_oryzae_2	AF-Q6GQD1-F1-model_v6	0.083	36	36	1253	0.861	0.029	6.310E-01	5.754E-01	2.404E-02	2.434E-01	46	AF-Q6GQD1-F1-model_v6 Cytoplasmic FMR1-interacting protein 2
MC25_sitophilus_oryzae_2	AF-Q0D541-F1-model_v6	0.000	30	36	327	0.778	0.086	5.762E-01	4.955E-01	7.385E-02	2.433E-01	41	AF-Q0D541-F1-model_v6 Probable serine/threonine-protein kinase WNK5
MC25_sitophilus_oryzae_2	AF-Q7TWL9-F1-model_v6	0.065	61	36	1091	1.000	0.056	5.745E-01	5.651E-01	3.045E-02	2.433E-01	45	AF-Q7TWL9-F1-model_v6 Error-prone DNA polymerase
MC25_sitophilus_oryzae_2	AF-Q5LY79-F1-model_v6	0.044	45	36	1106	0.972	0.037	5.736E-01	5.534E-01	2.669E-02	2.433E-01	46	AF-Q5LY79-F1-model_v6 ATP-dependent helicase/deoxyribonuclease subunit B
MC25_sitophilus_oryzae_2	AF-P14712-2-F1-model_v6	0.001	681	36	1014	0.972	0.671	5.585E-01	5.385E-01	3.054E-02	2.432E-01	45	AF-P14712-2-F1-model_v6 Phytochrome A
MC25_sitophilus_oryzae_2	AF-Q8C0R0-2-F1-model_v6	0.037	81	36	957	0.944	0.084	5.688E-01	5.374E-01	3.189E-02	2.432E-01	45	AF-Q8C0R0-2-F1-model_v6 Ubiquitin carboxyl-terminal hydrolase 37
MC25_sitophilus_oryzae_2	AF-O14829-3-F1-model_v6	0.006	165	36	625	1.000	0.262	5.622E-01	5.533E-01	5.088E-02	2.432E-01	43	AF-O14829-3-F1-model_v6 Serine/threonine-protein phosphatase with EF-hands 1
MC25_sitophilus_oryzae_2	AF-O75386-2-F1-model_v6	0.105	38	36	501	0.944	0.074	5.645E-01	5.430E-01	6.129E-02	2.431E-01	42	AF-O75386-2-F1-model_v6 Tubby-related protein 3
MC25_sitophilus_oryzae_2	AF-Q84WU8-F1-model_v6	0.000	55	36	809	0.861	0.063	5.944E-01	5.259E-01	3.151E-02	2.431E-01	45	AF-Q84WU8-F1-model_v6 ATP-dependent zinc metalloprotease FTSH 3, mitochondrial
MC25_sitophilus_oryzae_2	AF-B4KPU0-F1-model_v6	0.023	169	36	1045	0.944	0.158	5.806E-01	5.503E-01	2.743E-02	2.431E-01	45	AF-B4KPU0-F1-model_v6 Tyrosine-protein kinase-like otk
MC25_sitophilus_oryzae_2	AF-Q6FR93-F1-model_v6	0.002	450	36	753	0.889	0.586	5.635E-01	5.011E-01	2.926E-02	2.431E-01	45	AF-Q6FR93-F1-model_v6 Autophagy-related protein 20
MC25_sitophilus_oryzae_2	AF-O94647-F1-model_v6	0.054	73	36	461	0.917	0.139	5.368E-01	4.938E-01	4.929E-02	2.430E-01	43	AF-O94647-F1-model_v6 Serine/threonine-protein kinase ppk24, mitochondrial
MC25_sitophilus_oryzae_2	AF-P06298-F1-model_v6	0.000	19	36	259	0.528	0.073	6.692E-01	4.600E-01	7.158E-02	2.430E-01	41	AF-P06298-F1-model_v6 Pro-opiomelanocortin A
MC25_sitophilus_oryzae_2	AF-O59442-F1-model_v6	0.003	281	36	468	0.833	0.592	5.817E-01	5.028E-01	5.134E-02	2.430E-01	43	AF-O59442-F1-model_v6 Protein translocase subunit SecY
MC25_sitophilus_oryzae_2	AF-Q0P3K2-F1-model_v6	0.002	381	36	733	0.861	0.520	6.110E-01	5.502E-01	3.954E-02	2.430E-01	44	AF-Q0P3K2-F1-model_v6 Photosystem I P700 chlorophyll a apoprotein A2
MC25_sitophilus_oryzae_2	AF-P78508-F1-model_v6	0.055	54	36	379	1.000	0.127	5.298E-01	5.212E-01	7.145E-02	2.430E-01	41	AF-P78508-F1-model_v6 ATP-sensitive inward rectifier potassium channel 10
MC25_sitophilus_oryzae_2	AF-Q6CWA7-F1-model_v6	0.045	22	36	426	0.556	0.052	7.082E-01	4.737E-01	4.519E-02	2.429E-01	44	AF-Q6CWA7-F1-model_v6 Autophagy-related protein 23
MC25_sitophilus_oryzae_2	AF-Q2YQV4-F1-model_v6	0.105	57	36	804	0.778	0.071	6.307E-01	5.298E-01	3.293E-02	2.429E-01	45	AF-Q2YQV4-F1-model_v6 Phenylalanine--tRNA ligase beta subunit
MC25_sitophilus_oryzae_2	AF-Q8N1M1-6-F1-model_v6	0.029	103	36	562	1.000	0.173	5.171E-01	5.073E-01	4.797E-02	2.429E-01	43	AF-Q8N1M1-6-F1-model_v6 Bestrophin-3
MC25_sitophilus_oryzae_2	AF-Q7Q297-2-F1-model_v6	0.136	22	36	416	0.556	0.053	6.927E-01	4.802E-01	4.665E-02	2.429E-01	43	AF-Q7Q297-2-F1-model_v6 WSCD family member AGAP003962
MC25_sitophilus_oryzae_2	AF-O25683-F1-model_v6	0.045	66	36	348	0.806	0.190	5.645E-01	5.008E-01	7.564E-02	2.427E-01	41	AF-O25683-F1-model_v6 3',5'-cyclic-nucleotide phosphodiesterase
MC25_sitophilus_oryzae_2	AF-Q9H0K4-F1-model_v6	0.087	57	36	717	1.000	0.067	5.398E-01	5.292E-01	3.570E-02	2.426E-01	44	AF-Q9H0K4-F1-model_v6 Radial spoke head protein 6 homolog A
MC25_sitophilus_oryzae_2	AF-A6S9N4-F1-model_v6	0.018	107	36	1444	0.861	0.073	6.171E-01	5.482E-01	1.938E-02	2.426E-01	46	AF-A6S9N4-F1-model_v6 Actin cytoskeleton-regulatory complex protein pan1
MC25_sitophilus_oryzae_2	AF-P36148-F1-model_v6	0.009	104	36	743	0.833	0.139	6.149E-01	5.420E-01	3.670E-02	2.426E-01	44	AF-P36148-F1-model_v6 Glycerol-3-phosphate O-acyltransferase 2
MC25_sitophilus_oryzae_2	AF-B4GU19-F1-model_v6	0.020	48	36	1009	1.000	0.045	5.626E-01	5.534E-01	3.080E-02	2.425E-01	45	AF-B4GU19-F1-model_v6 Regulator of telomere elongation helicase 1 homolog
MC25_sitophilus_oryzae_2	AF-P35439-5-F1-model_v6	0.008	248	36	885	1.000	0.280	5.733E-01	5.647E-01	3.781E-02	2.425E-01	44	AF-P35439-5-F1-model_v6 Glutamate receptor ionotropic, NMDA 1
MC25_sitophilus_oryzae_2	AF-C1FNT7-F1-model_v6	0.055	36	36	311	0.861	0.100	5.341E-01	4.806E-01	7.603E-02	2.425E-01	41	AF-C1FNT7-F1-model_v6 tRNA dimethylallyltransferase
MC25_sitophilus_oryzae_2	AF-P13569-3-F1-model_v6	0.022	134	36	604	1.000	0.222	5.668E-01	5.589E-01	5.505E-02	2.424E-01	43	AF-P13569-3-F1-model_v6 Cystic fibrosis transmembrane conductance regulator
MC25_sitophilus_oryzae_2	AF-A7TNT1-F1-model_v6	0.012	80	36	732	1.000	0.101	5.431E-01	5.336E-01	3.853E-02	2.424E-01	44	AF-A7TNT1-F1-model_v6 ATP-dependent RNA helicase DBP7
MC25_sitophilus_oryzae_2	AF-Q9JM63-F1-model_v6	0.036	55	36	379	1.000	0.127	5.282E-01	5.196E-01	7.009E-02	2.424E-01	41	AF-Q9JM63-F1-model_v6 ATP-sensitive inward rectifier potassium channel 10
MC25_sitophilus_oryzae_2	AF-A2BT99-F1-model_v6	0.025	39	36	742	1.000	0.039	6.116E-01	5.209E-01	3.333E-02	2.423E-01	45	AF-A2BT99-F1-model_v6 Photosystem I P700 chlorophyll a apoprotein A2
MC25_sitophilus_oryzae_2	AF-P9WIF2-F1-model_v6	0.000	35	36	515	0.861	0.066	5.999E-01	5.494E-01	5.487E-02	2.423E-01	43	AF-P9WIF2-F1-model_v6 Uncharacterized PE-PGRS family protein PE_PGRS34
MC25_sitophilus_oryzae_2	AF-Q2QLA9-F1-model_v6	0.011	90	36	1381	1.000	0.059	5.318E-01	5.209E-01	1.927E-02	2.423E-01	46	AF-Q2QLA9-F1-model_v6 Hepatocyte growth factor receptor
MC25_sitophilus_oryzae_2	AF-Q9VPI2-F1-model_v6	0.000	24	36	842	0.611	0.029	6.906E-01	5.103E-01	2.552E-02	2.423E-01	45	AF-Q9VPI2-F1-model_v6 Ionotropic receptor 21a
MC25_sitophilus_oryzae_2	AF-Q54B46-F1-model_v6	0.034	58	36	851	0.833	0.067	6.071E-01	5.349E-01	3.241E-02	2.423E-01	45	AF-Q54B46-F1-model_v6 Putative mediator of RNA polymerase II transcription subunit 15
MC25_sitophilus_oryzae_2	AF-P0AFY7-F1-model_v6	0.040	25	36	406	0.694	0.059	6.500E-01	4.877E-01	5.525E-02	2.422E-01	42	AF-P0AFY7-F1-model_v6 Peptide antibiotic transporter SbmA
MC25_sitophilus_oryzae_2	AF-Q66CH4-F1-model_v6	0.136	22	36	233	0.528	0.094	6.382E-01	4.439E-01	7.727E-02	2.422E-01	40	AF-Q66CH4-F1-model_v6 Chromosome partition protein MukE
MC25_sitophilus_oryzae_2	AF-Q16478-2-F1-model_v6	0.000	87	36	981	0.944	0.083	5.744E-01	5.420E-01	2.751E-02	2.422E-01	45	AF-Q16478-2-F1-model_v6 Glutamate receptor ionotropic, kainate 5
MC25_sitophilus_oryzae_2	AF-Q9SY84-F1-model_v6	0.017	57	36	467	0.917	0.120	5.517E-01	5.193E-01	6.151E-02	2.422E-01	42	AF-Q9SY84-F1-model_v6 UDP-glycosyltransferase 90A2
MC25_sitophilus_oryzae_2	AF-Q2YEG2-F1-model_v6	0.051	39	36	351	0.944	0.094	5.339E-01	4.952E-01	7.016E-02	2.421E-01	41	AF-Q2YEG2-F1-model_v6 C-X-C chemokine receptor type 1
MC25_sitophilus_oryzae_2	AF-G4NB33-F1-model_v6	0.026	115	36	586	0.833	0.184	5.865E-01	4.933E-01	3.692E-02	2.421E-01	44	AF-G4NB33-F1-model_v6 YTH domain-containing family protein 2
MC25_sitophilus_oryzae_2	AF-Q67NS9-F1-model_v6	0.046	65	36	471	0.917	0.132	5.503E-01	5.144E-01	5.821E-02	2.420E-01	42	AF-Q67NS9-F1-model_v6 GTPase Der
MC25_sitophilus_oryzae_2	AF-Q134R8-F1-model_v6	0.000	63	36	1374	1.000	0.041	5.402E-01	5.301E-01	2.020E-02	2.420E-01	46	AF-Q134R8-F1-model_v6 DNA-directed RNA polymerase subunit beta
MC25_sitophilus_oryzae_2	AF-P01190-F1-model_v6	0.041	24	36	265	0.556	0.091	6.185E-01	4.624E-01	7.238E-02	2.420E-01	41	AF-P01190-F1-model_v6 Pro-opiomelanocortin
MC25_sitophilus_oryzae_2	AF-Q318M0-F1-model_v6	0.025	39	36	742	1.000	0.039	6.114E-01	5.211E-01	3.332E-02	2.420E-01	45	AF-Q318M0-F1-model_v6 Photosystem I P700 chlorophyll a apoprotein A2
MC25_sitophilus_oryzae_2	AF-Q95JR7-F1-model_v6	0.043	46	36	627	0.944	0.069	5.582E-01	5.311E-01	4.564E-02	2.419E-01	43	AF-Q95JR7-F1-model_v6 Glycerophosphodiester phosphodiesterase domain-containing protein 4
MC25_sitophilus_oryzae_2	AF-Q9VUC6-2-F1-model_v6	0.004	209	36	1164	0.889	0.178	5.860E-01	5.300E-01	2.403E-02	2.419E-01	45	AF-Q9VUC6-2-F1-model_v6 Formin-like protein
MC25_sitophilus_oryzae_2	AF-A0T0P4-F1-model_v6	0.000	243	36	503	1.000	0.475	5.524E-01	5.438E-01	5.839E-02	2.419E-01	42	AF-A0T0P4-F1-model_v6 ATP synthase subunit alpha, chloroplastic
MC25_sitophilus_oryzae_2	AF-Q2RWQ0-F1-model_v6	0.060	33	36	274	0.639	0.120	5.983E-01	4.763E-01	7.852E-02	2.419E-01	40	AF-Q2RWQ0-F1-model_v6 Phosphatidylglycerol--prolipoprotein diacylglyceryl transferase
MC25_sitophilus_oryzae_2	AF-O94988-3-F1-model_v6	0.051	39	36	669	1.000	0.043	6.248E-01	5.391E-01	3.742E-02	2.418E-01	44	AF-O94988-3-F1-model_v6 Protein FAM13A
MC25_sitophilus_oryzae_2	AF-P55060-3-F1-model_v6	0.052	38	36	945	1.000	0.030	6.238E-01	5.132E-01	2.642E-02	2.418E-01	45	AF-P55060-3-F1-model_v6 Exportin-2
MC25_sitophilus_oryzae_2	AF-Q8NKS6-F1-model_v6	0.045	44	36	635	1.000	0.063	5.563E-01	5.471E-01	4.678E-02	2.418E-01	43	AF-Q8NKS6-F1-model_v6 Archaeal Lon protease
MC25_sitophilus_oryzae_2	AF-A2SFL2-F1-model_v6	0.090	22	36	264	0.583	0.083	6.246E-01	4.589E-01	7.414E-02	2.418E-01	41	AF-A2SFL2-F1-model_v6 Phosphatidylglycerol--prolipoprotein diacylglyceryl transferase
MC25_sitophilus_oryzae_2	AF-Q96HB5-2-F1-model_v6	0.045	22	36	618	0.556	0.036	7.348E-01	4.800E-01	3.148E-02	2.418E-01	45	AF-Q96HB5-2-F1-model_v6 Coiled-coil domain-containing protein 120
MC25_sitophilus_oryzae_2	AF-Q834C0-F1-model_v6	0.010	193	36	278	1.000	0.658	4.919E-01	4.830E-01	8.438E-02	2.418E-01	40	AF-Q834C0-F1-model_v6 Phosphatidylglycerol--prolipoprotein diacylglyceryl transferase
MC25_sitophilus_oryzae_2	AF-B8DVE0-F1-model_v6	0.024	41	36	350	0.861	0.114	5.783E-01	5.312E-01	7.843E-02	2.417E-01	40	AF-B8DVE0-F1-model_v6 Ketol-acid reductoisomerase (NADP(+))
MC25_sitophilus_oryzae_2	AF-P28669-F1-model_v6	0.000	79	36	640	0.611	0.122	7.075E-01	4.886E-01	3.188E-02	2.417E-01	45	AF-P28669-F1-model_v6 Tyrosine--tRNA ligase, mitochondrial
MC25_sitophilus_oryzae_2	AF-O94661-F1-model_v6	0.100	30	36	373	0.694	0.075	6.261E-01	5.015E-01	5.885E-02	2.417E-01	42	AF-O94661-F1-model_v6 GTPase-activating protein gyp10
MC25_sitophilus_oryzae_2	AF-P57859-F1-model_v6	0.096	62	36	795	0.889	0.075	5.925E-01	5.411E-01	3.559E-02	2.417E-01	44	AF-P57859-F1-model_v6 Phenylalanine--tRNA ligase beta subunit
MC25_sitophilus_oryzae_2	AF-F6QS54-F1-model_v6	0.006	154	36	179	0.778	0.810	5.250E-01	4.127E-01	9.535E-02	2.416E-01	39	AF-F6QS54-F1-model_v6 Acireductone dioxygenase
MC25_sitophilus_oryzae_2	AF-P0DKC1-F1-model_v6	0.009	320	36	576	1.000	0.542	5.154E-01	5.074E-01	4.443E-02	2.416E-01	43	AF-P0DKC1-F1-model_v6 Proton pump-interactor 3A
MC25_sitophilus_oryzae_2	AF-Q2TLZ2-F1-model_v6	0.090	22	36	664	0.556	0.033	7.482E-01	4.863E-01	2.945E-02	2.416E-01	45	AF-Q2TLZ2-F1-model_v6 Macoilin
MC25_sitophilus_oryzae_2	AF-P75448-F1-model_v6	0.010	187	36	600	0.778	0.312	6.279E-01	5.379E-01	4.398E-02	2.416E-01	43	AF-P75448-F1-model_v6 Putative acetyltransferase MPN_114
MC25_sitophilus_oryzae_2	AF-Q8RY24-F1-model_v6	0.000	59	36	1062	0.917	0.053	5.769E-01	5.360E-01	2.686E-02	2.416E-01	45	AF-Q8RY24-F1-model_v6 Probable sucrose-phosphate synthase 3
MC25_sitophilus_oryzae_2	AF-O94474-F1-model_v6	0.035	57	36	1389	1.000	0.040	5.768E-01	5.676E-01	2.371E-02	2.415E-01	45	AF-O94474-F1-model_v6 Superkiller protein 3
MC25_sitophilus_oryzae_2	AF-G1XLI4-F1-model_v6	0.017	114	36	1077	0.833	0.106	6.214E-01	5.514E-01	2.672E-02	2.415E-01	45	AF-G1XLI4-F1-model_v6 Response regulator SSK1
MC25_sitophilus_oryzae_2	AF-A4QL62-F1-model_v6	0.000	35	36	2271	0.889	0.014	6.110E-01	5.338E-01	1.190E-02	2.415E-01	47	AF-A4QL62-F1-model_v6 Protein Ycf2
MC25_sitophilus_oryzae_2	AF-P23508-F1-model_v6	0.045	22	36	829	0.556	0.027	7.726E-01	4.882E-01	2.366E-02	2.414E-01	45	AF-P23508-F1-model_v6 Colorectal mutant cancer protein
MC25_sitophilus_oryzae_2	AF-P19487-F1-model_v6	0.041	72	36	484	1.000	0.143	5.238E-01	5.150E-01	5.989E-02	2.414E-01	42	AF-P19487-F1-model_v6 Major extracellular endoglucanase
MC25_sitophilus_oryzae_2	AF-A0A1L8F5J9-8-F1-model_v6	0.022	270	36	904	1.000	0.298	5.764E-01	5.675E-01	3.606E-02	2.414E-01	44	AF-A0A1L8F5J9-8-F1-model_v6 Glutamate receptor ionotropic, NMDA 1
MC25_sitophilus_oryzae_2	AF-A0A1C3YMT2-F1-model_v6	0.076	39	36	976	0.944	0.035	5.690E-01	5.370E-01	2.796E-02	2.414E-01	45	AF-A0A1C3YMT2-F1-model_v6 Chitin synthase 3A
MC25_sitophilus_oryzae_2	AF-O94988-6-F1-model_v6	0.051	39	36	669	1.000	0.043	6.221E-01	5.390E-01	3.741E-02	2.414E-01	44	AF-O94988-6-F1-model_v6 Protein FAM13A
MC25_sitophilus_oryzae_2	AF-Q31AX5-F1-model_v6	0.086	46	36	527	0.944	0.082	5.748E-01	5.481E-01	5.460E-02	2.413E-01	42	AF-Q31AX5-F1-model_v6 Glucose-6-phosphate isomerase
MC25_sitophilus_oryzae_2	AF-P25024-F1-model_v6	0.025	39	36	350	0.889	0.106	5.490E-01	5.042E-01	7.643E-02	2.412E-01	40	AF-P25024-F1-model_v6 C-X-C chemokine receptor type 1
MC25_sitophilus_oryzae_2	AF-Q14203-5-F1-model_v6	0.027	73	36	1139	0.806	0.061	6.172E-01	5.092E-01	2.109E-02	2.412E-01	46	AF-Q14203-5-F1-model_v6 Dynactin subunit 1
MC25_sitophilus_oryzae_2	AF-Q91WE6-F1-model_v6	0.000	63	36	578	0.972	0.102	5.450E-01	5.257E-01	4.848E-02	2.412E-01	43	AF-Q91WE6-F1-model_v6 Threonylcarbamoyladenosine tRNA methylthiotransferase
MC25_sitophilus_oryzae_2	AF-A1T5H7-F1-model_v6	0.068	44	36	850	0.972	0.051	5.801E-01	5.620E-01	3.749E-02	2.411E-01	44	AF-A1T5H7-F1-model_v6 Protein translocase subunit SecA 2
MC25_sitophilus_oryzae_2	AF-Q3U132-F1-model_v6	0.043	23	36	458	0.583	0.050	6.639E-01	4.928E-01	4.497E-02	2.411E-01	43	AF-Q3U132-F1-model_v6 Protein TESPA1
MC25_sitophilus_oryzae_2	AF-Q16513-F1-model_v6	0.027	36	36	984	0.944	0.033	6.017E-01	5.488E-01	2.909E-02	2.411E-01	45	AF-Q16513-F1-model_v6 Serine/threonine-protein kinase N2
MC25_sitophilus_oryzae_2	AF-P9WQN3-F1-model_v6	0.035	57	36	760	1.000	0.062	5.260E-01	5.152E-01	3.225E-02	2.411E-01	45	AF-P9WQN3-F1-model_v6 ATP-dependent zinc metalloprotease FtsH
MC25_sitophilus_oryzae_2	AF-Q9JK30-F1-model_v6	0.142	28	36	715	0.722	0.039	6.479E-01	5.296E-01	3.517E-02	2.411E-01	44	AF-Q9JK30-F1-model_v6 Origin recognition complex subunit 3
MC25_sitophilus_oryzae_2	AF-Q725G6-F1-model_v6	0.000	122	36	370	1.000	0.305	5.091E-01	5.024E-01	6.718E-02	2.410E-01	41	AF-Q725G6-F1-model_v6 DNA replication and repair protein RecF
MC25_sitophilus_oryzae_2	AF-Q07KK7-F1-model_v6	0.000	63	36	1373	1.000	0.041	5.385E-01	5.285E-01	2.020E-02	2.410E-01	46	AF-Q07KK7-F1-model_v6 DNA-directed RNA polymerase subunit beta
MC25_sitophilus_oryzae_2	AF-O30511-F1-model_v6	0.090	22	36	478	0.611	0.046	6.892E-01	4.827E-01	4.405E-02	2.410E-01	43	AF-O30511-F1-model_v6 Alpha-(1,3)-fucosyltransferase FucT
MC25_sitophilus_oryzae_2	AF-Q96HB5-5-F1-model_v6	0.045	22	36	649	0.556	0.034	7.338E-01	4.804E-01	3.002E-02	2.410E-01	45	AF-Q96HB5-5-F1-model_v6 Coiled-coil domain-containing protein 120
MC25_sitophilus_oryzae_2	AF-Q9P7W4-F1-model_v6	0.038	26	36	662	0.583	0.039	7.149E-01	4.934E-01	3.102E-02	2.410E-01	45	AF-Q9P7W4-F1-model_v6 F-box/WD repeat-containing protein pof10
MC25_sitophilus_oryzae_2	AF-Q5RK30-F1-model_v6	0.020	48	36	250	1.000	0.152	4.678E-01	4.588E-01	8.996E-02	2.410E-01	39	AF-Q5RK30-F1-model_v6 Ribosome maturation protein SBDS
MC25_sitophilus_oryzae_2	AF-Q8N8Q8-F1-model_v6	0.025	39	36	333	0.833	0.108	5.636E-01	4.949E-01	7.330E-02	2.410E-01	41	AF-Q8N8Q8-F1-model_v6 Cytochrome c oxidase assembly protein COX18, mitochondrial
MC25_sitophilus_oryzae_2	AF-P23508-2-F1-model_v6	0.018	110	36	1019	0.944	0.103	5.719E-01	5.394E-01	2.710E-02	2.409E-01	45	AF-P23508-2-F1-model_v6 Colorectal mutant cancer protein
MC25_sitophilus_oryzae_2	AF-P9WQN2-F1-model_v6	0.033	60	36	760	1.000	0.064	5.324E-01	5.213E-01	3.151E-02	2.409E-01	45	AF-P9WQN2-F1-model_v6 ATP-dependent zinc metalloprotease FtsH
MC25_sitophilus_oryzae_2	AF-P35439-3-F1-model_v6	0.008	248	36	901	1.000	0.275	5.711E-01	5.627E-01	3.717E-02	2.409E-01	44	AF-P35439-3-F1-model_v6 Glutamate receptor ionotropic, NMDA 1
MC25_sitophilus_oryzae_2	AF-A5U8T5-F1-model_v6	0.033	60	36	760	1.000	0.064	5.311E-01	5.201E-01	3.150E-02	2.408E-01	45	AF-A5U8T5-F1-model_v6 ATP-dependent zinc metalloprotease FtsH
MC25_sitophilus_oryzae_2	AF-Q28FH2-F1-model_v6	0.044	90	36	827	1.000	0.108	5.491E-01	5.406E-01	3.888E-02	2.408E-01	44	AF-Q28FH2-F1-model_v6 N-terminal kinase-like protein
MC25_sitophilus_oryzae_2	AF-A1DES4-F1-model_v6	0.015	66	36	377	0.944	0.151	5.164E-01	4.848E-01	6.095E-02	2.407E-01	42	AF-A1DES4-F1-model_v6 Mitogen-activated protein kinase mpkC
MC25_sitophilus_oryzae_2	AF-A0A0J9VPT0-F1-model_v6	0.076	39	36	978	0.944	0.035	5.689E-01	5.369E-01	2.789E-02	2.407E-01	45	AF-A0A0J9VPT0-F1-model_v6 Chitin synthase 3
MC25_sitophilus_oryzae_2	AF-Q8WTR4-2-F1-model_v6	0.005	347	36	486	0.944	0.712	5.408E-01	5.135E-01	5.890E-02	2.407E-01	42	AF-Q8WTR4-2-F1-model_v6 Glycerophosphodiester phosphodiesterase domain-containing protein 5
MC25_sitophilus_oryzae_2	AF-Q54EM1-F1-model_v6	0.000	102	36	959	0.861	0.106	6.040E-01	5.476E-01	3.073E-02	2.406E-01	45	AF-Q54EM1-F1-model_v6 Probable serine/threonine-protein kinase DDB_G0291664
MC25_sitophilus_oryzae_2	AF-P53998-F1-model_v6	0.010	191	36	469	1.000	0.386	4.968E-01	4.866E-01	5.058E-02	2.406E-01	43	AF-P53998-F1-model_v6 Cytosolic Fe-S cluster assembly factor NAR1
MC25_sitophilus_oryzae_2	AF-Q3C1G8-F1-model_v6	0.000	207	36	681	0.889	0.294	5.659E-01	5.069E-01	3.466E-02	2.405E-01	44	AF-Q3C1G8-F1-model_v6 DNA-directed RNA polymerase subunit beta'
MC25_sitophilus_oryzae_2	AF-Q6CV83-F1-model_v6	0.030	99	36	1063	0.889	0.091	6.141E-01	5.639E-01	2.725E-02	2.405E-01	45	AF-Q6CV83-F1-model_v6 Exportin-T
MC25_sitophilus_oryzae_2	AF-Q6CSB8-F1-model_v6	0.021	47	36	535	1.000	0.073	5.214E-01	5.114E-01	4.812E-02	2.404E-01	43	AF-Q6CSB8-F1-model_v6 MICOS complex subunit MIC60
MC25_sitophilus_oryzae_2	AF-Q5RFL3-F1-model_v6	0.000	22	36	606	0.556	0.036	7.164E-01	4.865E-01	3.217E-02	2.404E-01	44	AF-Q5RFL3-F1-model_v6 Mitogen-activated protein kinase kinase kinase 7
MC25_sitophilus_oryzae_2	AF-Q2YCA4-F1-model_v6	0.003	275	36	293	1.000	0.898	4.911E-01	4.815E-01	7.578E-02	2.404E-01	40	AF-Q2YCA4-F1-model_v6 ATP synthase gamma chain
MC25_sitophilus_oryzae_2	AF-Q72RI9-F1-model_v6	0.013	217	36	609	1.000	0.356	5.714E-01	5.637E-01	5.453E-02	2.404E-01	42	AF-Q72RI9-F1-model_v6 UvrABC system protein C
MC25_sitophilus_oryzae_2	AF-C9K7C0-F1-model_v6	0.006	163	36	425	1.000	0.374	5.216E-01	5.129E-01	6.658E-02	2.404E-01	41	AF-C9K7C0-F1-model_v6 O-methyltransferase AMT9
MC25_sitophilus_oryzae_2	AF-Q211D8-F1-model_v6	0.000	63	36	1373	1.000	0.041	5.399E-01	5.299E-01	2.021E-02	2.404E-01	46	AF-Q211D8-F1-model_v6 DNA-directed RNA polymerase subunit beta
MC25_sitophilus_oryzae_2	AF-P0A4V9-F1-model_v6	0.035	57	36	760	1.000	0.062	5.256E-01	5.148E-01	3.224E-02	2.403E-01	44	AF-P0A4V9-F1-model_v6 ATP-dependent zinc metalloprotease FtsH
MC25_sitophilus_oryzae_2	AF-Q5BBV9-F1-model_v6	0.000	217	36	458	0.806	0.474	5.851E-01	5.085E-01	5.826E-02	2.403E-01	42	AF-Q5BBV9-F1-model_v6 RuvB-like helicase 1
MC25_sitophilus_oryzae_2	AF-O13965-F1-model_v6	0.181	22	36	730	0.556	0.030	7.451E-01	4.856E-01	2.676E-02	2.403E-01	45	AF-O13965-F1-model_v6 Meiotically up-regulated gene 70 protein
MC25_sitophilus_oryzae_2	AF-A6NEL2-F1-model_v6	0.071	56	36	793	1.000	0.064	5.485E-01	5.385E-01	3.615E-02	2.403E-01	44	AF-A6NEL2-F1-model_v6 Ankyrin repeat domain-containing protein SOWAHB
MC25_sitophilus_oryzae_2	AF-Q9WV89-F1-model_v6	0.027	74	36	557	0.833	0.129	5.735E-01	4.958E-01	4.536E-02	2.403E-01	43	AF-Q9WV89-F1-model_v6 Syntaxin-binding protein 4
MC25_sitophilus_oryzae_2	AF-Q9VH07-F1-model_v6	0.000	209	36	456	0.917	0.447	5.547E-01	5.165E-01	5.694E-02	2.402E-01	42	AF-Q9VH07-F1-model_v6 RuvB-like helicase 1
MC25_sitophilus_oryzae_2	AF-P76387-F1-model_v6	0.025	157	36	720	1.000	0.217	5.533E-01	5.450E-01	4.450E-02	2.402E-01	43	AF-P76387-F1-model_v6 Tyrosine-protein kinase wzc
MC25_sitophilus_oryzae_2	AF-P37954-F1-model_v6	0.024	41	36	661	0.917	0.053	5.671E-01	5.248E-01	3.862E-02	2.402E-01	44	AF-P37954-F1-model_v6 UvrABC system protein B
MC25_sitophilus_oryzae_2	AF-Q9Z7G4-F1-model_v6	0.000	45	36	722	1.000	0.051	5.422E-01	5.323E-01	3.696E-02	2.402E-01	44	AF-Q9Z7G4-F1-model_v6 Transcription elongation factor GreA
MC25_sitophilus_oryzae_2	AF-Q29AK9-F1-model_v6	0.000	209	36	456	0.917	0.447	5.544E-01	5.163E-01	5.694E-02	2.401E-01	42	AF-Q29AK9-F1-model_v6 RuvB-like helicase 1
MC25_sitophilus_oryzae_2	AF-P56763-F1-model_v6	0.000	207	36	680	0.889	0.294	5.640E-01	5.054E-01	3.469E-02	2.401E-01	44	AF-P56763-F1-model_v6 DNA-directed RNA polymerase subunit beta'
MC25_sitophilus_oryzae_2	AF-Q3SWZ6-F1-model_v6	0.020	48	36	250	1.000	0.152	4.723E-01	4.633E-01	9.040E-02	2.401E-01	39	AF-Q3SWZ6-F1-model_v6 Ribosome maturation protein SBDS
MC25_sitophilus_oryzae_2	AF-Q810L4-F1-model_v6	0.020	149	36	492	1.000	0.295	5.517E-01	5.431E-01	5.942E-02	2.401E-01	42	AF-Q810L4-F1-model_v6 Transmembrane protein 39B
MC25_sitophilus_oryzae_2	AF-P40310-F1-model_v6	0.051	58	36	691	1.000	0.075	5.622E-01	5.529E-01	4.138E-02	2.400E-01	43	AF-P40310-F1-model_v6 Outward-rectifier potassium channel TOK1
MC25_sitophilus_oryzae_2	AF-Q9I8J6-F1-model_v6	0.095	21	36	312	0.583	0.064	6.207E-01	4.592E-01	6.119E-02	2.400E-01	41	AF-Q9I8J6-F1-model_v6 Probable rRNA-processing protein EBP2
MC25_sitophilus_oryzae_2	AF-D3ZIS0-F1-model_v6	0.025	78	36	671	0.889	0.115	5.832E-01	5.360E-01	4.288E-02	2.400E-01	43	AF-D3ZIS0-F1-model_v6 Solute carrier family 5 member 4
MC25_sitophilus_oryzae_2	AF-A6ZTE8-F1-model_v6	0.027	36	36	416	0.889	0.077	5.530E-01	5.024E-01	6.069E-02	2.400E-01	42	AF-A6ZTE8-F1-model_v6 Mitochondrial inner membrane i-AAA protease complex subunit MGR1
MC25_sitophilus_oryzae_2	AF-A3DBS5-F1-model_v6	0.066	60	36	424	0.972	0.134	5.358E-01	5.201E-01	6.795E-02	2.400E-01	41	AF-A3DBS5-F1-model_v6 GTPase Obg
MC25_sitophilus_oryzae_2	AF-Q49L07-F1-model_v6	0.000	207	36	682	0.889	0.293	5.648E-01	5.059E-01	3.457E-02	2.400E-01	44	AF-Q49L07-F1-model_v6 DNA-directed RNA polymerase subunit beta'
MC25_sitophilus_oryzae_2	AF-Q4VZP2-F1-model_v6	0.000	207	36	680	0.889	0.294	5.639E-01	5.052E-01	3.468E-02	2.400E-01	44	AF-Q4VZP2-F1-model_v6 DNA-directed RNA polymerase subunit beta'
MC25_sitophilus_oryzae_2	AF-A3CSQ6-F1-model_v6	0.027	36	36	337	0.889	0.095	5.333E-01	4.885E-01	7.421E-02	2.400E-01	40	AF-A3CSQ6-F1-model_v6 Transcription initiation factor IIB
MC25_sitophilus_oryzae_2	AF-P15992-F1-model_v6	0.045	22	36	214	0.611	0.103	5.727E-01	4.519E-01	9.395E-02	2.400E-01	38	AF-P15992-F1-model_v6 Heat shock protein 26
MC25_sitophilus_oryzae_2	AF-Q8TFL3-F1-model_v6	0.000	33	36	715	0.861	0.041	6.122E-01	5.199E-01	3.525E-02	2.399E-01	44	AF-Q8TFL3-F1-model_v6 ATP-dependent RNA helicase DBP7
MC25_sitophilus_oryzae_2	AF-O60028-F1-model_v6	0.002	374	36	490	1.000	0.759	5.383E-01	5.298E-01	6.225E-02	2.399E-01	41	AF-O60028-F1-model_v6 Cysteine desulfurase, mitochondrial
MC25_sitophilus_oryzae_2	AF-Q9LL45-F1-model_v6	0.078	51	36	633	1.000	0.073	5.266E-01	5.172E-01	4.453E-02	2.398E-01	43	AF-Q9LL45-F1-model_v6 Telomere-binding protein 1
MC25_sitophilus_oryzae_2	AF-Q06H06-F1-model_v6	0.000	207	36	681	0.889	0.294	5.654E-01	5.070E-01	3.468E-02	2.397E-01	44	AF-Q06H06-F1-model_v6 DNA-directed RNA polymerase subunit beta'
MC25_sitophilus_oryzae_2	AF-A4QJS4-F1-model_v6	0.000	207	36	680	0.889	0.294	5.632E-01	5.049E-01	3.469E-02	2.397E-01	44	AF-A4QJS4-F1-model_v6 DNA-directed RNA polymerase subunit beta'
MC25_sitophilus_oryzae_2	AF-Q19970-F1-model_v6	0.085	35	36	896	0.806	0.039	6.089E-01	5.215E-01	3.048E-02	2.397E-01	44	AF-Q19970-F1-model_v6 C-type lectin domain-containing protein 180
MC25_sitophilus_oryzae_2	AF-Q9LX73-F1-model_v6	0.032	62	36	804	0.944	0.072	5.604E-01	5.323E-01	3.469E-02	2.397E-01	44	AF-Q9LX73-F1-model_v6 E3 UFM1-protein ligase 1 homolog
MC25_sitophilus_oryzae_2	AF-Q9USN5-F1-model_v6	0.009	321	36	1106	1.000	0.283	5.346E-01	5.241E-01	2.392E-02	2.396E-01	45	AF-Q9USN5-F1-model_v6 Probable NAD-specific glutamate dehydrogenase
MC25_sitophilus_oryzae_2	AF-Q9Y2L6-2-F1-model_v6	0.027	37	36	980	0.889	0.033	5.729E-01	5.156E-01	2.619E-02	2.396E-01	45	AF-Q9Y2L6-2-F1-model_v6 FERM domain-containing protein 4B
MC25_sitophilus_oryzae_2	AF-Q33C47-F1-model_v6	0.000	207	36	681	0.889	0.294	5.637E-01	5.052E-01	3.464E-02	2.396E-01	44	AF-Q33C47-F1-model_v6 DNA-directed RNA polymerase subunit beta'
MC25_sitophilus_oryzae_2	AF-O42184-4-F1-model_v6	0.000	42	36	1444	0.917	0.026	5.727E-01	5.278E-01	1.908E-02	2.395E-01	46	AF-O42184-4-F1-model_v6 CAP-Gly domain-containing linker protein 1
MC25_sitophilus_oryzae_2	AF-Q4WPW8-F1-model_v6	0.000	221	36	458	0.833	0.483	5.776E-01	5.133E-01	5.933E-02	2.395E-01	42	AF-Q4WPW8-F1-model_v6 RuvB-like helicase 1
MC25_sitophilus_oryzae_2	AF-F4JT80-F1-model_v6	0.000	47	36	1207	1.000	0.038	5.675E-01	5.580E-01	2.709E-02	2.395E-01	45	AF-F4JT80-F1-model_v6 Disease resistance protein RPP2B
MC25_sitophilus_oryzae_2	AF-A4QKI3-F1-model_v6	0.000	207	36	680	0.889	0.294	5.630E-01	5.047E-01	3.468E-02	2.395E-01	44	AF-A4QKI3-F1-model_v6 DNA-directed RNA polymerase subunit beta'
MC25_sitophilus_oryzae_2	AF-A7HDW6-F1-model_v6	0.064	31	36	192	0.806	0.161	5.204E-01	4.811E-01	1.325E-01	2.394E-01	35	AF-A7HDW6-F1-model_v6 Endoribonuclease YbeY
MC25_sitophilus_oryzae_2	AF-B1AS29-F1-model_v6	0.021	47	36	919	1.000	0.045	5.353E-01	5.252E-01	3.054E-02	2.393E-01	44	AF-B1AS29-F1-model_v6 Glutamate receptor ionotropic, kainate 3
MC25_sitophilus_oryzae_2	AF-X1WE18-F1-model_v6	0.019	151	36	1085	0.944	0.135	5.776E-01	5.495E-01	2.656E-02	2.393E-01	45	AF-X1WE18-F1-model_v6 KN motif and ankyrin repeat domain-containing protein 2
MC25_sitophilus_oryzae_2	AF-A4QL97-F1-model_v6	0.000	207	36	680	0.889	0.294	5.626E-01	5.044E-01	3.468E-02	2.393E-01	44	AF-A4QL97-F1-model_v6 DNA-directed RNA polymerase subunit beta'
MC25_sitophilus_oryzae_2	AF-Q80VC9-10-F1-model_v6	0.055	72	36	1253	0.972	0.055	5.685E-01	5.481E-01	2.414E-02	2.392E-01	45	AF-Q80VC9-10-F1-model_v6 Calmodulin-regulated spectrin-associated protein 3
MC25_sitophilus_oryzae_2	AF-Q93Y94-F1-model_v6	0.047	63	36	1002	1.000	0.060	5.687E-01	5.595E-01	3.115E-02	2.391E-01	44	AF-Q93Y94-F1-model_v6 DNA-directed RNA polymerase 1, mitochondrial
MC25_sitophilus_oryzae_2	AF-P40418-F1-model_v6	0.045	22	36	769	0.556	0.029	7.431E-01	4.859E-01	2.545E-02	2.391E-01	45	AF-P40418-F1-model_v6 Regulatory protein SWI6
MC25_sitophilus_oryzae_2	AF-A4QK96-F1-model_v6	0.000	207	36	680	0.889	0.294	5.623E-01	5.042E-01	3.467E-02	2.391E-01	44	AF-A4QK96-F1-model_v6 DNA-directed RNA polymerase subunit beta'
MC25_sitophilus_oryzae_2	AF-Q9I9B9-F1-model_v6	0.002	364	36	646	0.972	0.556	5.522E-01	5.330E-01	4.316E-02	2.388E-01	43	AF-Q9I9B9-F1-model_v6 Choline transporter-like protein 1
MC25_sitophilus_oryzae_2	AF-Q7NBZ0-F1-model_v6	0.029	68	36	657	1.000	0.091	5.147E-01	5.043E-01	3.910E-02	2.388E-01	43	AF-Q7NBZ0-F1-model_v6 Trifunctional protein RibF/MnmA
MC25_sitophilus_oryzae_2	AF-O14053-F1-model_v6	0.005	198	36	902	0.639	0.220	6.840E-01	5.014E-01	2.469E-02	2.388E-01	45	AF-O14053-F1-model_v6 U3 small nucleolar RNA-associated protein 21 homolog
MC25_sitophilus_oryzae_2	AF-A7TM98-F1-model_v6	0.000	38	36	397	0.944	0.073	5.623E-01	4.743E-01	5.659E-02	2.388E-01	42	AF-A7TM98-F1-model_v6 Altered inheritance of mitochondria protein 24, mitochondrial
MC25_sitophilus_oryzae_2	AF-Q07292-3-F1-model_v6	0.020	49	36	769	0.972	0.052	5.190E-01	4.962E-01	3.123E-02	2.387E-01	44	AF-Q07292-3-F1-model_v6 Raf homolog serine/threonine-protein kinase
MC25_sitophilus_oryzae_2	AF-Q54RC3-F1-model_v6	0.027	37	36	893	0.944	0.035	5.867E-01	5.217E-01	2.951E-02	2.387E-01	44	AF-Q54RC3-F1-model_v6 DNA topoisomerase 1
MC25_sitophilus_oryzae_2	AF-P75395-F1-model_v6	0.108	46	36	358	0.750	0.128	5.891E-01	4.997E-01	6.941E-02	2.386E-01	40	AF-P75395-F1-model_v6 Uncharacterized protein MG269 homolog
MC25_sitophilus_oryzae_2	AF-Q03445-F1-model_v6	0.006	306	36	991	0.944	0.305	5.736E-01	5.432E-01	2.878E-02	2.386E-01	44	AF-Q03445-F1-model_v6 Glutamate receptor 1
MC25_sitophilus_oryzae_2	AF-B5YWI0-F1-model_v6	0.011	87	36	558	0.833	0.152	5.759E-01	5.031E-01	4.701E-02	2.386E-01	43	AF-B5YWI0-F1-model_v6 Translocated intimin receptor Tir
MC25_sitophilus_oryzae_2	AF-P11872-F1-model_v6	0.025	77	36	513	0.972	0.150	5.555E-01	5.394E-01	6.091E-02	2.385E-01	41	AF-P11872-F1-model_v6 cAMP-regulated M3R protein
MC25_sitophilus_oryzae_2	AF-Q6F203-F1-model_v6	0.011	261	36	281	1.000	0.886	4.867E-01	4.773E-01	7.863E-02	2.385E-01	39	AF-Q6F203-F1-model_v6 ATP synthase gamma chain
MC25_sitophilus_oryzae_2	AF-O54921-F1-model_v6	0.029	136	36	924	1.000	0.144	5.492E-01	5.407E-01	3.323E-02	2.385E-01	44	AF-O54921-F1-model_v6 Exocyst complex component 2
MC25_sitophilus_oryzae_2	AF-C1L302-F1-model_v6	0.015	191	36	370	1.000	0.497	5.246E-01	5.160E-01	7.104E-02	2.385E-01	40	AF-C1L302-F1-model_v6 DNA replication and repair protein RecF
MC25_sitophilus_oryzae_2	AF-Q8RXA7-F1-model_v6	0.013	149	36	1187	1.000	0.125	5.914E-01	5.827E-01	2.810E-02	2.384E-01	44	AF-Q8RXA7-F1-model_v6 DENN domain and WD repeat-containing protein SCD1
MC25_sitophilus_oryzae_2	AF-Q9Y2L6-F1-model_v6	0.027	37	36	1034	0.889	0.031	5.724E-01	5.153E-01	2.486E-02	2.384E-01	45	AF-Q9Y2L6-F1-model_v6 FERM domain-containing protein 4B
MC25_sitophilus_oryzae_2	AF-Q5RAZ2-F1-model_v6	0.020	49	36	250	1.000	0.152	4.677E-01	4.588E-01	8.830E-02	2.384E-01	39	AF-Q5RAZ2-F1-model_v6 Ribosome maturation protein SBDS
MC25_sitophilus_oryzae_2	AF-Q9C093-4-F1-model_v6	0.017	56	36	619	0.889	0.087	5.843E-01	5.372E-01	4.563E-02	2.383E-01	43	AF-Q9C093-4-F1-model_v6 Sperm flagellar protein 2
MC25_sitophilus_oryzae_2	AF-A0A443HJY8-F1-model_v6	0.031	64	36	433	0.889	0.134	5.098E-01	4.694E-01	5.530E-02	2.383E-01	42	AF-A0A443HJY8-F1-model_v6 O-methyltransferase VdtC
MC25_sitophilus_oryzae_2	AF-Q1XDF3-F1-model_v6	0.029	68	36	566	0.972	0.111	5.554E-01	5.367E-01	4.917E-02	2.383E-01	42	AF-Q1XDF3-F1-model_v6 Probable replicative DNA helicase
MC25_sitophilus_oryzae_2	AF-P73421-F1-model_v6	0.043	23	36	478	0.639	0.046	6.631E-01	4.900E-01	4.442E-02	2.381E-01	43	AF-P73421-F1-model_v6 ATP-dependent DNA helicase RecQ
MC25_sitophilus_oryzae_2	AF-I7M6D6-F1-model_v6	0.003	277	36	794	1.000	0.339	5.280E-01	5.175E-01	3.289E-02	2.381E-01	44	AF-I7M6D6-F1-model_v6 Cilia- and flagella-associated protein 184
MC25_sitophilus_oryzae_2	AF-Q8CDR2-2-F1-model_v6	0.090	22	36	453	0.556	0.049	6.917E-01	4.718E-01	4.272E-02	2.380E-01	43	AF-Q8CDR2-2-F1-model_v6 Radial spoke head protein 6 homolog A
MC25_sitophilus_oryzae_2	AF-Q8BWR4-F1-model_v6	0.024	41	36	1235	1.000	0.024	5.911E-01	5.143E-01	1.979E-02	2.380E-01	45	AF-Q8BWR4-F1-model_v6 Ubiquitin carboxyl-terminal hydrolase 40
MC25_sitophilus_oryzae_2	AF-B3P2E5-F1-model_v6	0.045	22	36	997	0.556	0.022	7.632E-01	4.856E-01	1.969E-02	2.379E-01	45	AF-B3P2E5-F1-model_v6 Glutamate [NMDA] receptor subunit 1
MC25_sitophilus_oryzae_2	AF-Q9P0V3-2-F1-model_v6	0.011	260	36	552	0.917	0.462	5.544E-01	5.135E-01	4.659E-02	2.379E-01	42	AF-Q9P0V3-2-F1-model_v6 SH3 domain-binding protein 4
MC25_sitophilus_oryzae_2	AF-A4QKS2-F1-model_v6	0.000	207	36	680	0.889	0.294	5.588E-01	5.017E-01	3.491E-02	2.379E-01	44	AF-A4QKS2-F1-model_v6 DNA-directed RNA polymerase subunit beta'
MC25_sitophilus_oryzae_2	AF-Q0IAF4-F1-model_v6	0.018	55	36	651	0.778	0.084	5.914E-01	5.057E-01	4.023E-02	2.378E-01	43	AF-Q0IAF4-F1-model_v6 UvrABC system protein C
MC25_sitophilus_oryzae_2	AF-Q920B0-F1-model_v6	0.000	37	36	1035	0.889	0.031	5.710E-01	5.142E-01	2.484E-02	2.378E-01	45	AF-Q920B0-F1-model_v6 FERM domain-containing protein 4B
MC25_sitophilus_oryzae_2	AF-B1AIY7-F1-model_v6	0.034	87	36	791	0.944	0.110	5.761E-01	5.504E-01	3.983E-02	2.378E-01	43	AF-B1AIY7-F1-model_v6 Lon protease
MC25_sitophilus_oryzae_2	AF-Q54DA5-F1-model_v6	0.017	57	36	373	0.861	0.147	5.676E-01	5.200E-01	7.177E-02	2.377E-01	40	AF-Q54DA5-F1-model_v6 Zinc finger CCCH domain-containing protein 15 homolog
MC25_sitophilus_oryzae_2	AF-P40568-F1-model_v6	0.045	22	36	576	0.556	0.038	7.037E-01	4.797E-01	3.388E-02	2.377E-01	44	AF-P40568-F1-model_v6 Kinetochore-associated protein DSN1
MC25_sitophilus_oryzae_2	AF-A3LW29-F1-model_v6	0.027	111	36	352	1.000	0.284	4.843E-01	4.746E-01	6.442E-02	2.377E-01	41	AF-A3LW29-F1-model_v6 Chromosome segregation in meiosis protein 3
MC25_sitophilus_oryzae_2	AF-Q96HB5-F1-model_v6	0.023	43	36	630	0.833	0.060	5.811E-01	5.044E-01	3.803E-02	2.377E-01	43	AF-Q96HB5-F1-model_v6 Coiled-coil domain-containing protein 120
MC25_sitophilus_oryzae_2	AF-P01191-F1-model_v6	0.041	24	36	263	0.583	0.091	5.989E-01	4.563E-01	7.460E-02	2.376E-01	40	AF-P01191-F1-model_v6 Pro-opiomelanocortin
MC25_sitophilus_oryzae_2	AF-F1N5V1-F1-model_v6	0.037	80	36	981	0.917	0.081	5.640E-01	5.266E-01	3.045E-02	2.376E-01	44	AF-F1N5V1-F1-model_v6 Ubiquitin carboxyl-terminal hydrolase 37
MC25_sitophilus_oryzae_2	AF-P28023-F1-model_v6	0.011	84	36	1280	0.861	0.065	6.047E-01	5.463E-01	2.260E-02	2.375E-01	45	AF-P28023-F1-model_v6 Dynactin subunit 1
MC25_sitophilus_oryzae_2	AF-B3H0F9-F1-model_v6	0.076	39	36	969	0.889	0.035	5.628E-01	5.098E-01	2.619E-02	2.375E-01	44	AF-B3H0F9-F1-model_v6 RNA polymerase-associated protein RapA
MC25_sitophilus_oryzae_2	AF-Q9D903-F1-model_v6	0.050	20	36	306	0.528	0.065	6.881E-01	4.539E-01	5.983E-02	2.374E-01	41	AF-Q9D903-F1-model_v6 Probable rRNA-processing protein EBP2
MC25_sitophilus_oryzae_2	AF-Q9BV73-F1-model_v6	0.050	40	36	2442	0.944	0.014	5.749E-01	5.437E-01	1.124E-02	2.374E-01	46	AF-Q9BV73-F1-model_v6 Centrosome-associated protein CEP250
MC25_sitophilus_oryzae_2	AF-Q56023-F1-model_v6	0.028	71	36	224	1.000	0.263	4.695E-01	4.608E-01	9.757E-02	2.374E-01	37	AF-Q56023-F1-model_v6 Surface presentation of antigens protein SpaP
MC25_sitophilus_oryzae_2	AF-Q6CWT7-F1-model_v6	0.024	82	36	681	0.889	0.113	5.659E-01	5.159E-01	3.730E-02	2.374E-01	43	AF-Q6CWT7-F1-model_v6 Endopolyphosphatase
MC25_sitophilus_oryzae_2	AF-A1VDN0-F1-model_v6	0.034	87	36	677	1.000	0.126	5.336E-01	5.248E-01	4.478E-02	2.374E-01	43	AF-A1VDN0-F1-model_v6 UvrABC system protein B
MC25_sitophilus_oryzae_2	AF-A8WHP3-F1-model_v6	0.015	319	36	657	0.861	0.486	5.935E-01	5.382E-01	4.382E-02	2.373E-01	43	AF-A8WHP3-F1-model_v6 Sodium/glucose cotransporter 4
MC25_sitophilus_oryzae_2	AF-Q0IFL2-F1-model_v6	0.004	221	36	456	0.861	0.485	5.595E-01	5.025E-01	6.057E-02	2.372E-01	41	AF-Q0IFL2-F1-model_v6 RuvB-like helicase 1
MC25_sitophilus_oryzae_2	AF-A5E2Y4-F1-model_v6	0.020	99	36	794	0.944	0.117	5.464E-01	5.131E-01	3.263E-02	2.372E-01	44	AF-A5E2Y4-F1-model_v6 PAN2-PAN3 deadenylation complex subunit PAN3
MC25_sitophilus_oryzae_2	AF-Q8NHY6-2-F1-model_v6	0.083	36	36	349	0.917	0.080	5.683E-01	4.845E-01	6.610E-02	2.371E-01	40	AF-Q8NHY6-2-F1-model_v6 Zinc finger protein 28 homolog
MC25_sitophilus_oryzae_2	AF-A3MZ32-F1-model_v6	0.076	39	36	969	0.889	0.035	5.642E-01	5.092E-01	2.619E-02	2.371E-01	44	AF-A3MZ32-F1-model_v6 RNA polymerase-associated protein RapA
MC25_sitophilus_oryzae_2	AF-Q9YGL6-3-F1-model_v6	0.009	106	36	342	1.000	0.278	4.962E-01	4.869E-01	6.743E-02	2.371E-01	40	AF-Q9YGL6-3-F1-model_v6 Paralemmin-1
MC25_sitophilus_oryzae_2	AF-Q04RU6-F1-model_v6	0.013	217	36	609	1.000	0.356	5.584E-01	5.512E-01	5.419E-02	2.370E-01	42	AF-Q04RU6-F1-model_v6 UvrABC system protein C
MC25_sitophilus_oryzae_2	AF-Q8T8L8-F1-model_v6	0.010	98	36	449	0.806	0.218	5.867E-01	5.250E-01	6.009E-02	2.370E-01	41	AF-Q8T8L8-F1-model_v6 Dol-P-Glc:Glc(2)Man(9)GlcNAc(2)-PP-Dol alpha-1,2-glucosyltransferase
MC25_sitophilus_oryzae_2	AF-Q15154-F1-model_v6	0.031	63	36	2024	0.944	0.031	5.736E-01	5.484E-01	1.579E-02	2.369E-01	45	AF-Q15154-F1-model_v6 Pericentriolar material 1 protein
MC25_sitophilus_oryzae_2	AF-Q2FZ98-F1-model_v6	0.100	20	36	540	0.556	0.037	6.843E-01	4.713E-01	3.610E-02	2.367E-01	43	AF-Q2FZ98-F1-model_v6 Putative cysteine ligase BshC
MC25_sitophilus_oryzae_2	AF-Q96HB5-4-F1-model_v6	0.023	43	36	696	0.833	0.055	5.827E-01	5.054E-01	3.452E-02	2.367E-01	43	AF-Q96HB5-4-F1-model_v6 Coiled-coil domain-containing protein 120
MC25_sitophilus_oryzae_2	AF-P12349-F1-model_v6	0.007	130	36	1087	0.917	0.113	5.638E-01	5.182E-01	2.290E-02	2.367E-01	45	AF-P12349-F1-model_v6 Period circadian protein
MC25_sitophilus_oryzae_2	AF-Q0P3U3-F1-model_v6	0.083	24	36	378	0.583	0.063	6.231E-01	4.718E-01	5.365E-02	2.366E-01	42	AF-Q0P3U3-F1-model_v6 piRNA biogenesis protein EXD1
MC25_sitophilus_oryzae_2	AF-Q8BWR4-2-F1-model_v6	0.024	41	36	1146	1.000	0.027	5.633E-01	5.052E-01	2.203E-02	2.365E-01	45	AF-Q8BWR4-2-F1-model_v6 Ubiquitin carboxyl-terminal hydrolase 40
MC25_sitophilus_oryzae_2	AF-Q12809-F1-model_v6	0.033	59	36	1159	0.944	0.046	5.471E-01	5.147E-01	2.270E-02	2.365E-01	45	AF-Q12809-F1-model_v6 Voltage-gated inwardly rectifying potassium channel KCNH2
MC25_sitophilus_oryzae_2	AF-A2A5R2-F1-model_v6	0.016	60	36	1792	1.000	0.031	5.568E-01	5.468E-01	1.714E-02	2.365E-01	45	AF-A2A5R2-F1-model_v6 Brefeldin A-inhibited guanine nucleotide-exchange protein 2
MC25_sitophilus_oryzae_2	AF-F1RA39-F1-model_v6	0.002	1220	36	1679	0.889	0.727	5.752E-01	5.225E-01	1.787E-02	2.365E-01	45	AF-F1RA39-F1-model_v6 [F-actin]-monooxygenase mical2b
MC25_sitophilus_oryzae_2	AF-Q3MA04-F1-model_v6	0.002	387	36	742	0.889	0.520	5.867E-01	5.404E-01	3.909E-02	2.364E-01	43	AF-Q3MA04-F1-model_v6 Photosystem I P700 chlorophyll a apoprotein A2 2
MC25_sitophilus_oryzae_2	AF-Q5JUK3-F1-model_v6	0.018	107	36	1230	0.944	0.084	5.741E-01	5.462E-01	2.353E-02	2.364E-01	44	AF-Q5JUK3-F1-model_v6 Potassium channel subfamily T member 1
MC25_sitophilus_oryzae_2	AF-A1Z7T0-2-F1-model_v6	0.076	39	36	1260	1.000	0.025	5.961E-01	5.334E-01	2.153E-02	2.364E-01	45	AF-A1Z7T0-2-F1-model_v6 Serine/threonine-protein kinase N
MC25_sitophilus_oryzae_2	AF-Q9DE26-F1-model_v6	0.000	209	36	456	0.917	0.447	5.405E-01	5.029E-01	5.664E-02	2.364E-01	41	AF-Q9DE26-F1-model_v6 RuvB-like 1
MC25_sitophilus_oryzae_2	AF-Q99MI1-2-F1-model_v6	0.157	19	36	976	0.528	0.019	8.125E-01	4.759E-01	1.921E-02	2.363E-01	45	AF-Q99MI1-2-F1-model_v6 ELKS/Rab6-interacting/CAST family member 1
MC25_sitophilus_oryzae_2	AF-Q30ZK3-F1-model_v6	0.034	87	36	682	1.000	0.125	5.316E-01	5.229E-01	4.449E-02	2.363E-01	42	AF-Q30ZK3-F1-model_v6 UvrABC system protein B
MC25_sitophilus_oryzae_2	AF-P26279-F1-model_v6	0.045	22	36	330	0.583	0.067	6.246E-01	4.708E-01	6.085E-02	2.363E-01	41	AF-P26279-F1-model_v6 Reaction center protein M chain
MC25_sitophilus_oryzae_2	AF-P19439-F1-model_v6	0.040	25	36	487	0.583	0.051	6.592E-01	4.835E-01	4.193E-02	2.363E-01	43	AF-P19439-F1-model_v6 Probable glutamate receptor
MC25_sitophilus_oryzae_2	AF-A2BYP8-F1-model_v6	0.002	385	36	742	0.889	0.518	5.898E-01	5.427E-01	3.916E-02	2.363E-01	43	AF-A2BYP8-F1-model_v6 Photosystem I P700 chlorophyll a apoprotein A2
MC25_sitophilus_oryzae_2	AF-Q920B0-2-F1-model_v6	0.000	37	36	981	0.889	0.033	5.678E-01	5.119E-01	2.617E-02	2.362E-01	44	AF-Q920B0-2-F1-model_v6 FERM domain-containing protein 4B
MC25_sitophilus_oryzae_2	AF-Q8WTR4-3-F1-model_v6	0.005	346	36	467	0.917	0.739	5.371E-01	5.015E-01	5.961E-02	2.362E-01	41	AF-Q8WTR4-3-F1-model_v6 Glycerophosphodiester phosphodiesterase domain-containing protein 5
MC25_sitophilus_oryzae_2	AF-Q03355-F1-model_v6	0.000	22	36	656	0.611	0.030	6.875E-01	4.738E-01	2.973E-02	2.362E-01	44	AF-Q03355-F1-model_v6 Period circadian protein (Fragments)
MC25_sitophilus_oryzae_2	AF-Q72G45-F1-model_v6	0.028	35	36	263	0.833	0.122	5.313E-01	4.764E-01	9.232E-02	2.361E-01	38	AF-Q72G45-F1-model_v6 Phosphatidylglycerol--prolipoprotein diacylglyceryl transferase
MC25_sitophilus_oryzae_2	AF-Q58F21-4-F1-model_v6	0.090	22	36	901	0.556	0.024	7.210E-01	4.848E-01	2.174E-02	2.361E-01	45	AF-Q58F21-4-F1-model_v6 Bromodomain testis-specific protein
MC25_sitophilus_oryzae_2	AF-Q38PU5-F1-model_v6	0.041	48	36	902	1.000	0.045	5.235E-01	5.135E-01	3.021E-02	2.361E-01	44	AF-Q38PU5-F1-model_v6 Glutamate receptor 4
MC25_sitophilus_oryzae_2	AF-B2GC33-F1-model_v6	0.035	28	36	226	0.750	0.124	5.267E-01	4.483E-01	1.018E-01	2.361E-01	37	AF-B2GC33-F1-model_v6 Cytidylate kinase
MC25_sitophilus_oryzae_2	AF-M9PFN0-F1-model_v6	0.000	255	36	352	1.000	0.707	5.058E-01	4.975E-01	7.487E-02	2.360E-01	39	AF-M9PFN0-F1-model_v6 Phosphatase Herzog
MC25_sitophilus_oryzae_2	AF-Q03353-F1-model_v6	0.000	22	36	676	0.611	0.030	6.301E-01	4.612E-01	2.885E-02	2.360E-01	44	AF-Q03353-F1-model_v6 Period circadian protein (Fragments)
MC25_sitophilus_oryzae_2	AF-Q8CDA1-4-F1-model_v6	0.045	22	36	414	0.556	0.053	6.520E-01	4.683E-01	4.662E-02	2.359E-01	42	AF-Q8CDA1-4-F1-model_v6 Phosphatidylinositide phosphatase SAC2
MC25_sitophilus_oryzae_2	AF-P18583-3-F1-model_v6	0.038	77	36	2303	0.861	0.033	6.106E-01	5.521E-01	1.308E-02	2.359E-01	45	AF-P18583-3-F1-model_v6 Protein SON
MC25_sitophilus_oryzae_2	AF-Q03354-F1-model_v6	0.000	22	36	661	0.611	0.030	6.865E-01	4.737E-01	2.951E-02	2.359E-01	44	AF-Q03354-F1-model_v6 Period circadian protein (Fragments)
MC25_sitophilus_oryzae_2	AF-Q08379-F1-model_v6	0.045	22	36	1002	0.528	0.022	8.061E-01	4.794E-01	1.884E-02	2.359E-01	45	AF-Q08379-F1-model_v6 Golgin subfamily A member 2
MC25_sitophilus_oryzae_2	AF-Q9JVD2-F1-model_v6	0.051	77	36	307	0.889	0.251	5.269E-01	4.948E-01	8.998E-02	2.358E-01	38	AF-Q9JVD2-F1-model_v6 GTPase Era
MC25_sitophilus_oryzae_2	AF-Q9W1R4-2-F1-model_v6	0.000	39	36	639	0.944	0.045	5.947E-01	5.013E-01	3.603E-02	2.357E-01	43	AF-Q9W1R4-2-F1-model_v6 Little elongation complex subunit 1
MC25_sitophilus_oryzae_2	AF-Q5JUK3-3-F1-model_v6	0.018	108	36	1235	0.944	0.083	5.723E-01	5.412E-01	2.284E-02	2.357E-01	44	AF-Q5JUK3-3-F1-model_v6 Potassium channel subfamily T member 1
MC25_sitophilus_oryzae_2	AF-P48542-2-F1-model_v6	0.047	21	36	414	0.583	0.051	6.508E-01	4.717E-01	4.856E-02	2.357E-01	42	AF-P48542-2-F1-model_v6 G protein-activated inward rectifier potassium channel 2
MC25_sitophilus_oryzae_2	AF-O94623-F1-model_v6	0.078	38	36	935	1.000	0.029	6.350E-01	5.152E-01	2.599E-02	2.357E-01	44	AF-O94623-F1-model_v6 DNA repair protein rev1
MC25_sitophilus_oryzae_2	AF-P19493-2-F1-model_v6	0.065	46	36	902	1.000	0.045	5.238E-01	5.156E-01	3.202E-02	2.357E-01	43	AF-P19493-2-F1-model_v6 Glutamate receptor 4
MC25_sitophilus_oryzae_2	AF-P21802-15-F1-model_v6	0.005	169	36	705	0.778	0.240	6.027E-01	5.112E-01	3.737E-02	2.357E-01	43	AF-P21802-15-F1-model_v6 Fibroblast growth factor receptor 2
MC25_sitophilus_oryzae_2	AF-Q3B8C8-F1-model_v6	0.006	155	36	179	0.778	0.810	5.110E-01	4.005E-01	9.230E-02	2.357E-01	38	AF-Q3B8C8-F1-model_v6 Acireductone dioxygenase
MC25_sitophilus_oryzae_2	AF-Q8R1S9-F1-model_v6	0.062	48	36	547	0.944	0.069	5.283E-01	4.958E-01	4.150E-02	2.355E-01	42	AF-Q8R1S9-F1-model_v6 Sodium-coupled neutral amino acid transporter 4
MC25_sitophilus_oryzae_2	AF-P48549-F1-model_v6	0.011	90	36	501	1.000	0.162	5.165E-01	5.068E-01	4.969E-02	2.354E-01	42	AF-P48549-F1-model_v6 G protein-activated inward rectifier potassium channel 1
MC25_sitophilus_oryzae_2	AF-Q9P1Y5-F1-model_v6	0.055	72	36	1249	0.972	0.055	5.674E-01	5.485E-01	2.429E-02	2.353E-01	44	AF-Q9P1Y5-F1-model_v6 Calmodulin-regulated spectrin-associated protein 3
MC25_sitophilus_oryzae_2	AF-Q9CCK2-F1-model_v6	0.008	117	36	457	0.778	0.243	5.771E-01	4.632E-01	4.515E-02	2.353E-01	42	AF-Q9CCK2-F1-model_v6 Bifunctional F420 biosynthesis protein FbiB
MC25_sitophilus_oryzae_2	AF-B5ZY45-F1-model_v6	0.000	110	36	282	1.000	0.365	4.895E-01	4.814E-01	8.939E-02	2.353E-01	38	AF-B5ZY45-F1-model_v6 Phosphatidylglycerol--prolipoprotein diacylglyceryl transferase
MC25_sitophilus_oryzae_2	AF-Q5JUK3-2-F1-model_v6	0.018	107	36	1256	0.944	0.082	5.728E-01	5.452E-01	2.305E-02	2.353E-01	44	AF-Q5JUK3-2-F1-model_v6 Potassium channel subfamily T member 1
MC25_sitophilus_oryzae_2	AF-Q6M1A3-F1-model_v6	0.044	45	36	389	0.944	0.100	5.120E-01	4.846E-01	6.460E-02	2.353E-01	40	AF-Q6M1A3-F1-model_v6 Probable tRNA pseudouridine synthase D 1
MC25_sitophilus_oryzae_2	AF-P52647-F1-model_v6	0.067	59	36	1174	0.833	0.049	6.105E-01	5.392E-01	2.382E-02	2.352E-01	44	AF-P52647-F1-model_v6 Probable pyruvate-flavodoxin oxidoreductase
MC25_sitophilus_oryzae_2	AF-V5BCL0-F1-model_v6	0.006	325	36	1161	0.889	0.280	6.157E-01	5.702E-01	2.658E-02	2.352E-01	44	AF-V5BCL0-F1-model_v6 Perforin-like protein 1
MC25_sitophilus_oryzae_2	AF-Q6BKH3-F1-model_v6	0.031	32	36	798	0.833	0.036	6.044E-01	5.166E-01	3.194E-02	2.352E-01	43	AF-Q6BKH3-F1-model_v6 ATP-dependent RNA helicase DBP7
MC25_sitophilus_oryzae_2	AF-P74296-F1-model_v6	0.038	52	36	810	0.778	0.062	6.062E-01	5.126E-01	3.061E-02	2.351E-01	43	AF-P74296-F1-model_v6 Phenylalanine--tRNA ligase beta subunit
MC25_sitophilus_oryzae_2	AF-P25440-F1-model_v6	0.048	82	36	801	1.000	0.099	5.328E-01	5.231E-01	3.696E-02	2.351E-01	43	AF-P25440-F1-model_v6 Bromodomain-containing protein 2
MC25_sitophilus_oryzae_2	AF-P96329-F1-model_v6	0.002	343	36	741	0.806	0.462	5.977E-01	5.216E-01	3.592E-02	2.351E-01	43	AF-P96329-F1-model_v6 Phage T7 exclusion protein
MC25_sitophilus_oryzae_2	AF-Q9VQS7-F1-model_v6	0.120	25	36	578	0.694	0.042	6.356E-01	5.045E-01	3.991E-02	2.350E-01	43	AF-Q9VQS7-F1-model_v6 Protein sister of odd and bowel
MC25_sitophilus_oryzae_2	AF-Q811U3-F1-model_v6	0.047	21	36	948	0.583	0.022	6.802E-01	4.920E-01	2.181E-02	2.349E-01	44	AF-Q811U3-F1-model_v6 ELKS/Rab6-interacting/CAST family member 1
MC25_sitophilus_oryzae_2	AF-Q9UBC3-4-F1-model_v6	0.000	67	36	724	0.972	0.077	5.177E-01	4.967E-01	3.177E-02	2.349E-01	43	AF-Q9UBC3-4-F1-model_v6 DNA (cytosine-5)-methyltransferase 3B
MC25_sitophilus_oryzae_2	AF-Q921M4-F1-model_v6	0.045	22	36	999	0.556	0.022	7.335E-01	4.852E-01	1.967E-02	2.349E-01	45	AF-Q921M4-F1-model_v6 Golgin subfamily A member 2
MC25_sitophilus_oryzae_2	AF-Q8U019-F1-model_v6	0.012	166	36	468	1.000	0.342	5.179E-01	5.089E-01	5.802E-02	2.348E-01	41	AF-Q8U019-F1-model_v6 Protein translocase subunit SecY
MC25_sitophilus_oryzae_2	AF-O08788-2-F1-model_v6	0.025	77	36	1243	0.917	0.061	5.785E-01	5.384E-01	2.432E-02	2.347E-01	44	AF-O08788-2-F1-model_v6 Dynactin subunit 1
MC25_sitophilus_oryzae_2	AF-P32215-F1-model_v6	0.010	93	36	523	0.889	0.172	5.570E-01	5.100E-01	5.156E-02	2.347E-01	41	AF-P32215-F1-model_v6 Pituitary adenylate cyclase-activating polypeptide type I receptor
MC25_sitophilus_oryzae_2	AF-Q7RXR1-F1-model_v6	0.006	155	36	178	0.833	0.860	4.964E-01	4.512E-01	1.280E-01	2.345E-01	34	AF-Q7RXR1-F1-model_v6 Acireductone dioxygenase
MC25_sitophilus_oryzae_2	AF-Q925S8-F1-model_v6	0.000	39	36	715	0.833	0.055	5.937E-01	5.220E-01	3.879E-02	2.345E-01	43	AF-Q925S8-F1-model_v6 ATP-dependent zinc metalloprotease YME1L1
MC25_sitophilus_oryzae_2	AF-Q8NHP7-F1-model_v6	0.040	25	36	514	0.583	0.049	6.532E-01	4.851E-01	3.996E-02	2.345E-01	42	AF-Q8NHP7-F1-model_v6 piRNA biogenesis protein EXD1
MC25_sitophilus_oryzae_2	AF-Q3TIV5-F1-model_v6	0.037	27	36	426	0.667	0.061	6.317E-01	4.914E-01	5.233E-02	2.343E-01	41	AF-Q3TIV5-F1-model_v6 Zinc finger CCCH domain-containing protein 15
MC25_sitophilus_oryzae_2	AF-P9WIG5-F1-model_v6	0.000	35	36	914	0.861	0.037	5.848E-01	5.392E-01	3.146E-02	2.343E-01	43	AF-P9WIG5-F1-model_v6 WAG22 antigen
MC25_sitophilus_oryzae_2	AF-P42261-4-F1-model_v6	0.005	384	36	837	1.000	0.447	5.120E-01	5.019E-01	2.962E-02	2.342E-01	43	AF-P42261-4-F1-model_v6 Glutamate receptor 1
MC25_sitophilus_oryzae_2	AF-Q0G9F7-F1-model_v6	0.000	35	36	2292	0.889	0.014	5.638E-01	5.070E-01	1.212E-02	2.342E-01	45	AF-Q0G9F7-F1-model_v6 Protein Ycf2
MC25_sitophilus_oryzae_2	AF-P9WIG4-F1-model_v6	0.000	35	36	914	0.861	0.037	5.866E-01	5.406E-01	3.148E-02	2.342E-01	43	AF-P9WIG4-F1-model_v6 WAG22 antigen
MC25_sitophilus_oryzae_2	AF-B2DCZ9-F1-model_v6	0.000	22	36	961	0.556	0.023	7.236E-01	4.818E-01	2.040E-02	2.342E-01	44	AF-B2DCZ9-F1-model_v6 Rho guanine nucleotide exchange factor 2
MC25_sitophilus_oryzae_2	AF-B3CQQ9-F1-model_v6	0.013	225	36	492	0.972	0.449	5.422E-01	5.251E-01	5.746E-02	2.342E-01	41	AF-B3CQQ9-F1-model_v6 Glutamyl-tRNA(Gln) amidotransferase subunit A
MC25_sitophilus_oryzae_2	AF-Q6NSW3-2-F1-model_v6	0.011	179	36	1658	0.917	0.106	5.767E-01	5.353E-01	1.743E-02	2.341E-01	45	AF-Q6NSW3-2-F1-model_v6 A-kinase anchor protein SPHKAP
MC25_sitophilus_oryzae_2	AF-Q0V8C2-F1-model_v6	0.030	99	36	745	1.000	0.130	5.539E-01	5.453E-01	4.175E-02	2.341E-01	42	AF-Q0V8C2-F1-model_v6 Exocyst complex component 3
MC25_sitophilus_oryzae_2	AF-Q0AUH2-F1-model_v6	0.008	116	36	1107	1.000	0.093	4.994E-01	4.877E-01	1.990E-02	2.341E-01	44	AF-Q0AUH2-F1-model_v6 DNA-directed RNA polymerase subunit beta
MC25_sitophilus_oryzae_2	AF-Q2QD30-F1-model_v6	0.000	35	36	1988	0.889	0.016	5.585E-01	5.049E-01	1.395E-02	2.340E-01	45	AF-Q2QD30-F1-model_v6 Protein Ycf2
MC25_sitophilus_oryzae_2	AF-Q5F468-2-F1-model_v6	0.015	255	36	539	1.000	0.466	5.407E-01	5.324E-01	5.457E-02	2.340E-01	41	AF-Q5F468-2-F1-model_v6 Sodium-coupled neutral amino acid symporter 2
MC25_sitophilus_oryzae_2	AF-C6V4R9-F1-model_v6	0.044	67	36	636	0.944	0.093	5.159E-01	4.844E-01	3.777E-02	2.339E-01	43	AF-C6V4R9-F1-model_v6 ATP-dependent zinc metalloprotease FtsH
MC25_sitophilus_oryzae_2	AF-P9WIG3-F1-model_v6	0.000	35	36	957	0.861	0.036	5.791E-01	5.346E-01	3.006E-02	2.339E-01	43	AF-P9WIG3-F1-model_v6 PE-PGRS family protein PE_PGRS3
MC25_sitophilus_oryzae_2	AF-Q5T1N1-F1-model_v6	0.001	687	36	836	0.639	0.821	6.693E-01	4.833E-01	2.504E-02	2.339E-01	44	AF-Q5T1N1-F1-model_v6 Protein AKNAD1
MC25_sitophilus_oryzae_2	AF-P49658-F1-model_v6	0.047	21	36	425	0.583	0.049	6.247E-01	4.734E-01	4.769E-02	2.338E-01	42	AF-P49658-F1-model_v6 G protein-activated inward rectifier potassium channel 2
MC25_sitophilus_oryzae_2	AF-Q9PT84-F1-model_v6	0.011	86	36	1202	0.750	0.072	6.368E-01	5.252E-01	2.162E-02	2.338E-01	44	AF-Q9PT84-F1-model_v6 Voltage-gated inwardly rectifying potassium channel KCNH6
MC25_sitophilus_oryzae_2	AF-P13709-2-F1-model_v6	0.050	40	36	1110	1.000	0.029	5.819E-01	5.294E-01	2.412E-02	2.338E-01	44	AF-P13709-2-F1-model_v6 Homeotic protein female sterile
MC25_sitophilus_oryzae_2	AF-Q2G7J5-F1-model_v6	0.026	38	36	721	1.000	0.037	6.169E-01	5.026E-01	3.298E-02	2.337E-01	43	AF-Q2G7J5-F1-model_v6 DNA ligase
MC25_sitophilus_oryzae_2	AF-Q8C9B9-3-F1-model_v6	0.040	49	36	1183	1.000	0.030	5.174E-01	5.063E-01	1.900E-02	2.337E-01	44	AF-Q8C9B9-3-F1-model_v6 Death-inducer obliterator 1
MC25_sitophilus_oryzae_2	AF-P53258-F1-model_v6	0.022	133	36	950	1.000	0.133	5.252E-01	5.154E-01	2.887E-02	2.337E-01	43	AF-P53258-F1-model_v6 GTPase-activating protein GYP2
MC25_sitophilus_oryzae_2	AF-Q1LV22-F1-model_v6	0.029	67	36	989	0.833	0.066	5.954E-01	5.215E-01	2.674E-02	2.336E-01	44	AF-Q1LV22-F1-model_v6 Atos homolog protein A
MC25_sitophilus_oryzae_2	AF-Q9RVE3-F1-model_v6	0.086	23	36	351	0.639	0.063	5.980E-01	4.769E-01	6.049E-02	2.336E-01	40	AF-Q9RVE3-F1-model_v6 Alanine racemase
MC25_sitophilus_oryzae_2	AF-Q5NVJ6-F1-model_v6	0.045	22	36	423	0.583	0.052	6.273E-01	4.702E-01	4.778E-02	2.336E-01	41	AF-Q5NVJ6-F1-model_v6 G protein-activated inward rectifier potassium channel 2
MC25_sitophilus_oryzae_2	AF-Q28Y69-F1-model_v6	0.055	36	36	406	1.000	0.049	5.822E-01	4.651E-01	4.798E-02	2.336E-01	41	AF-Q28Y69-F1-model_v6 Zinc finger CCCH domain-containing protein 15 homolog
MC25_sitophilus_oryzae_2	AF-Q99712-F1-model_v6	0.076	26	36	375	0.639	0.069	6.153E-01	4.724E-01	5.863E-02	2.335E-01	40	AF-Q99712-F1-model_v6 ATP-sensitive inward rectifier potassium channel 15
MC25_sitophilus_oryzae_2	AF-Q4PD88-F1-model_v6	0.000	22	36	721	0.556	0.031	6.967E-01	4.786E-01	2.710E-02	2.334E-01	43	AF-Q4PD88-F1-model_v6 Transcription activator of gluconeogenesis ERT1
MC25_sitophilus_oryzae_2	AF-Q7Q297-F1-model_v6	0.095	21	36	319	0.583	0.066	6.277E-01	4.549E-01	6.165E-02	2.334E-01	40	AF-Q7Q297-F1-model_v6 WSCD family member AGAP003962
MC25_sitophilus_oryzae_2	AF-Q91ZF1-F1-model_v6	0.025	77	36	405	1.000	0.175	5.116E-01	5.033E-01	6.645E-02	2.332E-01	40	AF-Q91ZF1-F1-model_v6 ATP-sensitive inward rectifier potassium channel 15
MC25_sitophilus_oryzae_2	AF-Q25637-F1-model_v6	0.007	140	36	893	0.861	0.157	5.806E-01	5.280E-01	3.301E-02	2.332E-01	43	AF-Q25637-F1-model_v6 Period circadian protein
MC25_sitophilus_oryzae_2	AF-Q9SIS3-2-F1-model_v6	0.051	39	36	567	0.944	0.060	5.328E-01	5.084E-01	4.751E-02	2.331E-01	41	AF-Q9SIS3-2-F1-model_v6 65-kDa microtubule-associated protein 6
MC25_sitophilus_oryzae_2	AF-P13186-F1-model_v6	0.019	51	36	1147	0.639	0.043	6.882E-01	4.904E-01	1.798E-02	2.331E-01	44	AF-P13186-F1-model_v6 Serine/threonine-protein kinase KIN2
MC25_sitophilus_oryzae_2	AF-P48542-4-F1-model_v6	0.019	51	36	302	0.722	0.156	5.623E-01	4.517E-01	6.829E-02	2.331E-01	39	AF-P48542-4-F1-model_v6 G protein-activated inward rectifier potassium channel 2
MC25_sitophilus_oryzae_2	AF-Q4F883-F1-model_v6	0.045	22	36	537	0.611	0.041	6.386E-01	4.767E-01	3.936E-02	2.331E-01	42	AF-Q4F883-F1-model_v6 Senescence-associated carboxylesterase 101
MC25_sitophilus_oryzae_2	AF-P48051-F1-model_v6	0.047	21	36	423	0.583	0.050	6.383E-01	4.742E-01	4.813E-02	2.330E-01	41	AF-P48051-F1-model_v6 G protein-activated inward rectifier potassium channel 2
MC25_sitophilus_oryzae_2	AF-Q9KD27-F1-model_v6	0.004	204	36	705	0.806	0.288	6.091E-01	5.403E-01	3.824E-02	2.330E-01	42	AF-Q9KD27-F1-model_v6 Polyphosphate kinase
MC25_sitophilus_oryzae_2	AF-Q3Z1M2-F1-model_v6	0.000	47	36	565	1.000	0.081	5.319E-01	5.239E-01	5.517E-02	2.329E-01	41	AF-Q3Z1M2-F1-model_v6 NAD-dependent malic enzyme
MC25_sitophilus_oryzae_2	AF-P0A687-F1-model_v6	0.000	35	36	914	0.861	0.037	5.846E-01	5.390E-01	3.147E-02	2.329E-01	43	AF-P0A687-F1-model_v6 WAG22 antigen
MC25_sitophilus_oryzae_2	AF-Q13439-4-F1-model_v6	0.001	551	36	2228	0.833	0.243	5.888E-01	4.949E-01	9.317E-03	2.328E-01	45	AF-Q13439-4-F1-model_v6 Golgin subfamily A member 4
MC25_sitophilus_oryzae_2	AF-Q6ZPR4-2-F1-model_v6	0.000	41	36	1218	0.944	0.031	5.818E-01	5.538E-01	2.444E-02	2.328E-01	44	AF-Q6ZPR4-2-F1-model_v6 Potassium channel subfamily T member 1
MC25_sitophilus_oryzae_2	AF-Q9LQ55-F1-model_v6	0.030	65	36	920	0.806	0.070	5.919E-01	5.054E-01	2.884E-02	2.328E-01	43	AF-Q9LQ55-F1-model_v6 Dynamin-2B
MC25_sitophilus_oryzae_2	AF-P37296-F1-model_v6	0.000	68	36	890	0.778	0.075	6.142E-01	5.119E-01	2.887E-02	2.326E-01	43	AF-P37296-F1-model_v6 V-type proton ATPase subunit a, Golgi isoform
MC25_sitophilus_oryzae_2	AF-P50607-2-F1-model_v6	0.014	137	36	561	1.000	0.241	5.513E-01	5.438E-01	5.587E-02	2.326E-01	41	AF-P50607-2-F1-model_v6 Tubby protein homolog
MC25_sitophilus_oryzae_2	AF-P18583-9-F1-model_v6	0.038	77	36	2466	0.861	0.031	6.076E-01	5.435E-01	1.182E-02	2.325E-01	45	AF-P18583-9-F1-model_v6 Protein SON
MC25_sitophilus_oryzae_2	AF-P39998-F1-model_v6	0.035	57	36	551	0.861	0.091	5.535E-01	4.883E-01	4.111E-02	2.324E-01	42	AF-P39998-F1-model_v6 Enhancer of mRNA-decapping protein 3
MC25_sitophilus_oryzae_2	AF-F1SY74-F1-model_v6	0.000	21	36	613	0.583	0.034	6.741E-01	4.670E-01	3.288E-02	2.324E-01	43	AF-F1SY74-F1-model_v6 Cytochrome P450 monooxygenase 75
MC25_sitophilus_oryzae_2	AF-Q58F21-F1-model_v6	0.036	82	36	947	1.000	0.083	5.325E-01	5.232E-01	3.153E-02	2.324E-01	43	AF-Q58F21-F1-model_v6 Bromodomain testis-specific protein
MC25_sitophilus_oryzae_2	AF-Q9ZI50-F1-model_v6	0.015	132	36	244	0.889	0.529	4.907E-01	4.554E-01	1.034E-01	2.323E-01	36	AF-Q9ZI50-F1-model_v6 Large ribosomal subunit protein uL3
MC25_sitophilus_oryzae_2	AF-P27514-F1-model_v6	0.000	36	36	894	0.861	0.039	6.034E-01	5.515E-01	3.206E-02	2.323E-01	43	AF-P27514-F1-model_v6 Low-affinity phosphate transporter PHO91
MC25_sitophilus_oryzae_2	AF-Q91ZW3-F1-model_v6	0.085	35	36	1051	0.889	0.033	5.938E-01	5.515E-01	2.890E-02	2.322E-01	43	AF-Q91ZW3-F1-model_v6 SWI/SNF-related matrix-associated actin-dependent regulator of chromatin subfamily A member 5
MC25_sitophilus_oryzae_2	AF-P48542-F1-model_v6	0.047	21	36	425	0.583	0.049	6.249E-01	4.692E-01	4.743E-02	2.322E-01	41	AF-P48542-F1-model_v6 G protein-activated inward rectifier potassium channel 2
MC25_sitophilus_oryzae_2	AF-Q8FXX4-F1-model_v6	0.015	191	36	804	1.000	0.234	5.389E-01	5.301E-01	3.778E-02	2.321E-01	42	AF-Q8FXX4-F1-model_v6 Phenylalanine--tRNA ligase beta subunit
MC25_sitophilus_oryzae_2	AF-P23811-F1-model_v6	0.032	93	36	449	0.889	0.200	5.404E-01	4.997E-01	5.923E-02	2.321E-01	40	AF-P23811-F1-model_v6 Secretin receptor
MC25_sitophilus_oryzae_2	AF-Q14203-2-F1-model_v6	0.025	77	36	1144	0.917	0.066	5.727E-01	5.335E-01	2.637E-02	2.319E-01	43	AF-Q14203-2-F1-model_v6 Dynactin subunit 1
MC25_sitophilus_oryzae_2	AF-Q6PGB8-2-F1-model_v6	0.083	36	36	1062	0.889	0.033	5.928E-01	5.502E-01	2.796E-02	2.318E-01	43	AF-Q6PGB8-2-F1-model_v6 SWI/SNF-related matrix-associated actin-dependent regulator of chromatin subfamily A member 1
MC25_sitophilus_oryzae_2	AF-Q9UKA4-F1-model_v6	0.000	37	36	1901	0.917	0.018	5.720E-01	5.296E-01	1.557E-02	2.317E-01	44	AF-Q9UKA4-F1-model_v6 A-kinase anchor protein 11
MC25_sitophilus_oryzae_2	AF-Q03297-F1-model_v6	0.000	22	36	1093	0.611	0.018	6.960E-01	4.755E-01	1.799E-02	2.317E-01	44	AF-Q03297-F1-model_v6 Period circadian protein (Fragment)
MC25_sitophilus_oryzae_2	AF-Q5EA97-F1-model_v6	0.009	331	36	463	1.000	0.698	5.218E-01	5.129E-01	5.604E-02	2.315E-01	40	AF-Q5EA97-F1-model_v6 Putative sodium-coupled neutral amino acid transporter 11
MC25_sitophilus_oryzae_2	AF-P47437-F1-model_v6	0.049	61	36	806	0.778	0.074	6.056E-01	5.124E-01	3.185E-02	2.315E-01	43	AF-P47437-F1-model_v6 Phenylalanine--tRNA ligase beta subunit
MC25_sitophilus_oryzae_2	AF-P96188-F1-model_v6	0.000	67	36	527	1.000	0.114	4.970E-01	4.873E-01	4.931E-02	2.315E-01	41	AF-P96188-F1-model_v6 Type II methyltransferase M.XamI
MC25_sitophilus_oryzae_2	AF-Q6CK38-F1-model_v6	0.000	22	36	379	0.611	0.058	6.178E-01	4.591E-01	5.537E-02	2.314E-01	40	AF-Q6CK38-F1-model_v6 DNA replication regulator SLD2
MC25_sitophilus_oryzae_2	AF-Q54RP6-F1-model_v6	0.000	53	36	1709	1.000	0.029	5.529E-01	5.433E-01	1.840E-02	2.314E-01	44	AF-Q54RP6-F1-model_v6 Hybrid signal transduction histidine kinase L
MC25_sitophilus_oryzae_2	AF-Q4R8Y1-F1-model_v6	0.036	82	36	947	1.000	0.083	5.302E-01	5.214E-01	3.152E-02	2.314E-01	43	AF-Q4R8Y1-F1-model_v6 Bromodomain testis-specific protein
MC25_sitophilus_oryzae_2	AF-Q54B48-F1-model_v6	0.019	52	36	1592	1.000	0.028	5.410E-01	5.313E-01	1.761E-02	2.313E-01	44	AF-Q54B48-F1-model_v6 Probable serine/threonine-protein kinase DDB_G0293958
MC25_sitophilus_oryzae_2	AF-A5VHF6-F1-model_v6	0.008	114	36	374	0.861	0.291	5.223E-01	4.661E-01	6.298E-02	2.313E-01	40	AF-A5VHF6-F1-model_v6 DNA replication and repair protein RecF
MC25_sitophilus_oryzae_2	AF-A4RYD2-F1-model_v6	0.021	46	36	428	0.972	0.089	4.725E-01	4.547E-01	5.722E-02	2.312E-01	40	AF-A4RYD2-F1-model_v6 Adenylosuccinate synthetase, chloroplastic
MC25_sitophilus_oryzae_2	AF-Q12311-F1-model_v6	0.058	34	36	748	0.639	0.045	6.492E-01	4.958E-01	2.976E-02	2.312E-01	43	AF-Q12311-F1-model_v6 NuA3 HAT complex component NTO1
MC25_sitophilus_oryzae_2	AF-Q8XYE3-F1-model_v6	0.003	277	36	1245	0.861	0.218	5.735E-01	5.033E-01	1.985E-02	2.312E-01	44	AF-Q8XYE3-F1-model_v6 TAL effector protein Brg11
MC25_sitophilus_oryzae_2	AF-A5IVH3-F1-model_v6	0.000	193	36	344	0.750	0.552	5.630E-01	4.628E-01	6.240E-02	2.311E-01	40	AF-A5IVH3-F1-model_v6 Oxygen sensor histidine kinase NreB
MC25_sitophilus_oryzae_2	AF-Q6ZVH7-F1-model_v6	0.048	41	36	1005	0.861	0.040	5.706E-01	5.059E-01	2.813E-02	2.311E-01	43	AF-Q6ZVH7-F1-model_v6 Espin-like protein
MC25_sitophilus_oryzae_2	AF-Q6CF78-F1-model_v6	0.166	24	36	700	0.583	0.034	6.697E-01	4.845E-01	2.933E-02	2.311E-01	43	AF-Q6CF78-F1-model_v6 E3 ubiquitin-protein ligase BRE1
MC25_sitophilus_oryzae_2	AF-A3LWH3-F1-model_v6	0.058	34	36	733	0.833	0.042	5.754E-01	5.055E-01	3.461E-02	2.309E-01	42	AF-A3LWH3-F1-model_v6 ATP-dependent RNA helicase DBP7
MC25_sitophilus_oryzae_2	AF-A6NJJ6-F1-model_v6	0.014	135	36	358	0.972	0.360	5.062E-01	4.895E-01	7.275E-02	2.309E-01	39	AF-A6NJJ6-F1-model_v6 UPF0575 protein C19orf67
MC25_sitophilus_oryzae_2	AF-Q91756-F1-model_v6	0.062	48	36	479	1.000	0.088	5.189E-01	5.113E-01	5.849E-02	2.306E-01	40	AF-Q91756-F1-model_v6 Glutamate receptor U1
MC25_sitophilus_oryzae_2	AF-P63251-F1-model_v6	0.005	178	36	501	1.000	0.337	4.924E-01	4.825E-01	4.896E-02	2.305E-01	41	AF-P63251-F1-model_v6 G protein-activated inward rectifier potassium channel 1
MC25_sitophilus_oryzae_2	AF-Q08886-F1-model_v6	0.043	46	36	897	0.917	0.042	5.355E-01	4.900E-01	2.612E-02	2.305E-01	43	AF-Q08886-F1-model_v6 Guanine nucleotide-binding protein subunit beta 1
MC25_sitophilus_oryzae_2	AF-Q9QX47-3-F1-model_v6	0.038	77	36	2404	0.861	0.032	5.990E-01	5.408E-01	1.215E-02	2.304E-01	44	AF-Q9QX47-3-F1-model_v6 Protein SON
MC25_sitophilus_oryzae_2	AF-Q9NBX4-F1-model_v6	0.000	276	36	908	0.861	0.298	5.631E-01	5.017E-01	2.738E-02	2.304E-01	43	AF-Q9NBX4-F1-model_v6 Probable RNA-directed DNA polymerase from transposon X-element
MC25_sitophilus_oryzae_2	AF-Q9JUC8-F1-model_v6	0.038	77	36	327	1.000	0.226	5.090E-01	5.023E-01	8.871E-02	2.301E-01	37	AF-Q9JUC8-F1-model_v6 Lipoyl synthase
MC25_sitophilus_oryzae_2	AF-P07663-2-F1-model_v6	0.000	22	36	1162	0.611	0.017	6.305E-01	4.624E-01	1.693E-02	2.301E-01	44	AF-P07663-2-F1-model_v6 Period circadian protein
MC25_sitophilus_oryzae_2	AF-Q83KM9-F1-model_v6	0.078	51	36	569	0.861	0.086	5.571E-01	5.062E-01	4.671E-02	2.300E-01	41	AF-Q83KM9-F1-model_v6 Putative diguanylate cyclase DgcQ
MC25_sitophilus_oryzae_2	AF-P29549-F1-model_v6	0.015	128	36	495	0.806	0.244	5.655E-01	4.704E-01	4.164E-02	2.300E-01	41	AF-P29549-F1-model_v6 Telomere-binding protein subunit alpha
MC25_sitophilus_oryzae_2	AF-Q81MN9-F1-model_v6	0.004	207	36	702	0.806	0.293	6.015E-01	5.364E-01	3.838E-02	2.299E-01	42	AF-Q81MN9-F1-model_v6 Polyphosphate kinase
MC25_sitophilus_oryzae_2	AF-P48542-3-F1-model_v6	0.044	68	36	327	1.000	0.180	4.731E-01	4.645E-01	7.282E-02	2.299E-01	38	AF-P48542-3-F1-model_v6 G protein-activated inward rectifier potassium channel 2
MC25_sitophilus_oryzae_2	AF-Q9BV57-2-F1-model_v6	0.015	132	36	173	0.972	0.711	4.251E-01	4.113E-01	1.201E-01	2.298E-01	34	AF-Q9BV57-2-F1-model_v6 Acireductone dioxygenase
MC25_sitophilus_oryzae_2	AF-B1IW07-F1-model_v6	0.038	26	36	1486	0.722	0.017	6.287E-01	5.223E-01	1.714E-02	2.297E-01	44	AF-B1IW07-F1-model_v6 Chromosome partition protein MukB
MC25_sitophilus_oryzae_2	AF-P75471-F1-model_v6	0.081	37	36	1818	0.944	0.018	5.963E-01	5.457E-01	1.548E-02	2.297E-01	44	AF-P75471-F1-model_v6 Cytadherence high molecular weight protein 2
MC25_sitophilus_oryzae_2	AF-Q6BI82-F1-model_v6	0.007	133	36	1193	1.000	0.106	5.328E-01	5.228E-01	2.367E-02	2.296E-01	43	AF-Q6BI82-F1-model_v6 Chromatin modification-related protein EAF1
MC25_sitophilus_oryzae_2	AF-Q92835-2-F1-model_v6	0.000	64	36	1188	1.000	0.052	5.228E-01	5.160E-01	2.693E-02	2.295E-01	43	AF-Q92835-2-F1-model_v6 Phosphatidylinositol 3,4,5-trisphosphate 5-phosphatase 1
MC25_sitophilus_oryzae_2	AF-Q6UVM3-4-F1-model_v6	0.018	107	36	1052	0.972	0.099	5.697E-01	5.533E-01	2.902E-02	2.295E-01	43	AF-Q6UVM3-4-F1-model_v6 Potassium channel subfamily T member 2
MC25_sitophilus_oryzae_2	AF-O21049-F1-model_v6	0.007	280	36	435	0.833	0.630	5.606E-01	4.928E-01	5.204E-02	2.294E-01	40	AF-O21049-F1-model_v6 Cytochrome c oxidase subunit 3
MC25_sitophilus_oryzae_2	AF-A7IKQ0-F1-model_v6	0.002	891	36	1358	0.889	0.652	5.504E-01	4.964E-01	1.822E-02	2.294E-01	44	AF-A7IKQ0-F1-model_v6 DNA-directed RNA polymerase subunit beta
MC25_sitophilus_oryzae_2	AF-Q93ZB7-F1-model_v6	0.070	57	36	620	0.861	0.085	5.650E-01	5.099E-01	4.137E-02	2.292E-01	41	AF-Q93ZB7-F1-model_v6 Transcription factor GTE11
MC25_sitophilus_oryzae_2	AF-A8HTY8-F1-model_v6	0.002	891	36	1376	0.889	0.643	5.499E-01	4.959E-01	1.798E-02	2.291E-01	44	AF-A8HTY8-F1-model_v6 DNA-directed RNA polymerase subunit beta
MC25_sitophilus_oryzae_2	AF-Q9LQ54-F1-model_v6	0.027	36	36	870	0.944	0.037	5.561E-01	5.142E-01	3.257E-02	2.290E-01	42	AF-Q9LQ54-F1-model_v6 Probable disease resistance protein At1g59620
MC25_sitophilus_oryzae_2	AF-B2IA87-F1-model_v6	0.018	53	36	724	1.000	0.072	5.605E-01	5.532E-01	4.534E-02	2.290E-01	41	AF-B2IA87-F1-model_v6 Ribosomal RNA large subunit methyltransferase K/L
MC25_sitophilus_oryzae_2	AF-P33892-F1-model_v6	0.000	139	36	2672	1.000	0.051	5.560E-01	5.464E-01	1.192E-02	2.290E-01	44	AF-P33892-F1-model_v6 eIF-2-alpha kinase activator GCN1
MC25_sitophilus_oryzae_2	AF-Q93ZR3-F1-model_v6	0.021	94	36	768	1.000	0.112	5.149E-01	5.057E-01	3.416E-02	2.288E-01	42	AF-Q93ZR3-F1-model_v6 Pre-mRNA-processing factor 39-1
MC25_sitophilus_oryzae_2	AF-Q47XX7-F1-model_v6	0.000	115	36	1320	0.944	0.084	5.717E-01	5.488E-01	2.179E-02	2.287E-01	43	AF-Q47XX7-F1-model_v6 Phosphoribosylformylglycinamidine synthase
MC25_sitophilus_oryzae_2	AF-P63250-F1-model_v6	0.005	177	36	501	1.000	0.337	4.917E-01	4.825E-01	5.015E-02	2.286E-01	40	AF-P63250-F1-model_v6 G protein-activated inward rectifier potassium channel 1
MC25_sitophilus_oryzae_2	AF-Q8NCE0-5-F1-model_v6	0.052	19	36	402	0.500	0.047	7.261E-01	4.487E-01	4.419E-02	2.286E-01	41	AF-Q8NCE0-5-F1-model_v6 tRNA-splicing endonuclease subunit Sen2
MC25_sitophilus_oryzae_2	AF-A7TGY3-F1-model_v6	0.078	38	36	882	0.889	0.039	5.633E-01	5.138E-01	3.003E-02	2.285E-01	42	AF-A7TGY3-F1-model_v6 Ubiquitin carboxyl-terminal hydrolase 4
MC25_sitophilus_oryzae_2	AF-F4IN69-F1-model_v6	0.025	77	36	1275	1.000	0.053	5.336E-01	5.238E-01	2.055E-02	2.284E-01	43	AF-F4IN69-F1-model_v6 Mediator of RNA polymerase II transcription subunit 33B
MC25_sitophilus_oryzae_2	AF-C6UYL8-F1-model_v6	0.012	80	36	558	0.639	0.143	6.323E-01	4.824E-01	3.942E-02	2.284E-01	41	AF-C6UYL8-F1-model_v6 Translocated intimin receptor Tir
MC25_sitophilus_oryzae_2	AF-Q5T5Y3-2-F1-model_v6	0.022	44	36	1324	0.889	0.029	5.526E-01	4.985E-01	1.943E-02	2.283E-01	43	AF-Q5T5Y3-2-F1-model_v6 Calmodulin-regulated spectrin-associated protein 1
MC25_sitophilus_oryzae_2	AF-Q6T4P5-3-F1-model_v6	0.014	69	36	746	0.972	0.080	5.116E-01	4.912E-01	3.281E-02	2.283E-01	42	AF-Q6T4P5-3-F1-model_v6 Phospholipid phosphatase-related protein type 3
MC25_sitophilus_oryzae_2	AF-Q6J1Y9-F1-model_v6	0.125	24	36	1357	0.611	0.018	6.691E-01	5.014E-01	1.598E-02	2.280E-01	44	AF-Q6J1Y9-F1-model_v6 Ubiquitin carboxyl-terminal hydrolase 19
MC25_sitophilus_oryzae_2	AF-P48550-F1-model_v6	0.047	21	36	425	0.583	0.049	6.197E-01	4.632E-01	4.766E-02	2.279E-01	40	AF-P48550-F1-model_v6 G protein-activated inward rectifier potassium channel 2
MC25_sitophilus_oryzae_2	AF-A6H603-4-F1-model_v6	0.017	282	36	911	0.972	0.303	5.218E-01	5.019E-01	2.909E-02	2.279E-01	42	AF-A6H603-4-F1-model_v6 NACHT domain- and WD repeat-containing protein 1
MC25_sitophilus_oryzae_2	AF-Q87A16-F1-model_v6	0.018	53	36	724	1.000	0.072	5.588E-01	5.516E-01	4.532E-02	2.278E-01	41	AF-Q87A16-F1-model_v6 Ribosomal RNA large subunit methyltransferase K/L
MC25_sitophilus_oryzae_2	AF-Q03ET4-F1-model_v6	0.037	80	36	431	1.000	0.167	4.968E-01	4.884E-01	5.879E-02	2.278E-01	39	AF-Q03ET4-F1-model_v6 Adenylosuccinate synthetase
MC25_sitophilus_oryzae_2	AF-D1C1U7-F1-model_v6	0.100	20	36	653	0.556	0.031	6.240E-01	4.760E-01	2.994E-02	2.277E-01	42	AF-D1C1U7-F1-model_v6 ATP-dependent zinc metalloprotease FtsH 1
MC25_sitophilus_oryzae_2	AF-Q8DT75-F1-model_v6	0.068	58	36	1080	1.000	0.047	5.309E-01	5.212E-01	2.558E-02	2.277E-01	42	AF-Q8DT75-F1-model_v6 ATP-dependent helicase/deoxyribonuclease subunit B
MC25_sitophilus_oryzae_2	AF-Q819I5-F1-model_v6	0.004	207	36	702	0.806	0.293	5.958E-01	5.327E-01	3.836E-02	2.276E-01	41	AF-Q819I5-F1-model_v6 Polyphosphate kinase
MC25_sitophilus_oryzae_2	AF-Q2UBF1-F1-model_v6	0.000	93	36	1042	1.000	0.076	4.900E-01	4.791E-01	2.054E-02	2.275E-01	43	AF-Q2UBF1-F1-model_v6 FACT complex subunit spt16
MC25_sitophilus_oryzae_2	AF-P46819-F1-model_v6	0.021	93	36	688	0.583	0.135	6.546E-01	4.726E-01	2.947E-02	2.273E-01	42	AF-P46819-F1-model_v6 DNA-directed RNA polymerase subunit beta'
MC25_sitophilus_oryzae_2	AF-P9WG55-F1-model_v6	0.034	117	36	466	1.000	0.245	5.326E-01	5.256E-01	6.481E-02	2.272E-01	39	AF-P9WG55-F1-model_v6 Trigger factor
MC25_sitophilus_oryzae_2	AF-Q86T82-2-F1-model_v6	0.136	22	36	885	0.556	0.025	6.712E-01	4.742E-01	2.214E-02	2.270E-01	43	AF-Q86T82-2-F1-model_v6 Ubiquitin carboxyl-terminal hydrolase 37
MC25_sitophilus_oryzae_2	AF-Q4JT32-F1-model_v6	0.000	410	36	1164	1.000	0.348	5.370E-01	5.275E-01	2.489E-02	2.269E-01	42	AF-Q4JT32-F1-model_v6 DNA-directed RNA polymerase subunit beta
MC25_sitophilus_oryzae_2	AF-Q8DRA5-F1-model_v6	0.052	38	36	1463	0.861	0.025	5.824E-01	5.268E-01	1.897E-02	2.269E-01	43	AF-Q8DRA5-F1-model_v6 DNA polymerase III PolC-type
MC25_sitophilus_oryzae_2	AF-A1KLF8-F1-model_v6	0.034	117	36	466	1.000	0.245	5.318E-01	5.248E-01	6.477E-02	2.267E-01	38	AF-A1KLF8-F1-model_v6 Trigger factor
MC25_sitophilus_oryzae_2	AF-B1MMV3-F1-model_v6	0.025	116	36	490	1.000	0.233	5.314E-01	5.247E-01	6.333E-02	2.267E-01	39	AF-B1MMV3-F1-model_v6 Trigger factor
MC25_sitophilus_oryzae_2	AF-C1AES9-F1-model_v6	0.034	117	36	466	1.000	0.245	5.304E-01	5.237E-01	6.478E-02	2.267E-01	38	AF-C1AES9-F1-model_v6 Trigger factor
MC25_sitophilus_oryzae_2	AF-Q6ZPS6-F1-model_v6	0.025	39	36	1085	0.944	0.031	5.473E-01	5.198E-01	2.518E-02	2.266E-01	42	AF-Q6ZPS6-F1-model_v6 Ankyrin repeat and IBR domain-containing protein 1
MC25_sitophilus_oryzae_2	AF-Q04MH6-F1-model_v6	0.052	38	36	1463	0.861	0.025	5.812E-01	5.261E-01	1.897E-02	2.263E-01	43	AF-Q04MH6-F1-model_v6 DNA polymerase III PolC-type
MC25_sitophilus_oryzae_2	AF-Q2GG44-F1-model_v6	0.064	31	36	256	0.833	0.109	5.158E-01	4.607E-01	9.332E-02	2.261E-01	36	AF-Q2GG44-F1-model_v6 5'-nucleotidase SurE
MC25_sitophilus_oryzae_2	AF-Q3MAZ7-F1-model_v6	0.038	52	36	810	0.778	0.063	6.014E-01	5.127E-01	3.182E-02	2.261E-01	42	AF-Q3MAZ7-F1-model_v6 Phenylalanine--tRNA ligase beta subunit
MC25_sitophilus_oryzae_2	AF-P0CO32-F1-model_v6	0.001	900	36	1877	0.917	0.476	5.727E-01	5.308E-01	1.358E-02	2.261E-01	43	AF-P0CO32-F1-model_v6 Vacuolar membrane-associated protein IML1
MC25_sitophilus_oryzae_2	AF-A7Y3B6-F1-model_v6	0.021	93	36	687	0.583	0.135	6.512E-01	4.731E-01	2.955E-02	2.260E-01	42	AF-A7Y3B6-F1-model_v6 DNA-directed RNA polymerase subunit beta'
MC25_sitophilus_oryzae_2	AF-Q5FFD9-F1-model_v6	0.014	71	36	1380	0.861	0.051	5.685E-01	5.083E-01	2.038E-02	2.259E-01	43	AF-Q5FFD9-F1-model_v6 DNA-directed RNA polymerase subunit beta
MC25_sitophilus_oryzae_2	AF-Q6GK24-F1-model_v6	0.019	52	36	1482	0.972	0.033	5.460E-01	5.279E-01	2.053E-02	2.258E-01	43	AF-Q6GK24-F1-model_v6 Type VII secretion system protein EssC
MC25_sitophilus_oryzae_2	AF-A5ELN7-F1-model_v6	0.000	70	36	1372	0.861	0.050	5.495E-01	4.945E-01	2.010E-02	2.258E-01	43	AF-A5ELN7-F1-model_v6 DNA-directed RNA polymerase subunit beta
MC25_sitophilus_oryzae_2	AF-Q6H6R9-F1-model_v6	0.227	22	36	822	0.583	0.027	6.657E-01	4.723E-01	2.485E-02	2.257E-01	42	AF-Q6H6R9-F1-model_v6 ATP-dependent zinc metalloprotease FTSH 7, chloroplastic
MC25_sitophilus_oryzae_2	AF-Q5RHP9-3-F1-model_v6	0.100	20	36	533	0.528	0.038	6.641E-01	4.536E-01	3.468E-02	2.256E-01	41	AF-Q5RHP9-3-F1-model_v6 Glutamate-rich protein 3
MC25_sitophilus_oryzae_2	AF-Q14203-F1-model_v6	0.150	40	36	1278	0.917	0.027	5.625E-01	5.225E-01	2.054E-02	2.255E-01	43	AF-Q14203-F1-model_v6 Dynactin subunit 1
MC25_sitophilus_oryzae_2	AF-Q90854-F1-model_v6	0.018	55	36	492	1.000	0.100	5.109E-01	5.027E-01	5.547E-02	2.253E-01	39	AF-Q90854-F1-model_v6 G protein-activated inward rectifier potassium channel 1
MC25_sitophilus_oryzae_2	AF-Q58P69-F1-model_v6	0.015	64	36	783	0.917	0.080	5.431E-01	5.086E-01	3.787E-02	2.253E-01	41	AF-Q58P69-F1-model_v6 Cation/H(+) antiporter 10
MC25_sitophilus_oryzae_2	AF-A4IGY3-F1-model_v6	0.055	36	36	426	1.000	0.047	5.592E-01	4.588E-01	4.573E-02	2.252E-01	40	AF-A4IGY3-F1-model_v6 Zinc finger CCCH domain-containing protein 15
MC25_sitophilus_oryzae_2	AF-Q68D42-F1-model_v6	0.125	24	36	235	0.667	0.089	5.474E-01	4.316E-01	8.116E-02	2.252E-01	37	AF-Q68D42-F1-model_v6 Transmembrane protein 215
MC25_sitophilus_oryzae_2	AF-Q9Z2W9-F1-model_v6	0.040	25	36	888	0.611	0.028	6.607E-01	4.794E-01	2.395E-02	2.252E-01	42	AF-Q9Z2W9-F1-model_v6 Glutamate receptor 3
MC25_sitophilus_oryzae_2	AF-Q74ZJ5-F1-model_v6	0.017	57	36	455	0.917	0.101	4.992E-01	4.570E-01	4.572E-02	2.251E-01	40	AF-Q74ZJ5-F1-model_v6 tRNA-splicing endonuclease subunit SEN54
MC25_sitophilus_oryzae_2	AF-Q5BAZ5-F1-model_v6	0.000	62	36	1612	0.917	0.035	5.495E-01	5.080E-01	1.596E-02	2.251E-01	43	AF-Q5BAZ5-F1-model_v6 Chromatin-remodeling ATPase INO80
MC25_sitophilus_oryzae_2	AF-P19492-F1-model_v6	0.000	24	36	888	0.611	0.027	6.275E-01	4.769E-01	2.396E-02	2.250E-01	42	AF-P19492-F1-model_v6 Glutamate receptor 3
MC25_sitophilus_oryzae_2	AF-A7MB05-F1-model_v6	0.125	24	36	235	0.667	0.089	5.433E-01	4.305E-01	8.107E-02	2.249E-01	37	AF-A7MB05-F1-model_v6 Transmembrane protein 215
MC25_sitophilus_oryzae_2	AF-Q8YMH5-F1-model_v6	0.038	52	36	810	0.778	0.063	5.983E-01	5.109E-01	3.181E-02	2.249E-01	41	AF-Q8YMH5-F1-model_v6 Phenylalanine--tRNA ligase beta subunit
MC25_sitophilus_oryzae_2	AF-A8L1X3-F1-model_v6	0.008	117	36	507	1.000	0.225	5.341E-01	5.273E-01	6.000E-02	2.248E-01	39	AF-A8L1X3-F1-model_v6 Trigger factor
MC25_sitophilus_oryzae_2	AF-O43151-3-F1-model_v6	0.022	45	36	862	0.833	0.052	5.645E-01	5.027E-01	3.237E-02	2.247E-01	41	AF-O43151-3-F1-model_v6 Methylcytosine dioxygenase TET3
MC25_sitophilus_oryzae_2	AF-A2BGL3-F1-model_v6	0.040	25	36	572	0.583	0.044	6.485E-01	4.605E-01	3.519E-02	2.246E-01	41	AF-A2BGL3-F1-model_v6 Sialate:O-sulfotransferase 2
MC25_sitophilus_oryzae_2	AF-Q9UBC3-6-F1-model_v6	0.024	82	36	845	1.000	0.089	5.031E-01	4.947E-01	3.224E-02	2.245E-01	41	AF-Q9UBC3-6-F1-model_v6 DNA (cytosine-5)-methyltransferase 3B
MC25_sitophilus_oryzae_2	AF-P48548-F1-model_v6	0.073	68	36	419	1.000	0.141	4.744E-01	4.658E-01	5.783E-02	2.244E-01	39	AF-P48548-F1-model_v6 G protein-activated inward rectifier potassium channel 4
MC25_sitophilus_oryzae_2	AF-Q9SVD0-F1-model_v6	0.038	78	36	815	1.000	0.085	4.930E-01	4.836E-01	3.054E-02	2.241E-01	41	AF-Q9SVD0-F1-model_v6 Protein SMAX1-LIKE 3
MC25_sitophilus_oryzae_2	AF-Q07791-F1-model_v6	0.078	38	36	1770	0.944	0.019	5.541E-01	5.151E-01	1.581E-02	2.240E-01	43	AF-Q07791-F1-model_v6 Transposon Ty2-DR3 Gag-Pol polyprotein
MC25_sitophilus_oryzae_2	AF-B2HNG6-F1-model_v6	0.034	117	36	484	1.000	0.236	5.268E-01	5.199E-01	6.212E-02	2.240E-01	38	AF-B2HNG6-F1-model_v6 Trigger factor
MC25_sitophilus_oryzae_2	AF-A0A1L8GR68-F1-model_v6	0.010	95	36	784	0.917	0.111	5.171E-01	4.801E-01	3.039E-02	2.238E-01	41	AF-A0A1L8GR68-F1-model_v6 PWWP domain-containing protein 2A
MC25_sitophilus_oryzae_2	AF-Q17QD8-F1-model_v6	0.024	162	36	482	1.000	0.328	5.252E-01	5.179E-01	6.034E-02	2.236E-01	38	AF-Q17QD8-F1-model_v6 G-protein coupled receptor 37-like 1
MC25_sitophilus_oryzae_2	AF-P0C048-F1-model_v6	0.019	52	36	1479	0.972	0.033	5.409E-01	5.227E-01	2.053E-02	2.235E-01	42	AF-P0C048-F1-model_v6 Type VII secretion system protein EssC
MC25_sitophilus_oryzae_2	AF-O02670-F1-model_v6	0.073	68	36	419	1.000	0.141	4.755E-01	4.668E-01	5.783E-02	2.234E-01	39	AF-O02670-F1-model_v6 G protein-activated inward rectifier potassium channel 4
MC25_sitophilus_oryzae_2	AF-D0NBE6-F1-model_v6	0.050	59	36	381	1.000	0.150	5.123E-01	5.064E-01	7.900E-02	2.234E-01	36	AF-D0NBE6-F1-model_v6 RxLR effector protein 54
MC25_sitophilus_oryzae_2	AF-B7PRF6-F1-model_v6	0.032	122	36	183	0.861	0.628	4.549E-01	4.118E-01	1.086E-01	2.234E-01	34	AF-B7PRF6-F1-model_v6 Acireductone dioxygenase
MC25_sitophilus_oryzae_2	AF-A2X0M1-F1-model_v6	0.027	37	36	506	0.944	0.057	5.475E-01	4.743E-01	4.715E-02	2.234E-01	40	AF-A2X0M1-F1-model_v6 Mitogen-activated protein kinase 13
MC25_sitophilus_oryzae_2	AF-P0AAI3-F1-model_v6	0.000	207	36	644	0.889	0.315	5.344E-01	4.845E-01	4.014E-02	2.233E-01	40	AF-P0AAI3-F1-model_v6 ATP-dependent zinc metalloprotease FtsH
MC25_sitophilus_oryzae_2	AF-P48544-F1-model_v6	0.073	68	36	419	1.000	0.141	4.747E-01	4.660E-01	5.782E-02	2.233E-01	38	AF-P48544-F1-model_v6 G protein-activated inward rectifier potassium channel 4
MC25_sitophilus_oryzae_2	AF-F1MYR9-F1-model_v6	0.073	68	36	419	1.000	0.141	4.745E-01	4.659E-01	5.783E-02	2.232E-01	38	AF-F1MYR9-F1-model_v6 G protein-activated inward rectifier potassium channel 4
MC25_sitophilus_oryzae_2	AF-P48545-F1-model_v6	0.073	68	36	419	1.000	0.141	4.746E-01	4.659E-01	5.782E-02	2.232E-01	38	AF-P48545-F1-model_v6 G protein-activated inward rectifier potassium channel 4
MC25_sitophilus_oryzae_2	AF-Q9BV73-2-F1-model_v6	0.002	1391	36	2386	0.778	0.583	5.948E-01	5.044E-01	1.099E-02	2.232E-01	43	AF-Q9BV73-2-F1-model_v6 Centrosome-associated protein CEP250
MC25_sitophilus_oryzae_2	AF-P55204-F1-model_v6	0.000	43	36	1073	0.917	0.035	5.368E-01	4.957E-01	2.436E-02	2.228E-01	42	AF-P55204-F1-model_v6 Guanylyl cyclase C
MC25_sitophilus_oryzae_2	AF-Q8TF76-F1-model_v6	0.000	95	36	798	0.917	0.108	5.200E-01	4.778E-01	2.848E-02	2.228E-01	41	AF-Q8TF76-F1-model_v6 Serine/threonine-protein kinase haspin
MC25_sitophilus_oryzae_2	AF-B0VE83-F1-model_v6	0.050	60	36	174	0.861	0.287	4.599E-01	4.089E-01	1.054E-01	2.227E-01	34	AF-B0VE83-F1-model_v6 Ribosome maturation factor RimP
MC25_sitophilus_oryzae_2	AF-Q2TXQ1-F1-model_v6	0.051	39	36	398	1.000	0.060	5.947E-01	4.512E-01	5.100E-02	2.226E-01	39	AF-Q2TXQ1-F1-model_v6 O-methyltransferase aoiO
MC25_sitophilus_oryzae_2	AF-Q6CNH1-F1-model_v6	0.157	19	36	457	0.528	0.042	6.396E-01	4.518E-01	4.082E-02	2.226E-01	40	AF-Q6CNH1-F1-model_v6 Protein OS-9 homolog
MC25_sitophilus_oryzae_2	AF-V9GXK1-F1-model_v6	0.052	19	36	122	0.528	0.139	5.701E-01	3.552E-01	1.225E-01	2.225E-01	32	AF-V9GXK1-F1-model_v6 Piercer of microtubule wall 2 protein
MC25_sitophilus_oryzae_2	AF-A6LPQ4-F1-model_v6	0.002	355	36	1236	1.000	0.281	5.222E-01	5.130E-01	2.182E-02	2.224E-01	42	AF-A6LPQ4-F1-model_v6 DNA-directed RNA polymerase subunit beta
MC25_sitophilus_oryzae_2	AF-Q9NSD7-F1-model_v6	0.047	21	36	469	0.583	0.043	6.003E-01	4.520E-01	4.120E-02	2.224E-01	40	AF-Q9NSD7-F1-model_v6 Relaxin-3 receptor 1
MC25_sitophilus_oryzae_2	AF-O68984-F1-model_v6	0.004	210	36	714	0.861	0.293	5.566E-01	5.153E-01	3.950E-02	2.223E-01	40	AF-O68984-F1-model_v6 Polyphosphate kinase 2
MC25_sitophilus_oryzae_2	AF-A5D5I2-F1-model_v6	0.031	64	36	1224	0.861	0.050	5.519E-01	4.945E-01	2.175E-02	2.222E-01	42	AF-A5D5I2-F1-model_v6 DNA-directed RNA polymerase subunit beta
MC25_sitophilus_oryzae_2	AF-Q652U9-F1-model_v6	0.015	66	36	591	1.000	0.103	5.221E-01	5.143E-01	4.878E-02	2.221E-01	39	AF-Q652U9-F1-model_v6 Potassium channel KAT4
MC25_sitophilus_oryzae_2	AF-F4I594-F1-model_v6	0.031	94	36	997	0.944	0.089	5.411E-01	5.175E-01	2.802E-02	2.221E-01	41	AF-F4I594-F1-model_v6 Disease resistance protein RML1A
MC25_sitophilus_oryzae_2	AF-P17625-F1-model_v6	0.001	608	36	704	0.972	0.849	4.974E-01	4.778E-01	3.315E-02	2.219E-01	41	AF-P17625-F1-model_v6 Glycogen [starch] synthase, liver
MC25_sitophilus_oryzae_2	AF-Q1X707-F1-model_v6	0.050	20	36	223	0.556	0.090	4.955E-01	4.177E-01	8.320E-02	2.217E-01	36	AF-Q1X707-F1-model_v6 Neurotrophic factor BDNF precursor form (Fragment)
MC25_sitophilus_oryzae_2	AF-P12348-F1-model_v6	0.026	151	36	1271	0.944	0.115	5.353E-01	5.068E-01	2.157E-02	2.217E-01	42	AF-P12348-F1-model_v6 Period circadian protein
MC25_sitophilus_oryzae_2	AF-Q11128-F1-model_v6	0.000	126	36	374	0.778	0.334	5.245E-01	4.520E-01	6.319E-02	2.213E-01	38	AF-Q11128-F1-model_v6 4-galactosyl-N-acetylglucosaminide 3-alpha-L-fucosyltransferase FUT5
MC25_sitophilus_oryzae_2	AF-Q9FG39-F1-model_v6	0.043	23	36	682	0.611	0.034	6.029E-01	4.787E-01	3.151E-02	2.211E-01	41	AF-Q9FG39-F1-model_v6 Probable methyltransferase PMT12
MC25_sitophilus_oryzae_2	AF-Q06628-F1-model_v6	0.000	102	36	738	0.694	0.136	6.141E-01	4.574E-01	2.899E-02	2.209E-01	41	AF-Q06628-F1-model_v6 Autophagy-related protein 13
MC25_sitophilus_oryzae_2	AF-Q2IXS0-F1-model_v6	0.000	69	36	1390	0.861	0.049	5.539E-01	4.993E-01	2.033E-02	2.209E-01	42	AF-Q2IXS0-F1-model_v6 DNA-directed RNA polymerase subunit beta
MC25_sitophilus_oryzae_2	AF-Q8WTR4-5-F1-model_v6	0.000	20	36	360	0.556	0.056	5.358E-01	4.385E-01	5.288E-02	2.205E-01	38	AF-Q8WTR4-5-F1-model_v6 Glycerophosphodiester phosphodiesterase domain-containing protein 5
MC25_sitophilus_oryzae_2	AF-Q0UG82-F1-model_v6	0.086	23	36	1673	0.639	0.014	6.289E-01	4.848E-01	1.340E-02	2.204E-01	42	AF-Q0UG82-F1-model_v6 Chromatin-remodeling ATPase INO80
MC25_sitophilus_oryzae_2	AF-F4JZY1-F1-model_v6	0.052	38	36	1586	0.944	0.019	5.567E-01	4.822E-01	1.585E-02	2.202E-01	42	AF-F4JZY1-F1-model_v6 COP1-interactive protein 1
MC25_sitophilus_oryzae_2	AF-Q89J74-F1-model_v6	0.016	62	36	1372	0.833	0.044	5.591E-01	4.840E-01	1.939E-02	2.202E-01	42	AF-Q89J74-F1-model_v6 DNA-directed RNA polymerase subunit beta
MC25_sitophilus_oryzae_2	AF-Q80X82-F1-model_v6	0.025	80	36	1288	0.972	0.057	5.328E-01	5.147E-01	2.145E-02	2.200E-01	41	AF-Q80X82-F1-model_v6 Symplekin
MC25_sitophilus_oryzae_2	AF-Q2T9I5-2-F1-model_v6	0.016	60	36	1057	0.944	0.056	5.206E-01	4.963E-01	2.888E-02	2.195E-01	41	AF-Q2T9I5-2-F1-model_v6 RNA-binding protein 26
MC25_sitophilus_oryzae_2	AF-Q9UKV3-F1-model_v6	0.034	29	36	1341	0.611	0.021	6.471E-01	4.729E-01	1.527E-02	2.192E-01	42	AF-Q9UKV3-F1-model_v6 Apoptotic chromatin condensation inducer in the nucleus
MC25_sitophilus_oryzae_2	AF-Q2T9I5-F1-model_v6	0.016	60	36	1059	0.944	0.056	5.202E-01	4.961E-01	2.883E-02	2.191E-01	40	AF-Q2T9I5-F1-model_v6 RNA-binding protein 26
MC25_sitophilus_oryzae_2	AF-Q2QQX6-2-F1-model_v6	0.006	286	36	840	1.000	0.330	5.092E-01	5.001E-01	3.039E-02	2.189E-01	40	AF-Q2QQX6-2-F1-model_v6 Auxin response factor 24
MC25_sitophilus_oryzae_2	AF-P97751-F1-model_v6	0.065	46	36	459	0.833	0.100	5.451E-01	5.024E-01	6.082E-02	2.183E-01	37	AF-P97751-F1-model_v6 Vasoactive intestinal polypeptide receptor 1
MC25_sitophilus_oryzae_2	AF-A2R9H9-F1-model_v6	0.004	498	36	1697	1.000	0.286	4.993E-01	4.891E-01	1.377E-02	2.179E-01	42	AF-A2R9H9-F1-model_v6 Chromatin-remodeling ATPase INO80
MC25_sitophilus_oryzae_2	AF-A4YSI1-F1-model_v6	0.000	236	36	1372	0.861	0.168	5.486E-01	4.881E-01	1.812E-02	2.176E-01	41	AF-A4YSI1-F1-model_v6 DNA-directed RNA polymerase subunit beta
MC25_sitophilus_oryzae_2	AF-Q7TVK7-F1-model_v6	0.074	54	36	584	0.972	0.091	5.319E-01	5.197E-01	5.334E-02	2.174E-01	38	AF-Q7TVK7-F1-model_v6 Long-chain-fatty-acid--AMP ligase FadD23
MC25_sitophilus_oryzae_2	AF-Q4URD2-F1-model_v6	0.004	239	36	1387	0.861	0.168	5.474E-01	4.843E-01	1.737E-02	2.171E-01	41	AF-Q4URD2-F1-model_v6 DNA-directed RNA polymerase subunit beta
MC25_sitophilus_oryzae_2	AF-P17787-F1-model_v6	0.055	36	36	502	1.000	0.046	5.865E-01	4.528E-01	4.291E-02	2.170E-01	39	AF-P17787-F1-model_v6 Neuronal acetylcholine receptor subunit beta-2
MC25_sitophilus_oryzae_2	AF-A0A1S4GYH6-F1-model_v6	0.041	24	36	975	0.583	0.025	6.029E-01	4.710E-01	2.120E-02	2.167E-01	41	AF-A0A1S4GYH6-F1-model_v6 Ionotropic receptor 21a
MC25_sitophilus_oryzae_2	AF-P9WQ46-F1-model_v6	0.074	54	36	584	0.972	0.091	5.311E-01	5.189E-01	5.332E-02	2.167E-01	38	AF-P9WQ46-F1-model_v6 Long-chain-fatty-acid--AMP ligase FadD23
MC25_sitophilus_oryzae_2	AF-Q6FF90-F1-model_v6	0.000	38	36	1362	0.861	0.026	5.620E-01	5.048E-01	1.968E-02	2.165E-01	41	AF-Q6FF90-F1-model_v6 DNA-directed RNA polymerase subunit beta
MC25_sitophilus_oryzae_2	AF-P18583-8-F1-model_v6	0.039	76	36	699	0.861	0.109	5.402E-01	5.036E-01	4.135E-02	2.164E-01	39	AF-P18583-8-F1-model_v6 Protein SON
MC25_sitophilus_oryzae_2	AF-Q3SSY0-F1-model_v6	0.000	237	36	1380	0.861	0.167	5.477E-01	4.864E-01	1.748E-02	2.164E-01	41	AF-Q3SSY0-F1-model_v6 DNA-directed RNA polymerase subunit beta
MC25_sitophilus_oryzae_2	AF-P11346-F1-model_v6	0.073	41	36	739	0.917	0.045	5.054E-01	4.655E-01	3.136E-02	2.163E-01	40	AF-P11346-F1-model_v6 Raf homolog serine/threonine-protein kinase Raf
MC25_sitophilus_oryzae_2	AF-F4IAT2-F1-model_v6	0.008	123	36	1823	1.000	0.064	5.380E-01	5.293E-01	1.591E-02	2.163E-01	41	AF-F4IAT2-F1-model_v6 THO complex subunit 2
MC25_sitophilus_oryzae_2	AF-B0VDI0-F1-model_v6	0.000	37	36	1362	0.861	0.026	5.552E-01	5.002E-01	2.026E-02	2.162E-01	41	AF-B0VDI0-F1-model_v6 DNA-directed RNA polymerase subunit beta
MC25_sitophilus_oryzae_2	AF-Q69Z61-F1-model_v6	0.090	22	36	730	0.556	0.029	6.496E-01	4.453E-01	2.539E-02	2.156E-01	40	AF-Q69Z61-F1-model_v6 PWWP domain-containing protein 2A
MC25_sitophilus_oryzae_2	AF-D4PHA7-F1-model_v6	0.018	159	36	571	0.861	0.273	5.229E-01	4.709E-01	4.446E-02	2.154E-01	38	AF-D4PHA7-F1-model_v6 Sialate:O-sulfotransferase 2
MC25_sitophilus_oryzae_2	AF-A6H603-2-F1-model_v6	0.005	172	36	1435	0.722	0.119	5.976E-01	4.817E-01	1.673E-02	2.151E-01	41	AF-A6H603-2-F1-model_v6 NACHT domain- and WD repeat-containing protein 1
MC25_sitophilus_oryzae_2	AF-B2A157-F1-model_v6	0.008	117	36	446	1.000	0.253	5.096E-01	5.034E-01	6.548E-02	2.150E-01	36	AF-B2A157-F1-model_v6 Trigger factor
MC25_sitophilus_oryzae_2	AF-Q83XX3-F1-model_v6	0.030	33	36	715	0.611	0.046	6.010E-01	4.656E-01	2.958E-02	2.150E-01	40	AF-Q83XX3-F1-model_v6 ATP-dependent zinc metalloprotease FtsH
MC25_sitophilus_oryzae_2	AF-Q1XDF9-F1-model_v6	0.000	180	36	628	0.806	0.287	5.378E-01	4.849E-01	4.349E-02	2.149E-01	38	AF-Q1XDF9-F1-model_v6 ATP-dependent zinc metalloprotease FtsH
MC25_sitophilus_oryzae_2	AF-Q85B60-F1-model_v6	0.000	25	36	2104	0.667	0.010	6.360E-01	4.669E-01	9.764E-03	2.149E-01	42	AF-Q85B60-F1-model_v6 Protein Ycf2
MC25_sitophilus_oryzae_2	AF-F4IIS5-F1-model_v6	0.000	199	36	1042	0.833	0.190	5.491E-01	4.914E-01	2.656E-02	2.147E-01	40	AF-F4IIS5-F1-model_v6 Kinesin-like protein KIN-5A
MC25_sitophilus_oryzae_2	AF-A4QKE8-F1-model_v6	0.000	305	36	2290	0.944	0.128	5.001E-01	4.675E-01	9.759E-03	2.147E-01	41	AF-A4QKE8-F1-model_v6 Protein Ycf2
MC25_sitophilus_oryzae_2	AF-Q07292-F1-model_v6	0.030	33	36	813	0.778	0.039	5.763E-01	5.075E-01	3.205E-02	2.146E-01	39	AF-Q07292-F1-model_v6 Raf homolog serine/threonine-protein kinase
MC25_sitophilus_oryzae_2	AF-B5DFA1-F1-model_v6	0.022	44	36	924	0.972	0.038	4.724E-01	4.550E-01	2.630E-02	2.143E-01	40	AF-B5DFA1-F1-model_v6 TBC1 domain family member 2A
MC25_sitophilus_oryzae_2	AF-A3B9A0-F1-model_v6	0.136	22	36	1055	0.556	0.021	6.099E-01	4.611E-01	1.854E-02	2.143E-01	41	AF-A3B9A0-F1-model_v6 Auxin response factor 16
MC25_sitophilus_oryzae_2	AF-Q9YA13-F1-model_v6	0.010	92	36	639	0.889	0.141	5.173E-01	4.847E-01	4.358E-02	2.141E-01	38	AF-Q9YA13-F1-model_v6 2-oxoacid:ferredoxin oxidoreductase 1, subunit alpha
MC25_sitophilus_oryzae_2	AF-Q7RYZ7-F1-model_v6	0.076	39	36	626	1.000	0.056	5.082E-01	4.951E-01	4.652E-02	2.139E-01	38	AF-Q7RYZ7-F1-model_v6 ATP-dependent RNA helicase dbp-8
MC25_sitophilus_oryzae_2	AF-P50089-F1-model_v6	0.060	50	36	785	0.917	0.059	5.085E-01	4.721E-01	3.375E-02	2.138E-01	39	AF-P50089-F1-model_v6 Uncharacterized protein YGR237C
MC25_sitophilus_oryzae_2	AF-Q96L42-F1-model_v6	0.024	123	36	1107	0.944	0.107	5.271E-01	5.018E-01	2.561E-02	2.133E-01	40	AF-Q96L42-F1-model_v6 Voltage-gated delayed rectifier potassium channel KCNH8
MC25_sitophilus_oryzae_2	AF-Q9WVJ0-F1-model_v6	0.015	132	36	1095	0.889	0.120	5.523E-01	5.150E-01	2.682E-02	2.119E-01	39	AF-Q9WVJ0-F1-model_v6 Voltage-gated inwardly rectifying potassium channel KCNH3
MC25_sitophilus_oryzae_2	AF-Q8RYC8-F1-model_v6	0.023	169	36	1086	0.833	0.151	5.428E-01	4.727E-01	2.199E-02	2.116E-01	40	AF-Q8RYC8-F1-model_v6 Auxin response factor 19
MC25_sitophilus_oryzae_2	AF-Q1RHD0-F1-model_v6	0.011	340	36	1372	0.944	0.246	5.231E-01	5.010E-01	2.130E-02	2.111E-01	40	AF-Q1RHD0-F1-model_v6 DNA-directed RNA polymerase subunit beta
MC25_sitophilus_oryzae_2	AF-Q9TSZ3-F1-model_v6	0.068	44	36	1158	1.000	0.033	5.200E-01	5.124E-01	2.488E-02	2.107E-01	39	AF-Q9TSZ3-F1-model_v6 Voltage-gated inwardly rectifying potassium channel KCNH2
MC25_sitophilus_oryzae_2	AF-Q9H252-2-F1-model_v6	0.047	42	36	905	1.000	0.033	5.391E-01	4.748E-01	2.572E-02	2.098E-01	39	AF-Q9H252-2-F1-model_v6 Voltage-gated inwardly rectifying potassium channel KCNH6
MC25_sitophilus_oryzae_2	AF-O88466-F1-model_v6	0.000	70	36	1888	0.806	0.037	5.711E-01	4.995E-01	1.480E-02	2.097E-01	40	AF-O88466-F1-model_v6 Zinc finger protein 106
MC25_sitophilus_oryzae_2	AF-A8WHT1-F1-model_v6	0.026	38	36	474	0.972	0.076	5.055E-01	4.965E-01	6.414E-02	2.096E-01	35	AF-A8WHT1-F1-model_v6 tRNA (guanine(37)-N(1))-methyltransferase
MC25_sitophilus_oryzae_2	AF-Q9KJM5-F1-model_v6	0.008	340	36	1383	0.944	0.244	5.222E-01	4.974E-01	2.113E-02	2.086E-01	39	AF-Q9KJM5-F1-model_v6 DNA-directed RNA polymerase subunit beta
MC25_sitophilus_oryzae_2	AF-Q5GWS6-F1-model_v6	0.000	75	36	1383	0.861	0.052	5.293E-01	4.749E-01	1.913E-02	2.085E-01	39	AF-Q5GWS6-F1-model_v6 DNA-directed RNA polymerase subunit beta
MC25_sitophilus_oryzae_2	AF-A7NBR5-F1-model_v6	0.017	115	36	438	1.000	0.253	4.853E-01	4.794E-01	6.489E-02	2.085E-01	35	AF-A7NBR5-F1-model_v6 Trigger factor
MC25_sitophilus_oryzae_2	AF-A6U851-F1-model_v6	0.008	340	36	1380	0.944	0.244	5.214E-01	4.968E-01	2.118E-02	2.081E-01	39	AF-A6U851-F1-model_v6 DNA-directed RNA polymerase subunit beta
MC25_sitophilus_oryzae_2	AF-Q92QH7-F1-model_v6	0.008	340	36	1380	0.944	0.244	5.205E-01	4.960E-01	2.118E-02	2.074E-01	39	AF-Q92QH7-F1-model_v6 DNA-directed RNA polymerase subunit beta
MC25_sitophilus_oryzae_2	AF-A7TSV7-F1-model_v6	0.066	30	36	1492	0.833	0.020	5.398E-01	4.805E-01	1.912E-02	2.060E-01	39	AF-A7TSV7-F1-model_v6 Actin cytoskeleton-regulatory complex protein PAN1
MC25_sitophilus_oryzae_2	AF-P07663-4-F1-model_v6	0.043	23	36	1182	0.556	0.019	5.852E-01	4.401E-01	1.649E-02	2.048E-01	39	AF-P07663-4-F1-model_v6 Period circadian protein
MC25_sitophilus_oryzae_2	AF-Q8CJE2-F1-model_v6	0.052	57	36	1119	0.889	0.046	5.260E-01	4.864E-01	2.320E-02	2.039E-01	38	AF-Q8CJE2-F1-model_v6 Period circadian protein homolog 3
MC25_sitophilus_oryzae_2	AF-Q890N4-F1-model_v6	0.007	251	36	1236	0.944	0.201	4.996E-01	4.760E-01	2.397E-02	2.034E-01	38	AF-Q890N4-F1-model_v6 DNA-directed RNA polymerase subunit beta
MC25_sitophilus_oryzae_2	AF-Q94526-F1-model_v6	0.045	44	36	1001	1.000	0.041	5.202E-01	5.135E-01	3.099E-02	2.031E-01	37	AF-Q94526-F1-model_v6 Open rectifier potassium channel protein 1
MC25_sitophilus_oryzae_2	AF-Q2R3F5-3-F1-model_v6	0.093	43	36	836	0.917	0.042	4.715E-01	4.360E-01	2.795E-02	2.023E-01	37	AF-Q2R3F5-3-F1-model_v6 Auxin response factor 23
MC25_sitophilus_oryzae_2	AF-Q2R3F5-F1-model_v6	0.093	43	36	853	0.917	0.041	4.700E-01	4.348E-01	2.740E-02	2.015E-01	37	AF-Q2R3F5-F1-model_v6 Auxin response factor 23
MC25_sitophilus_oryzae_2	AF-Q9K2S2-F1-model_v6	0.008	226	36	801	1.000	0.278	5.027E-01	4.969E-01	3.826E-02	1.989E-01	35	AF-Q9K2S2-F1-model_v6 Na(+)/H(+) antiporter subunit A
MC25_sitophilus_oryzae_2	AF-Q5F3W3-F1-model_v6	0.035	84	36	721	1.000	0.112	4.582E-01	4.529E-01	4.118E-02	1.880E-01	33	AF-Q5F3W3-F1-model_v6 Mitogen-activated protein kinase 6
MC25_sitophilus_oryzae_2	AF-Q1HN33-F1-model_v6	0.005	196	36	219	0.972	0.863	3.693E-01	3.622E-01	1.009E-01	1.741E-01	25	AF-Q1HN33-F1-model_v6 Neurotrophic factor BDNF precursor form (Fragment)
MC25_sitophilus_oryzae_2	AF-Q1X708-F1-model_v6	0.047	21	36	223	0.556	0.090	2.973E-01	3.113E-01	7.255E-02	1.656E-01	26	AF-Q1X708-F1-model_v6 Neurotrophic factor BDNF precursor form (Fragment)
MC25_sitophilus_oryzae_2	AF-Q1HN42-F1-model_v6	0.000	197	36	223	0.806	0.848	3.387E-01	3.102E-01	7.617E-02	1.533E-01	23	AF-Q1HN42-F1-model_v6 Neurotrophic factor BDNF precursor form (Fragment)
MC11_gfuh00000000_2	AF-Q09MG8-F1-model_v6	0.000	25	24	37	1.000	0.676	8.792E-01	8.541E-01	5.951E-01	6.499E-01	73	AF-Q09MG8-F1-model_v6 Photosystem I reaction center subunit VIII
MC11_gfuh00000000_2	AF-Q06FL6-F1-model_v6	0.000	25	24	37	1.000	0.676	8.751E-01	8.502E-01	5.929E-01	6.432E-01	72	AF-Q06FL6-F1-model_v6 Photosystem I reaction center subunit VIII
MC11_gfuh00000000_2	AF-P0C5M7-F1-model_v6	0.041	24	24	63	1.000	0.381	9.749E-01	9.407E-01	3.754E-01	6.062E-01	84	AF-P0C5M7-F1-model_v6 Putative uncharacterized protein YEL050W-A
MC11_gfuh00000000_2	AF-P49780-F1-model_v6	0.041	24	24	68	1.000	0.353	9.746E-01	9.404E-01	3.480E-01	5.898E-01	83	AF-P49780-F1-model_v6 Stage III sporulation protein AC
MC11_gfuh00000000_2	AF-A6T7Z3-F1-model_v6	0.166	24	24	59	1.000	0.407	9.492E-01	9.186E-01	3.981E-01	5.825E-01	77	AF-A6T7Z3-F1-model_v6 UPF0509 protein KPN78578_12530
MC11_gfuh00000000_2	AF-B5XS05-F1-model_v6	0.166	24	24	59	1.000	0.407	9.462E-01	9.160E-01	3.978E-01	5.806E-01	76	AF-B5XS05-F1-model_v6 UPF0509 protein KPK_3153
MC11_gfuh00000000_2	AF-Q54DI5-F1-model_v6	0.041	24	24	50	1.000	0.480	9.043E-01	8.767E-01	4.513E-01	5.792E-01	71	AF-Q54DI5-F1-model_v6 Uncharacterized protein DDB_G0292256
MC11_gfuh00000000_2	AF-A1VF67-F1-model_v6	0.041	24	24	82	1.000	0.293	9.750E-01	9.376E-01	2.827E-01	5.779E-01	87	AF-A1VF67-F1-model_v6 ATP synthase subunit c
MC11_gfuh00000000_2	AF-Q72DL2-F1-model_v6	0.041	24	24	82	1.000	0.293	9.749E-01	9.376E-01	2.827E-01	5.776E-01	87	AF-Q72DL2-F1-model_v6 ATP synthase subunit c
MC11_gfuh00000000_2	AF-P0C5M6-F1-model_v6	0.000	24	24	65	1.000	0.369	9.379E-01	9.063E-01	3.580E-01	5.764E-01	80	AF-P0C5M6-F1-model_v6 Putative uncharacterized protein YEL020C-B
MC11_gfuh00000000_2	AF-P55369-F1-model_v6	0.041	24	24	88	1.000	0.273	9.688E-01	9.346E-01	2.689E-01	5.503E-01	83	AF-P55369-F1-model_v6 Uncharacterized protein y4bB/y4pI
MC11_gfuh00000000_2	AF-P25347-F1-model_v6	0.083	24	24	104	1.000	0.231	9.782E-01	9.428E-01	2.283E-01	5.496E-01	87	AF-P25347-F1-model_v6 Uncharacterized protein YCR001W
MC11_gfuh00000000_2	AF-B3PM35-F1-model_v6	0.083	24	24	95	1.000	0.253	9.526E-01	9.180E-01	2.456E-01	5.485E-01	85	AF-B3PM35-F1-model_v6 Nucleoid-associated protein MARTH_orf159
MC11_gfuh00000000_2	AF-Q6CJX3-F1-model_v6	0.083	24	24	101	1.000	0.238	9.764E-01	9.416E-01	2.352E-01	5.458E-01	85	AF-Q6CJX3-F1-model_v6 Mitochondrial import inner membrane translocase subunit TIM13
MC11_gfuh00000000_2	AF-Q5XA86-F1-model_v6	0.000	24	24	66	1.000	0.364	9.098E-01	8.840E-01	3.535E-01	5.339E-01	72	AF-Q5XA86-F1-model_v6 UPF0337 protein M6_Spy1542
MC11_gfuh00000000_2	AF-A4SEY9-F1-model_v6	0.083	24	24	109	1.000	0.220	9.728E-01	9.381E-01	2.178E-01	5.284E-01	83	AF-A4SEY9-F1-model_v6 Nucleoid-associated protein Cvib_1034
MC11_gfuh00000000_2	AF-P9WK51-F1-model_v6	0.041	24	24	126	1.000	0.190	9.794E-01	9.441E-01	1.889E-01	5.276E-01	86	AF-P9WK51-F1-model_v6 Putative lipoprotein LprD
MC11_gfuh00000000_2	AF-D2Y1X6-F1-model_v6	0.041	24	24	83	1.000	0.289	9.231E-01	8.921E-01	2.781E-01	5.254E-01	77	AF-D2Y1X6-F1-model_v6 Mu-theraphotoxin-Hhn2b 1
MC11_gfuh00000000_2	AF-A7NKS5-F1-model_v6	0.041	24	24	124	1.000	0.194	9.917E-01	9.558E-01	1.926E-01	5.250E-01	85	AF-A7NKS5-F1-model_v6 UPF0102 protein Rcas_2007
MC11_gfuh00000000_2	AF-C5CGT1-F1-model_v6	0.083	24	24	115	1.000	0.209	9.821E-01	9.475E-01	2.073E-01	5.218E-01	83	AF-C5CGT1-F1-model_v6 UPF0102 protein Kole_1919
MC11_gfuh00000000_2	AF-B8D8F2-F1-model_v6	0.041	24	24	116	1.000	0.207	9.687E-01	9.344E-01	2.047E-01	5.201E-01	83	AF-B8D8F2-F1-model_v6 Iron-sulfur cluster assembly protein CyaY
MC11_gfuh00000000_2	AF-Q6ID77-F1-model_v6	0.125	24	24	115	1.000	0.209	9.670E-01	9.332E-01	2.065E-01	5.162E-01	82	AF-Q6ID77-F1-model_v6 Mediator of RNA polymerase II transcription subunit 11
MC11_gfuh00000000_2	AF-Q7TNS2-F1-model_v6	0.083	24	24	76	1.000	0.316	9.198E-01	8.922E-01	3.082E-01	5.144E-01	72	AF-Q7TNS2-F1-model_v6 MICOS complex subunit Mic10
MC11_gfuh00000000_2	AF-P45374-F1-model_v6	0.041	24	24	120	1.000	0.200	9.669E-01	9.338E-01	1.982E-01	5.118E-01	82	AF-P45374-F1-model_v6 Uncharacterized protein Alvin_0065
MC11_gfuh00000000_2	AF-P33963-F1-model_v6	0.000	24	24	119	1.000	0.202	9.691E-01	9.352E-01	1.996E-01	5.112E-01	82	AF-P33963-F1-model_v6 Gas vesicle protein K2
MC11_gfuh00000000_2	AF-Q8I3Y6-F1-model_v6	0.000	24	24	119	1.000	0.202	9.668E-01	9.335E-01	1.998E-01	5.099E-01	82	AF-Q8I3Y6-F1-model_v6 Probable prefoldin subunit 6
MC11_gfuh00000000_2	AF-P46455-F1-model_v6	0.125	24	24	85	1.000	0.282	9.395E-01	9.105E-01	2.779E-01	5.099E-01	74	AF-P46455-F1-model_v6 Uncharacterized protein HI_0974.1
MC11_gfuh00000000_2	AF-Q7YRN2-F1-model_v6	0.083	24	24	196	1.000	0.122	9.876E-01	9.508E-01	1.217E-01	5.090E-01	89	AF-Q7YRN2-F1-model_v6 T-cell surface glycoprotein CD3 epsilon chain
MC11_gfuh00000000_2	AF-A9A9J3-F1-model_v6	0.083	24	24	144	1.000	0.167	9.767E-01	9.420E-01	1.654E-01	5.083E-01	85	AF-A9A9J3-F1-model_v6 Prefoldin subunit alpha
MC11_gfuh00000000_2	AF-A6UQB4-F1-model_v6	0.000	24	24	146	1.000	0.164	9.729E-01	9.382E-01	1.631E-01	5.069E-01	85	AF-A6UQB4-F1-model_v6 Prefoldin subunit alpha
MC11_gfuh00000000_2	AF-A2BN51-F1-model_v6	0.000	24	24	115	1.000	0.209	9.730E-01	9.399E-01	2.072E-01	5.063E-01	80	AF-A2BN51-F1-model_v6 Ribonuclease P protein component 4
MC11_gfuh00000000_2	AF-Q28073-F1-model_v6	0.083	24	24	192	1.000	0.125	9.867E-01	9.495E-01	1.242E-01	5.057E-01	88	AF-Q28073-F1-model_v6 T-cell surface glycoprotein CD3 epsilon chain
MC11_gfuh00000000_2	AF-A6VH56-F1-model_v6	0.083	24	24	144	1.000	0.167	9.750E-01	9.405E-01	1.654E-01	5.057E-01	84	AF-A6VH56-F1-model_v6 Prefoldin subunit alpha
MC11_gfuh00000000_2	AF-D2Y1Y4-F1-model_v6	0.041	24	24	83	1.000	0.289	8.951E-01	8.674E-01	2.768E-01	5.054E-01	73	AF-D2Y1Y4-F1-model_v6 Mu-theraphotoxin-Hhn2j 1
MC11_gfuh00000000_2	AF-Q32722-F1-model_v6	0.000	24	24	176	1.000	0.136	9.825E-01	9.471E-01	1.356E-01	5.044E-01	87	AF-Q32722-F1-model_v6 NAD(P)H-quinone oxidoreductase subunit 6, chloroplastic
MC11_gfuh00000000_2	AF-P54134-F1-model_v6	0.000	24	24	126	1.000	0.190	9.557E-01	9.234E-01	1.883E-01	5.017E-01	81	AF-P54134-F1-model_v6 Putative lipoprotein LprD
MC11_gfuh00000000_2	AF-O53672-F1-model_v6	0.000	24	24	97	1.000	0.247	9.243E-01	8.950E-01	2.426E-01	5.014E-01	76	AF-O53672-F1-model_v6 Uncharacterized protein Rv0250c
MC11_gfuh00000000_2	AF-D2Y1Z6-F1-model_v6	0.041	24	24	83	1.000	0.289	8.899E-01	8.625E-01	2.765E-01	5.008E-01	72	AF-D2Y1Z6-F1-model_v6 Mu-theraphotoxin-Hhn2j 4
MC11_gfuh00000000_2	AF-A4FW54-F1-model_v6	0.083	24	24	144	1.000	0.167	9.713E-01	9.374E-01	1.654E-01	5.006E-01	83	AF-A4FW54-F1-model_v6 Prefoldin subunit alpha
MC11_gfuh00000000_2	AF-Q9P3E4-F1-model_v6	0.083	24	24	123	1.000	0.195	9.597E-01	9.275E-01	1.932E-01	4.979E-01	80	AF-Q9P3E4-F1-model_v6 Uncharacterized GPI-anchored protein SPAC750.07c
MC11_gfuh00000000_2	AF-Q6LX82-F1-model_v6	0.083	24	24	144	1.000	0.167	9.683E-01	9.348E-01	1.653E-01	4.973E-01	82	AF-Q6LX82-F1-model_v6 Prefoldin subunit alpha
MC11_gfuh00000000_2	AF-P63657-F1-model_v6	0.041	24	24	171	1.000	0.140	9.682E-01	9.340E-01	1.392E-01	4.964E-01	85	AF-P63657-F1-model_v6 ATP synthase subunit b
MC11_gfuh00000000_2	AF-P61463-F1-model_v6	0.041	24	24	82	1.000	0.293	8.823E-01	8.541E-01	2.725E-01	4.951E-01	72	AF-P61463-F1-model_v6 UPF0291 protein LJ_1507
MC11_gfuh00000000_2	AF-Q33BW9-F1-model_v6	0.000	24	24	176	1.000	0.136	9.800E-01	9.450E-01	1.356E-01	4.947E-01	85	AF-Q33BW9-F1-model_v6 NAD(P)H-quinone oxidoreductase subunit 6, chloroplastic
MC11_gfuh00000000_2	AF-Q9VW56-F1-model_v6	0.041	24	24	125	1.000	0.192	9.581E-01	9.263E-01	1.902E-01	4.939E-01	79	AF-Q9VW56-F1-model_v6 Probable prefoldin subunit 6
MC11_gfuh00000000_2	AF-B1MFL8-F1-model_v6	0.000	24	24	114	1.000	0.211	9.433E-01	9.130E-01	2.078E-01	4.938E-01	78	AF-B1MFL8-F1-model_v6 Nucleoid-associated protein MAB_0319
MC11_gfuh00000000_2	AF-Q9MUL3-F1-model_v6	0.083	24	24	189	1.000	0.127	9.817E-01	9.461E-01	1.263E-01	4.927E-01	85	AF-Q9MUL3-F1-model_v6 NAD(P)H-quinone oxidoreductase subunit 6, chloroplastic
MC11_gfuh00000000_2	AF-A7MKF9-F1-model_v6	0.041	24	24	152	1.000	0.158	9.491E-01	9.147E-01	1.531E-01	4.926E-01	83	AF-A7MKF9-F1-model_v6 UPF0266 membrane protein ESA_01432
MC11_gfuh00000000_2	AF-B6YSL9-F1-model_v6	0.125	24	24	208	1.000	0.115	9.713E-01	9.344E-01	1.126E-01	4.911E-01	87	AF-B6YSL9-F1-model_v6 Small ribosomal subunit protein uS3
MC11_gfuh00000000_2	AF-B1NWK2-F1-model_v6	0.083	24	24	176	1.000	0.136	9.767E-01	9.420E-01	1.356E-01	4.911E-01	84	AF-B1NWK2-F1-model_v6 NAD(P)H-quinone oxidoreductase subunit 6, chloroplastic
MC11_gfuh00000000_2	AF-Q27RZ6-F1-model_v6	0.000	24	24	176	1.000	0.136	9.809E-01	9.459E-01	1.356E-01	4.911E-01	84	AF-Q27RZ6-F1-model_v6 NAD(P)H-quinone oxidoreductase subunit 6, chloroplastic
MC11_gfuh00000000_2	AF-Q89JA0-F1-model_v6	0.083	24	24	120	1.000	0.200	8.982E-01	8.692E-01	1.914E-01	4.910E-01	79	AF-Q89JA0-F1-model_v6 Large ribosomal subunit protein uL18
MC11_gfuh00000000_2	AF-Q97I89-F1-model_v6	0.000	24	24	122	1.000	0.197	9.574E-01	9.262E-01	1.950E-01	4.909E-01	78	AF-Q97I89-F1-model_v6 UPF0102 protein CA_C1763
MC11_gfuh00000000_2	AF-B2TJ35-F1-model_v6	0.083	24	24	122	1.000	0.197	9.393E-01	9.070E-01	1.900E-01	4.884E-01	78	AF-B2TJ35-F1-model_v6 UPF0102 protein CLL_A1253
MC11_gfuh00000000_2	AF-Q85FH2-F1-model_v6	0.000	24	24	197	1.000	0.122	9.871E-01	9.518E-01	1.214E-01	4.865E-01	85	AF-Q85FH2-F1-model_v6 NAD(P)H-quinone oxidoreductase subunit 6, chloroplastic
MC11_gfuh00000000_2	AF-A8GFM7-F1-model_v6	0.083	24	24	152	1.000	0.158	9.464E-01	9.128E-01	1.532E-01	4.853E-01	81	AF-A8GFM7-F1-model_v6 UPF0266 membrane protein Spro_2816
MC11_gfuh00000000_2	AF-Q5VRJ8-F1-model_v6	0.000	24	24	233	1.000	0.103	9.643E-01	9.281E-01	1.004E-01	4.839E-01	86	AF-Q5VRJ8-F1-model_v6 Peroxisomal membrane protein 11-5
MC11_gfuh00000000_2	AF-Q8D2X9-F1-model_v6	0.166	24	24	89	1.000	0.270	8.914E-01	8.654E-01	2.620E-01	4.836E-01	70	AF-Q8D2X9-F1-model_v6 Small ribosomal subunit protein uS15
MC11_gfuh00000000_2	AF-Q6BKI1-F1-model_v6	0.041	24	24	184	1.000	0.130	9.616E-01	9.284E-01	1.294E-01	4.819E-01	83	AF-Q6BKI1-F1-model_v6 Mediator of RNA polymerase II transcription subunit 11
MC11_gfuh00000000_2	AF-Q72DU6-F1-model_v6	0.043	23	24	134	0.958	0.172	9.517E-01	8.835E-01	1.662E-01	4.800E-01	79	AF-Q72DU6-F1-model_v6 UPF0102 protein DVU_0833
MC11_gfuh00000000_2	AF-Q0W1Y3-F1-model_v6	0.041	24	24	279	1.000	0.086	9.750E-01	9.377E-01	8.409E-02	4.794E-01	87	AF-Q0W1Y3-F1-model_v6 Small ribosomal subunit protein uS3
MC11_gfuh00000000_2	AF-A6MMR0-F1-model_v6	0.000	24	24	176	1.000	0.136	9.563E-01	9.241E-01	1.353E-01	4.788E-01	82	AF-A6MMR0-F1-model_v6 NAD(P)H-quinone oxidoreductase subunit 6, chloroplastic
MC11_gfuh00000000_2	AF-P0CF98-F1-model_v6	0.208	24	24	89	1.000	0.270	9.049E-01	8.794E-01	2.636E-01	4.780E-01	69	AF-P0CF98-F1-model_v6 Flagellar biosynthetic protein FliQ
MC11_gfuh00000000_2	AF-Q93WU8-F1-model_v6	0.041	24	24	346	1.000	0.069	9.982E-01	9.611E-01	6.922E-02	4.770E-01	88	AF-Q93WU8-F1-model_v6 Probable WRKY transcription factor 54
MC11_gfuh00000000_2	AF-Q5M8L0-F1-model_v6	0.166	24	24	294	1.000	0.082	9.903E-01	9.539E-01	8.138E-02	4.769E-01	87	AF-Q5M8L0-F1-model_v6 Deubiquitinase OTUD6B
MC11_gfuh00000000_2	AF-A1VFE8-F1-model_v6	0.043	23	24	134	0.958	0.172	9.487E-01	8.813E-01	1.662E-01	4.769E-01	78	AF-A1VFE8-F1-model_v6 UPF0102 protein Dvul_2148
MC11_gfuh00000000_2	AF-Q04210-F1-model_v6	0.000	24	24	160	1.000	0.150	9.617E-01	9.295E-01	1.489E-01	4.764E-01	80	AF-Q04210-F1-model_v6 Endoplasmic reticulum transmembrane protein 2
MC11_gfuh00000000_2	AF-Q9UTD7-F1-model_v6	0.041	24	24	205	1.000	0.117	9.716E-01	9.374E-01	1.164E-01	4.751E-01	83	AF-Q9UTD7-F1-model_v6 Ribosomal RNA-processing protein 15
MC11_gfuh00000000_2	AF-A0A142C7A1-F1-model_v6	0.083	24	24	429	1.000	0.056	9.889E-01	9.515E-01	5.576E-02	4.748E-01	89	AF-A0A142C7A1-F1-model_v6 O-methyltransferase phnC
MC11_gfuh00000000_2	AF-Q9LQ73-F1-model_v6	0.136	22	24	235	0.917	0.094	1.018E+00	8.999E-01	9.351E-02	4.745E-01	85	AF-Q9LQ73-F1-model_v6 Peroxisomal membrane protein 11C
MC11_gfuh00000000_2	AF-Q9Z0F3-F1-model_v6	0.125	24	24	191	1.000	0.126	9.589E-01	9.267E-01	1.248E-01	4.743E-01	82	AF-Q9Z0F3-F1-model_v6 Bcl-2-like protein 10
MC11_gfuh00000000_2	AF-B1X496-F1-model_v6	0.083	24	24	205	1.000	0.117	9.695E-01	9.353E-01	1.163E-01	4.742E-01	83	AF-B1X496-F1-model_v6 NAD(P)H-quinone oxidoreductase subunit 6, organellar chromatophore
MC11_gfuh00000000_2	AF-Q8N7C7-F1-model_v6	0.041	24	24	305	1.000	0.079	9.832E-01	9.473E-01	7.838E-02	4.742E-01	87	AF-Q8N7C7-F1-model_v6 RING finger protein 148
MC11_gfuh00000000_2	AF-P0DTS6-F1-model_v6	0.083	24	24	367	1.000	0.065	9.844E-01	9.482E-01	6.516E-02	4.736E-01	88	AF-P0DTS6-F1-model_v6 Apolipoprotein A-V
MC11_gfuh00000000_2	AF-B0SP88-F1-model_v6	0.041	24	24	356	1.000	0.067	9.861E-01	9.502E-01	6.722E-02	4.717E-01	87	AF-B0SP88-F1-model_v6 NADH-quinone oxidoreductase subunit H
MC11_gfuh00000000_2	AF-Q8ZPW7-F1-model_v6	0.041	24	24	134	1.000	0.179	9.241E-01	8.958E-01	1.765E-01	4.712E-01	76	AF-Q8ZPW7-F1-model_v6 UPF0756 membrane protein YeaL
MC11_gfuh00000000_2	AF-P26995-F1-model_v6	0.041	24	24	145	1.000	0.166	9.220E-01	8.915E-01	1.624E-01	4.704E-01	77	AF-P26995-F1-model_v6 Transcriptional anti-antiactivator ExsC
MC11_gfuh00000000_2	AF-Q5VZ72-F1-model_v6	0.125	24	24	239	1.000	0.100	9.657E-01	9.320E-01	9.979E-02	4.701E-01	84	AF-Q5VZ72-F1-model_v6 Izumo sperm-egg fusion protein 3
MC11_gfuh00000000_2	AF-I1YAP6-F1-model_v6	0.083	24	24	450	1.000	0.053	1.004E+00	9.666E-01	5.327E-02	4.694E-01	88	AF-I1YAP6-F1-model_v6 Tripartite motif-containing protein 77
MC11_gfuh00000000_2	AF-A6UWR8-F1-model_v6	0.041	24	24	144	1.000	0.167	9.391E-01	9.094E-01	1.648E-01	4.693E-01	77	AF-A6UWR8-F1-model_v6 Prefoldin subunit alpha
MC11_gfuh00000000_2	AF-Q80ZE5-F1-model_v6	0.083	24	24	354	1.000	0.068	9.838E-01	9.479E-01	6.757E-02	4.691E-01	87	AF-Q80ZE5-F1-model_v6 Membrane progestin receptor beta
MC11_gfuh00000000_2	AF-Q9M0R4-F1-model_v6	0.041	24	24	357	1.000	0.067	9.972E-01	9.606E-01	6.710E-02	4.686E-01	87	AF-Q9M0R4-F1-model_v6 Putative RING-H2 finger protein ATL37
MC11_gfuh00000000_2	AF-Q8IV31-F1-model_v6	0.041	24	24	216	1.000	0.111	9.741E-01	9.406E-01	1.106E-01	4.686E-01	82	AF-Q8IV31-F1-model_v6 Transmembrane protein 139
MC11_gfuh00000000_2	AF-Q1M799-F1-model_v6	0.041	24	24	461	1.000	0.052	9.868E-01	9.505E-01	5.193E-02	4.684E-01	88	AF-Q1M799-F1-model_v6 Sensor histidine kinase MctS
MC11_gfuh00000000_2	AF-Q9FYE5-F1-model_v6	0.083	24	24	309	1.000	0.078	9.738E-01	9.391E-01	7.731E-02	4.680E-01	85	AF-Q9FYE5-F1-model_v6 UDP-URONIC ACID TRANSPORTER 1
MC11_gfuh00000000_2	AF-Q04YB0-F1-model_v6	0.083	24	24	346	1.000	0.069	9.803E-01	9.447E-01	6.910E-02	4.678E-01	86	AF-Q04YB0-F1-model_v6 NADH-quinone oxidoreductase subunit H
MC11_gfuh00000000_2	AF-Q864H6-F1-model_v6	0.083	24	24	344	1.000	0.070	9.868E-01	9.509E-01	6.957E-02	4.669E-01	86	AF-Q864H6-F1-model_v6 Melanocyte-stimulating hormone receptor
MC11_gfuh00000000_2	AF-Q9N2B1-F1-model_v6	0.166	24	24	487	1.000	0.049	9.940E-01	9.573E-01	4.919E-02	4.667E-01	88	AF-Q9N2B1-F1-model_v6 Histamine H1 receptor
MC11_gfuh00000000_2	AF-Q7REK3-F1-model_v6	0.041	24	24	424	1.000	0.057	9.852E-01	9.492E-01	5.644E-02	4.665E-01	87	AF-Q7REK3-F1-model_v6 Putative chloroquine resistance transporter
MC11_gfuh00000000_2	AF-Q6PEM6-F1-model_v6	0.041	24	24	445	1.000	0.054	9.990E-01	9.620E-01	5.385E-02	4.664E-01	87	AF-Q6PEM6-F1-model_v6 GRAM domain-containing protein 2B
MC11_gfuh00000000_2	AF-Q9RQL3-F1-model_v6	0.043	23	24	148	0.958	0.155	9.589E-01	8.954E-01	1.544E-01	4.651E-01	77	AF-Q9RQL3-F1-model_v6 Peroxide-responsive repressor PerR
MC11_gfuh00000000_2	AF-Q24040-F1-model_v6	0.083	24	24	213	1.000	0.113	9.601E-01	9.267E-01	1.117E-01	4.646E-01	81	AF-Q24040-F1-model_v6 Protein big brother
MC11_gfuh00000000_2	AF-Q9ZU31-F1-model_v6	0.083	24	24	182	1.000	0.132	9.597E-01	9.281E-01	1.310E-01	4.641E-01	79	AF-Q9ZU31-F1-model_v6 Pentatricopeptide repeat-containing protein At2g01360
MC11_gfuh00000000_2	AF-Q2T0V9-F1-model_v6	0.000	24	24	602	1.000	0.040	9.916E-01	9.546E-01	3.979E-02	4.638E-01	88	AF-Q2T0V9-F1-model_v6 Sensor histidine kinase AtsR
MC11_gfuh00000000_2	AF-Q9GSD8-F1-model_v6	0.083	24	24	425	1.000	0.056	9.881E-01	9.519E-01	5.633E-02	4.633E-01	87	AF-Q9GSD8-F1-model_v6 Putative chloroquine resistance transporter
MC11_gfuh00000000_2	AF-O57524-F1-model_v6	0.041	24	24	262	1.000	0.092	9.797E-01	9.452E-01	9.127E-02	4.633E-01	83	AF-O57524-F1-model_v6 Apolipoprotein A-I-2
MC11_gfuh00000000_2	AF-Q46GA1-F1-model_v6	0.086	23	24	311	0.958	0.074	1.002E+00	9.279E-01	7.384E-02	4.628E-01	85	AF-Q46GA1-F1-model_v6 Small ribosomal subunit protein uS3
MC11_gfuh00000000_2	AF-Q119S3-F1-model_v6	0.086	23	24	127	0.958	0.181	9.176E-01	8.572E-01	1.749E-01	4.623E-01	75	AF-Q119S3-F1-model_v6 Large ribosomal subunit protein bL19
MC11_gfuh00000000_2	AF-O46598-F1-model_v6	0.125	24	24	478	1.000	0.050	9.915E-01	9.551E-01	5.012E-02	4.622E-01	87	AF-O46598-F1-model_v6 Hepatitis A virus cellular receptor 1
MC11_gfuh00000000_2	AF-Q9P7X9-F1-model_v6	0.000	24	24	335	1.000	0.072	9.766E-01	9.412E-01	7.134E-02	4.621E-01	85	AF-Q9P7X9-F1-model_v6 Uncharacterized mitochondrial carrier P23A10.06
MC11_gfuh00000000_2	AF-Q5FVG8-F1-model_v6	0.041	24	24	445	1.000	0.054	9.953E-01	9.588E-01	5.384E-02	4.616E-01	86	AF-Q5FVG8-F1-model_v6 GRAM domain-containing protein 2B
MC11_gfuh00000000_2	AF-B4IFU5-F1-model_v6	0.041	24	24	195	1.000	0.123	9.569E-01	9.248E-01	1.222E-01	4.607E-01	79	AF-B4IFU5-F1-model_v6 SAGA-associated factor 11 homolog
MC11_gfuh00000000_2	AF-Q05889-F1-model_v6	0.000	24	24	434	1.000	0.055	9.876E-01	9.519E-01	5.518E-02	4.605E-01	86	AF-Q05889-F1-model_v6 Galactofuranosyl glycosyltransferase
MC11_gfuh00000000_2	AF-Q58T59-F1-model_v6	0.120	25	24	144	1.000	0.174	9.119E-01	8.848E-01	1.643E-01	4.593E-01	75	AF-Q58T59-F1-model_v6 Maximins 6/H10
MC11_gfuh00000000_2	AF-Q8PV44-F1-model_v6	0.041	24	24	307	1.000	0.078	9.599E-01	9.261E-01	7.638E-02	4.587E-01	84	AF-Q8PV44-F1-model_v6 Small ribosomal subunit protein uS3
MC11_gfuh00000000_2	AF-A1EA20-F1-model_v6	0.083	24	24	230	1.000	0.104	9.568E-01	9.244E-01	1.036E-01	4.582E-01	81	AF-A1EA20-F1-model_v6 Potassium/proton antiporter CemA
MC11_gfuh00000000_2	AF-Q9P2W1-F1-model_v6	0.041	24	24	217	1.000	0.111	9.553E-01	9.231E-01	1.098E-01	4.574E-01	80	AF-Q9P2W1-F1-model_v6 Homologous-pairing protein 2 homolog
MC11_gfuh00000000_2	AF-A1AW32-F1-model_v6	0.083	24	24	207	1.000	0.116	9.595E-01	9.279E-01	1.153E-01	4.573E-01	79	AF-A1AW32-F1-model_v6 Ribosomal RNA large subunit methyltransferase E
MC11_gfuh00000000_2	AF-Q9BSJ2-3-F1-model_v6	0.083	24	24	772	1.000	0.031	9.939E-01	9.569E-01	3.104E-02	4.572E-01	88	AF-Q9BSJ2-3-F1-model_v6 Gamma-tubulin complex component 2
MC11_gfuh00000000_2	AF-P01282-2-F1-model_v6	0.041	24	24	169	1.000	0.142	9.520E-01	9.213E-01	1.410E-01	4.570E-01	77	AF-P01282-2-F1-model_v6 VIP peptides
MC11_gfuh00000000_2	AF-Q9JJG6-F1-model_v6	0.000	24	24	181	1.000	0.133	9.498E-01	9.187E-01	1.315E-01	4.564E-01	78	AF-Q9JJG6-F1-model_v6 Transmembrane protein 47
MC11_gfuh00000000_2	AF-Q8UVJ6-F1-model_v6	0.125	24	24	526	1.000	0.046	9.848E-01	9.490E-01	4.552E-02	4.561E-01	86	AF-Q8UVJ6-F1-model_v6 Vang-like protein 2
MC11_gfuh00000000_2	AF-Q5Z5F2-F1-model_v6	0.000	24	24	251	1.000	0.096	9.635E-01	9.304E-01	9.510E-02	4.559E-01	81	AF-Q5Z5F2-F1-model_v6 E3 ubiquitin-protein ligase Os06g0535400
MC11_gfuh00000000_2	AF-Q895L7-F1-model_v6	0.173	23	24	122	0.958	0.189	9.304E-01	8.747E-01	1.865E-01	4.555E-01	72	AF-Q895L7-F1-model_v6 UPF0102 protein CTC_01256
MC11_gfuh00000000_2	AF-O20173-F1-model_v6	0.083	24	24	249	1.000	0.096	9.546E-01	9.225E-01	9.577E-02	4.553E-01	81	AF-O20173-F1-model_v6 Uncharacterized 27.9 kDa protein in trnR-minE intergenic region
MC11_gfuh00000000_2	AF-P29973-2-F1-model_v6	0.040	25	24	759	1.000	0.033	9.779E-01	9.417E-01	3.155E-02	4.553E-01	87	AF-P29973-2-F1-model_v6 Cyclic nucleotide-gated channel alpha-1
MC11_gfuh00000000_2	AF-A3DDG4-F1-model_v6	0.083	24	24	130	1.000	0.185	9.139E-01	8.860E-01	1.807E-01	4.546E-01	72	AF-A3DDG4-F1-model_v6 UPF0102 protein Cthe_0758
MC11_gfuh00000000_2	AF-C4Y8M4-F1-model_v6	0.125	24	24	664	1.000	0.036	9.987E-01	9.620E-01	3.611E-02	4.540E-01	87	AF-C4Y8M4-F1-model_v6 Translation factor GUF1, mitochondrial
MC11_gfuh00000000_2	AF-O34638-F1-model_v6	0.041	24	24	454	1.000	0.053	9.757E-01	9.404E-01	5.268E-02	4.536E-01	85	AF-O34638-F1-model_v6 Sensor histidine kinase YkoH
MC11_gfuh00000000_2	AF-A7HZV5-F1-model_v6	0.000	24	24	331	1.000	0.073	9.672E-01	9.331E-01	7.215E-02	4.527E-01	83	AF-A7HZV5-F1-model_v6 NADH-quinone oxidoreductase subunit H
MC11_gfuh00000000_2	AF-F9VND5-F1-model_v6	0.041	24	24	144	1.000	0.167	8.880E-01	8.587E-01	1.568E-01	4.518E-01	74	AF-F9VND5-F1-model_v6 Crossover junction endodeoxyribonuclease Hjc
MC11_gfuh00000000_2	AF-O13965-F1-model_v6	0.083	24	24	730	1.000	0.033	9.845E-01	9.486E-01	3.282E-02	4.516E-01	87	AF-O13965-F1-model_v6 Meiotically up-regulated gene 70 protein
MC11_gfuh00000000_2	AF-B8ZKK4-F1-model_v6	0.083	24	24	166	1.000	0.145	9.264E-01	8.974E-01	1.427E-01	4.507E-01	75	AF-B8ZKK4-F1-model_v6 Large ribosomal subunit protein uL10
MC11_gfuh00000000_2	AF-Q2LK54-F1-model_v6	0.041	24	24	742	1.000	0.032	9.831E-01	9.470E-01	3.228E-02	4.495E-01	86	AF-Q2LK54-F1-model_v6 Collectin-12
MC11_gfuh00000000_2	AF-B9DKX2-F1-model_v6	0.008	114	24	166	1.000	0.687	9.106E-01	8.799E-01	1.392E-01	4.494E-01	76	AF-B9DKX2-F1-model_v6 Large ribosomal subunit protein uL10
MC11_gfuh00000000_2	AF-Q96AJ9-F1-model_v6	0.041	24	24	217	1.000	0.111	9.627E-01	9.308E-01	1.100E-01	4.490E-01	78	AF-Q96AJ9-F1-model_v6 Vesicle transport through interaction with t-SNAREs homolog 1A
MC11_gfuh00000000_2	AF-B7U540-F1-model_v6	0.083	24	24	433	1.000	0.055	9.698E-01	9.355E-01	5.520E-02	4.489E-01	84	AF-B7U540-F1-model_v6 Inward rectifier potassium channel 18
MC11_gfuh00000000_2	AF-A3CLJ7-F1-model_v6	0.041	24	24	298	1.000	0.081	9.616E-01	9.284E-01	8.007E-02	4.485E-01	81	AF-A3CLJ7-F1-model_v6 Protease HtpX homolog
MC11_gfuh00000000_2	AF-A7TQS2-F1-model_v6	0.166	24	24	592	1.000	0.041	9.764E-01	9.410E-01	4.043E-02	4.484E-01	85	AF-A7TQS2-F1-model_v6 Outer spore wall assembly protein SHE10
MC11_gfuh00000000_2	AF-Q8R936-F1-model_v6	0.083	24	24	299	1.000	0.080	9.641E-01	9.315E-01	7.993E-02	4.480E-01	81	AF-Q8R936-F1-model_v6 Protease HtpX homolog
MC11_gfuh00000000_2	AF-Q9RU94-F1-model_v6	0.041	24	24	397	1.000	0.060	9.591E-01	9.240E-01	5.924E-02	4.480E-01	83	AF-Q9RU94-F1-model_v6 NADH-quinone oxidoreductase subunit H
MC11_gfuh00000000_2	AF-Q9N3T5-F1-model_v6	0.041	24	24	782	1.000	0.031	9.794E-01	9.434E-01	3.061E-02	4.473E-01	86	AF-Q9N3T5-F1-model_v6 AFG3-like protein spg-7
MC11_gfuh00000000_2	AF-A2REM5-F1-model_v6	0.125	24	24	166	1.000	0.145	9.195E-01	8.914E-01	1.426E-01	4.471E-01	75	AF-A2REM5-F1-model_v6 Large ribosomal subunit protein uL10
MC11_gfuh00000000_2	AF-A0A0P1B5K4-F1-model_v6	0.041	24	24	503	1.000	0.048	9.622E-01	9.266E-01	4.685E-02	4.470E-01	84	AF-A0A0P1B5K4-F1-model_v6 Secreted RxLR effector protein RXLR-C08
MC11_gfuh00000000_2	AF-Q04JZ3-F1-model_v6	0.083	24	24	166	1.000	0.145	9.223E-01	8.939E-01	1.427E-01	4.465E-01	75	AF-Q04JZ3-F1-model_v6 Large ribosomal subunit protein uL10
MC11_gfuh00000000_2	AF-Q9PJB9-F1-model_v6	0.083	24	24	536	1.000	0.045	9.755E-01	9.408E-01	4.465E-02	4.464E-01	84	AF-Q9PJB9-F1-model_v6 Probable lipid II flippase MurJ
MC11_gfuh00000000_2	AF-A0PQZ6-F1-model_v6	0.083	24	24	371	1.000	0.065	9.487E-01	9.146E-01	6.392E-02	4.463E-01	82	AF-A0PQZ6-F1-model_v6 Peptide chain release factor 2
MC11_gfuh00000000_2	AF-P0DD99-F1-model_v6	0.125	24	24	166	1.000	0.145	9.198E-01	8.917E-01	1.426E-01	4.463E-01	75	AF-P0DD99-F1-model_v6 Large ribosomal subunit protein uL10
MC11_gfuh00000000_2	AF-Q81DD1-F1-model_v6	0.074	27	24	245	1.000	0.110	9.425E-01	9.113E-01	9.710E-02	4.461E-01	79	AF-Q81DD1-F1-model_v6 Stage II sporulation protein SA
MC11_gfuh00000000_2	AF-P66051-F1-model_v6	0.083	24	24	166	1.000	0.145	9.227E-01	8.943E-01	1.427E-01	4.461E-01	75	AF-P66051-F1-model_v6 Large ribosomal subunit protein uL10
MC11_gfuh00000000_2	AF-P68900-F1-model_v6	0.125	24	24	166	1.000	0.145	9.193E-01	8.912E-01	1.426E-01	4.460E-01	74	AF-P68900-F1-model_v6 Large ribosomal subunit protein uL10
MC11_gfuh00000000_2	AF-B4T4N5-F1-model_v6	0.041	24	24	326	1.000	0.074	9.586E-01	9.256E-01	7.325E-02	4.460E-01	81	AF-B4T4N5-F1-model_v6 Vitamin B12 import system permease protein BtuC
MC11_gfuh00000000_2	AF-C1CEU4-F1-model_v6	0.083	24	24	166	1.000	0.145	9.208E-01	8.925E-01	1.426E-01	4.457E-01	74	AF-C1CEU4-F1-model_v6 Large ribosomal subunit protein uL10
MC11_gfuh00000000_2	AF-A3CMW1-F1-model_v6	0.083	24	24	166	1.000	0.145	9.218E-01	8.935E-01	1.427E-01	4.454E-01	74	AF-A3CMW1-F1-model_v6 Large ribosomal subunit protein uL10
MC11_gfuh00000000_2	AF-Q0VPK5-F1-model_v6	0.041	24	24	211	1.000	0.114	9.433E-01	9.122E-01	1.127E-01	4.454E-01	77	AF-Q0VPK5-F1-model_v6 Methylthioribulose-1-phosphate dehydratase
MC11_gfuh00000000_2	AF-Q48TS4-F1-model_v6	0.125	24	24	166	1.000	0.145	9.184E-01	8.905E-01	1.426E-01	4.452E-01	74	AF-Q48TS4-F1-model_v6 Large ribosomal subunit protein uL10
MC11_gfuh00000000_2	AF-A9N235-F1-model_v6	0.041	24	24	326	1.000	0.074	9.574E-01	9.245E-01	7.325E-02	4.451E-01	81	AF-A9N235-F1-model_v6 Vitamin B12 import system permease protein BtuC
MC11_gfuh00000000_2	AF-B5BA35-F1-model_v6	0.041	24	24	326	1.000	0.074	9.578E-01	9.249E-01	7.325E-02	4.451E-01	81	AF-B5BA35-F1-model_v6 Vitamin B12 import system permease protein BtuC
MC11_gfuh00000000_2	AF-Q57PU6-F1-model_v6	0.041	24	24	326	1.000	0.074	9.573E-01	9.245E-01	7.325E-02	4.450E-01	81	AF-Q57PU6-F1-model_v6 Vitamin B12 import system permease protein BtuC
MC11_gfuh00000000_2	AF-Q96HH9-4-F1-model_v6	0.041	24	24	416	1.000	0.058	9.811E-01	9.467E-01	5.756E-02	4.449E-01	83	AF-Q96HH9-4-F1-model_v6 GRAM domain-containing protein 2B
MC11_gfuh00000000_2	AF-Q8Z6I5-F1-model_v6	0.041	24	24	326	1.000	0.074	9.576E-01	9.247E-01	7.325E-02	4.448E-01	81	AF-Q8Z6I5-F1-model_v6 Vitamin B12 import system permease protein BtuC
MC11_gfuh00000000_2	AF-A0LEQ2-F1-model_v6	0.083	24	24	329	1.000	0.073	9.720E-01	9.389E-01	7.272E-02	4.448E-01	81	AF-A0LEQ2-F1-model_v6 NADH-quinone oxidoreductase subunit H 1
MC11_gfuh00000000_2	AF-B5F7F5-F1-model_v6	0.041	24	24	326	1.000	0.074	9.575E-01	9.247E-01	7.325E-02	4.447E-01	81	AF-B5F7F5-F1-model_v6 Vitamin B12 import system permease protein BtuC
MC11_gfuh00000000_2	AF-O63852-F1-model_v6	0.083	24	24	982	1.000	0.024	9.904E-01	9.547E-01	2.442E-02	4.446E-01	86	AF-O63852-F1-model_v6 Mitochondrial DNA mismatch repair protein mutS homolog
MC11_gfuh00000000_2	AF-C1CR00-F1-model_v6	0.083	24	24	166	1.000	0.145	9.204E-01	8.923E-01	1.427E-01	4.445E-01	74	AF-C1CR00-F1-model_v6 Large ribosomal subunit protein uL10
MC11_gfuh00000000_2	AF-B5FJA1-F1-model_v6	0.041	24	24	326	1.000	0.074	9.573E-01	9.245E-01	7.325E-02	4.445E-01	81	AF-B5FJA1-F1-model_v6 Vitamin B12 import system permease protein BtuC
MC11_gfuh00000000_2	AF-Q9D8H7-F1-model_v6	0.083	24	24	521	1.000	0.046	9.780E-01	9.435E-01	4.596E-02	4.440E-01	84	AF-Q9D8H7-F1-model_v6 Metalloendopeptidase OMA1, mitochondrial
MC11_gfuh00000000_2	AF-Q32LH3-F1-model_v6	0.083	24	24	315	1.000	0.076	9.748E-01	9.414E-01	7.596E-02	4.440E-01	81	AF-Q32LH3-F1-model_v6 PIH1 domain-containing protein 2
MC11_gfuh00000000_2	AF-Q9WV78-F1-model_v6	0.125	24	24	438	1.000	0.055	9.641E-01	9.307E-01	5.458E-02	4.439E-01	83	AF-Q9WV78-F1-model_v6 Plasmalemma vesicle-associated protein
MC11_gfuh00000000_2	AF-A7WYW2-F1-model_v6	0.017	114	24	166	1.000	0.687	8.982E-01	8.697E-01	1.394E-01	4.439E-01	74	AF-A7WYW2-F1-model_v6 Large ribosomal subunit protein uL10
MC11_gfuh00000000_2	AF-P66050-F1-model_v6	0.083	24	24	166	1.000	0.145	9.187E-01	8.907E-01	1.426E-01	4.437E-01	74	AF-P66050-F1-model_v6 Large ribosomal subunit protein uL10
MC11_gfuh00000000_2	AF-Q8P159-F1-model_v6	0.125	24	24	166	1.000	0.145	9.181E-01	8.902E-01	1.426E-01	4.436E-01	74	AF-Q8P159-F1-model_v6 Large ribosomal subunit protein uL10
MC11_gfuh00000000_2	AF-B1ICF5-F1-model_v6	0.083	24	24	166	1.000	0.145	9.200E-01	8.919E-01	1.427E-01	4.435E-01	74	AF-B1ICF5-F1-model_v6 Large ribosomal subunit protein uL10
MC11_gfuh00000000_2	AF-B5RAW6-F1-model_v6	0.041	24	24	326	1.000	0.074	9.562E-01	9.235E-01	7.324E-02	4.433E-01	81	AF-B5RAW6-F1-model_v6 Vitamin B12 import system permease protein BtuC
MC11_gfuh00000000_2	AF-Q5XCB5-F1-model_v6	0.125	24	24	166	1.000	0.145	9.165E-01	8.888E-01	1.426E-01	4.431E-01	74	AF-Q5XCB5-F1-model_v6 Large ribosomal subunit protein uL10
MC11_gfuh00000000_2	AF-Q24998-F1-model_v6	0.083	24	24	353	1.000	0.068	9.646E-01	9.316E-01	6.772E-02	4.431E-01	81	AF-Q24998-F1-model_v6 Pupal cuticle protein PCP52
MC11_gfuh00000000_2	AF-B4U3I0-F1-model_v6	0.083	24	24	166	1.000	0.145	9.175E-01	8.897E-01	1.426E-01	4.431E-01	74	AF-B4U3I0-F1-model_v6 Large ribosomal subunit protein uL10
MC11_gfuh00000000_2	AF-Q9NP80-F1-model_v6	0.166	24	24	782	1.000	0.031	9.727E-01	9.381E-01	3.062E-02	4.430E-01	85	AF-Q9NP80-F1-model_v6 Calcium-independent phospholipase A2-gamma
MC11_gfuh00000000_2	AF-C1CL63-F1-model_v6	0.083	24	24	166	1.000	0.145	9.199E-01	8.918E-01	1.426E-01	4.429E-01	74	AF-C1CL63-F1-model_v6 Large ribosomal subunit protein uL10
MC11_gfuh00000000_2	AF-B5XLE2-F1-model_v6	0.125	24	24	166	1.000	0.145	9.154E-01	8.879E-01	1.426E-01	4.427E-01	74	AF-B5XLE2-F1-model_v6 Large ribosomal subunit protein uL10
MC11_gfuh00000000_2	AF-B4TUF7-F1-model_v6	0.041	24	24	326	1.000	0.074	9.555E-01	9.230E-01	7.324E-02	4.425E-01	81	AF-B4TUF7-F1-model_v6 Vitamin B12 import system permease protein BtuC
MC11_gfuh00000000_2	AF-B5QVW1-F1-model_v6	0.041	24	24	326	1.000	0.074	9.552E-01	9.226E-01	7.324E-02	4.423E-01	81	AF-B5QVW1-F1-model_v6 Vitamin B12 import system permease protein BtuC
MC11_gfuh00000000_2	AF-O88563-F1-model_v6	0.041	24	24	1522	1.000	0.016	9.829E-01	9.471E-01	1.575E-02	4.420E-01	86	AF-O88563-F1-model_v6 ATP-binding cassette sub-family C member 3
MC11_gfuh00000000_2	AF-P0DD98-F1-model_v6	0.125	24	24	166	1.000	0.145	9.176E-01	8.899E-01	1.426E-01	4.419E-01	74	AF-P0DD98-F1-model_v6 Large ribosomal subunit protein uL10
MC11_gfuh00000000_2	AF-Q2TAC6-F1-model_v6	0.000	24	24	998	1.000	0.024	9.916E-01	9.557E-01	2.402E-02	4.415E-01	85	AF-Q2TAC6-F1-model_v6 Kinesin-like protein KIF19
MC11_gfuh00000000_2	AF-Q6ZU67-F1-model_v6	0.125	24	24	534	1.000	0.045	9.694E-01	9.351E-01	4.480E-02	4.414E-01	83	AF-Q6ZU67-F1-model_v6 BEN domain-containing protein 4
MC11_gfuh00000000_2	AF-F4KD68-3-F1-model_v6	0.083	24	24	321	1.000	0.075	9.578E-01	9.255E-01	7.438E-02	4.414E-01	80	AF-F4KD68-3-F1-model_v6 WAT1-related protein At5g45370
MC11_gfuh00000000_2	AF-P40167-F1-model_v6	0.041	24	24	298	1.000	0.081	9.634E-01	9.309E-01	8.021E-02	4.409E-01	80	AF-P40167-F1-model_v6 Sporulation-specific with a leucine zipper motif protein 1
MC11_gfuh00000000_2	AF-B9IZI3-F1-model_v6	0.017	114	24	166	1.000	0.687	8.883E-01	8.608E-01	1.392E-01	4.406E-01	74	AF-B9IZI3-F1-model_v6 Large ribosomal subunit protein uL10
MC11_gfuh00000000_2	AF-Q3K0K8-F1-model_v6	0.125	24	24	166	1.000	0.145	9.168E-01	8.892E-01	1.426E-01	4.405E-01	73	AF-Q3K0K8-F1-model_v6 Large ribosomal subunit protein uL10
MC11_gfuh00000000_2	AF-Q9P6R3-F1-model_v6	0.083	24	24	273	1.000	0.088	9.430E-01	9.102E-01	8.577E-02	4.405E-01	79	AF-Q9P6R3-F1-model_v6 Uncharacterized protein C13E7.07
MC11_gfuh00000000_2	AF-Q68W42-F1-model_v6	0.041	24	24	576	1.000	0.042	9.613E-01	9.282E-01	4.152E-02	4.405E-01	83	AF-Q68W42-F1-model_v6 Putative export ATP-binding/permease protein RT0691
MC11_gfuh00000000_2	AF-B9DU77-F1-model_v6	0.083	24	24	166	1.000	0.145	9.160E-01	8.885E-01	1.426E-01	4.403E-01	73	AF-B9DU77-F1-model_v6 Large ribosomal subunit protein uL10
MC11_gfuh00000000_2	AF-P39743-F1-model_v6	0.041	24	24	482	1.000	0.050	9.585E-01	9.238E-01	4.925E-02	4.402E-01	83	AF-P39743-F1-model_v6 Reduced viability upon starvation protein 167
MC11_gfuh00000000_2	AF-P9WJT6-F1-model_v6	0.083	24	24	1146	1.000	0.021	9.835E-01	9.482E-01	2.092E-02	4.401E-01	85	AF-P9WJT6-F1-model_v6 Probable transport protein MmpL12
MC11_gfuh00000000_2	AF-Q5M5F2-F1-model_v6	0.083	24	24	167	1.000	0.144	9.162E-01	8.887E-01	1.418E-01	4.400E-01	73	AF-Q5M5F2-F1-model_v6 Large ribosomal subunit protein uL10
MC11_gfuh00000000_2	AF-Q03687-F1-model_v6	0.041	24	24	405	1.000	0.059	9.620E-01	9.291E-01	5.903E-02	4.400E-01	82	AF-Q03687-F1-model_v6 Scramblase ANY1
MC11_gfuh00000000_2	AF-Q8DZ20-F1-model_v6	0.125	24	24	166	1.000	0.145	9.166E-01	8.889E-01	1.426E-01	4.399E-01	73	AF-Q8DZ20-F1-model_v6 Large ribosomal subunit protein uL10
MC11_gfuh00000000_2	AF-C1C7V5-F1-model_v6	0.083	24	24	166	1.000	0.145	9.168E-01	8.891E-01	1.426E-01	4.398E-01	73	AF-C1C7V5-F1-model_v6 Large ribosomal subunit protein uL10
MC11_gfuh00000000_2	AF-Q5M0W5-F1-model_v6	0.083	24	24	167	1.000	0.144	9.168E-01	8.892E-01	1.418E-01	4.395E-01	73	AF-Q5M0W5-F1-model_v6 Large ribosomal subunit protein uL10
MC11_gfuh00000000_2	AF-Q9VQN8-F1-model_v6	0.041	24	24	523	1.000	0.046	9.640E-01	9.308E-01	4.573E-02	4.389E-01	83	AF-Q9VQN8-F1-model_v6 Fidgetin-like protein 1
MC11_gfuh00000000_2	AF-P37116-F1-model_v6	0.041	24	24	690	1.000	0.035	9.698E-01	9.353E-01	3.469E-02	4.388E-01	84	AF-P37116-F1-model_v6 NADPH--cytochrome P450 reductase
MC11_gfuh00000000_2	AF-O97817-8-F1-model_v6	0.083	24	24	1435	1.000	0.017	9.738E-01	9.389E-01	1.670E-02	4.383E-01	85	AF-O97817-8-F1-model_v6 Adhesion G protein-coupled receptor L2
MC11_gfuh00000000_2	AF-O13359-F1-model_v6	0.041	24	24	938	1.000	0.026	9.733E-01	9.388E-01	2.554E-02	4.382E-01	85	AF-O13359-F1-model_v6 Kexin
MC11_gfuh00000000_2	AF-Q9XSV3-F1-model_v6	0.000	24	24	181	1.000	0.133	9.297E-01	9.006E-01	1.311E-01	4.380E-01	74	AF-Q9XSV3-F1-model_v6 Transmembrane protein 47
MC11_gfuh00000000_2	AF-A8AXG9-F1-model_v6	0.083	24	24	166	1.000	0.145	9.159E-01	8.884E-01	1.426E-01	4.374E-01	73	AF-A8AXG9-F1-model_v6 Large ribosomal subunit protein uL10
MC11_gfuh00000000_2	AF-Q6M2F0-F1-model_v6	0.125	24	24	853	1.000	0.028	9.704E-01	9.358E-01	2.807E-02	4.371E-01	84	AF-Q6M2F0-F1-model_v6 ATP-dependent zinc metalloprotease FtsH
MC11_gfuh00000000_2	AF-B7LQ78-F1-model_v6	0.041	24	24	326	1.000	0.074	9.527E-01	9.212E-01	7.325E-02	4.370E-01	80	AF-B7LQ78-F1-model_v6 Vitamin B12 import system permease protein BtuC
MC11_gfuh00000000_2	AF-Q58741-F1-model_v6	0.083	24	24	314	1.000	0.076	9.693E-01	9.368E-01	7.618E-02	4.367E-01	79	AF-Q58741-F1-model_v6 TPR repeat-containing protein MJ1345
MC11_gfuh00000000_2	AF-P58307-F1-model_v6	0.041	24	24	416	1.000	0.058	9.581E-01	9.258E-01	5.746E-02	4.367E-01	81	AF-P58307-F1-model_v6 Orexin/Hypocretin receptor type 1
MC11_gfuh00000000_2	AF-Q9I6V6-F1-model_v6	0.125	24	24	679	1.000	0.035	9.698E-01	9.358E-01	3.526E-02	4.365E-01	83	AF-Q9I6V6-F1-model_v6 Methyl-accepting chemotaxis protein McpB
MC11_gfuh00000000_2	AF-Q9ZKS4-F1-model_v6	0.041	24	24	310	1.000	0.077	9.536E-01	9.221E-01	7.703E-02	4.362E-01	79	AF-Q9ZKS4-F1-model_v6 Protease HtpX homolog
MC11_gfuh00000000_2	AF-Q81VU1-F1-model_v6	0.017	114	24	166	1.000	0.687	8.826E-01	8.560E-01	1.393E-01	4.359E-01	73	AF-Q81VU1-F1-model_v6 Large ribosomal subunit protein uL10
MC11_gfuh00000000_2	AF-Q05050-F1-model_v6	0.041	24	24	843	1.000	0.028	9.678E-01	9.332E-01	2.839E-02	4.358E-01	84	AF-Q05050-F1-model_v6 Eisosome protein 1
MC11_gfuh00000000_2	AF-Q6CXX9-F1-model_v6	0.014	68	24	213	1.000	0.319	9.307E-01	9.003E-01	1.111E-01	4.356E-01	76	AF-Q6CXX9-F1-model_v6 Golgi to ER traffic protein 1
MC11_gfuh00000000_2	AF-Q2JTQ3-F1-model_v6	0.083	24	24	187	1.000	0.128	9.222E-01	8.940E-01	1.269E-01	4.355E-01	74	AF-Q2JTQ3-F1-model_v6 Large ribosomal subunit protein uL10
MC11_gfuh00000000_2	AF-Q0T618-F1-model_v6	0.125	24	24	235	1.000	0.102	9.487E-01	9.182E-01	1.015E-01	4.353E-01	76	AF-Q0T618-F1-model_v6 Ferrous iron permease EfeU
MC11_gfuh00000000_2	AF-Q2JM49-F1-model_v6	0.083	24	24	187	1.000	0.128	9.230E-01	8.947E-01	1.269E-01	4.351E-01	74	AF-Q2JM49-F1-model_v6 Large ribosomal subunit protein uL10
MC11_gfuh00000000_2	AF-B3LLS9-F1-model_v6	0.041	24	24	843	1.000	0.028	9.649E-01	9.312E-01	2.840E-02	4.350E-01	84	AF-B3LLS9-F1-model_v6 Eisosome protein 1
MC11_gfuh00000000_2	AF-Q5ACU6-F1-model_v6	0.083	24	24	534	1.000	0.045	9.789E-01	9.449E-01	4.486E-02	4.349E-01	82	AF-Q5ACU6-F1-model_v6 ATP-dependent rRNA helicase RRP3
MC11_gfuh00000000_2	AF-O94910-2-F1-model_v6	0.000	24	24	1469	1.000	0.016	9.874E-01	9.521E-01	1.632E-02	4.348E-01	85	AF-O94910-2-F1-model_v6 Adhesion G protein-coupled receptor L1
MC11_gfuh00000000_2	AF-A1A697-F1-model_v6	0.000	24	24	1187	1.000	0.020	9.759E-01	9.408E-01	2.019E-02	4.343E-01	84	AF-A1A697-F1-model_v6 Probable histidine kinase 5
MC11_gfuh00000000_2	AF-O32215-F1-model_v6	0.041	24	24	774	1.000	0.031	9.667E-01	9.332E-01	3.094E-02	4.342E-01	83	AF-O32215-F1-model_v6 DNA helicase IV
MC11_gfuh00000000_2	AF-P35560-4-F1-model_v6	0.038	26	24	124	1.000	0.210	8.320E-01	8.062E-01	1.817E-01	4.332E-01	68	AF-P35560-4-F1-model_v6 ATP-sensitive inward rectifier potassium channel 1
MC11_gfuh00000000_2	AF-Q10SM7-F1-model_v6	0.083	24	24	237	1.000	0.101	9.345E-01	9.048E-01	1.004E-01	4.328E-01	76	AF-Q10SM7-F1-model_v6 Peroxisomal membrane protein 11-1
MC11_gfuh00000000_2	AF-C8ZEN7-F1-model_v6	0.041	24	24	843	1.000	0.028	9.649E-01	9.307E-01	2.839E-02	4.323E-01	83	AF-C8ZEN7-F1-model_v6 Eisosome protein 1
MC11_gfuh00000000_2	AF-P58270-4-F1-model_v6	0.125	24	24	355	1.000	0.068	9.537E-01	9.222E-01	6.730E-02	4.322E-01	79	AF-P58270-4-F1-model_v6 Zinc finger protein DPF3
MC11_gfuh00000000_2	AF-P42502-F1-model_v6	0.041	24	24	317	1.000	0.076	9.526E-01	9.208E-01	7.530E-02	4.320E-01	78	AF-P42502-F1-model_v6 Arabinose 5-phosphate isomerase KpsF
MC11_gfuh00000000_2	AF-O97831-F1-model_v6	0.000	24	24	1472	1.000	0.016	9.835E-01	9.484E-01	1.629E-02	4.314E-01	84	AF-O97831-F1-model_v6 Adhesion G protein-coupled receptor L1
MC11_gfuh00000000_2	AF-Q86VZ5-2-F1-model_v6	0.008	114	24	214	1.000	0.533	9.253E-01	8.951E-01	1.094E-01	4.314E-01	75	AF-Q86VZ5-2-F1-model_v6 Phosphatidylcholine:ceramide cholinephosphotransferase 1
MC11_gfuh00000000_2	AF-Q9FK30-F1-model_v6	0.125	24	24	566	1.000	0.042	9.637E-01	9.310E-01	4.229E-02	4.311E-01	81	AF-Q9FK30-F1-model_v6 O-fucosyltransferase 36
MC11_gfuh00000000_2	AF-B9DGY1-F1-model_v6	0.041	24	24	695	1.000	0.035	9.553E-01	9.207E-01	3.406E-02	4.310E-01	82	AF-B9DGY1-F1-model_v6 Protein ACTIVITY OF BC1 COMPLEX KINASE 7, chloroplastic
MC11_gfuh00000000_2	AF-A7ZBE9-F1-model_v6	0.000	24	24	331	1.000	0.073	9.474E-01	9.159E-01	7.207E-02	4.308E-01	78	AF-A7ZBE9-F1-model_v6 NADH-quinone oxidoreductase subunit H
MC11_gfuh00000000_2	AF-B4F103-F1-model_v6	0.083	24	24	175	1.000	0.137	8.988E-01	8.718E-01	1.349E-01	4.305E-01	72	AF-B4F103-F1-model_v6 Secretion monitor
MC11_gfuh00000000_2	AF-P20822-F1-model_v6	0.083	24	24	385	1.000	0.062	9.541E-01	9.225E-01	6.208E-02	4.303E-01	79	AF-P20822-F1-model_v6 Homeotic protein ultrabithorax
MC11_gfuh00000000_2	AF-Q5HCL7-F1-model_v6	0.130	23	24	272	0.958	0.085	9.679E-01	9.033E-01	8.428E-02	4.300E-01	77	AF-Q5HCL7-F1-model_v6 ATP phosphoribosyltransferase regulatory subunit
MC11_gfuh00000000_2	AF-Q8N4S9-F1-model_v6	0.000	24	24	558	1.000	0.043	9.675E-01	9.344E-01	4.290E-02	4.298E-01	81	AF-Q8N4S9-F1-model_v6 MARVEL domain-containing protein 2
MC11_gfuh00000000_2	AF-Q74L09-F1-model_v6	0.041	24	24	166	1.000	0.145	9.142E-01	8.875E-01	1.428E-01	4.294E-01	71	AF-Q74L09-F1-model_v6 Large ribosomal subunit protein uL10
MC11_gfuh00000000_2	AF-Q1G904-F1-model_v6	0.083	24	24	169	1.000	0.142	9.114E-01	8.848E-01	1.402E-01	4.283E-01	71	AF-Q1G904-F1-model_v6 Large ribosomal subunit protein uL10
MC11_gfuh00000000_2	AF-B5VPF9-F1-model_v6	0.041	24	24	843	1.000	0.028	9.615E-01	9.279E-01	2.839E-02	4.281E-01	82	AF-B5VPF9-F1-model_v6 Eisosome protein 1
MC11_gfuh00000000_2	AF-Q8R4P9-3-F1-model_v6	0.041	24	24	1526	1.000	0.016	9.740E-01	9.396E-01	1.571E-02	4.280E-01	84	AF-Q8R4P9-3-F1-model_v6 ATP-binding cassette sub-family C member 10
MC11_gfuh00000000_2	AF-Q8ETZ1-F1-model_v6	0.125	24	24	166	1.000	0.145	9.018E-01	8.758E-01	1.423E-01	4.276E-01	71	AF-Q8ETZ1-F1-model_v6 Large ribosomal subunit protein uL10
MC11_gfuh00000000_2	AF-Q8IYV9-3-F1-model_v6	0.050	20	24	68	0.833	0.294	8.030E-01	7.218E-01	2.774E-01	4.271E-01	58	AF-Q8IYV9-3-F1-model_v6 Izumo sperm-egg fusion protein 1
MC11_gfuh00000000_2	AF-A6ZM93-F1-model_v6	0.041	24	24	843	1.000	0.028	9.593E-01	9.257E-01	2.838E-02	4.266E-01	82	AF-A6ZM93-F1-model_v6 Eisosome protein 1
MC11_gfuh00000000_2	AF-P0CE67-F1-model_v6	0.010	91	24	100	1.000	0.890	7.841E-01	7.604E-01	2.066E-01	4.263E-01	64	AF-P0CE67-F1-model_v6 Putative uncharacterized protein encoded by LINC02877
MC11_gfuh00000000_2	AF-Q9R216-F1-model_v6	0.000	24	24	592	1.000	0.041	9.591E-01	9.260E-01	4.040E-02	4.263E-01	81	AF-Q9R216-F1-model_v6 Frizzled-9
MC11_gfuh00000000_2	AF-A5FKL6-F1-model_v6	0.083	24	24	123	1.000	0.195	8.548E-01	8.296E-01	1.830E-01	4.257E-01	67	AF-A5FKL6-F1-model_v6 UPF0102 protein Fjoh_1217
MC11_gfuh00000000_2	AF-Q6D8R9-F1-model_v6	0.043	23	24	512	0.958	0.045	9.563E-01	8.868E-01	4.426E-02	4.256E-01	80	AF-Q6D8R9-F1-model_v6 Anaerobic nitric oxide reductase transcription regulator NorR
MC11_gfuh00000000_2	AF-Q13563-5-F1-model_v6	0.125	24	24	874	1.000	0.027	9.727E-01	9.389E-01	2.741E-02	4.254E-01	82	AF-Q13563-5-F1-model_v6 Polycystin-2
MC11_gfuh00000000_2	AF-P0DW54-F1-model_v6	0.041	24	24	212	1.000	0.113	9.322E-01	9.038E-01	1.123E-01	4.254E-01	73	AF-P0DW54-F1-model_v6 Outer surface protein C
MC11_gfuh00000000_2	AF-Q048U4-F1-model_v6	0.083	24	24	169	1.000	0.142	9.056E-01	8.798E-01	1.401E-01	4.250E-01	71	AF-Q048U4-F1-model_v6 Large ribosomal subunit protein uL10
MC11_gfuh00000000_2	AF-A0A1P7Y0D0-F1-model_v6	0.041	24	24	415	1.000	0.058	9.492E-01	9.175E-01	5.754E-02	4.249E-01	79	AF-A0A1P7Y0D0-F1-model_v6 Squalene synthase 13
MC11_gfuh00000000_2	AF-A7H5S4-F1-model_v6	0.083	24	24	332	1.000	0.072	9.437E-01	9.128E-01	7.185E-02	4.248E-01	77	AF-A7H5S4-F1-model_v6 NADH-quinone oxidoreductase subunit H
MC11_gfuh00000000_2	AF-Q6C9X0-F1-model_v6	0.041	24	24	570	1.000	0.042	9.606E-01	9.278E-01	4.197E-02	4.247E-01	80	AF-Q6C9X0-F1-model_v6 Sorting nexin-41
MC11_gfuh00000000_2	AF-Q6UXT9-F1-model_v6	0.125	24	24	468	1.000	0.051	9.489E-01	9.177E-01	5.107E-02	4.246E-01	79	AF-Q6UXT9-F1-model_v6 Protein ABHD15
MC11_gfuh00000000_2	AF-D4A2Y9-F1-model_v6	0.000	24	24	403	1.000	0.060	9.384E-01	9.082E-01	5.924E-02	4.245E-01	78	AF-D4A2Y9-F1-model_v6 Peroxisomal membrane protein PEX13
MC11_gfuh00000000_2	AF-A3D4P4-F1-model_v6	0.041	24	24	310	1.000	0.077	9.345E-01	9.041E-01	7.683E-02	4.245E-01	77	AF-A3D4P4-F1-model_v6 tRNA-cytidine(32) 2-sulfurtransferase
MC11_gfuh00000000_2	AF-Q6S545-F1-model_v6	0.041	24	24	545	1.000	0.044	9.735E-01	9.404E-01	4.395E-02	4.240E-01	80	AF-Q6S545-F1-model_v6 POTE ankyrin domain family member H
MC11_gfuh00000000_2	AF-A7GW63-F1-model_v6	0.000	24	24	330	1.000	0.073	9.421E-01	9.115E-01	7.229E-02	4.239E-01	77	AF-A7GW63-F1-model_v6 NADH-quinone oxidoreductase subunit H
MC11_gfuh00000000_2	AF-P93527-F1-model_v6	0.041	24	24	1178	1.000	0.020	9.751E-01	9.412E-01	2.035E-02	4.238E-01	82	AF-P93527-F1-model_v6 Phytochrome B
MC11_gfuh00000000_2	AF-P84551-F1-model_v6	0.000	24	24	964	1.000	0.025	9.603E-01	9.277E-01	2.484E-02	4.237E-01	82	AF-P84551-F1-model_v6 SKI family transcriptional corepressor 1
MC11_gfuh00000000_2	AF-Q91ZK4-F1-model_v6	0.041	24	24	381	1.000	0.063	9.515E-01	9.203E-01	6.272E-02	4.236E-01	78	AF-Q91ZK4-F1-model_v6 Diencephalon/mesencephalon homeobox protein 1
MC11_gfuh00000000_2	AF-A1W1H1-F1-model_v6	0.083	24	24	332	1.000	0.072	9.423E-01	9.117E-01	7.185E-02	4.233E-01	77	AF-A1W1H1-F1-model_v6 NADH-quinone oxidoreductase subunit H
MC11_gfuh00000000_2	AF-D1CDJ5-F1-model_v6	0.125	24	24	515	1.000	0.047	9.518E-01	9.199E-01	4.642E-02	4.230E-01	79	AF-D1CDJ5-F1-model_v6 Protein translocase subunit SecD
MC11_gfuh00000000_2	AF-P05317-F1-model_v6	0.000	24	24	312	1.000	0.077	9.287E-01	8.978E-01	7.544E-02	4.226E-01	77	AF-P05317-F1-model_v6 Large ribosomal subunit protein uL10
MC11_gfuh00000000_2	AF-Q1RJ91-F1-model_v6	0.041	24	24	575	1.000	0.042	9.571E-01	9.246E-01	4.160E-02	4.222E-01	80	AF-Q1RJ91-F1-model_v6 Putative export ATP-binding/permease protein RBE_0492
MC11_gfuh00000000_2	AF-Q9Y6C2-F1-model_v6	0.041	24	24	1016	1.000	0.024	9.623E-01	9.294E-01	2.358E-02	4.220E-01	82	AF-Q9Y6C2-F1-model_v6 EMILIN-1
MC11_gfuh00000000_2	AF-P65630-F1-model_v6	0.037	27	24	290	0.917	0.093	9.485E-01	8.483E-01	7.484E-02	4.215E-01	76	AF-P65630-F1-model_v6 Membrane protein insertase YidC
MC11_gfuh00000000_2	AF-Q99U74-F1-model_v6	0.043	23	24	910	0.958	0.025	9.830E-01	9.136E-01	2.525E-02	4.214E-01	81	AF-Q99U74-F1-model_v6 2-oxoglutarate dehydrogenase E1 component
MC11_gfuh00000000_2	AF-Q9WU61-2-F1-model_v6	0.041	24	24	507	1.000	0.047	9.647E-01	9.326E-01	4.722E-02	4.213E-01	79	AF-Q9WU61-2-F1-model_v6 Chloride channel CLIC-like protein 1
MC11_gfuh00000000_2	AF-Q6C255-F1-model_v6	0.125	24	24	656	1.000	0.037	9.403E-01	9.077E-01	3.627E-02	4.212E-01	80	AF-Q6C255-F1-model_v6 Translation factor GUF1, mitochondrial
MC11_gfuh00000000_2	AF-Q10185-F1-model_v6	0.041	24	24	1478	1.000	0.016	9.696E-01	9.358E-01	1.622E-02	4.211E-01	82	AF-Q10185-F1-model_v6 ATP-binding cassette transporter abc2
MC11_gfuh00000000_2	AF-Q6P1E1-2-F1-model_v6	0.000	24	24	1066	1.000	0.023	9.605E-01	9.274E-01	2.247E-02	4.211E-01	81	AF-Q6P1E1-2-F1-model_v6 Zinc finger MIZ domain-containing protein 1
MC11_gfuh00000000_2	AF-A7A1H2-F1-model_v6	0.166	24	24	645	1.000	0.037	9.403E-01	9.077E-01	3.691E-02	4.210E-01	80	AF-A7A1H2-F1-model_v6 Translation factor GUF1, mitochondrial
MC11_gfuh00000000_2	AF-Q6CUH2-F1-model_v6	0.041	24	24	631	1.000	0.038	9.657E-01	9.331E-01	3.795E-02	4.207E-01	80	AF-Q6CUH2-F1-model_v6 Translation factor GUF1, mitochondrial
MC11_gfuh00000000_2	AF-C5DN84-F1-model_v6	0.166	24	24	640	1.000	0.038	9.407E-01	9.082E-01	3.720E-02	4.205E-01	80	AF-C5DN84-F1-model_v6 Translation factor GUF1, mitochondrial
MC11_gfuh00000000_2	AF-J7I4B7-F1-model_v6	0.041	24	24	708	1.000	0.034	9.558E-01	9.238E-01	3.380E-02	4.200E-01	80	AF-J7I4B7-F1-model_v6 O-antigen chain terminator bifunctional methyltransferase/kinase WbdD
MC11_gfuh00000000_2	AF-Q8GT73-F1-model_v6	0.083	24	24	544	1.000	0.044	9.531E-01	9.211E-01	4.395E-02	4.196E-01	79	AF-Q8GT73-F1-model_v6 Transcription factor bHLH119
MC11_gfuh00000000_2	AF-Q9CJB2-F1-model_v6	0.043	23	24	236	0.958	0.097	9.439E-01	8.847E-01	9.693E-02	4.195E-01	74	AF-Q9CJB2-F1-model_v6 UPF0177 protein YaiH
MC11_gfuh00000000_2	AF-Q8R7U4-F1-model_v6	0.125	24	24	177	1.000	0.136	8.874E-01	8.625E-01	1.330E-01	4.192E-01	70	AF-Q8R7U4-F1-model_v6 Large ribosomal subunit protein uL10
MC11_gfuh00000000_2	AF-C5A2B8-F1-model_v6	0.086	23	24	273	0.958	0.084	8.916E-01	8.305E-01	8.028E-02	4.191E-01	75	AF-C5A2B8-F1-model_v6 Exosome complex component Rrp42
MC11_gfuh00000000_2	AF-Q4GZT3-F1-model_v6	0.083	24	24	970	1.000	0.025	9.583E-01	9.255E-01	2.469E-02	4.183E-01	81	AF-Q4GZT3-F1-model_v6 Polycystin-2
MC11_gfuh00000000_2	AF-Q2GAU7-F1-model_v6	0.043	23	24	217	0.958	0.106	9.101E-01	8.509E-01	1.028E-01	4.180E-01	73	AF-Q2GAU7-F1-model_v6 Probable GTP-binding protein EngB
MC11_gfuh00000000_2	AF-P34808-F1-model_v6	0.083	24	24	472	1.000	0.051	9.431E-01	9.126E-01	5.062E-02	4.179E-01	78	AF-P34808-F1-model_v6 Meiotic spindle formation protein mei-1
MC11_gfuh00000000_2	AF-Q74ZG2-F1-model_v6	0.166	24	24	644	1.000	0.037	9.357E-01	9.036E-01	3.694E-02	4.175E-01	79	AF-Q74ZG2-F1-model_v6 Translation factor GUF1, mitochondrial
MC11_gfuh00000000_2	AF-Q1CE96-F1-model_v6	0.007	141	24	825	1.000	0.171	9.504E-01	9.185E-01	2.901E-02	4.172E-01	80	AF-Q1CE96-F1-model_v6 Glycerol-3-phosphate acyltransferase
MC11_gfuh00000000_2	AF-Q9PMA3-F1-model_v6	0.083	24	24	332	1.000	0.072	9.346E-01	9.048E-01	7.180E-02	4.170E-01	76	AF-Q9PMA3-F1-model_v6 NADH-quinone oxidoreductase subunit H
MC11_gfuh00000000_2	AF-Q9UV50-F1-model_v6	0.041	24	24	387	1.000	0.062	9.345E-01	9.030E-01	6.073E-02	4.166E-01	77	AF-Q9UV50-F1-model_v6 Mitogen-activated protein kinase HOG1
MC11_gfuh00000000_2	AF-Q9UPM8-F1-model_v6	0.000	23	24	1137	0.958	0.020	9.576E-01	8.875E-01	2.001E-02	4.164E-01	81	AF-Q9UPM8-F1-model_v6 AP-4 complex subunit epsilon-1
MC11_gfuh00000000_2	AF-A0A1D8PTL7-F1-model_v6	0.083	24	24	1056	1.000	0.023	9.616E-01	9.289E-01	2.269E-02	4.163E-01	80	AF-A0A1D8PTL7-F1-model_v6 Potassium transporter TRK1
MC11_gfuh00000000_2	AF-Q9VVR9-F1-model_v6	0.068	29	24	524	1.000	0.055	9.364E-01	9.044E-01	4.517E-02	4.162E-01	78	AF-Q9VVR9-F1-model_v6 Probable cytochrome P450 12c1, mitochondrial
MC11_gfuh00000000_2	AF-Q9PGI8-F1-model_v6	0.173	23	24	363	0.958	0.063	9.422E-01	8.832E-01	6.311E-02	4.160E-01	76	AF-Q9PGI8-F1-model_v6 NADH-quinone oxidoreductase subunit H
MC11_gfuh00000000_2	AF-A7TJV5-F1-model_v6	0.125	24	24	421	1.000	0.057	9.370E-01	9.072E-01	5.671E-02	4.156E-01	77	AF-A7TJV5-F1-model_v6 Transcription initiation factor TFIID subunit 4
MC11_gfuh00000000_2	AF-A8FNN0-F1-model_v6	0.083	24	24	332	1.000	0.072	9.331E-01	9.034E-01	7.178E-02	4.155E-01	75	AF-A8FNN0-F1-model_v6 NADH-quinone oxidoreductase subunit H
MC11_gfuh00000000_2	AF-B3RHG9-F1-model_v6	0.166	24	24	645	1.000	0.037	9.362E-01	9.043E-01	3.692E-02	4.151E-01	79	AF-B3RHG9-F1-model_v6 Translation factor GUF1, mitochondrial
MC11_gfuh00000000_2	AF-Q6GPE9-F1-model_v6	0.083	24	24	699	1.000	0.034	9.485E-01	9.165E-01	3.420E-02	4.150E-01	79	AF-Q6GPE9-F1-model_v6 SHC SH2 domain-binding protein 1 homolog A
MC11_gfuh00000000_2	AF-G3XCV0-F1-model_v6	0.125	24	24	490	1.000	0.049	9.473E-01	9.164E-01	4.879E-02	4.150E-01	78	AF-G3XCV0-F1-model_v6 Transcriptional regulator FleQ
MC11_gfuh00000000_2	AF-B2SDB5-F1-model_v6	0.125	24	24	242	0.958	0.099	9.002E-01	8.422E-01	9.219E-02	4.149E-01	73	AF-B2SDB5-F1-model_v6 UPF0309 protein BAbS19_II03080
MC11_gfuh00000000_2	AF-B2I791-F1-model_v6	0.173	23	24	363	0.958	0.063	9.375E-01	8.797E-01	6.310E-02	4.147E-01	76	AF-B2I791-F1-model_v6 NADH-quinone oxidoreductase subunit H
MC11_gfuh00000000_2	AF-C5DWG7-F1-model_v6	0.166	24	24	643	1.000	0.037	9.314E-01	8.997E-01	3.700E-02	4.142E-01	79	AF-C5DWG7-F1-model_v6 Translation factor GUF1, mitochondrial
MC11_gfuh00000000_2	AF-A0A2Z5D852-F1-model_v6	0.222	27	24	506	1.000	0.053	9.310E-01	8.999E-01	4.716E-02	4.142E-01	78	AF-A0A2Z5D852-F1-model_v6 5-OH-xanthotoxin synthase
MC11_gfuh00000000_2	AF-P10072-2-F1-model_v6	0.083	24	24	640	1.000	0.038	9.330E-01	9.009E-01	3.690E-02	4.141E-01	79	AF-P10072-2-F1-model_v6 Zinc finger protein 875
MC11_gfuh00000000_2	AF-B0KCJ0-F1-model_v6	0.125	24	24	177	1.000	0.136	8.847E-01	8.602E-01	1.329E-01	4.141E-01	69	AF-B0KCJ0-F1-model_v6 Large ribosomal subunit protein uL10
MC11_gfuh00000000_2	AF-C1ABC3-F1-model_v6	0.000	23	24	185	0.958	0.124	9.072E-01	8.545E-01	1.231E-01	4.139E-01	70	AF-C1ABC3-F1-model_v6 ATP synthase subunit delta
MC11_gfuh00000000_2	AF-O59224-F1-model_v6	0.086	23	24	274	0.958	0.084	8.883E-01	8.280E-01	7.995E-02	4.138E-01	74	AF-O59224-F1-model_v6 Exosome complex component Rrp42
MC11_gfuh00000000_2	AF-C5JRK2-F1-model_v6	0.208	24	24	657	1.000	0.037	9.339E-01	9.022E-01	3.623E-02	4.138E-01	79	AF-C5JRK2-F1-model_v6 Translation factor GUF1, mitochondrial
MC11_gfuh00000000_2	AF-B7UTE8-F1-model_v6	0.090	22	24	129	0.917	0.171	8.427E-01	7.728E-01	1.622E-01	4.125E-01	66	AF-B7UTE8-F1-model_v6 Protein PerB
MC11_gfuh00000000_2	AF-A7IPQ4-F1-model_v6	0.125	24	24	120	1.000	0.200	8.030E-01	7.864E-01	1.914E-01	4.123E-01	63	AF-A7IPQ4-F1-model_v6 Large ribosomal subunit protein uL18
MC11_gfuh00000000_2	AF-Q50681-F1-model_v6	0.125	24	24	431	1.000	0.056	9.322E-01	9.024E-01	5.539E-02	4.123E-01	76	AF-Q50681-F1-model_v6 Probable carboxylic ester hydrolase LipM
MC11_gfuh00000000_2	AF-B9WBR8-F1-model_v6	0.083	24	24	654	1.000	0.037	9.339E-01	9.019E-01	3.628E-02	4.122E-01	78	AF-B9WBR8-F1-model_v6 Translation factor GUF1, mitochondrial
MC11_gfuh00000000_2	AF-P46943-F1-model_v6	0.166	24	24	645	1.000	0.037	9.306E-01	8.992E-01	3.691E-02	4.118E-01	78	AF-P46943-F1-model_v6 Translation factor GUF1, mitochondrial
MC11_gfuh00000000_2	AF-Q13563-3-F1-model_v6	0.041	24	24	912	1.000	0.026	9.599E-01	9.278E-01	2.626E-02	4.117E-01	79	AF-Q13563-3-F1-model_v6 Polycystin-2
MC11_gfuh00000000_2	AF-P33411-F1-model_v6	0.000	24	24	251	1.000	0.096	9.171E-01	8.892E-01	9.463E-02	4.116E-01	72	AF-P33411-F1-model_v6 Pre-mRNA-splicing factor 18
MC11_gfuh00000000_2	AF-Q5DU37-F1-model_v6	0.083	24	24	2529	1.000	0.009	9.538E-01	9.220E-01	9.479E-03	4.114E-01	81	AF-Q5DU37-F1-model_v6 Zinc finger FYVE domain-containing protein 26
MC11_gfuh00000000_2	AF-Q94C49-F1-model_v6	0.000	24	24	302	1.000	0.079	9.082E-01	8.789E-01	7.739E-02	4.114E-01	74	AF-Q94C49-F1-model_v6 Probable protein S-acyltransferase 13
MC11_gfuh00000000_2	AF-C8VPJ1-F1-model_v6	0.208	24	24	662	1.000	0.036	9.328E-01	9.013E-01	3.595E-02	4.112E-01	78	AF-C8VPJ1-F1-model_v6 Translation factor guf1, mitochondrial
MC11_gfuh00000000_2	AF-P81324-F1-model_v6	0.080	25	24	339	1.000	0.074	9.250E-01	8.955E-01	7.020E-02	4.111E-01	75	AF-P81324-F1-model_v6 Prepilin peptidase EppA
MC11_gfuh00000000_2	AF-Q9C7F2-F1-model_v6	0.083	24	24	1247	1.000	0.019	9.569E-01	9.246E-01	1.921E-02	4.110E-01	80	AF-Q9C7F2-F1-model_v6 ABC transporter B family member 14
MC11_gfuh00000000_2	AF-A8Z674-F1-model_v6	0.083	24	24	226	1.000	0.097	9.010E-01	8.173E-01	9.609E-02	4.109E-01	72	AF-A8Z674-F1-model_v6 Small ribosomal subunit protein uS3
MC11_gfuh00000000_2	AF-Q6FR62-F1-model_v6	0.166	24	24	657	1.000	0.037	9.317E-01	9.003E-01	3.622E-02	4.108E-01	78	AF-Q6FR62-F1-model_v6 Translation factor GUF1, mitochondrial
MC11_gfuh00000000_2	AF-Q9Y7Z4-F1-model_v6	0.041	24	24	735	1.000	0.033	9.611E-01	9.293E-01	3.259E-02	4.107E-01	78	AF-Q9Y7Z4-F1-model_v6 Conserved oligomeric Golgi complex subunit 3
MC11_gfuh00000000_2	AF-Q91WE4-F1-model_v6	0.040	25	24	72	0.958	0.347	7.498E-01	7.223E-01	2.972E-01	4.105E-01	53	AF-Q91WE4-F1-model_v6 UPF0729 protein C18orf32 homolog
MC11_gfuh00000000_2	AF-Q5HSL9-F1-model_v6	0.083	24	24	332	1.000	0.072	9.281E-01	8.990E-01	7.176E-02	4.102E-01	74	AF-Q5HSL9-F1-model_v6 NADH-quinone oxidoreductase subunit H
MC11_gfuh00000000_2	AF-A5DWY7-F1-model_v6	0.125	24	24	674	1.000	0.036	9.328E-01	9.014E-01	3.531E-02	4.097E-01	78	AF-A5DWY7-F1-model_v6 Translation factor GUF1, mitochondrial
MC11_gfuh00000000_2	AF-Q9MUY9-F1-model_v6	0.000	24	24	511	1.000	0.047	9.281E-01	8.996E-01	4.675E-02	4.096E-01	77	AF-Q9MUY9-F1-model_v6 Maturase K
MC11_gfuh00000000_2	AF-C0RM54-F1-model_v6	0.125	24	24	242	0.958	0.099	8.940E-01	8.375E-01	9.218E-02	4.095E-01	72	AF-C0RM54-F1-model_v6 UPF0309 protein BMEA_B0892
MC11_gfuh00000000_2	AF-A1D5Z0-F1-model_v6	0.208	24	24	683	1.000	0.035	9.310E-01	8.997E-01	3.486E-02	4.091E-01	78	AF-A1D5Z0-F1-model_v6 Translation factor guf1, mitochondrial
MC11_gfuh00000000_2	AF-A1CLD7-F1-model_v6	0.208	24	24	664	1.000	0.036	9.291E-01	8.979E-01	3.583E-02	4.090E-01	78	AF-A1CLD7-F1-model_v6 Translation factor guf1, mitochondrial
MC11_gfuh00000000_2	AF-A1KWM6-F1-model_v6	0.000	24	24	864	1.000	0.028	9.545E-01	9.229E-01	2.771E-02	4.086E-01	78	AF-A1KWM6-F1-model_v6 DNA mismatch repair protein MutS
MC11_gfuh00000000_2	AF-Q5RCB4-F1-model_v6	0.041	24	24	480	1.000	0.050	9.376E-01	9.081E-01	4.979E-02	4.086E-01	76	AF-Q5RCB4-F1-model_v6 Sestrin-2
MC11_gfuh00000000_2	AF-Q2SSF7-F1-model_v6	0.166	24	24	600	1.000	0.040	9.278E-01	8.969E-01	3.961E-02	4.084E-01	77	AF-Q2SSF7-F1-model_v6 Elongation factor 4
MC11_gfuh00000000_2	AF-Q59P53-F1-model_v6	0.125	24	24	654	1.000	0.037	9.305E-01	8.993E-01	3.638E-02	4.084E-01	78	AF-Q59P53-F1-model_v6 Translation factor GUF1, mitochondrial
MC11_gfuh00000000_2	AF-A0A2Z5D850-F1-model_v6	0.148	27	24	504	1.000	0.054	9.258E-01	8.953E-01	4.733E-02	4.084E-01	76	AF-A0A2Z5D850-F1-model_v6 6,7,8-trihydroxycoumarin synthase
MC11_gfuh00000000_2	AF-Q51VY4-F1-model_v6	0.000	23	24	170	0.958	0.135	8.812E-01	8.319E-01	1.330E-01	4.084E-01	68	AF-Q51VY4-F1-model_v6 Protein YOP1
MC11_gfuh00000000_2	AF-Q6P1J6-F1-model_v6	0.041	24	24	1458	1.000	0.016	9.488E-01	9.165E-01	1.642E-02	4.080E-01	79	AF-Q6P1J6-F1-model_v6 Phospholipase B1, membrane-associated
MC11_gfuh00000000_2	AF-Q5JIR7-F1-model_v6	0.043	23	24	272	0.958	0.085	8.738E-01	8.169E-01	8.051E-02	4.079E-01	73	AF-Q5JIR7-F1-model_v6 Exosome complex component Rrp42
MC11_gfuh00000000_2	AF-P0A7A8-F1-model_v6	0.083	24	24	807	1.000	0.030	9.455E-01	9.151E-01	2.966E-02	4.078E-01	78	AF-P0A7A8-F1-model_v6 Glycerol-3-phosphate acyltransferase
MC11_gfuh00000000_2	AF-Q62921-2-F1-model_v6	0.000	22	24	270	0.917	0.081	9.291E-01	8.354E-01	7.949E-02	4.078E-01	73	AF-Q62921-2-F1-model_v6 RanBP-type and C3HC4-type zinc finger-containing protein 1
MC11_gfuh00000000_2	AF-Q4L6X7-F1-model_v6	0.076	26	24	291	1.000	0.089	9.185E-01	8.892E-01	8.055E-02	4.074E-01	73	AF-Q4L6X7-F1-model_v6 Probable cell wall amidase LytH
MC11_gfuh00000000_2	AF-Q0ILJ3-F1-model_v6	0.041	24	24	501	1.000	0.048	9.404E-01	9.106E-01	4.771E-02	4.072E-01	76	AF-Q0ILJ3-F1-model_v6 Sucrose transport protein SUT2
MC11_gfuh00000000_2	AF-Q7S0P6-F1-model_v6	0.166	24	24	719	1.000	0.033	9.285E-01	8.974E-01	3.313E-02	4.071E-01	78	AF-Q7S0P6-F1-model_v6 Translation factor guf1, mitochondrial
MC11_gfuh00000000_2	AF-A4QN56-F1-model_v6	0.041	24	24	594	1.000	0.040	9.408E-01	9.109E-01	4.026E-02	4.071E-01	77	AF-A4QN56-F1-model_v6 Sodium-dependent glucose transporter 1
MC11_gfuh00000000_2	AF-P36075-F1-model_v6	0.041	24	24	443	1.000	0.054	9.003E-01	8.719E-01	5.340E-02	4.065E-01	75	AF-P36075-F1-model_v6 Endonuclease CUE2
MC11_gfuh00000000_2	AF-Q38V10-F1-model_v6	0.000	24	24	167	1.000	0.144	8.890E-01	8.652E-01	1.415E-01	4.065E-01	67	AF-Q38V10-F1-model_v6 Large ribosomal subunit protein uL10
MC11_gfuh00000000_2	AF-A6TWJ2-F1-model_v6	0.166	24	24	166	1.000	0.145	8.811E-01	8.578E-01	1.421E-01	4.065E-01	67	AF-A6TWJ2-F1-model_v6 Large ribosomal subunit protein uL10
MC11_gfuh00000000_2	AF-C7ZA26-F1-model_v6	0.041	24	24	627	1.000	0.038	9.424E-01	9.117E-01	3.813E-02	4.063E-01	77	AF-C7ZA26-F1-model_v6 Translation factor GUF1, mitochondrial
MC11_gfuh00000000_2	AF-C1GGI6-F1-model_v6	0.208	24	24	658	1.000	0.036	9.278E-01	8.969E-01	3.616E-02	4.060E-01	77	AF-C1GGI6-F1-model_v6 Translation factor GUF1, mitochondrial
MC11_gfuh00000000_2	AF-A7ZUR3-F1-model_v6	0.083	24	24	807	1.000	0.030	9.439E-01	9.138E-01	2.966E-02	4.059E-01	78	AF-A7ZUR3-F1-model_v6 Glycerol-3-phosphate acyltransferase
MC11_gfuh00000000_2	AF-Q1WST4-F1-model_v6	0.041	24	24	167	1.000	0.144	8.900E-01	8.665E-01	1.417E-01	4.050E-01	66	AF-Q1WST4-F1-model_v6 Large ribosomal subunit protein uL10
MC11_gfuh00000000_2	AF-Q6MTR6-F1-model_v6	0.166	24	24	600	1.000	0.040	9.249E-01	8.944E-01	3.960E-02	4.049E-01	77	AF-Q6MTR6-F1-model_v6 Elongation factor 4
MC11_gfuh00000000_2	AF-Q8YWW1-F1-model_v6	0.125	24	24	808	1.000	0.030	9.417E-01	9.112E-01	2.960E-02	4.048E-01	78	AF-Q8YWW1-F1-model_v6 Probable phosphoketolase 1
MC11_gfuh00000000_2	AF-C5CA24-F1-model_v6	0.047	21	24	210	0.875	0.100	9.191E-01	7.983E-01	9.691E-02	4.048E-01	71	AF-C5CA24-F1-model_v6 Cell division protein SepF
MC11_gfuh00000000_2	AF-B7LL13-F1-model_v6	0.041	24	24	806	1.000	0.030	9.377E-01	9.080E-01	2.969E-02	4.041E-01	77	AF-B7LL13-F1-model_v6 Glycerol-3-phosphate acyltransferase
MC11_gfuh00000000_2	AF-B0XZZ2-F1-model_v6	0.208	24	24	683	1.000	0.035	9.269E-01	8.962E-01	3.485E-02	4.040E-01	77	AF-B0XZZ2-F1-model_v6 Translation factor guf1, mitochondrial
MC11_gfuh00000000_2	AF-B6YSE7-F1-model_v6	0.043	23	24	272	0.958	0.085	8.634E-01	8.059E-01	8.030E-02	4.040E-01	72	AF-B6YSE7-F1-model_v6 Exosome complex component Rrp42
MC11_gfuh00000000_2	AF-Q5UXY3-F1-model_v6	0.083	24	24	418	1.000	0.057	9.340E-01	9.049E-01	5.713E-02	4.035E-01	74	AF-Q5UXY3-F1-model_v6 Peptide chain release factor subunit 1
MC11_gfuh00000000_2	AF-Q12754-F1-model_v6	0.041	24	24	1228	1.000	0.020	9.621E-01	9.304E-01	1.952E-02	4.033E-01	78	AF-Q12754-F1-model_v6 Ribosomal RNA-processing protein 12
MC11_gfuh00000000_2	AF-Q03370-F1-model_v6	0.041	24	24	554	1.000	0.043	8.997E-01	8.734E-01	4.304E-02	4.029E-01	76	AF-Q03370-F1-model_v6 Peroxisomal membrane protein PEX29
MC11_gfuh00000000_2	AF-Q7ZVP8-F1-model_v6	0.000	23	24	289	0.958	0.080	9.063E-01	8.509E-01	7.877E-02	4.026E-01	72	AF-Q7ZVP8-F1-model_v6 Trimeric intracellular cation channel type B
MC11_gfuh00000000_2	AF-C0NZL9-F1-model_v6	0.208	24	24	657	1.000	0.037	9.228E-01	8.925E-01	3.622E-02	4.023E-01	76	AF-C0NZL9-F1-model_v6 Translation factor GUF1, mitochondrial
MC11_gfuh00000000_2	AF-P0C8Y2-F1-model_v6	0.040	25	24	75	0.958	0.333	7.387E-01	7.152E-01	2.846E-01	4.021E-01	52	AF-P0C8Y2-F1-model_v6 UPF0729 protein C18orf32 homolog
MC11_gfuh00000000_2	AF-Q9QUJ7-F1-model_v6	0.136	22	24	711	0.917	0.031	9.609E-01	8.628E-01	3.089E-02	4.019E-01	77	AF-Q9QUJ7-F1-model_v6 Long-chain-fatty-acid--CoA ligase 4
MC11_gfuh00000000_2	AF-P53687-F1-model_v6	0.083	24	24	447	1.000	0.054	9.394E-01	9.108E-01	5.349E-02	4.018E-01	75	AF-P53687-F1-model_v6 NAD-dependent histone deacetylase HST3
MC11_gfuh00000000_2	AF-Q665E1-F1-model_v6	0.000	22	24	98	0.875	0.224	7.799E-01	7.288E-01	2.076E-01	4.017E-01	59	AF-Q665E1-F1-model_v6 DNA-binding protein Fis
MC11_gfuh00000000_2	AF-Q1CDT5-F1-model_v6	0.000	22	24	98	0.875	0.224	7.821E-01	7.300E-01	2.076E-01	4.016E-01	59	AF-Q1CDT5-F1-model_v6 DNA-binding protein Fis
MC11_gfuh00000000_2	AF-Q8ZKH9-F1-model_v6	0.041	24	24	806	1.000	0.030	9.377E-01	9.081E-01	2.969E-02	4.014E-01	77	AF-Q8ZKH9-F1-model_v6 Glycerol-3-phosphate acyltransferase
MC11_gfuh00000000_2	AF-B2K469-F1-model_v6	0.000	22	24	98	0.875	0.224	7.798E-01	7.287E-01	2.076E-01	4.012E-01	59	AF-B2K469-F1-model_v6 DNA-binding protein Fis
MC11_gfuh00000000_2	AF-Q8GCP5-F1-model_v6	0.083	24	24	599	1.000	0.040	9.231E-01	8.932E-01	3.970E-02	4.011E-01	76	AF-Q8GCP5-F1-model_v6 Elongation factor 4
MC11_gfuh00000000_2	AF-Q6S003-F1-model_v6	0.125	24	24	1873	1.000	0.013	9.543E-01	9.230E-01	1.280E-02	4.005E-01	78	AF-Q6S003-F1-model_v6 Kinesin-related protein 8
MC11_gfuh00000000_2	AF-A0A1P7Y0A8-F1-model_v6	0.083	24	24	415	1.000	0.058	9.247E-01	8.961E-01	5.748E-02	4.005E-01	74	AF-A0A1P7Y0A8-F1-model_v6 Squalene synthase 12
MC11_gfuh00000000_2	AF-P0CW84-F1-model_v6	0.000	22	24	98	0.875	0.224	7.768E-01	7.270E-01	2.075E-01	3.998E-01	59	AF-P0CW84-F1-model_v6 DNA-binding protein Fis
MC11_gfuh00000000_2	AF-B6H2S6-F1-model_v6	0.208	24	24	666	1.000	0.036	9.233E-01	8.932E-01	3.575E-02	3.997E-01	76	AF-B6H2S6-F1-model_v6 Translation factor guf1, mitochondrial
MC11_gfuh00000000_2	AF-A4WF77-F1-model_v6	0.000	22	24	98	0.875	0.224	7.766E-01	7.272E-01	2.075E-01	3.997E-01	59	AF-A4WF77-F1-model_v6 DNA-binding protein Fis
MC11_gfuh00000000_2	AF-P14677-F1-model_v6	0.083	24	24	750	1.000	0.032	9.352E-01	9.051E-01	3.188E-02	3.996E-01	76	AF-P14677-F1-model_v6 Penicillin-binding protein 2x
MC11_gfuh00000000_2	AF-A9R1Z3-F1-model_v6	0.000	22	24	98	0.875	0.224	7.802E-01	7.291E-01	2.076E-01	3.991E-01	59	AF-A9R1Z3-F1-model_v6 DNA-binding protein Fis
MC11_gfuh00000000_2	AF-Q8D1Y5-F1-model_v6	0.083	24	24	382	1.000	0.063	8.865E-01	8.593E-01	6.138E-02	3.990E-01	73	AF-Q8D1Y5-F1-model_v6 Dual-specificity RNA methyltransferase RlmN
MC11_gfuh00000000_2	AF-C1GX39-F1-model_v6	0.208	24	24	658	1.000	0.036	9.177E-01	8.879E-01	3.617E-02	3.983E-01	76	AF-C1GX39-F1-model_v6 Translation factor GUF1, mitochondrial
MC11_gfuh00000000_2	AF-Q9U641-F1-model_v6	0.000	24	24	510	1.000	0.047	9.297E-01	9.012E-01	4.685E-02	3.982E-01	74	AF-Q9U641-F1-model_v6 Conditioned medium factor receptor 1
MC11_gfuh00000000_2	AF-Q9LUN4-F1-model_v6	0.083	24	24	800	1.000	0.030	9.284E-01	8.983E-01	2.988E-02	3.978E-01	76	AF-Q9LUN4-F1-model_v6 Cation/H(+) antiporter 19
MC11_gfuh00000000_2	AF-Q4WYV0-F1-model_v6	0.208	24	24	683	1.000	0.035	9.208E-01	8.909E-01	3.484E-02	3.978E-01	76	AF-Q4WYV0-F1-model_v6 Translation factor guf1, mitochondrial
MC11_gfuh00000000_2	AF-B6QW35-F1-model_v6	0.166	24	24	663	1.000	0.036	9.176E-01	8.879E-01	3.587E-02	3.975E-01	75	AF-B6QW35-F1-model_v6 Translation factor guf1, mitochondrial
MC11_gfuh00000000_2	AF-B8MS24-F1-model_v6	0.208	24	24	665	1.000	0.036	9.207E-01	8.909E-01	3.578E-02	3.971E-01	75	AF-B8MS24-F1-model_v6 Translation factor guf1, mitochondrial
MC11_gfuh00000000_2	AF-P32325-F1-model_v6	0.041	24	24	704	1.000	0.034	9.380E-01	9.080E-01	3.397E-02	3.967E-01	75	AF-P32325-F1-model_v6 DDK kinase regulatory subunit DBF4
MC11_gfuh00000000_2	AF-Q5ADX2-F1-model_v6	0.041	24	24	1591	1.000	0.015	9.396E-01	9.096E-01	1.506E-02	3.966E-01	77	AF-Q5ADX2-F1-model_v6 Histone transcription regulator 3 homolog
MC11_gfuh00000000_2	AF-Q8BLE7-F1-model_v6	0.041	24	24	582	1.000	0.041	9.299E-01	9.002E-01	4.102E-02	3.965E-01	75	AF-Q8BLE7-F1-model_v6 Vesicular glutamate transporter 2
MC11_gfuh00000000_2	AF-Q03010-F1-model_v6	0.083	24	24	460	1.000	0.052	9.145E-01	8.860E-01	5.176E-02	3.963E-01	74	AF-Q03010-F1-model_v6 Transcriptional regulatory protein UME1
MC11_gfuh00000000_2	AF-D1ZET3-F1-model_v6	0.166	24	24	690	1.000	0.035	9.194E-01	8.897E-01	3.451E-02	3.962E-01	75	AF-D1ZET3-F1-model_v6 Translation factor GUF1, mitochondrial
MC11_gfuh00000000_2	AF-C0H906-F1-model_v6	0.083	24	24	796	1.000	0.030	9.337E-01	9.041E-01	3.006E-02	3.954E-01	76	AF-C0H906-F1-model_v6 Nuclear cap-binding protein subunit 1
MC11_gfuh00000000_2	AF-P34708-F1-model_v6	0.041	24	24	1110	1.000	0.022	9.384E-01	9.088E-01	2.157E-02	3.952E-01	76	AF-P34708-F1-model_v6 Sex-determining transformer protein 1
MC11_gfuh00000000_2	AF-C3LQP6-F1-model_v6	0.000	22	24	98	0.875	0.224	7.748E-01	7.261E-01	2.075E-01	3.951E-01	58	AF-C3LQP6-F1-model_v6 DNA-binding protein Fis
MC11_gfuh00000000_2	AF-Q754N9-F1-model_v6	0.125	24	24	339	1.000	0.071	9.082E-01	8.823E-01	7.030E-02	3.946E-01	71	AF-Q754N9-F1-model_v6 Chitin synthase export chaperone
MC11_gfuh00000000_2	AF-P28669-F1-model_v6	0.043	23	24	640	0.958	0.036	9.332E-01	8.703E-01	3.542E-02	3.944E-01	75	AF-P28669-F1-model_v6 Tyrosine--tRNA ligase, mitochondrial
MC11_gfuh00000000_2	AF-Q9ULJ6-F1-model_v6	0.041	24	24	1067	1.000	0.022	9.372E-01	9.071E-01	2.243E-02	3.939E-01	76	AF-Q9ULJ6-F1-model_v6 Zinc finger MIZ domain-containing protein 1
MC11_gfuh00000000_2	AF-Q2NWQ0-F1-model_v6	0.000	22	24	98	0.875	0.224	7.687E-01	7.230E-01	2.073E-01	3.932E-01	58	AF-Q2NWQ0-F1-model_v6 DNA-binding protein Fis
MC11_gfuh00000000_2	AF-Q1J9D0-F1-model_v6	0.080	25	24	139	0.833	0.180	8.581E-01	7.403E-01	1.398E-01	3.927E-01	64	AF-Q1J9D0-F1-model_v6 Putative pre-16S rRNA nuclease
MC11_gfuh00000000_2	AF-Q660S8-F1-model_v6	0.000	24	24	585	1.000	0.041	8.999E-01	8.735E-01	4.077E-02	3.927E-01	74	AF-Q660S8-F1-model_v6 Arginine--tRNA ligase
MC11_gfuh00000000_2	AF-Q6P1E1-F1-model_v6	0.041	24	24	1072	1.000	0.022	9.351E-01	9.052E-01	2.233E-02	3.925E-01	76	AF-Q6P1E1-F1-model_v6 Zinc finger MIZ domain-containing protein 1
MC11_gfuh00000000_2	AF-Q99XP4-F1-model_v6	0.080	25	24	139	0.833	0.180	8.575E-01	7.399E-01	1.396E-01	3.917E-01	64	AF-Q99XP4-F1-model_v6 Putative pre-16S rRNA nuclease
MC11_gfuh00000000_2	AF-B8GA16-F1-model_v6	0.035	28	24	264	1.000	0.098	8.417E-01	8.138E-01	8.122E-02	3.909E-01	70	AF-B8GA16-F1-model_v6 NADH-quinone oxidoreductase subunit B 2
MC11_gfuh00000000_2	AF-Q875B6-F1-model_v6	0.041	24	24	718	1.000	0.033	9.301E-01	9.016E-01	3.331E-02	3.905E-01	74	AF-Q875B6-F1-model_v6 Protein SQS1
MC11_gfuh00000000_2	AF-P9WGJ5-F1-model_v6	0.100	20	24	218	0.833	0.092	9.231E-01	7.893E-01	9.141E-02	3.904E-01	68	AF-P9WGJ5-F1-model_v6 Cell division protein SepF
MC11_gfuh00000000_2	AF-B0BZL1-F1-model_v6	0.083	24	24	185	0.958	0.130	8.464E-01	8.001E-01	1.222E-01	3.893E-01	65	AF-B0BZL1-F1-model_v6 ATP synthase subunit delta
MC11_gfuh00000000_2	AF-Q7VLU5-F1-model_v6	0.083	24	24	498	1.000	0.048	9.057E-01	8.777E-01	4.727E-02	3.885E-01	72	AF-Q7VLU5-F1-model_v6 Lysine--tRNA ligase
MC11_gfuh00000000_2	AF-Q9ZVQ9-F1-model_v6	0.086	23	24	307	0.958	0.075	9.251E-01	8.717E-01	7.455E-02	3.883E-01	70	AF-Q9ZVQ9-F1-model_v6 F-box protein PP2-B7
MC11_gfuh00000000_2	AF-Q54VE0-F1-model_v6	0.041	24	24	1080	1.000	0.022	9.262E-01	8.980E-01	2.216E-02	3.882E-01	75	AF-Q54VE0-F1-model_v6 AP-4 complex subunit epsilon
MC11_gfuh00000000_2	AF-Q67JH0-F1-model_v6	0.000	24	24	626	1.000	0.038	9.118E-01	8.858E-01	3.818E-02	3.877E-01	73	AF-Q67JH0-F1-model_v6 ATP-dependent zinc metalloprotease FtsH 3
MC11_gfuh00000000_2	AF-P14221-F1-model_v6	0.000	24	24	144	1.000	0.167	8.252E-01	8.043E-01	1.617E-01	3.874E-01	61	AF-P14221-F1-model_v6 Glycophorin-A
MC11_gfuh00000000_2	AF-Q661M7-F1-model_v6	0.000	24	24	162	1.000	0.148	8.170E-01	7.986E-01	1.437E-01	3.872E-01	63	AF-Q661M7-F1-model_v6 Large ribosomal subunit protein uL10
MC11_gfuh00000000_2	AF-Q96MI6-1-F1-model_v6	0.125	24	24	270	1.000	0.089	9.017E-01	8.771E-01	8.815E-02	3.867E-01	68	AF-Q96MI6-1-F1-model_v6 Protein phosphatase 1M
MC11_gfuh00000000_2	AF-A0A509AHB6-F1-model_v6	0.083	24	24	523	1.000	0.046	9.171E-01	8.884E-01	4.539E-02	3.866E-01	72	AF-A0A509AHB6-F1-model_v6 Calcium-dependent protein kinase 1
MC11_gfuh00000000_2	AF-Q8U0M0-F1-model_v6	0.041	24	24	277	1.000	0.087	8.785E-01	8.558E-01	8.569E-02	3.860E-01	68	AF-Q8U0M0-F1-model_v6 Exosome complex component Rrp42
MC11_gfuh00000000_2	AF-P24968-F1-model_v6	0.125	24	24	324	1.000	0.074	8.984E-01	8.737E-01	7.348E-02	3.846E-01	69	AF-P24968-F1-model_v6 NADH-ubiquinone oxidoreductase chain 1
MC11_gfuh00000000_2	AF-B0SZ20-F1-model_v6	0.045	22	24	312	0.917	0.071	8.937E-01	8.113E-01	6.859E-02	3.838E-01	69	AF-B0SZ20-F1-model_v6 Elongation factor Ts
MC11_gfuh00000000_2	AF-Q9MAT6-F1-model_v6	0.125	24	24	448	1.000	0.054	8.864E-01	8.591E-01	5.242E-02	3.831E-01	71	AF-Q9MAT6-F1-model_v6 High mobility group B protein 15
MC11_gfuh00000000_2	AF-P24087-F1-model_v6	0.043	23	24	406	0.958	0.057	8.659E-01	8.111E-01	5.473E-02	3.826E-01	71	AF-P24087-F1-model_v6 Acetylornithine aminotransferase
MC11_gfuh00000000_2	AF-A9WED9-F1-model_v6	0.018	54	24	264	1.000	0.205	8.457E-01	8.218E-01	8.851E-02	3.816E-01	67	AF-A9WED9-F1-model_v6 NADH-quinone oxidoreductase subunit B 1
MC11_gfuh00000000_2	AF-Q85UK4-F1-model_v6	0.125	24	24	324	1.000	0.074	8.889E-01	8.651E-01	7.342E-02	3.801E-01	68	AF-Q85UK4-F1-model_v6 NADH-ubiquinone oxidoreductase chain 1
MC11_gfuh00000000_2	AF-Q9BX73-F1-model_v6	0.000	25	24	214	1.000	0.117	8.663E-01	8.449E-01	1.105E-01	3.780E-01	64	AF-Q9BX73-F1-model_v6 TM2 domain-containing protein 2
MC11_gfuh00000000_2	AF-B2GJP2-F1-model_v6	0.100	20	24	173	0.833	0.116	8.726E-01	7.694E-01	1.148E-01	3.767E-01	63	AF-B2GJP2-F1-model_v6 Cell division protein SepF
MC11_gfuh00000000_2	AF-A0A1W5T1Y7-F1-model_v6	0.041	24	24	421	1.000	0.057	9.052E-01	8.804E-01	5.669E-02	3.765E-01	69	AF-A0A1W5T1Y7-F1-model_v6 Hydrolyase poxO
MC11_gfuh00000000_2	AF-P18163-F1-model_v6	0.043	23	24	699	0.958	0.033	9.053E-01	8.481E-01	3.241E-02	3.764E-01	72	AF-P18163-F1-model_v6 Long-chain-fatty-acid--CoA ligase 1
MC11_gfuh00000000_2	AF-P57116-F1-model_v6	0.041	24	24	443	1.000	0.054	8.668E-01	8.406E-01	5.306E-02	3.751E-01	69	AF-P57116-F1-model_v6 ATP-dependent protease ATPase subunit HslU
MC11_gfuh00000000_2	AF-Q0CRW7-F1-model_v6	0.041	24	24	530	1.000	0.045	9.143E-01	8.889E-01	4.509E-02	3.746E-01	70	AF-Q0CRW7-F1-model_v6 Cytochrome P450 monooxygenase sttB
MC11_gfuh00000000_2	AF-B8D8E2-F1-model_v6	0.041	24	24	443	1.000	0.054	8.664E-01	8.402E-01	5.304E-02	3.746E-01	69	AF-B8D8E2-F1-model_v6 ATP-dependent protease ATPase subunit HslU
MC11_gfuh00000000_2	AF-A0K4S9-F1-model_v6	0.083	24	24	378	1.000	0.061	8.350E-01	7.860E-01	5.887E-02	3.738E-01	68	AF-A0K4S9-F1-model_v6 Chaperone protein DnaJ
MC11_gfuh00000000_2	AF-O82833-F1-model_v6	0.041	24	24	2475	1.000	0.010	9.328E-01	9.043E-01	9.685E-03	3.737E-01	73	AF-O82833-F1-model_v6 Gellan lyase
MC11_gfuh00000000_2	AF-C1CAK0-F1-model_v6	0.080	25	24	139	0.833	0.180	8.196E-01	7.253E-01	1.396E-01	3.734E-01	60	AF-C1CAK0-F1-model_v6 Putative pre-16S rRNA nuclease
MC11_gfuh00000000_2	AF-P18773-F1-model_v6	0.000	25	24	303	1.000	0.083	8.287E-01	8.069E-01	7.756E-02	3.729E-01	66	AF-P18773-F1-model_v6 Esterase
MC11_gfuh00000000_2	AF-B0CJX5-F1-model_v6	0.019	101	24	377	1.000	0.263	8.160E-01	7.901E-01	5.736E-02	3.728E-01	68	AF-B0CJX5-F1-model_v6 Chaperone protein DnaJ
MC11_gfuh00000000_2	AF-A5UZK7-F1-model_v6	0.041	24	24	1085	1.000	0.022	9.080E-01	8.816E-01	2.204E-02	3.727E-01	72	AF-A5UZK7-F1-model_v6 DNA mismatch repair protein MutS
MC11_gfuh00000000_2	AF-A0JVA0-F1-model_v6	0.000	20	24	178	0.833	0.112	8.634E-01	7.654E-01	1.116E-01	3.726E-01	63	AF-A0JVA0-F1-model_v6 Cell division protein SepF
MC11_gfuh00000000_2	AF-Q9ZUI0-F1-model_v6	0.000	24	24	980	0.958	0.024	8.979E-01	8.412E-01	2.317E-02	3.719E-01	72	AF-Q9ZUI0-F1-model_v6 Putative leucine-rich repeat receptor-like serine/threonine-protein kinase At2g24130
MC11_gfuh00000000_2	AF-Q9Y5W7-2-F1-model_v6	0.000	29	24	893	1.000	0.032	8.573E-01	8.323E-01	2.659E-02	3.703E-01	71	AF-Q9Y5W7-2-F1-model_v6 Sorting nexin-14
MC11_gfuh00000000_2	AF-B0XRS8-F1-model_v6	0.000	24	24	586	1.000	0.041	8.965E-01	8.722E-01	4.075E-02	3.684E-01	69	AF-B0XRS8-F1-model_v6 Inactive metallocarboxypeptidase ecm14
MC11_gfuh00000000_2	AF-P18936-F1-model_v6	0.083	24	24	324	1.000	0.074	8.762E-01	8.537E-01	7.334E-02	3.677E-01	66	AF-P18936-F1-model_v6 NADH-ubiquinone oxidoreductase chain 1
MC11_gfuh00000000_2	AF-B8HGX6-F1-model_v6	0.000	20	24	176	0.833	0.114	8.545E-01	7.620E-01	1.128E-01	3.676E-01	62	AF-B8HGX6-F1-model_v6 Cell division protein SepF
MC11_gfuh00000000_2	AF-A7NPT5-F1-model_v6	0.041	24	24	1088	1.000	0.022	9.144E-01	8.872E-01	2.199E-02	3.675E-01	71	AF-A7NPT5-F1-model_v6 DNA mismatch repair protein MutS
MC11_gfuh00000000_2	AF-A1R5G4-F1-model_v6	0.000	20	24	178	0.833	0.112	8.529E-01	7.615E-01	1.115E-01	3.664E-01	62	AF-A1R5G4-F1-model_v6 Cell division protein SepF
MC11_gfuh00000000_2	AF-O13803-F1-model_v6	0.041	24	24	601	1.000	0.040	8.797E-01	8.574E-01	3.972E-02	3.661E-01	69	AF-O13803-F1-model_v6 Uncharacterized protein C17H9.06c
MC11_gfuh00000000_2	AF-A0A2I2F2K7-F1-model_v6	0.083	24	24	401	1.000	0.060	8.776E-01	8.535E-01	5.917E-02	3.659E-01	67	AF-A0A2I2F2K7-F1-model_v6 Methyltransferase cfoC
MC11_gfuh00000000_2	AF-B7VM97-F1-model_v6	0.014	141	24	807	1.000	0.175	8.684E-01	8.445E-01	2.941E-02	3.655E-01	70	AF-B7VM97-F1-model_v6 Glycerol-3-phosphate acyltransferase
MC11_gfuh00000000_2	AF-Q03YQ0-F1-model_v6	0.120	25	24	143	0.833	0.175	8.114E-01	7.153E-01	1.345E-01	3.652E-01	59	AF-Q03YQ0-F1-model_v6 Putative pre-16S rRNA nuclease
MC11_gfuh00000000_2	AF-A8FX59-F1-model_v6	0.120	25	24	337	0.958	0.074	8.608E-01	8.150E-01	6.677E-02	3.646E-01	66	AF-A8FX59-F1-model_v6 Tetraacyldisaccharide 4'-kinase
MC11_gfuh00000000_2	AF-Q292U2-F1-model_v6	0.083	24	24	1353	1.000	0.018	8.952E-01	8.703E-01	1.768E-02	3.630E-01	70	AF-Q292U2-F1-model_v6 Protein prickle
MC11_gfuh00000000_2	AF-Q82AD2-F1-model_v6	0.100	20	24	213	0.833	0.094	8.611E-01	7.638E-01	9.331E-02	3.612E-01	62	AF-Q82AD2-F1-model_v6 Cell division protein SepF 2
MC11_gfuh00000000_2	AF-Q9S2X2-F1-model_v6	0.100	20	24	213	0.833	0.094	8.598E-01	7.632E-01	9.330E-02	3.604E-01	62	AF-Q9S2X2-F1-model_v6 Cell division protein SepF 2
MC11_gfuh00000000_2	AF-A6WCW8-F1-model_v6	0.000	20	24	187	0.833	0.107	8.436E-01	7.555E-01	1.061E-01	3.599E-01	61	AF-A6WCW8-F1-model_v6 Cell division protein SepF
MC11_gfuh00000000_2	AF-B3PLV5-F1-model_v6	0.000	22	24	179	0.917	0.123	8.359E-01	7.771E-01	1.184E-01	3.594E-01	60	AF-B3PLV5-F1-model_v6 ATP synthase subunit delta
MC11_gfuh00000000_2	AF-Q5HHZ9-F1-model_v6	0.000	23	24	238	0.958	0.088	8.474E-01	7.720E-01	8.737E-02	3.583E-01	62	AF-Q5HHZ9-F1-model_v6 Probable transcriptional regulatory protein SACOL0727
MC11_gfuh00000000_2	AF-Q7Z434-6-F1-model_v6	0.000	18	24	131	0.750	0.122	9.652E-01	6.262E-01	1.210E-01	3.582E-01	59	AF-Q7Z434-6-F1-model_v6 Mitochondrial antiviral-signaling protein
MC11_gfuh00000000_2	AF-B3EKA0-F1-model_v6	0.000	51	24	190	1.000	0.263	8.091E-01	7.909E-01	1.188E-01	3.557E-01	59	AF-B3EKA0-F1-model_v6 NADH-quinone oxidoreductase subunit B
MC11_gfuh00000000_2	AF-Q8DD48-F1-model_v6	0.041	24	24	809	1.000	0.030	8.810E-01	8.576E-01	2.951E-02	3.544E-01	67	AF-Q8DD48-F1-model_v6 Glycerol-3-phosphate acyltransferase
MC11_gfuh00000000_2	AF-B8D7V3-F1-model_v6	0.043	23	24	473	0.958	0.044	8.715E-01	7.788E-01	4.416E-02	3.535E-01	66	AF-B8D7V3-F1-model_v6 Sulfate adenylyltransferase subunit 1
MC11_gfuh00000000_2	AF-Q5LNE8-F1-model_v6	0.050	20	24	127	0.833	0.142	8.384E-01	6.184E-01	1.275E-01	3.529E-01	58	AF-Q5LNE8-F1-model_v6 Large ribosomal subunit protein bL19
MC11_gfuh00000000_2	AF-Q8N8A2-2-F1-model_v6	0.000	24	24	994	1.000	0.024	9.008E-01	8.765E-01	2.407E-02	3.528E-01	68	AF-Q8N8A2-2-F1-model_v6 Serine/threonine-protein phosphatase 6 regulatory ankyrin repeat subunit B
MC11_gfuh00000000_2	AF-Q3K427-F1-model_v6	0.047	21	24	81	0.875	0.235	6.465E-01	5.976E-01	2.142E-01	3.504E-01	49	AF-Q3K427-F1-model_v6 Putative membrane protein insertion efficiency factor
MC11_gfuh00000000_2	AF-Q757X8-F1-model_v6	0.040	25	24	683	1.000	0.037	8.782E-01	8.550E-01	3.493E-02	3.488E-01	66	AF-Q757X8-F1-model_v6 Probable serine/threonine-protein kinase HAL5-like
MC11_gfuh00000000_2	AF-P07765-F1-model_v6	0.095	21	24	70	0.875	0.243	7.549E-01	5.516E-01	2.117E-01	3.470E-01	48	AF-P07765-F1-model_v6 PPF2L antigen (Fragment)
MC11_gfuh00000000_2	AF-Q12P44-F1-model_v6	0.000	20	24	829	0.833	0.024	8.984E-01	7.798E-01	2.409E-02	3.445E-01	66	AF-Q12P44-F1-model_v6 Periplasmic nitrate reductase
MC11_gfuh00000000_2	AF-Q6GBG1-F1-model_v6	0.150	20	24	238	0.833	0.084	8.352E-01	7.539E-01	8.349E-02	3.436E-01	60	AF-Q6GBG1-F1-model_v6 Probable transcriptional regulatory protein SAS0634
MC11_gfuh00000000_2	AF-Q5FG20-F1-model_v6	0.074	27	24	674	1.000	0.040	8.503E-01	8.294E-01	3.533E-02	3.434E-01	65	AF-Q5FG20-F1-model_v6 DNA ligase
MC11_gfuh00000000_2	AF-Q5R6D7-F1-model_v6	0.000	60	24	288	0.917	0.201	7.699E-01	6.948E-01	6.644E-02	3.431E-01	62	AF-Q5R6D7-F1-model_v6 Ankyrin repeat and SOCS box protein 8
MC11_gfuh00000000_2	AF-P9WLH7-F1-model_v6	0.043	23	24	233	0.958	0.090	7.485E-01	6.976E-01	8.820E-02	3.409E-01	59	AF-P9WLH7-F1-model_v6 Uncharacterized protein Rv2227
MC11_gfuh00000000_2	AF-O83966-F1-model_v6	0.000	275	24	393	1.000	0.695	7.571E-01	7.351E-01	5.381E-02	3.408E-01	62	AF-O83966-F1-model_v6 Uncharacterized protein TP_1001
MC11_gfuh00000000_2	AF-Q9VYA0-F1-model_v6	0.083	24	24	787	1.000	0.030	8.750E-01	8.541E-01	3.036E-02	3.398E-01	64	AF-Q9VYA0-F1-model_v6 Glutamine-dependent NAD(+) synthetase
MC11_gfuh00000000_2	AF-P9WLH6-F1-model_v6	0.043	23	24	233	0.958	0.090	7.169E-01	6.772E-01	8.771E-02	3.381E-01	58	AF-P9WLH6-F1-model_v6 Uncharacterized protein MT2286
MC11_gfuh00000000_2	AF-P78545-2-F1-model_v6	0.040	25	24	348	1.000	0.069	7.913E-01	7.705E-01	6.494E-02	3.375E-01	61	AF-P78545-2-F1-model_v6 ETS-related transcription factor Elf-3
MC11_gfuh00000000_2	AF-P35526-F1-model_v6	0.125	24	24	437	1.000	0.055	8.252E-01	8.082E-01	5.431E-02	3.361E-01	61	AF-P35526-F1-model_v6 Chloride intracellular channel protein 5
MC11_gfuh00000000_2	AF-Q9KC58-F1-model_v6	0.052	19	24	144	0.792	0.132	7.833E-01	6.474E-01	1.223E-01	3.360E-01	55	AF-Q9KC58-F1-model_v6 Bacilliredoxin BH1716
MC11_gfuh00000000_2	AF-Q8ILW0-F1-model_v6	0.055	18	24	347	0.750	0.052	9.215E-01	7.076E-01	5.173E-02	3.333E-01	61	AF-Q8ILW0-F1-model_v6 Iron-sulfur cluster assembly protein SufC
MC11_gfuh00000000_2	AF-P27919-F1-model_v6	0.041	24	24	214	1.000	0.093	7.609E-01	6.924E-01	9.155E-02	3.329E-01	57	AF-P27919-F1-model_v6 Avenin
MC11_gfuh00000000_2	AF-Q9SU40-F1-model_v6	0.083	24	24	587	1.000	0.039	8.025E-01	7.576E-01	3.812E-02	3.328E-01	62	AF-Q9SU40-F1-model_v6 Monocopper oxidase-like protein SKU5
MC11_gfuh00000000_2	AF-Q58947-F1-model_v6	0.035	28	24	141	1.000	0.184	7.315E-01	7.148E-01	1.451E-01	3.318E-01	52	AF-Q58947-F1-model_v6 DUF35 domain-containing scaffold protein
MC11_gfuh00000000_2	AF-Q4R544-F1-model_v6	0.016	60	24	288	0.958	0.201	7.081E-01	6.706E-01	6.946E-02	3.313E-01	59	AF-Q4R544-F1-model_v6 Ankyrin repeat and SOCS box protein 8
MC11_gfuh00000000_2	AF-Q65IB1-F1-model_v6	0.000	18	24	144	0.750	0.125	8.090E-01	6.406E-01	1.194E-01	3.248E-01	53	AF-Q65IB1-F1-model_v6 Bacilliredoxin BLi02323/BL05224
MC11_gfuh00000000_2	AF-Q6AK48-F1-model_v6	0.019	52	24	336	0.958	0.155	8.193E-01	7.850E-01	6.664E-02	3.218E-01	57	AF-Q6AK48-F1-model_v6 Biotin synthase
MC11_gfuh00000000_2	AF-Q90751-F1-model_v6	0.000	228	24	353	1.000	0.640	6.934E-01	6.767E-01	5.915E-02	3.118E-01	56	AF-Q90751-F1-model_v6 Bone morphogenetic protein 2 (Fragment)
MC11_gfuh00000000_2	AF-O04132-F1-model_v6	0.000	20	24	102	0.833	0.167	7.413E-01	5.807E-01	1.607E-01	3.058E-01	45	AF-O04132-F1-model_v6 Protein SRC1
MC11_gfuh00000000_2	AF-P16912-F1-model_v6	0.006	314	24	583	0.875	0.539	7.855E-01	7.195E-01	3.544E-02	3.031E-01	57	AF-P16912-F1-model_v6 cAMP-dependent protein kinase catalytic subunit 3
MC11_gfuh00000000_2	AF-Q9FE67-F1-model_v6	0.000	19	24	200	0.792	0.095	7.529E-01	6.474E-01	9.099E-02	3.030E-01	51	AF-Q9FE67-F1-model_v6 Ethylene-responsive transcription factor 9
MC11_gfuh00000000_2	AF-Q9LNU1-2-F1-model_v6	0.000	457	24	730	0.958	0.626	7.449E-01	7.152E-01	3.104E-02	2.971E-01	56	AF-Q9LNU1-2-F1-model_v6 CO(2)-response secreted protease
MC11_gfuh00000000_2	AF-P77316-F1-model_v6	0.007	269	24	412	0.917	0.653	6.446E-01	6.054E-01	4.966E-02	2.801E-01	51	AF-P77316-F1-model_v6 Uncharacterized zinc-type alcohol dehydrogenase-like protein YbdR
MC11_gfuh00000000_2	AF-A0A0A2K2W7-F1-model_v6	0.010	296	24	300	0.833	0.973	6.512E-01	5.590E-01	5.054E-02	2.683E-01	48	AF-A0A0A2K2W7-F1-model_v6 Non-secreted LysM effector LysM16
MC11_gfuh00000000_2	AF-Q58186-F1-model_v6	0.058	17	24	383	0.708	0.044	7.751E-01	5.957E-01	4.331E-02	2.646E-01	48	AF-Q58186-F1-model_v6 Uncharacterized protein MJ0776
